ISO-10303-21;
HEADER;
/*Generated by software containing ST-Developer
 * from STEP Tools, Inc. (www.steptools.com) 
 */
/*OPTION: using custom renumber hook */
/*description */
/*implementation_level */
FILE_DESCRIPTION(('STEP AP242 Edition 2','STEP AP242 Edition 2''CAx-IF Rec.Pracs.---Representation and Presentation of Product Manufa
cturing Information (PMI)---4.0---2014-10-13','STEP AP242 Edition 2''CAx-IF Rec.Pracs.---Representation and Presentation of Product Manufa
cturing Information (PMI)---4.0---2014-10-13''CAx-IF Rec.Pracs.---3D Tessellated Geometry---0.4---2014-09-14','STEP AP242 Edition 2''CAx-IF Rec.Pracs.---Representation and Presentation of Product Manufa
cturing Information (PMI)---4.0---2014-10-13''CAx-IF Rec.Pracs.---3D Tessellated Geometry---0.4---2014-09-14''2;1','STEP AP242 Edition 2''CAx-IF Rec.Pracs.---Representation and Presentation of Product Manufa
cturing Information (PMI)---4.0---2014-10-13''CAx-IF Rec.Pracs.---3D Tessellated Geometry---0.4---2014-09-14''2;1''CAx-IF Rec.Pracs.---User Defined Attributes---1.5---2016-08-15'),'2;1');
/*name */
/*time_stamp */
/*author */
/*organization */
/*preprocessor_version */
/*originating_system */
/*authorisation */
FILE_NAME('/vol/tmp/translate-1334572733517014879/clock main base.step','2026-08-18T00:14:28',(''),(''),'ST-DEVELOPER v20','ONSHAPE BY PTC INC, 1.219','  ');
FILE_SCHEMA(('AP242_MANAGED_MODEL_BASED_3D_ENGINEERING_MIM_LF { 1 0 10303 442 3 1 4 }'));
ENDSEC;
DATA;
#10=ELLIPSE('',#4073,0.0304804231235696,0.03048);
#11=ELLIPSE('',#4074,0.0304804231235696,0.03048);
#12=ELLIPSE('',#4088,0.00300008760395843,0.003);
#13=ELLIPSE('',#4089,0.00300008760395842,0.003);
#14=ELLIPSE('',#4090,0.00300008760395843,0.003);
#15=SHAPE_REPRESENTATION_RELATIONSHIP('','',#4005,#17);
#16=SHAPE_REPRESENTATION_RELATIONSHIP('','',#4006,#18);
#17=ADVANCED_BREP_SHAPE_REPRESENTATION('',(#4001),#6694);
#18=ADVANCED_BREP_SHAPE_REPRESENTATION('',(#4002),#6695);
#19=CYLINDRICAL_SURFACE('',#4028,0.0016);
#20=CYLINDRICAL_SURFACE('',#4032,0.003);
#21=CYLINDRICAL_SURFACE('',#4035,0.0016);
#22=CYLINDRICAL_SURFACE('',#4039,0.003);
#23=CYLINDRICAL_SURFACE('',#4042,0.0016);
#24=CYLINDRICAL_SURFACE('',#4046,0.003);
#25=CYLINDRICAL_SURFACE('',#4070,0.03048);
#26=CYLINDRICAL_SURFACE('',#4083,0.03048);
#27=CYLINDRICAL_SURFACE('',#4085,0.03048);
#28=CYLINDRICAL_SURFACE('',#4091,0.03048);
#29=CYLINDRICAL_SURFACE('',#4093,0.03048);
#30=CYLINDRICAL_SURFACE('',#4096,0.03048);
#31=CYLINDRICAL_SURFACE('',#4099,0.03048);
#32=CYLINDRICAL_SURFACE('',#4101,0.03048);
#33=CYLINDRICAL_SURFACE('',#4104,0.03048);
#34=CYLINDRICAL_SURFACE('',#4109,0.03048);
#35=CYLINDRICAL_SURFACE('',#4113,0.03048);
#36=CYLINDRICAL_SURFACE('',#4118,0.03048);
#37=CYLINDRICAL_SURFACE('',#4123,0.03048);
#38=CYLINDRICAL_SURFACE('',#4131,0.03048);
#39=CYLINDRICAL_SURFACE('',#4135,0.03048);
#40=CYLINDRICAL_SURFACE('',#4140,0.03048);
#41=CYLINDRICAL_SURFACE('',#4175,0.00594360000000008);
#42=CYLINDRICAL_SURFACE('',#4179,0.00635);
#43=CYLINDRICAL_SURFACE('',#4193,0.00594360000000034);
#44=CYLINDRICAL_SURFACE('',#4195,0.00635);
#45=CYLINDRICAL_SURFACE('',#4200,0.0010033);
#46=CYLINDRICAL_SURFACE('',#4204,0.0016002);
#47=CYLINDRICAL_SURFACE('',#4205,0.0010033);
#48=CYLINDRICAL_SURFACE('',#4209,0.0016002);
#49=CYLINDRICAL_SURFACE('',#4210,0.0010033);
#50=CYLINDRICAL_SURFACE('',#4214,0.0016002);
#51=CYLINDRICAL_SURFACE('',#4215,0.0010033);
#52=CYLINDRICAL_SURFACE('',#4219,0.0016002);
#53=CYLINDRICAL_SURFACE('',#4224,0.0020193);
#54=CYLINDRICAL_SURFACE('',#4228,0.0025273);
#55=CYLINDRICAL_SURFACE('',#4229,0.0010033);
#56=CYLINDRICAL_SURFACE('',#4233,0.0016002);
#57=CYLINDRICAL_SURFACE('',#4234,0.0010033);
#58=CYLINDRICAL_SURFACE('',#4238,0.0016002);
#59=CYLINDRICAL_SURFACE('',#4239,0.0010033);
#60=CYLINDRICAL_SURFACE('',#4243,0.0016002);
#61=CYLINDRICAL_SURFACE('',#4244,0.0010033);
#62=CYLINDRICAL_SURFACE('',#4248,0.0016002);
#63=CYLINDRICAL_SURFACE('',#4249,0.0020193);
#64=CYLINDRICAL_SURFACE('',#4253,0.0025273);
#65=CYLINDRICAL_SURFACE('',#4255,0.03048);
#66=CYLINDRICAL_SURFACE('',#4259,0.03048);
#67=CYLINDRICAL_SURFACE('',#4263,0.03048);
#68=CYLINDRICAL_SURFACE('',#4267,0.03048);
#69=CYLINDRICAL_SURFACE('',#4271,0.03048);
#70=CYLINDRICAL_SURFACE('',#4275,0.03048);
#71=CYLINDRICAL_SURFACE('',#4279,0.03048);
#72=CYLINDRICAL_SURFACE('',#4283,0.03048);
#73=CYLINDRICAL_SURFACE('',#4287,0.03048);
#74=CYLINDRICAL_SURFACE('',#4291,0.03048);
#75=CYLINDRICAL_SURFACE('',#4295,0.03048);
#76=CYLINDRICAL_SURFACE('',#4299,0.03048);
#77=CYLINDRICAL_SURFACE('',#4303,0.03048);
#78=CYLINDRICAL_SURFACE('',#4307,0.03048);
#79=CYLINDRICAL_SURFACE('',#4311,0.03048);
#80=CYLINDRICAL_SURFACE('',#4315,0.03048);
#81=CYLINDRICAL_SURFACE('',#4324,0.0014986);
#82=CYLINDRICAL_SURFACE('',#4327,0.0014986);
#83=CYLINDRICAL_SURFACE('',#4330,0.0014986);
#84=CYLINDRICAL_SURFACE('',#4333,0.0014986);
#85=CYLINDRICAL_SURFACE('',#4363,0.0022479);
#86=CYLINDRICAL_SURFACE('',#4366,0.0037719);
#87=CYLINDRICAL_SURFACE('',#4370,0.0022479);
#88=CYLINDRICAL_SURFACE('',#4373,0.0037719);
#89=CYLINDRICAL_SURFACE('',#4377,0.0022479);
#90=CYLINDRICAL_SURFACE('',#4380,0.0037719);
#91=CYLINDRICAL_SURFACE('',#4384,0.0022479);
#92=CYLINDRICAL_SURFACE('',#4387,0.0037719);
#93=CYLINDRICAL_SURFACE('',#4391,0.0022479);
#94=CYLINDRICAL_SURFACE('',#4394,0.0022479);
#95=CYLINDRICAL_SURFACE('',#4397,0.0022479);
#96=CYLINDRICAL_SURFACE('',#4400,0.0022479);
#97=CYLINDRICAL_SURFACE('',#4403,0.003);
#98=CYLINDRICAL_SURFACE('',#4404,0.003);
#99=CYLINDRICAL_SURFACE('',#4405,0.003);
#100=VERTEX_LOOP('',#1904);
#101=VERTEX_LOOP('',#1908);
#102=VERTEX_LOOP('',#1912);
#103=CONICAL_SURFACE('',#4026,0.0016,1.02974425867665);
#104=CONICAL_SURFACE('',#4033,0.0016,1.02974425867665);
#105=CONICAL_SURFACE('',#4040,0.0016,1.02974425867665);
#106=CIRCLE('',#4018,0.003);
#107=CIRCLE('',#4019,0.003);
#108=CIRCLE('',#4020,0.003);
#109=CIRCLE('',#4027,0.0016);
#110=CIRCLE('',#4029,0.0016);
#111=CIRCLE('',#4031,0.003);
#112=CIRCLE('',#4034,0.0016);
#113=CIRCLE('',#4036,0.0016);
#114=CIRCLE('',#4038,0.003);
#115=CIRCLE('',#4041,0.0016);
#116=CIRCLE('',#4043,0.0016);
#117=CIRCLE('',#4045,0.003);
#118=CIRCLE('',#4049,0.03048);
#119=CIRCLE('',#4050,0.03048);
#120=CIRCLE('',#4051,0.03048);
#121=CIRCLE('',#4052,0.03048);
#122=CIRCLE('',#4053,0.03048);
#123=CIRCLE('',#4054,0.03048);
#124=CIRCLE('',#4055,0.03048);
#125=CIRCLE('',#4056,0.03048);
#126=CIRCLE('',#4061,0.03048);
#127=CIRCLE('',#4062,0.03048);
#128=CIRCLE('',#4063,0.03048);
#129=CIRCLE('',#4064,0.03048);
#130=CIRCLE('',#4065,0.03048);
#131=CIRCLE('',#4066,0.03048);
#132=CIRCLE('',#4067,0.03048);
#133=CIRCLE('',#4068,0.03048);
#134=CIRCLE('',#4071,0.03048);
#135=CIRCLE('',#4072,0.03048);
#136=CIRCLE('',#4075,0.03048);
#137=CIRCLE('',#4084,0.03048);
#138=CIRCLE('',#4086,0.03048);
#139=CIRCLE('',#4092,0.03048);
#140=CIRCLE('',#4094,0.03048);
#141=CIRCLE('',#4097,0.03048);
#142=CIRCLE('',#4100,0.03048);
#143=CIRCLE('',#4102,0.03048);
#144=CIRCLE('',#4105,0.03048);
#145=CIRCLE('',#4106,0.03048);
#146=CIRCLE('',#4107,0.03048);
#147=CIRCLE('',#4110,0.03048);
#148=CIRCLE('',#4111,0.03048);
#149=CIRCLE('',#4112,0.03048);
#150=CIRCLE('',#4114,0.03048);
#151=CIRCLE('',#4115,0.03048);
#152=CIRCLE('',#4116,0.03048);
#153=CIRCLE('',#4119,0.03048);
#154=CIRCLE('',#4120,0.03048);
#155=CIRCLE('',#4121,0.03048);
#156=CIRCLE('',#4124,0.03048);
#157=CIRCLE('',#4125,0.03048);
#158=CIRCLE('',#4126,0.03048);
#159=CIRCLE('',#4128,0.003);
#160=CIRCLE('',#4129,0.003);
#161=CIRCLE('',#4130,0.003);
#162=CIRCLE('',#4132,0.03048);
#163=CIRCLE('',#4133,0.03048);
#164=CIRCLE('',#4134,0.03048);
#165=CIRCLE('',#4136,0.03048);
#166=CIRCLE('',#4137,0.03048);
#167=CIRCLE('',#4138,0.03048);
#168=CIRCLE('',#4141,0.03048);
#169=CIRCLE('',#4143,0.0022479);
#170=CIRCLE('',#4144,0.0022479);
#171=CIRCLE('',#4145,0.0022479);
#172=CIRCLE('',#4146,0.0022479);
#173=CIRCLE('',#4151,0.0020193);
#174=CIRCLE('',#4152,0.0010033);
#175=CIRCLE('',#4153,0.0010033);
#176=CIRCLE('',#4154,0.0010033);
#177=CIRCLE('',#4155,0.0010033);
#178=CIRCLE('',#4156,0.00635);
#179=CIRCLE('',#4157,0.00594360000000034);
#180=CIRCLE('',#4160,0.0020193);
#181=CIRCLE('',#4161,0.0010033);
#182=CIRCLE('',#4162,0.0010033);
#183=CIRCLE('',#4163,0.0010033);
#184=CIRCLE('',#4164,0.0010033);
#185=CIRCLE('',#4165,0.00635);
#186=CIRCLE('',#4166,0.00594360000000008);
#187=CIRCLE('',#4168,0.0025273);
#188=CIRCLE('',#4169,0.0016002);
#189=CIRCLE('',#4170,0.0016002);
#190=CIRCLE('',#4171,0.0016002);
#191=CIRCLE('',#4172,0.0016002);
#192=CIRCLE('',#4173,0.00594360000000008);
#193=CIRCLE('',#4174,0.00635);
#194=CIRCLE('',#4185,0.0025273);
#195=CIRCLE('',#4186,0.0016002);
#196=CIRCLE('',#4187,0.0016002);
#197=CIRCLE('',#4188,0.0016002);
#198=CIRCLE('',#4189,0.0016002);
#199=CIRCLE('',#4190,0.00594360000000034);
#200=CIRCLE('',#4191,0.00635);
#201=CIRCLE('',#4201,0.0010033);
#202=CIRCLE('',#4203,0.0016002);
#203=CIRCLE('',#4206,0.0010033);
#204=CIRCLE('',#4208,0.0016002);
#205=CIRCLE('',#4211,0.0010033);
#206=CIRCLE('',#4213,0.0016002);
#207=CIRCLE('',#4216,0.0010033);
#208=CIRCLE('',#4218,0.0016002);
#209=CIRCLE('',#4225,0.0020193);
#210=CIRCLE('',#4227,0.0025273);
#211=CIRCLE('',#4230,0.0010033);
#212=CIRCLE('',#4232,0.0016002);
#213=CIRCLE('',#4235,0.0010033);
#214=CIRCLE('',#4237,0.0016002);
#215=CIRCLE('',#4240,0.0010033);
#216=CIRCLE('',#4242,0.0016002);
#217=CIRCLE('',#4245,0.0010033);
#218=CIRCLE('',#4247,0.0016002);
#219=CIRCLE('',#4250,0.0020193);
#220=CIRCLE('',#4252,0.0025273);
#221=CIRCLE('',#4256,0.03048);
#222=CIRCLE('',#4257,0.03048);
#223=CIRCLE('',#4260,0.03048);
#224=CIRCLE('',#4261,0.03048);
#225=CIRCLE('',#4264,0.03048);
#226=CIRCLE('',#4265,0.03048);
#227=CIRCLE('',#4268,0.03048);
#228=CIRCLE('',#4269,0.03048);
#229=CIRCLE('',#4272,0.03048);
#230=CIRCLE('',#4273,0.03048);
#231=CIRCLE('',#4276,0.03048);
#232=CIRCLE('',#4277,0.03048);
#233=CIRCLE('',#4280,0.03048);
#234=CIRCLE('',#4281,0.03048);
#235=CIRCLE('',#4284,0.03048);
#236=CIRCLE('',#4285,0.03048);
#237=CIRCLE('',#4288,0.03048);
#238=CIRCLE('',#4289,0.03048);
#239=CIRCLE('',#4292,0.03048);
#240=CIRCLE('',#4293,0.03048);
#241=CIRCLE('',#4296,0.03048);
#242=CIRCLE('',#4297,0.03048);
#243=CIRCLE('',#4300,0.03048);
#244=CIRCLE('',#4301,0.03048);
#245=CIRCLE('',#4304,0.03048);
#246=CIRCLE('',#4305,0.03048);
#247=CIRCLE('',#4308,0.03048);
#248=CIRCLE('',#4309,0.03048);
#249=CIRCLE('',#4312,0.03048);
#250=CIRCLE('',#4313,0.03048);
#251=CIRCLE('',#4316,0.03048);
#252=CIRCLE('',#4317,0.03048);
#253=CIRCLE('',#4319,0.0014986);
#254=CIRCLE('',#4320,0.0014986);
#255=CIRCLE('',#4321,0.0014986);
#256=CIRCLE('',#4322,0.0014986);
#257=CIRCLE('',#4325,0.0014986);
#258=CIRCLE('',#4328,0.0014986);
#259=CIRCLE('',#4331,0.0014986);
#260=CIRCLE('',#4334,0.0014986);
#261=CIRCLE('',#4338,0.0037719);
#262=CIRCLE('',#4345,0.0037719);
#263=CIRCLE('',#4352,0.0037719);
#264=CIRCLE('',#4359,0.0037719);
#265=CIRCLE('',#4364,0.0022479);
#266=CIRCLE('',#4365,0.0022479);
#267=CIRCLE('',#4367,0.0037719);
#268=CIRCLE('',#4371,0.0022479);
#269=CIRCLE('',#4372,0.0022479);
#270=CIRCLE('',#4374,0.0037719);
#271=CIRCLE('',#4378,0.0022479);
#272=CIRCLE('',#4379,0.0022479);
#273=CIRCLE('',#4381,0.0037719);
#274=CIRCLE('',#4385,0.0022479);
#275=CIRCLE('',#4386,0.0022479);
#276=CIRCLE('',#4388,0.0037719);
#277=CIRCLE('',#4392,0.0022479);
#278=CIRCLE('',#4395,0.0022479);
#279=CIRCLE('',#4398,0.0022479);
#280=CIRCLE('',#4401,0.0022479);
#281=ORIENTED_EDGE('',*,*,#1345,.T.);
#282=ORIENTED_EDGE('',*,*,#1346,.F.);
#283=ORIENTED_EDGE('',*,*,#1347,.F.);
#284=ORIENTED_EDGE('',*,*,#1348,.T.);
#285=ORIENTED_EDGE('',*,*,#1349,.F.);
#286=ORIENTED_EDGE('',*,*,#1350,.T.);
#287=ORIENTED_EDGE('',*,*,#1351,.T.);
#288=ORIENTED_EDGE('',*,*,#1352,.F.);
#289=ORIENTED_EDGE('',*,*,#1353,.T.);
#290=ORIENTED_EDGE('',*,*,#1354,.F.);
#291=ORIENTED_EDGE('',*,*,#1355,.F.);
#292=ORIENTED_EDGE('',*,*,#1356,.T.);
#293=ORIENTED_EDGE('',*,*,#1357,.T.);
#294=ORIENTED_EDGE('',*,*,#1358,.T.);
#295=ORIENTED_EDGE('',*,*,#1359,.F.);
#296=ORIENTED_EDGE('',*,*,#1360,.F.);
#297=ORIENTED_EDGE('',*,*,#1361,.F.);
#298=ORIENTED_EDGE('',*,*,#1348,.F.);
#299=ORIENTED_EDGE('',*,*,#1362,.T.);
#300=ORIENTED_EDGE('',*,*,#1363,.T.);
#301=ORIENTED_EDGE('',*,*,#1364,.T.);
#302=ORIENTED_EDGE('',*,*,#1365,.F.);
#303=ORIENTED_EDGE('',*,*,#1366,.F.);
#304=ORIENTED_EDGE('',*,*,#1346,.T.);
#305=ORIENTED_EDGE('',*,*,#1367,.F.);
#306=ORIENTED_EDGE('',*,*,#1368,.F.);
#307=ORIENTED_EDGE('',*,*,#1369,.T.);
#308=ORIENTED_EDGE('',*,*,#1370,.T.);
#309=ORIENTED_EDGE('',*,*,#1371,.F.);
#310=ORIENTED_EDGE('',*,*,#1356,.F.);
#311=ORIENTED_EDGE('',*,*,#1372,.T.);
#312=ORIENTED_EDGE('',*,*,#1368,.T.);
#313=ORIENTED_EDGE('',*,*,#1373,.T.);
#314=ORIENTED_EDGE('',*,*,#1370,.F.);
#315=ORIENTED_EDGE('',*,*,#1374,.F.);
#316=ORIENTED_EDGE('',*,*,#1354,.T.);
#317=ORIENTED_EDGE('',*,*,#1375,.F.);
#318=ORIENTED_EDGE('',*,*,#1363,.F.);
#319=ORIENTED_EDGE('',*,*,#1376,.T.);
#320=ORIENTED_EDGE('',*,*,#1365,.T.);
#321=ORIENTED_EDGE('',*,*,#1367,.T.);
#322=ORIENTED_EDGE('',*,*,#1373,.F.);
#323=ORIENTED_EDGE('',*,*,#1353,.F.);
#324=ORIENTED_EDGE('',*,*,#1371,.T.);
#325=ORIENTED_EDGE('',*,*,#1361,.T.);
#326=ORIENTED_EDGE('',*,*,#1375,.T.);
#327=ORIENTED_EDGE('',*,*,#1364,.F.);
#328=ORIENTED_EDGE('',*,*,#1345,.F.);
#329=ORIENTED_EDGE('',*,*,#1377,.T.);
#330=ORIENTED_EDGE('',*,*,#1378,.T.);
#331=ORIENTED_EDGE('',*,*,#1379,.T.);
#332=ORIENTED_EDGE('',*,*,#1362,.F.);
#333=ORIENTED_EDGE('',*,*,#1347,.T.);
#334=ORIENTED_EDGE('',*,*,#1366,.T.);
#335=ORIENTED_EDGE('',*,*,#1376,.F.);
#336=ORIENTED_EDGE('',*,*,#1369,.F.);
#337=ORIENTED_EDGE('',*,*,#1372,.F.);
#338=ORIENTED_EDGE('',*,*,#1355,.T.);
#339=ORIENTED_EDGE('',*,*,#1374,.T.);
#340=ORIENTED_EDGE('',*,*,#1349,.T.);
#341=ORIENTED_EDGE('',*,*,#1380,.T.);
#342=ORIENTED_EDGE('',*,*,#1357,.F.);
#343=ORIENTED_EDGE('',*,*,#1381,.F.);
#344=ORIENTED_EDGE('',*,*,#1381,.T.);
#345=ORIENTED_EDGE('',*,*,#1360,.T.);
#346=ORIENTED_EDGE('',*,*,#1382,.F.);
#347=ORIENTED_EDGE('',*,*,#1350,.F.);
#348=ORIENTED_EDGE('',*,*,#1382,.T.);
#349=ORIENTED_EDGE('',*,*,#1359,.T.);
#350=ORIENTED_EDGE('',*,*,#1383,.F.);
#351=ORIENTED_EDGE('',*,*,#1351,.F.);
#352=ORIENTED_EDGE('',*,*,#1352,.T.);
#353=ORIENTED_EDGE('',*,*,#1383,.T.);
#354=ORIENTED_EDGE('',*,*,#1358,.F.);
#355=ORIENTED_EDGE('',*,*,#1380,.F.);
#356=ORIENTED_EDGE('',*,*,#1384,.F.);
#357=ORIENTED_EDGE('',*,*,#1384,.T.);
#358=ORIENTED_EDGE('',*,*,#1385,.F.);
#359=ORIENTED_EDGE('',*,*,#1385,.T.);
#360=ORIENTED_EDGE('',*,*,#1386,.F.);
#361=ORIENTED_EDGE('',*,*,#1386,.T.);
#362=ORIENTED_EDGE('',*,*,#1379,.F.);
#363=ORIENTED_EDGE('',*,*,#1387,.F.);
#364=ORIENTED_EDGE('',*,*,#1387,.T.);
#365=ORIENTED_EDGE('',*,*,#1388,.F.);
#366=ORIENTED_EDGE('',*,*,#1388,.T.);
#367=ORIENTED_EDGE('',*,*,#1389,.F.);
#368=ORIENTED_EDGE('',*,*,#1389,.T.);
#369=ORIENTED_EDGE('',*,*,#1378,.F.);
#370=ORIENTED_EDGE('',*,*,#1390,.F.);
#371=ORIENTED_EDGE('',*,*,#1390,.T.);
#372=ORIENTED_EDGE('',*,*,#1391,.F.);
#373=ORIENTED_EDGE('',*,*,#1391,.T.);
#374=ORIENTED_EDGE('',*,*,#1392,.F.);
#375=ORIENTED_EDGE('',*,*,#1392,.T.);
#376=ORIENTED_EDGE('',*,*,#1377,.F.);
#377=ORIENTED_EDGE('',*,*,#1393,.T.);
#378=ORIENTED_EDGE('',*,*,#1394,.T.);
#379=ORIENTED_EDGE('',*,*,#1395,.T.);
#380=ORIENTED_EDGE('',*,*,#1396,.T.);
#381=ORIENTED_EDGE('',*,*,#1397,.T.);
#382=ORIENTED_EDGE('',*,*,#1398,.T.);
#383=ORIENTED_EDGE('',*,*,#1399,.T.);
#384=ORIENTED_EDGE('',*,*,#1400,.T.);
#385=ORIENTED_EDGE('',*,*,#1401,.T.);
#386=ORIENTED_EDGE('',*,*,#1402,.T.);
#387=ORIENTED_EDGE('',*,*,#1403,.T.);
#388=ORIENTED_EDGE('',*,*,#1404,.T.);
#389=ORIENTED_EDGE('',*,*,#1405,.T.);
#390=ORIENTED_EDGE('',*,*,#1406,.T.);
#391=ORIENTED_EDGE('',*,*,#1407,.T.);
#392=ORIENTED_EDGE('',*,*,#1408,.T.);
#393=ORIENTED_EDGE('',*,*,#1409,.T.);
#394=ORIENTED_EDGE('',*,*,#1410,.T.);
#395=ORIENTED_EDGE('',*,*,#1411,.T.);
#396=ORIENTED_EDGE('',*,*,#1412,.F.);
#397=ORIENTED_EDGE('',*,*,#1413,.F.);
#398=ORIENTED_EDGE('',*,*,#1414,.T.);
#399=ORIENTED_EDGE('',*,*,#1415,.T.);
#400=ORIENTED_EDGE('',*,*,#1416,.F.);
#401=ORIENTED_EDGE('',*,*,#1417,.F.);
#402=ORIENTED_EDGE('',*,*,#1418,.T.);
#403=ORIENTED_EDGE('',*,*,#1419,.T.);
#404=ORIENTED_EDGE('',*,*,#1420,.T.);
#405=ORIENTED_EDGE('',*,*,#1421,.F.);
#406=ORIENTED_EDGE('',*,*,#1422,.T.);
#407=ORIENTED_EDGE('',*,*,#1423,.T.);
#408=ORIENTED_EDGE('',*,*,#1424,.T.);
#409=ORIENTED_EDGE('',*,*,#1425,.T.);
#410=ORIENTED_EDGE('',*,*,#1426,.T.);
#411=ORIENTED_EDGE('',*,*,#1427,.T.);
#412=ORIENTED_EDGE('',*,*,#1428,.F.);
#413=ORIENTED_EDGE('',*,*,#1429,.F.);
#414=ORIENTED_EDGE('',*,*,#1430,.F.);
#415=ORIENTED_EDGE('',*,*,#1431,.F.);
#416=ORIENTED_EDGE('',*,*,#1432,.T.);
#417=ORIENTED_EDGE('',*,*,#1433,.F.);
#418=ORIENTED_EDGE('',*,*,#1434,.F.);
#419=ORIENTED_EDGE('',*,*,#1435,.F.);
#420=ORIENTED_EDGE('',*,*,#1430,.T.);
#421=ORIENTED_EDGE('',*,*,#1434,.T.);
#422=ORIENTED_EDGE('',*,*,#1436,.T.);
#423=ORIENTED_EDGE('',*,*,#1437,.F.);
#424=ORIENTED_EDGE('',*,*,#1438,.T.);
#425=ORIENTED_EDGE('',*,*,#1439,.F.);
#426=ORIENTED_EDGE('',*,*,#1440,.F.);
#427=ORIENTED_EDGE('',*,*,#1441,.T.);
#428=ORIENTED_EDGE('',*,*,#1442,.F.);
#429=ORIENTED_EDGE('',*,*,#1443,.F.);
#430=ORIENTED_EDGE('',*,*,#1444,.F.);
#431=ORIENTED_EDGE('',*,*,#1445,.F.);
#432=ORIENTED_EDGE('',*,*,#1446,.F.);
#433=ORIENTED_EDGE('',*,*,#1447,.F.);
#434=ORIENTED_EDGE('',*,*,#1448,.F.);
#435=ORIENTED_EDGE('',*,*,#1449,.F.);
#436=ORIENTED_EDGE('',*,*,#1450,.F.);
#437=ORIENTED_EDGE('',*,*,#1451,.F.);
#438=ORIENTED_EDGE('',*,*,#1452,.F.);
#439=ORIENTED_EDGE('',*,*,#1453,.F.);
#440=ORIENTED_EDGE('',*,*,#1454,.F.);
#441=ORIENTED_EDGE('',*,*,#1455,.F.);
#442=ORIENTED_EDGE('',*,*,#1456,.F.);
#443=ORIENTED_EDGE('',*,*,#1457,.F.);
#444=ORIENTED_EDGE('',*,*,#1458,.F.);
#445=ORIENTED_EDGE('',*,*,#1459,.F.);
#446=ORIENTED_EDGE('',*,*,#1431,.T.);
#447=ORIENTED_EDGE('',*,*,#1435,.T.);
#448=ORIENTED_EDGE('',*,*,#1438,.F.);
#449=ORIENTED_EDGE('',*,*,#1460,.T.);
#450=ORIENTED_EDGE('',*,*,#1461,.F.);
#451=ORIENTED_EDGE('',*,*,#1400,.F.);
#452=ORIENTED_EDGE('',*,*,#1462,.T.);
#453=ORIENTED_EDGE('',*,*,#1463,.T.);
#454=ORIENTED_EDGE('',*,*,#1464,.F.);
#455=ORIENTED_EDGE('',*,*,#1465,.F.);
#456=ORIENTED_EDGE('',*,*,#1466,.T.);
#457=ORIENTED_EDGE('',*,*,#1467,.F.);
#458=ORIENTED_EDGE('',*,*,#1468,.T.);
#459=ORIENTED_EDGE('',*,*,#1469,.T.);
#460=ORIENTED_EDGE('',*,*,#1470,.F.);
#461=ORIENTED_EDGE('',*,*,#1471,.T.);
#462=ORIENTED_EDGE('',*,*,#1472,.T.);
#463=ORIENTED_EDGE('',*,*,#1473,.F.);
#464=ORIENTED_EDGE('',*,*,#1474,.F.);
#465=ORIENTED_EDGE('',*,*,#1447,.T.);
#466=ORIENTED_EDGE('',*,*,#1475,.T.);
#467=ORIENTED_EDGE('',*,*,#1476,.F.);
#468=ORIENTED_EDGE('',*,*,#1477,.F.);
#469=ORIENTED_EDGE('',*,*,#1478,.F.);
#470=ORIENTED_EDGE('',*,*,#1477,.T.);
#471=ORIENTED_EDGE('',*,*,#1479,.F.);
#472=ORIENTED_EDGE('',*,*,#1480,.F.);
#473=ORIENTED_EDGE('',*,*,#1448,.T.);
#474=ORIENTED_EDGE('',*,*,#1474,.T.);
#475=ORIENTED_EDGE('',*,*,#1481,.F.);
#476=ORIENTED_EDGE('',*,*,#1482,.F.);
#477=ORIENTED_EDGE('',*,*,#1483,.T.);
#478=ORIENTED_EDGE('',*,*,#1470,.T.);
#479=ORIENTED_EDGE('',*,*,#1484,.T.);
#480=ORIENTED_EDGE('',*,*,#1485,.T.);
#481=ORIENTED_EDGE('',*,*,#1486,.T.);
#482=ORIENTED_EDGE('',*,*,#1487,.F.);
#483=ORIENTED_EDGE('',*,*,#1396,.F.);
#484=ORIENTED_EDGE('',*,*,#1488,.T.);
#485=ORIENTED_EDGE('',*,*,#1489,.T.);
#486=ORIENTED_EDGE('',*,*,#1490,.F.);
#487=ORIENTED_EDGE('',*,*,#1491,.F.);
#488=ORIENTED_EDGE('',*,*,#1492,.T.);
#489=ORIENTED_EDGE('',*,*,#1493,.F.);
#490=ORIENTED_EDGE('',*,*,#1494,.T.);
#491=ORIENTED_EDGE('',*,*,#1495,.F.);
#492=ORIENTED_EDGE('',*,*,#1496,.F.);
#493=ORIENTED_EDGE('',*,*,#1452,.T.);
#494=ORIENTED_EDGE('',*,*,#1497,.T.);
#495=ORIENTED_EDGE('',*,*,#1498,.T.);
#496=ORIENTED_EDGE('',*,*,#1499,.T.);
#497=ORIENTED_EDGE('',*,*,#1500,.F.);
#498=ORIENTED_EDGE('',*,*,#1501,.T.);
#499=ORIENTED_EDGE('',*,*,#1502,.T.);
#500=ORIENTED_EDGE('',*,*,#1503,.F.);
#501=ORIENTED_EDGE('',*,*,#1504,.T.);
#502=ORIENTED_EDGE('',*,*,#1505,.F.);
#503=ORIENTED_EDGE('',*,*,#1406,.F.);
#504=ORIENTED_EDGE('',*,*,#1506,.T.);
#505=ORIENTED_EDGE('',*,*,#1507,.F.);
#506=ORIENTED_EDGE('',*,*,#1508,.F.);
#507=ORIENTED_EDGE('',*,*,#1509,.F.);
#508=ORIENTED_EDGE('',*,*,#1510,.T.);
#509=ORIENTED_EDGE('',*,*,#1511,.T.);
#510=ORIENTED_EDGE('',*,*,#1512,.T.);
#511=ORIENTED_EDGE('',*,*,#1513,.T.);
#512=ORIENTED_EDGE('',*,*,#1514,.T.);
#513=ORIENTED_EDGE('',*,*,#1515,.T.);
#514=ORIENTED_EDGE('',*,*,#1516,.T.);
#515=ORIENTED_EDGE('',*,*,#1517,.F.);
#516=ORIENTED_EDGE('',*,*,#1518,.F.);
#517=ORIENTED_EDGE('',*,*,#1519,.T.);
#518=ORIENTED_EDGE('',*,*,#1520,.F.);
#519=ORIENTED_EDGE('',*,*,#1521,.F.);
#520=ORIENTED_EDGE('',*,*,#1442,.T.);
#521=ORIENTED_EDGE('',*,*,#1522,.F.);
#522=ORIENTED_EDGE('',*,*,#1523,.F.);
#523=ORIENTED_EDGE('',*,*,#1524,.T.);
#524=ORIENTED_EDGE('',*,*,#1525,.T.);
#525=ORIENTED_EDGE('',*,*,#1526,.T.);
#526=ORIENTED_EDGE('',*,*,#1527,.F.);
#527=ORIENTED_EDGE('',*,*,#1528,.T.);
#528=ORIENTED_EDGE('',*,*,#1458,.T.);
#529=ORIENTED_EDGE('',*,*,#1529,.T.);
#530=ORIENTED_EDGE('',*,*,#1530,.T.);
#531=ORIENTED_EDGE('',*,*,#1531,.T.);
#532=ORIENTED_EDGE('',*,*,#1532,.F.);
#533=ORIENTED_EDGE('',*,*,#1533,.T.);
#534=ORIENTED_EDGE('',*,*,#1534,.F.);
#535=ORIENTED_EDGE('',*,*,#1535,.T.);
#536=ORIENTED_EDGE('',*,*,#1439,.T.);
#537=ORIENTED_EDGE('',*,*,#1528,.F.);
#538=ORIENTED_EDGE('',*,*,#1536,.T.);
#539=ORIENTED_EDGE('',*,*,#1514,.F.);
#540=ORIENTED_EDGE('',*,*,#1537,.T.);
#541=ORIENTED_EDGE('',*,*,#1538,.F.);
#542=ORIENTED_EDGE('',*,*,#1394,.F.);
#543=ORIENTED_EDGE('',*,*,#1539,.T.);
#544=ORIENTED_EDGE('',*,*,#1540,.T.);
#545=ORIENTED_EDGE('',*,*,#1488,.F.);
#546=ORIENTED_EDGE('',*,*,#1395,.F.);
#547=ORIENTED_EDGE('',*,*,#1538,.T.);
#548=ORIENTED_EDGE('',*,*,#1541,.T.);
#549=ORIENTED_EDGE('',*,*,#1542,.F.);
#550=ORIENTED_EDGE('',*,*,#1397,.F.);
#551=ORIENTED_EDGE('',*,*,#1487,.T.);
#552=ORIENTED_EDGE('',*,*,#1543,.T.);
#553=ORIENTED_EDGE('',*,*,#1544,.T.);
#554=ORIENTED_EDGE('',*,*,#1545,.T.);
#555=ORIENTED_EDGE('',*,*,#1546,.T.);
#556=ORIENTED_EDGE('',*,*,#1547,.F.);
#557=ORIENTED_EDGE('',*,*,#1398,.F.);
#558=ORIENTED_EDGE('',*,*,#1542,.T.);
#559=ORIENTED_EDGE('',*,*,#1548,.T.);
#560=ORIENTED_EDGE('',*,*,#1462,.F.);
#561=ORIENTED_EDGE('',*,*,#1399,.F.);
#562=ORIENTED_EDGE('',*,*,#1547,.T.);
#563=ORIENTED_EDGE('',*,*,#1549,.T.);
#564=ORIENTED_EDGE('',*,*,#1550,.F.);
#565=ORIENTED_EDGE('',*,*,#1401,.F.);
#566=ORIENTED_EDGE('',*,*,#1461,.T.);
#567=ORIENTED_EDGE('',*,*,#1551,.T.);
#568=ORIENTED_EDGE('',*,*,#1552,.F.);
#569=ORIENTED_EDGE('',*,*,#1402,.F.);
#570=ORIENTED_EDGE('',*,*,#1550,.T.);
#571=ORIENTED_EDGE('',*,*,#1553,.T.);
#572=ORIENTED_EDGE('',*,*,#1554,.F.);
#573=ORIENTED_EDGE('',*,*,#1403,.F.);
#574=ORIENTED_EDGE('',*,*,#1552,.T.);
#575=ORIENTED_EDGE('',*,*,#1555,.T.);
#576=ORIENTED_EDGE('',*,*,#1556,.F.);
#577=ORIENTED_EDGE('',*,*,#1404,.F.);
#578=ORIENTED_EDGE('',*,*,#1554,.T.);
#579=ORIENTED_EDGE('',*,*,#1557,.T.);
#580=ORIENTED_EDGE('',*,*,#1506,.F.);
#581=ORIENTED_EDGE('',*,*,#1405,.F.);
#582=ORIENTED_EDGE('',*,*,#1556,.T.);
#583=ORIENTED_EDGE('',*,*,#1558,.T.);
#584=ORIENTED_EDGE('',*,*,#1559,.F.);
#585=ORIENTED_EDGE('',*,*,#1407,.F.);
#586=ORIENTED_EDGE('',*,*,#1505,.T.);
#587=ORIENTED_EDGE('',*,*,#1560,.T.);
#588=ORIENTED_EDGE('',*,*,#1561,.F.);
#589=ORIENTED_EDGE('',*,*,#1408,.F.);
#590=ORIENTED_EDGE('',*,*,#1559,.T.);
#591=ORIENTED_EDGE('',*,*,#1562,.F.);
#592=ORIENTED_EDGE('',*,*,#1563,.T.);
#593=ORIENTED_EDGE('',*,*,#1564,.T.);
#594=ORIENTED_EDGE('',*,*,#1565,.F.);
#595=ORIENTED_EDGE('',*,*,#1455,.T.);
#596=ORIENTED_EDGE('',*,*,#1566,.T.);
#597=ORIENTED_EDGE('',*,*,#1567,.F.);
#598=ORIENTED_EDGE('',*,*,#1568,.F.);
#599=ORIENTED_EDGE('',*,*,#1569,.F.);
#600=ORIENTED_EDGE('',*,*,#1568,.T.);
#601=ORIENTED_EDGE('',*,*,#1570,.F.);
#602=ORIENTED_EDGE('',*,*,#1571,.F.);
#603=ORIENTED_EDGE('',*,*,#1456,.T.);
#604=ORIENTED_EDGE('',*,*,#1565,.T.);
#605=ORIENTED_EDGE('',*,*,#1572,.T.);
#606=ORIENTED_EDGE('',*,*,#1573,.T.);
#607=ORIENTED_EDGE('',*,*,#1574,.F.);
#608=ORIENTED_EDGE('',*,*,#1575,.T.);
#609=ORIENTED_EDGE('',*,*,#1576,.T.);
#610=ORIENTED_EDGE('',*,*,#1529,.F.);
#611=ORIENTED_EDGE('',*,*,#1457,.T.);
#612=ORIENTED_EDGE('',*,*,#1571,.T.);
#613=ORIENTED_EDGE('',*,*,#1577,.F.);
#614=ORIENTED_EDGE('',*,*,#1519,.F.);
#615=ORIENTED_EDGE('',*,*,#1578,.F.);
#616=ORIENTED_EDGE('',*,*,#1579,.T.);
#617=ORIENTED_EDGE('',*,*,#1580,.T.);
#618=ORIENTED_EDGE('',*,*,#1581,.F.);
#619=ORIENTED_EDGE('',*,*,#1443,.T.);
#620=ORIENTED_EDGE('',*,*,#1521,.T.);
#621=ORIENTED_EDGE('',*,*,#1582,.F.);
#622=ORIENTED_EDGE('',*,*,#1583,.F.);
#623=ORIENTED_EDGE('',*,*,#1584,.F.);
#624=ORIENTED_EDGE('',*,*,#1583,.T.);
#625=ORIENTED_EDGE('',*,*,#1585,.F.);
#626=ORIENTED_EDGE('',*,*,#1586,.F.);
#627=ORIENTED_EDGE('',*,*,#1444,.T.);
#628=ORIENTED_EDGE('',*,*,#1581,.T.);
#629=ORIENTED_EDGE('',*,*,#1587,.T.);
#630=ORIENTED_EDGE('',*,*,#1588,.T.);
#631=ORIENTED_EDGE('',*,*,#1589,.F.);
#632=ORIENTED_EDGE('',*,*,#1590,.T.);
#633=ORIENTED_EDGE('',*,*,#1591,.T.);
#634=ORIENTED_EDGE('',*,*,#1592,.F.);
#635=ORIENTED_EDGE('',*,*,#1445,.T.);
#636=ORIENTED_EDGE('',*,*,#1586,.T.);
#637=ORIENTED_EDGE('',*,*,#1593,.F.);
#638=ORIENTED_EDGE('',*,*,#1594,.F.);
#639=ORIENTED_EDGE('',*,*,#1595,.F.);
#640=ORIENTED_EDGE('',*,*,#1594,.T.);
#641=ORIENTED_EDGE('',*,*,#1596,.F.);
#642=ORIENTED_EDGE('',*,*,#1475,.F.);
#643=ORIENTED_EDGE('',*,*,#1446,.T.);
#644=ORIENTED_EDGE('',*,*,#1592,.T.);
#645=ORIENTED_EDGE('',*,*,#1597,.T.);
#646=ORIENTED_EDGE('',*,*,#1598,.T.);
#647=ORIENTED_EDGE('',*,*,#1599,.F.);
#648=ORIENTED_EDGE('',*,*,#1600,.T.);
#649=ORIENTED_EDGE('',*,*,#1601,.T.);
#650=ORIENTED_EDGE('',*,*,#1602,.F.);
#651=ORIENTED_EDGE('',*,*,#1449,.T.);
#652=ORIENTED_EDGE('',*,*,#1480,.T.);
#653=ORIENTED_EDGE('',*,*,#1603,.F.);
#654=ORIENTED_EDGE('',*,*,#1604,.F.);
#655=ORIENTED_EDGE('',*,*,#1605,.F.);
#656=ORIENTED_EDGE('',*,*,#1606,.F.);
#657=ORIENTED_EDGE('',*,*,#1607,.F.);
#658=ORIENTED_EDGE('',*,*,#1608,.F.);
#659=ORIENTED_EDGE('',*,*,#1604,.T.);
#660=ORIENTED_EDGE('',*,*,#1609,.F.);
#661=ORIENTED_EDGE('',*,*,#1610,.F.);
#662=ORIENTED_EDGE('',*,*,#1450,.T.);
#663=ORIENTED_EDGE('',*,*,#1602,.T.);
#664=ORIENTED_EDGE('',*,*,#1611,.T.);
#665=ORIENTED_EDGE('',*,*,#1612,.T.);
#666=ORIENTED_EDGE('',*,*,#1613,.F.);
#667=ORIENTED_EDGE('',*,*,#1614,.T.);
#668=ORIENTED_EDGE('',*,*,#1615,.T.);
#669=ORIENTED_EDGE('',*,*,#1497,.F.);
#670=ORIENTED_EDGE('',*,*,#1451,.T.);
#671=ORIENTED_EDGE('',*,*,#1610,.T.);
#672=ORIENTED_EDGE('',*,*,#1616,.F.);
#673=ORIENTED_EDGE('',*,*,#1494,.F.);
#674=ORIENTED_EDGE('',*,*,#1617,.F.);
#675=ORIENTED_EDGE('',*,*,#1618,.T.);
#676=ORIENTED_EDGE('',*,*,#1619,.T.);
#677=ORIENTED_EDGE('',*,*,#1620,.F.);
#678=ORIENTED_EDGE('',*,*,#1453,.T.);
#679=ORIENTED_EDGE('',*,*,#1496,.T.);
#680=ORIENTED_EDGE('',*,*,#1621,.F.);
#681=ORIENTED_EDGE('',*,*,#1622,.F.);
#682=ORIENTED_EDGE('',*,*,#1623,.F.);
#683=ORIENTED_EDGE('',*,*,#1622,.T.);
#684=ORIENTED_EDGE('',*,*,#1624,.F.);
#685=ORIENTED_EDGE('',*,*,#1566,.F.);
#686=ORIENTED_EDGE('',*,*,#1454,.T.);
#687=ORIENTED_EDGE('',*,*,#1620,.T.);
#688=ORIENTED_EDGE('',*,*,#1625,.T.);
#689=ORIENTED_EDGE('',*,*,#1626,.T.);
#690=ORIENTED_EDGE('',*,*,#1627,.T.);
#691=ORIENTED_EDGE('',*,*,#1539,.F.);
#692=ORIENTED_EDGE('',*,*,#1393,.F.);
#693=ORIENTED_EDGE('',*,*,#1561,.T.);
#694=ORIENTED_EDGE('',*,*,#1628,.F.);
#695=ORIENTED_EDGE('',*,*,#1629,.F.);
#696=ORIENTED_EDGE('',*,*,#1630,.F.);
#697=ORIENTED_EDGE('',*,*,#1631,.F.);
#698=ORIENTED_EDGE('',*,*,#1567,.T.);
#699=ORIENTED_EDGE('',*,*,#1624,.T.);
#700=ORIENTED_EDGE('',*,*,#1621,.T.);
#701=ORIENTED_EDGE('',*,*,#1495,.T.);
#702=ORIENTED_EDGE('',*,*,#1616,.T.);
#703=ORIENTED_EDGE('',*,*,#1609,.T.);
#704=ORIENTED_EDGE('',*,*,#1603,.T.);
#705=ORIENTED_EDGE('',*,*,#1479,.T.);
#706=ORIENTED_EDGE('',*,*,#1476,.T.);
#707=ORIENTED_EDGE('',*,*,#1596,.T.);
#708=ORIENTED_EDGE('',*,*,#1593,.T.);
#709=ORIENTED_EDGE('',*,*,#1585,.T.);
#710=ORIENTED_EDGE('',*,*,#1582,.T.);
#711=ORIENTED_EDGE('',*,*,#1520,.T.);
#712=ORIENTED_EDGE('',*,*,#1577,.T.);
#713=ORIENTED_EDGE('',*,*,#1570,.T.);
#714=ORIENTED_EDGE('',*,*,#1537,.F.);
#715=ORIENTED_EDGE('',*,*,#1627,.F.);
#716=ORIENTED_EDGE('',*,*,#1560,.F.);
#717=ORIENTED_EDGE('',*,*,#1558,.F.);
#718=ORIENTED_EDGE('',*,*,#1504,.F.);
#719=ORIENTED_EDGE('',*,*,#1557,.F.);
#720=ORIENTED_EDGE('',*,*,#1555,.F.);
#721=ORIENTED_EDGE('',*,*,#1553,.F.);
#722=ORIENTED_EDGE('',*,*,#1551,.F.);
#723=ORIENTED_EDGE('',*,*,#1549,.F.);
#724=ORIENTED_EDGE('',*,*,#1460,.F.);
#725=ORIENTED_EDGE('',*,*,#1548,.F.);
#726=ORIENTED_EDGE('',*,*,#1546,.F.);
#727=ORIENTED_EDGE('',*,*,#1541,.F.);
#728=ORIENTED_EDGE('',*,*,#1486,.F.);
#729=ORIENTED_EDGE('',*,*,#1540,.F.);
#730=ORIENTED_EDGE('',*,*,#1440,.T.);
#731=ORIENTED_EDGE('',*,*,#1535,.F.);
#732=ORIENTED_EDGE('',*,*,#1632,.F.);
#733=ORIENTED_EDGE('',*,*,#1633,.T.);
#734=ORIENTED_EDGE('',*,*,#1634,.F.);
#735=ORIENTED_EDGE('',*,*,#1635,.F.);
#736=ORIENTED_EDGE('',*,*,#1510,.F.);
#737=ORIENTED_EDGE('',*,*,#1636,.F.);
#738=ORIENTED_EDGE('',*,*,#1632,.T.);
#739=ORIENTED_EDGE('',*,*,#1534,.T.);
#740=ORIENTED_EDGE('',*,*,#1522,.T.);
#741=ORIENTED_EDGE('',*,*,#1441,.F.);
#742=ORIENTED_EDGE('',*,*,#1633,.F.);
#743=ORIENTED_EDGE('',*,*,#1636,.T.);
#744=ORIENTED_EDGE('',*,*,#1509,.T.);
#745=ORIENTED_EDGE('',*,*,#1637,.F.);
#746=ORIENTED_EDGE('',*,*,#1638,.F.);
#747=ORIENTED_EDGE('',*,*,#1639,.F.);
#748=ORIENTED_EDGE('',*,*,#1640,.F.);
#749=ORIENTED_EDGE('',*,*,#1641,.F.);
#750=ORIENTED_EDGE('',*,*,#1642,.F.);
#751=ORIENTED_EDGE('',*,*,#1508,.T.);
#752=ORIENTED_EDGE('',*,*,#1643,.F.);
#753=ORIENTED_EDGE('',*,*,#1644,.T.);
#754=ORIENTED_EDGE('',*,*,#1645,.T.);
#755=ORIENTED_EDGE('',*,*,#1646,.T.);
#756=ORIENTED_EDGE('',*,*,#1647,.T.);
#757=ORIENTED_EDGE('',*,*,#1515,.F.);
#758=ORIENTED_EDGE('',*,*,#1536,.F.);
#759=ORIENTED_EDGE('',*,*,#1527,.T.);
#760=ORIENTED_EDGE('',*,*,#1648,.T.);
#761=ORIENTED_EDGE('',*,*,#1649,.F.);
#762=ORIENTED_EDGE('',*,*,#1523,.T.);
#763=ORIENTED_EDGE('',*,*,#1637,.T.);
#764=ORIENTED_EDGE('',*,*,#1512,.F.);
#765=ORIENTED_EDGE('',*,*,#1650,.F.);
#766=ORIENTED_EDGE('',*,*,#1651,.F.);
#767=ORIENTED_EDGE('',*,*,#1652,.T.);
#768=ORIENTED_EDGE('',*,*,#1653,.T.);
#769=ORIENTED_EDGE('',*,*,#1654,.T.);
#770=ORIENTED_EDGE('',*,*,#1655,.T.);
#771=ORIENTED_EDGE('',*,*,#1656,.T.);
#772=ORIENTED_EDGE('',*,*,#1657,.T.);
#773=ORIENTED_EDGE('',*,*,#1513,.F.);
#774=ORIENTED_EDGE('',*,*,#1652,.F.);
#775=ORIENTED_EDGE('',*,*,#1658,.T.);
#776=ORIENTED_EDGE('',*,*,#1659,.T.);
#777=ORIENTED_EDGE('',*,*,#1660,.T.);
#778=ORIENTED_EDGE('',*,*,#1661,.T.);
#779=ORIENTED_EDGE('',*,*,#1662,.T.);
#780=ORIENTED_EDGE('',*,*,#1532,.T.);
#781=ORIENTED_EDGE('',*,*,#1663,.T.);
#782=ORIENTED_EDGE('',*,*,#1664,.T.);
#783=ORIENTED_EDGE('',*,*,#1665,.T.);
#784=ORIENTED_EDGE('',*,*,#1666,.T.);
#785=ORIENTED_EDGE('',*,*,#1667,.T.);
#786=ORIENTED_EDGE('',*,*,#1650,.T.);
#787=ORIENTED_EDGE('',*,*,#1511,.F.);
#788=ORIENTED_EDGE('',*,*,#1668,.F.);
#789=ORIENTED_EDGE('',*,*,#1669,.F.);
#790=ORIENTED_EDGE('',*,*,#1670,.F.);
#791=ORIENTED_EDGE('',*,*,#1671,.F.);
#792=ORIENTED_EDGE('',*,*,#1670,.T.);
#793=ORIENTED_EDGE('',*,*,#1672,.F.);
#794=ORIENTED_EDGE('',*,*,#1659,.F.);
#795=ORIENTED_EDGE('',*,*,#1673,.T.);
#796=ORIENTED_EDGE('',*,*,#1669,.T.);
#797=ORIENTED_EDGE('',*,*,#1674,.F.);
#798=ORIENTED_EDGE('',*,*,#1660,.F.);
#799=ORIENTED_EDGE('',*,*,#1672,.T.);
#800=ORIENTED_EDGE('',*,*,#1668,.T.);
#801=ORIENTED_EDGE('',*,*,#1635,.T.);
#802=ORIENTED_EDGE('',*,*,#1675,.F.);
#803=ORIENTED_EDGE('',*,*,#1661,.F.);
#804=ORIENTED_EDGE('',*,*,#1674,.T.);
#805=ORIENTED_EDGE('',*,*,#1533,.F.);
#806=ORIENTED_EDGE('',*,*,#1662,.F.);
#807=ORIENTED_EDGE('',*,*,#1675,.T.);
#808=ORIENTED_EDGE('',*,*,#1634,.T.);
#809=ORIENTED_EDGE('',*,*,#1671,.T.);
#810=ORIENTED_EDGE('',*,*,#1673,.F.);
#811=ORIENTED_EDGE('',*,*,#1658,.F.);
#812=ORIENTED_EDGE('',*,*,#1651,.T.);
#813=ORIENTED_EDGE('',*,*,#1525,.F.);
#814=ORIENTED_EDGE('',*,*,#1676,.T.);
#815=ORIENTED_EDGE('',*,*,#1677,.F.);
#816=ORIENTED_EDGE('',*,*,#1524,.F.);
#817=ORIENTED_EDGE('',*,*,#1649,.T.);
#818=ORIENTED_EDGE('',*,*,#1678,.F.);
#819=ORIENTED_EDGE('',*,*,#1676,.F.);
#820=ORIENTED_EDGE('',*,*,#1648,.F.);
#821=ORIENTED_EDGE('',*,*,#1526,.F.);
#822=ORIENTED_EDGE('',*,*,#1677,.T.);
#823=ORIENTED_EDGE('',*,*,#1678,.T.);
#824=ORIENTED_EDGE('',*,*,#1516,.F.);
#825=ORIENTED_EDGE('',*,*,#1647,.F.);
#826=ORIENTED_EDGE('',*,*,#1679,.F.);
#827=ORIENTED_EDGE('',*,*,#1680,.T.);
#828=ORIENTED_EDGE('',*,*,#1681,.T.);
#829=ORIENTED_EDGE('',*,*,#1682,.T.);
#830=ORIENTED_EDGE('',*,*,#1683,.T.);
#831=ORIENTED_EDGE('',*,*,#1684,.T.);
#832=ORIENTED_EDGE('',*,*,#1685,.T.);
#833=ORIENTED_EDGE('',*,*,#1686,.T.);
#834=ORIENTED_EDGE('',*,*,#1517,.T.);
#835=ORIENTED_EDGE('',*,*,#1680,.F.);
#836=ORIENTED_EDGE('',*,*,#1687,.F.);
#837=ORIENTED_EDGE('',*,*,#1688,.F.);
#838=ORIENTED_EDGE('',*,*,#1689,.F.);
#839=ORIENTED_EDGE('',*,*,#1643,.T.);
#840=ORIENTED_EDGE('',*,*,#1507,.T.);
#841=ORIENTED_EDGE('',*,*,#1686,.F.);
#842=ORIENTED_EDGE('',*,*,#1690,.T.);
#843=ORIENTED_EDGE('',*,*,#1645,.F.);
#844=ORIENTED_EDGE('',*,*,#1691,.F.);
#845=ORIENTED_EDGE('',*,*,#1688,.T.);
#846=ORIENTED_EDGE('',*,*,#1692,.T.);
#847=ORIENTED_EDGE('',*,*,#1646,.F.);
#848=ORIENTED_EDGE('',*,*,#1692,.F.);
#849=ORIENTED_EDGE('',*,*,#1687,.T.);
#850=ORIENTED_EDGE('',*,*,#1679,.T.);
#851=ORIENTED_EDGE('',*,*,#1644,.F.);
#852=ORIENTED_EDGE('',*,*,#1690,.F.);
#853=ORIENTED_EDGE('',*,*,#1689,.T.);
#854=ORIENTED_EDGE('',*,*,#1691,.T.);
#855=ORIENTED_EDGE('',*,*,#1693,.T.);
#856=ORIENTED_EDGE('',*,*,#1489,.F.);
#857=ORIENTED_EDGE('',*,*,#1694,.F.);
#858=ORIENTED_EDGE('',*,*,#1501,.F.);
#859=ORIENTED_EDGE('',*,*,#1694,.T.);
#860=ORIENTED_EDGE('',*,*,#1492,.F.);
#861=ORIENTED_EDGE('',*,*,#1695,.F.);
#862=ORIENTED_EDGE('',*,*,#1502,.F.);
#863=ORIENTED_EDGE('',*,*,#1503,.T.);
#864=ORIENTED_EDGE('',*,*,#1695,.T.);
#865=ORIENTED_EDGE('',*,*,#1491,.T.);
#866=ORIENTED_EDGE('',*,*,#1696,.F.);
#867=ORIENTED_EDGE('',*,*,#1500,.T.);
#868=ORIENTED_EDGE('',*,*,#1696,.T.);
#869=ORIENTED_EDGE('',*,*,#1490,.T.);
#870=ORIENTED_EDGE('',*,*,#1693,.F.);
#871=ORIENTED_EDGE('',*,*,#1697,.F.);
#872=ORIENTED_EDGE('',*,*,#1642,.T.);
#873=ORIENTED_EDGE('',*,*,#1697,.T.);
#874=ORIENTED_EDGE('',*,*,#1698,.F.);
#875=ORIENTED_EDGE('',*,*,#1698,.T.);
#876=ORIENTED_EDGE('',*,*,#1685,.F.);
#877=ORIENTED_EDGE('',*,*,#1699,.F.);
#878=ORIENTED_EDGE('',*,*,#1641,.T.);
#879=ORIENTED_EDGE('',*,*,#1699,.T.);
#880=ORIENTED_EDGE('',*,*,#1700,.F.);
#881=ORIENTED_EDGE('',*,*,#1700,.T.);
#882=ORIENTED_EDGE('',*,*,#1684,.F.);
#883=ORIENTED_EDGE('',*,*,#1701,.F.);
#884=ORIENTED_EDGE('',*,*,#1640,.T.);
#885=ORIENTED_EDGE('',*,*,#1701,.T.);
#886=ORIENTED_EDGE('',*,*,#1702,.F.);
#887=ORIENTED_EDGE('',*,*,#1702,.T.);
#888=ORIENTED_EDGE('',*,*,#1683,.F.);
#889=ORIENTED_EDGE('',*,*,#1703,.F.);
#890=ORIENTED_EDGE('',*,*,#1639,.T.);
#891=ORIENTED_EDGE('',*,*,#1703,.T.);
#892=ORIENTED_EDGE('',*,*,#1704,.F.);
#893=ORIENTED_EDGE('',*,*,#1704,.T.);
#894=ORIENTED_EDGE('',*,*,#1682,.F.);
#895=ORIENTED_EDGE('',*,*,#1483,.F.);
#896=ORIENTED_EDGE('',*,*,#1705,.T.);
#897=ORIENTED_EDGE('',*,*,#1463,.F.);
#898=ORIENTED_EDGE('',*,*,#1706,.F.);
#899=ORIENTED_EDGE('',*,*,#1471,.F.);
#900=ORIENTED_EDGE('',*,*,#1706,.T.);
#901=ORIENTED_EDGE('',*,*,#1466,.F.);
#902=ORIENTED_EDGE('',*,*,#1707,.F.);
#903=ORIENTED_EDGE('',*,*,#1472,.F.);
#904=ORIENTED_EDGE('',*,*,#1473,.T.);
#905=ORIENTED_EDGE('',*,*,#1707,.T.);
#906=ORIENTED_EDGE('',*,*,#1465,.T.);
#907=ORIENTED_EDGE('',*,*,#1708,.F.);
#908=ORIENTED_EDGE('',*,*,#1481,.T.);
#909=ORIENTED_EDGE('',*,*,#1482,.T.);
#910=ORIENTED_EDGE('',*,*,#1708,.T.);
#911=ORIENTED_EDGE('',*,*,#1464,.T.);
#912=ORIENTED_EDGE('',*,*,#1705,.F.);
#913=ORIENTED_EDGE('',*,*,#1709,.F.);
#914=ORIENTED_EDGE('',*,*,#1638,.T.);
#915=ORIENTED_EDGE('',*,*,#1709,.T.);
#916=ORIENTED_EDGE('',*,*,#1710,.F.);
#917=ORIENTED_EDGE('',*,*,#1710,.T.);
#918=ORIENTED_EDGE('',*,*,#1681,.F.);
#919=ORIENTED_EDGE('',*,*,#1657,.F.);
#920=ORIENTED_EDGE('',*,*,#1711,.F.);
#921=ORIENTED_EDGE('',*,*,#1711,.T.);
#922=ORIENTED_EDGE('',*,*,#1712,.F.);
#923=ORIENTED_EDGE('',*,*,#1712,.T.);
#924=ORIENTED_EDGE('',*,*,#1667,.F.);
#925=ORIENTED_EDGE('',*,*,#1656,.F.);
#926=ORIENTED_EDGE('',*,*,#1713,.F.);
#927=ORIENTED_EDGE('',*,*,#1713,.T.);
#928=ORIENTED_EDGE('',*,*,#1714,.F.);
#929=ORIENTED_EDGE('',*,*,#1714,.T.);
#930=ORIENTED_EDGE('',*,*,#1666,.F.);
#931=ORIENTED_EDGE('',*,*,#1655,.F.);
#932=ORIENTED_EDGE('',*,*,#1715,.F.);
#933=ORIENTED_EDGE('',*,*,#1715,.T.);
#934=ORIENTED_EDGE('',*,*,#1716,.F.);
#935=ORIENTED_EDGE('',*,*,#1716,.T.);
#936=ORIENTED_EDGE('',*,*,#1665,.F.);
#937=ORIENTED_EDGE('',*,*,#1654,.F.);
#938=ORIENTED_EDGE('',*,*,#1717,.F.);
#939=ORIENTED_EDGE('',*,*,#1717,.T.);
#940=ORIENTED_EDGE('',*,*,#1718,.F.);
#941=ORIENTED_EDGE('',*,*,#1718,.T.);
#942=ORIENTED_EDGE('',*,*,#1664,.F.);
#943=ORIENTED_EDGE('',*,*,#1653,.F.);
#944=ORIENTED_EDGE('',*,*,#1719,.F.);
#945=ORIENTED_EDGE('',*,*,#1719,.T.);
#946=ORIENTED_EDGE('',*,*,#1720,.F.);
#947=ORIENTED_EDGE('',*,*,#1720,.T.);
#948=ORIENTED_EDGE('',*,*,#1663,.F.);
#949=ORIENTED_EDGE('',*,*,#1626,.F.);
#950=ORIENTED_EDGE('',*,*,#1721,.T.);
#951=ORIENTED_EDGE('',*,*,#1722,.F.);
#952=ORIENTED_EDGE('',*,*,#1723,.F.);
#953=ORIENTED_EDGE('',*,*,#1563,.F.);
#954=ORIENTED_EDGE('',*,*,#1724,.F.);
#955=ORIENTED_EDGE('',*,*,#1722,.T.);
#956=ORIENTED_EDGE('',*,*,#1725,.T.);
#957=ORIENTED_EDGE('',*,*,#1573,.F.);
#958=ORIENTED_EDGE('',*,*,#1726,.T.);
#959=ORIENTED_EDGE('',*,*,#1727,.F.);
#960=ORIENTED_EDGE('',*,*,#1728,.F.);
#961=ORIENTED_EDGE('',*,*,#1575,.F.);
#962=ORIENTED_EDGE('',*,*,#1729,.F.);
#963=ORIENTED_EDGE('',*,*,#1727,.T.);
#964=ORIENTED_EDGE('',*,*,#1730,.T.);
#965=ORIENTED_EDGE('',*,*,#1531,.F.);
#966=ORIENTED_EDGE('',*,*,#1731,.T.);
#967=ORIENTED_EDGE('',*,*,#1732,.F.);
#968=ORIENTED_EDGE('',*,*,#1733,.F.);
#969=ORIENTED_EDGE('',*,*,#1579,.F.);
#970=ORIENTED_EDGE('',*,*,#1734,.F.);
#971=ORIENTED_EDGE('',*,*,#1732,.T.);
#972=ORIENTED_EDGE('',*,*,#1735,.T.);
#973=ORIENTED_EDGE('',*,*,#1588,.F.);
#974=ORIENTED_EDGE('',*,*,#1736,.T.);
#975=ORIENTED_EDGE('',*,*,#1737,.F.);
#976=ORIENTED_EDGE('',*,*,#1738,.F.);
#977=ORIENTED_EDGE('',*,*,#1590,.F.);
#978=ORIENTED_EDGE('',*,*,#1739,.F.);
#979=ORIENTED_EDGE('',*,*,#1737,.T.);
#980=ORIENTED_EDGE('',*,*,#1740,.T.);
#981=ORIENTED_EDGE('',*,*,#1598,.F.);
#982=ORIENTED_EDGE('',*,*,#1741,.T.);
#983=ORIENTED_EDGE('',*,*,#1742,.F.);
#984=ORIENTED_EDGE('',*,*,#1743,.F.);
#985=ORIENTED_EDGE('',*,*,#1468,.F.);
#986=ORIENTED_EDGE('',*,*,#1744,.F.);
#987=ORIENTED_EDGE('',*,*,#1742,.T.);
#988=ORIENTED_EDGE('',*,*,#1745,.T.);
#989=ORIENTED_EDGE('',*,*,#1485,.F.);
#990=ORIENTED_EDGE('',*,*,#1746,.T.);
#991=ORIENTED_EDGE('',*,*,#1747,.F.);
#992=ORIENTED_EDGE('',*,*,#1748,.F.);
#993=ORIENTED_EDGE('',*,*,#1600,.F.);
#994=ORIENTED_EDGE('',*,*,#1749,.F.);
#995=ORIENTED_EDGE('',*,*,#1747,.T.);
#996=ORIENTED_EDGE('',*,*,#1750,.T.);
#997=ORIENTED_EDGE('',*,*,#1612,.F.);
#998=ORIENTED_EDGE('',*,*,#1751,.T.);
#999=ORIENTED_EDGE('',*,*,#1752,.F.);
#1000=ORIENTED_EDGE('',*,*,#1753,.F.);
#1001=ORIENTED_EDGE('',*,*,#1614,.F.);
#1002=ORIENTED_EDGE('',*,*,#1754,.F.);
#1003=ORIENTED_EDGE('',*,*,#1752,.T.);
#1004=ORIENTED_EDGE('',*,*,#1755,.T.);
#1005=ORIENTED_EDGE('',*,*,#1499,.F.);
#1006=ORIENTED_EDGE('',*,*,#1756,.T.);
#1007=ORIENTED_EDGE('',*,*,#1757,.F.);
#1008=ORIENTED_EDGE('',*,*,#1758,.F.);
#1009=ORIENTED_EDGE('',*,*,#1759,.F.);
#1010=ORIENTED_EDGE('',*,*,#1760,.F.);
#1011=ORIENTED_EDGE('',*,*,#1761,.T.);
#1012=ORIENTED_EDGE('',*,*,#1762,.T.);
#1013=ORIENTED_EDGE('',*,*,#1763,.F.);
#1014=ORIENTED_EDGE('',*,*,#1764,.F.);
#1015=ORIENTED_EDGE('',*,*,#1765,.T.);
#1016=ORIENTED_EDGE('',*,*,#1760,.T.);
#1017=ORIENTED_EDGE('',*,*,#1766,.F.);
#1018=ORIENTED_EDGE('',*,*,#1767,.F.);
#1019=ORIENTED_EDGE('',*,*,#1768,.T.);
#1020=ORIENTED_EDGE('',*,*,#1764,.T.);
#1021=ORIENTED_EDGE('',*,*,#1769,.F.);
#1022=ORIENTED_EDGE('',*,*,#1770,.F.);
#1023=ORIENTED_EDGE('',*,*,#1771,.T.);
#1024=ORIENTED_EDGE('',*,*,#1767,.T.);
#1025=ORIENTED_EDGE('',*,*,#1772,.F.);
#1026=ORIENTED_EDGE('',*,*,#1773,.F.);
#1027=ORIENTED_EDGE('',*,*,#1774,.T.);
#1028=ORIENTED_EDGE('',*,*,#1770,.T.);
#1029=ORIENTED_EDGE('',*,*,#1775,.F.);
#1030=ORIENTED_EDGE('',*,*,#1776,.F.);
#1031=ORIENTED_EDGE('',*,*,#1777,.T.);
#1032=ORIENTED_EDGE('',*,*,#1773,.T.);
#1033=ORIENTED_EDGE('',*,*,#1778,.F.);
#1034=ORIENTED_EDGE('',*,*,#1779,.F.);
#1035=ORIENTED_EDGE('',*,*,#1780,.T.);
#1036=ORIENTED_EDGE('',*,*,#1776,.T.);
#1037=ORIENTED_EDGE('',*,*,#1781,.F.);
#1038=ORIENTED_EDGE('',*,*,#1782,.F.);
#1039=ORIENTED_EDGE('',*,*,#1783,.T.);
#1040=ORIENTED_EDGE('',*,*,#1779,.T.);
#1041=ORIENTED_EDGE('',*,*,#1784,.F.);
#1042=ORIENTED_EDGE('',*,*,#1785,.F.);
#1043=ORIENTED_EDGE('',*,*,#1786,.T.);
#1044=ORIENTED_EDGE('',*,*,#1782,.T.);
#1045=ORIENTED_EDGE('',*,*,#1787,.F.);
#1046=ORIENTED_EDGE('',*,*,#1788,.F.);
#1047=ORIENTED_EDGE('',*,*,#1789,.T.);
#1048=ORIENTED_EDGE('',*,*,#1785,.T.);
#1049=ORIENTED_EDGE('',*,*,#1790,.F.);
#1050=ORIENTED_EDGE('',*,*,#1791,.F.);
#1051=ORIENTED_EDGE('',*,*,#1792,.T.);
#1052=ORIENTED_EDGE('',*,*,#1788,.T.);
#1053=ORIENTED_EDGE('',*,*,#1793,.F.);
#1054=ORIENTED_EDGE('',*,*,#1794,.F.);
#1055=ORIENTED_EDGE('',*,*,#1795,.T.);
#1056=ORIENTED_EDGE('',*,*,#1791,.T.);
#1057=ORIENTED_EDGE('',*,*,#1796,.F.);
#1058=ORIENTED_EDGE('',*,*,#1797,.F.);
#1059=ORIENTED_EDGE('',*,*,#1798,.T.);
#1060=ORIENTED_EDGE('',*,*,#1794,.T.);
#1061=ORIENTED_EDGE('',*,*,#1799,.F.);
#1062=ORIENTED_EDGE('',*,*,#1800,.F.);
#1063=ORIENTED_EDGE('',*,*,#1801,.T.);
#1064=ORIENTED_EDGE('',*,*,#1797,.T.);
#1065=ORIENTED_EDGE('',*,*,#1802,.F.);
#1066=ORIENTED_EDGE('',*,*,#1803,.F.);
#1067=ORIENTED_EDGE('',*,*,#1804,.T.);
#1068=ORIENTED_EDGE('',*,*,#1800,.T.);
#1069=ORIENTED_EDGE('',*,*,#1805,.F.);
#1070=ORIENTED_EDGE('',*,*,#1762,.F.);
#1071=ORIENTED_EDGE('',*,*,#1806,.T.);
#1072=ORIENTED_EDGE('',*,*,#1803,.T.);
#1073=ORIENTED_EDGE('',*,*,#1618,.F.);
#1074=ORIENTED_EDGE('',*,*,#1807,.F.);
#1075=ORIENTED_EDGE('',*,*,#1757,.T.);
#1076=ORIENTED_EDGE('',*,*,#1808,.T.);
#1077=ORIENTED_EDGE('',*,*,#1809,.F.);
#1078=ORIENTED_EDGE('',*,*,#1810,.F.);
#1079=ORIENTED_EDGE('',*,*,#1811,.F.);
#1080=ORIENTED_EDGE('',*,*,#1812,.F.);
#1081=ORIENTED_EDGE('',*,*,#1761,.F.);
#1082=ORIENTED_EDGE('',*,*,#1765,.F.);
#1083=ORIENTED_EDGE('',*,*,#1768,.F.);
#1084=ORIENTED_EDGE('',*,*,#1771,.F.);
#1085=ORIENTED_EDGE('',*,*,#1774,.F.);
#1086=ORIENTED_EDGE('',*,*,#1777,.F.);
#1087=ORIENTED_EDGE('',*,*,#1780,.F.);
#1088=ORIENTED_EDGE('',*,*,#1783,.F.);
#1089=ORIENTED_EDGE('',*,*,#1786,.F.);
#1090=ORIENTED_EDGE('',*,*,#1789,.F.);
#1091=ORIENTED_EDGE('',*,*,#1792,.F.);
#1092=ORIENTED_EDGE('',*,*,#1795,.F.);
#1093=ORIENTED_EDGE('',*,*,#1798,.F.);
#1094=ORIENTED_EDGE('',*,*,#1801,.F.);
#1095=ORIENTED_EDGE('',*,*,#1804,.F.);
#1096=ORIENTED_EDGE('',*,*,#1806,.F.);
#1097=ORIENTED_EDGE('',*,*,#1744,.T.);
#1098=ORIENTED_EDGE('',*,*,#1467,.T.);
#1099=ORIENTED_EDGE('',*,*,#1478,.T.);
#1100=ORIENTED_EDGE('',*,*,#1748,.T.);
#1101=ORIENTED_EDGE('',*,*,#1749,.T.);
#1102=ORIENTED_EDGE('',*,*,#1599,.T.);
#1103=ORIENTED_EDGE('',*,*,#1608,.T.);
#1104=ORIENTED_EDGE('',*,*,#1753,.T.);
#1105=ORIENTED_EDGE('',*,*,#1754,.T.);
#1106=ORIENTED_EDGE('',*,*,#1613,.T.);
#1107=ORIENTED_EDGE('',*,*,#1493,.T.);
#1108=ORIENTED_EDGE('',*,*,#1758,.T.);
#1109=ORIENTED_EDGE('',*,*,#1807,.T.);
#1110=ORIENTED_EDGE('',*,*,#1617,.T.);
#1111=ORIENTED_EDGE('',*,*,#1623,.T.);
#1112=ORIENTED_EDGE('',*,*,#1723,.T.);
#1113=ORIENTED_EDGE('',*,*,#1724,.T.);
#1114=ORIENTED_EDGE('',*,*,#1562,.T.);
#1115=ORIENTED_EDGE('',*,*,#1569,.T.);
#1116=ORIENTED_EDGE('',*,*,#1728,.T.);
#1117=ORIENTED_EDGE('',*,*,#1729,.T.);
#1118=ORIENTED_EDGE('',*,*,#1574,.T.);
#1119=ORIENTED_EDGE('',*,*,#1518,.T.);
#1120=ORIENTED_EDGE('',*,*,#1733,.T.);
#1121=ORIENTED_EDGE('',*,*,#1734,.T.);
#1122=ORIENTED_EDGE('',*,*,#1578,.T.);
#1123=ORIENTED_EDGE('',*,*,#1584,.T.);
#1124=ORIENTED_EDGE('',*,*,#1738,.T.);
#1125=ORIENTED_EDGE('',*,*,#1739,.T.);
#1126=ORIENTED_EDGE('',*,*,#1589,.T.);
#1127=ORIENTED_EDGE('',*,*,#1595,.T.);
#1128=ORIENTED_EDGE('',*,*,#1743,.T.);
#1129=ORIENTED_EDGE('',*,*,#1469,.F.);
#1130=ORIENTED_EDGE('',*,*,#1745,.F.);
#1131=ORIENTED_EDGE('',*,*,#1741,.F.);
#1132=ORIENTED_EDGE('',*,*,#1597,.F.);
#1133=ORIENTED_EDGE('',*,*,#1591,.F.);
#1134=ORIENTED_EDGE('',*,*,#1740,.F.);
#1135=ORIENTED_EDGE('',*,*,#1736,.F.);
#1136=ORIENTED_EDGE('',*,*,#1587,.F.);
#1137=ORIENTED_EDGE('',*,*,#1580,.F.);
#1138=ORIENTED_EDGE('',*,*,#1735,.F.);
#1139=ORIENTED_EDGE('',*,*,#1731,.F.);
#1140=ORIENTED_EDGE('',*,*,#1530,.F.);
#1141=ORIENTED_EDGE('',*,*,#1576,.F.);
#1142=ORIENTED_EDGE('',*,*,#1730,.F.);
#1143=ORIENTED_EDGE('',*,*,#1726,.F.);
#1144=ORIENTED_EDGE('',*,*,#1572,.F.);
#1145=ORIENTED_EDGE('',*,*,#1564,.F.);
#1146=ORIENTED_EDGE('',*,*,#1725,.F.);
#1147=ORIENTED_EDGE('',*,*,#1721,.F.);
#1148=ORIENTED_EDGE('',*,*,#1625,.F.);
#1149=ORIENTED_EDGE('',*,*,#1619,.F.);
#1150=ORIENTED_EDGE('',*,*,#1808,.F.);
#1151=ORIENTED_EDGE('',*,*,#1756,.F.);
#1152=ORIENTED_EDGE('',*,*,#1498,.F.);
#1153=ORIENTED_EDGE('',*,*,#1615,.F.);
#1154=ORIENTED_EDGE('',*,*,#1755,.F.);
#1155=ORIENTED_EDGE('',*,*,#1751,.F.);
#1156=ORIENTED_EDGE('',*,*,#1611,.F.);
#1157=ORIENTED_EDGE('',*,*,#1601,.F.);
#1158=ORIENTED_EDGE('',*,*,#1750,.F.);
#1159=ORIENTED_EDGE('',*,*,#1746,.F.);
#1160=ORIENTED_EDGE('',*,*,#1484,.F.);
#1161=ORIENTED_EDGE('',*,*,#1759,.T.);
#1162=ORIENTED_EDGE('',*,*,#1805,.T.);
#1163=ORIENTED_EDGE('',*,*,#1802,.T.);
#1164=ORIENTED_EDGE('',*,*,#1799,.T.);
#1165=ORIENTED_EDGE('',*,*,#1796,.T.);
#1166=ORIENTED_EDGE('',*,*,#1793,.T.);
#1167=ORIENTED_EDGE('',*,*,#1790,.T.);
#1168=ORIENTED_EDGE('',*,*,#1787,.T.);
#1169=ORIENTED_EDGE('',*,*,#1784,.T.);
#1170=ORIENTED_EDGE('',*,*,#1781,.T.);
#1171=ORIENTED_EDGE('',*,*,#1778,.T.);
#1172=ORIENTED_EDGE('',*,*,#1775,.T.);
#1173=ORIENTED_EDGE('',*,*,#1772,.T.);
#1174=ORIENTED_EDGE('',*,*,#1769,.T.);
#1175=ORIENTED_EDGE('',*,*,#1766,.T.);
#1176=ORIENTED_EDGE('',*,*,#1763,.T.);
#1177=ORIENTED_EDGE('',*,*,#1813,.F.);
#1178=ORIENTED_EDGE('',*,*,#1812,.T.);
#1179=ORIENTED_EDGE('',*,*,#1813,.T.);
#1180=ORIENTED_EDGE('',*,*,#1814,.F.);
#1181=ORIENTED_EDGE('',*,*,#1811,.T.);
#1182=ORIENTED_EDGE('',*,*,#1814,.T.);
#1183=ORIENTED_EDGE('',*,*,#1815,.F.);
#1184=ORIENTED_EDGE('',*,*,#1810,.T.);
#1185=ORIENTED_EDGE('',*,*,#1815,.T.);
#1186=ORIENTED_EDGE('',*,*,#1816,.F.);
#1187=ORIENTED_EDGE('',*,*,#1809,.T.);
#1188=ORIENTED_EDGE('',*,*,#1816,.T.);
#1189=ORIENTED_EDGE('',*,*,#1817,.F.);
#1190=ORIENTED_EDGE('',*,*,#1818,.T.);
#1191=ORIENTED_EDGE('',*,*,#1819,.T.);
#1192=ORIENTED_EDGE('',*,*,#1410,.F.);
#1193=ORIENTED_EDGE('',*,*,#1820,.F.);
#1194=ORIENTED_EDGE('',*,*,#1821,.T.);
#1195=ORIENTED_EDGE('',*,*,#1432,.F.);
#1196=ORIENTED_EDGE('',*,*,#1459,.T.);
#1197=ORIENTED_EDGE('',*,*,#1437,.T.);
#1198=ORIENTED_EDGE('',*,*,#1822,.T.);
#1199=ORIENTED_EDGE('',*,*,#1414,.F.);
#1200=ORIENTED_EDGE('',*,*,#1823,.F.);
#1201=ORIENTED_EDGE('',*,*,#1824,.F.);
#1202=ORIENTED_EDGE('',*,*,#1825,.F.);
#1203=ORIENTED_EDGE('',*,*,#1826,.T.);
#1204=ORIENTED_EDGE('',*,*,#1827,.T.);
#1205=ORIENTED_EDGE('',*,*,#1828,.F.);
#1206=ORIENTED_EDGE('',*,*,#1436,.F.);
#1207=ORIENTED_EDGE('',*,*,#1416,.T.);
#1208=ORIENTED_EDGE('',*,*,#1829,.F.);
#1209=ORIENTED_EDGE('',*,*,#1827,.F.);
#1210=ORIENTED_EDGE('',*,*,#1830,.T.);
#1211=ORIENTED_EDGE('',*,*,#1417,.T.);
#1212=ORIENTED_EDGE('',*,*,#1830,.F.);
#1213=ORIENTED_EDGE('',*,*,#1826,.F.);
#1214=ORIENTED_EDGE('',*,*,#1831,.T.);
#1215=ORIENTED_EDGE('',*,*,#1418,.F.);
#1216=ORIENTED_EDGE('',*,*,#1831,.F.);
#1217=ORIENTED_EDGE('',*,*,#1825,.T.);
#1218=ORIENTED_EDGE('',*,*,#1832,.T.);
#1219=ORIENTED_EDGE('',*,*,#1415,.F.);
#1220=ORIENTED_EDGE('',*,*,#1822,.F.);
#1221=ORIENTED_EDGE('',*,*,#1828,.T.);
#1222=ORIENTED_EDGE('',*,*,#1829,.T.);
#1223=ORIENTED_EDGE('',*,*,#1419,.F.);
#1224=ORIENTED_EDGE('',*,*,#1832,.F.);
#1225=ORIENTED_EDGE('',*,*,#1824,.T.);
#1226=ORIENTED_EDGE('',*,*,#1833,.T.);
#1227=ORIENTED_EDGE('',*,*,#1834,.F.);
#1228=ORIENTED_EDGE('',*,*,#1433,.T.);
#1229=ORIENTED_EDGE('',*,*,#1835,.F.);
#1230=ORIENTED_EDGE('',*,*,#1836,.F.);
#1231=ORIENTED_EDGE('',*,*,#1837,.F.);
#1232=ORIENTED_EDGE('',*,*,#1838,.T.);
#1233=ORIENTED_EDGE('',*,*,#1839,.F.);
#1234=ORIENTED_EDGE('',*,*,#1421,.T.);
#1235=ORIENTED_EDGE('',*,*,#1840,.F.);
#1236=ORIENTED_EDGE('',*,*,#1838,.F.);
#1237=ORIENTED_EDGE('',*,*,#1841,.T.);
#1238=ORIENTED_EDGE('',*,*,#1422,.F.);
#1239=ORIENTED_EDGE('',*,*,#1841,.F.);
#1240=ORIENTED_EDGE('',*,*,#1837,.T.);
#1241=ORIENTED_EDGE('',*,*,#1842,.T.);
#1242=ORIENTED_EDGE('',*,*,#1423,.F.);
#1243=ORIENTED_EDGE('',*,*,#1842,.F.);
#1244=ORIENTED_EDGE('',*,*,#1836,.T.);
#1245=ORIENTED_EDGE('',*,*,#1843,.T.);
#1246=ORIENTED_EDGE('',*,*,#1420,.F.);
#1247=ORIENTED_EDGE('',*,*,#1833,.F.);
#1248=ORIENTED_EDGE('',*,*,#1839,.T.);
#1249=ORIENTED_EDGE('',*,*,#1840,.T.);
#1250=ORIENTED_EDGE('',*,*,#1424,.F.);
#1251=ORIENTED_EDGE('',*,*,#1843,.F.);
#1252=ORIENTED_EDGE('',*,*,#1835,.T.);
#1253=ORIENTED_EDGE('',*,*,#1844,.T.);
#1254=ORIENTED_EDGE('',*,*,#1845,.F.);
#1255=ORIENTED_EDGE('',*,*,#1429,.T.);
#1256=ORIENTED_EDGE('',*,*,#1821,.F.);
#1257=ORIENTED_EDGE('',*,*,#1846,.F.);
#1258=ORIENTED_EDGE('',*,*,#1847,.T.);
#1259=ORIENTED_EDGE('',*,*,#1848,.F.);
#1260=ORIENTED_EDGE('',*,*,#1849,.F.);
#1261=ORIENTED_EDGE('',*,*,#1850,.F.);
#1262=ORIENTED_EDGE('',*,*,#1426,.F.);
#1263=ORIENTED_EDGE('',*,*,#1851,.F.);
#1264=ORIENTED_EDGE('',*,*,#1849,.T.);
#1265=ORIENTED_EDGE('',*,*,#1852,.T.);
#1266=ORIENTED_EDGE('',*,*,#1427,.F.);
#1267=ORIENTED_EDGE('',*,*,#1852,.F.);
#1268=ORIENTED_EDGE('',*,*,#1848,.T.);
#1269=ORIENTED_EDGE('',*,*,#1853,.T.);
#1270=ORIENTED_EDGE('',*,*,#1428,.T.);
#1271=ORIENTED_EDGE('',*,*,#1853,.F.);
#1272=ORIENTED_EDGE('',*,*,#1847,.F.);
#1273=ORIENTED_EDGE('',*,*,#1854,.T.);
#1274=ORIENTED_EDGE('',*,*,#1409,.F.);
#1275=ORIENTED_EDGE('',*,*,#1854,.F.);
#1276=ORIENTED_EDGE('',*,*,#1846,.T.);
#1277=ORIENTED_EDGE('',*,*,#1820,.T.);
#1278=ORIENTED_EDGE('',*,*,#1425,.F.);
#1279=ORIENTED_EDGE('',*,*,#1844,.F.);
#1280=ORIENTED_EDGE('',*,*,#1850,.T.);
#1281=ORIENTED_EDGE('',*,*,#1851,.T.);
#1282=ORIENTED_EDGE('',*,*,#1855,.F.);
#1283=ORIENTED_EDGE('',*,*,#1856,.T.);
#1284=ORIENTED_EDGE('',*,*,#1857,.T.);
#1285=ORIENTED_EDGE('',*,*,#1858,.F.);
#1286=ORIENTED_EDGE('',*,*,#1818,.F.);
#1287=ORIENTED_EDGE('',*,*,#1411,.F.);
#1288=ORIENTED_EDGE('',*,*,#1819,.F.);
#1289=ORIENTED_EDGE('',*,*,#1858,.T.);
#1290=ORIENTED_EDGE('',*,*,#1859,.T.);
#1291=ORIENTED_EDGE('',*,*,#1413,.T.);
#1292=ORIENTED_EDGE('',*,*,#1860,.F.);
#1293=ORIENTED_EDGE('',*,*,#1856,.F.);
#1294=ORIENTED_EDGE('',*,*,#1817,.T.);
#1295=ORIENTED_EDGE('',*,*,#1412,.T.);
#1296=ORIENTED_EDGE('',*,*,#1859,.F.);
#1297=ORIENTED_EDGE('',*,*,#1857,.F.);
#1298=ORIENTED_EDGE('',*,*,#1860,.T.);
#1299=ORIENTED_EDGE('',*,*,#1861,.T.);
#1300=ORIENTED_EDGE('',*,*,#1862,.T.);
#1301=ORIENTED_EDGE('',*,*,#1863,.F.);
#1302=ORIENTED_EDGE('',*,*,#1855,.T.);
#1303=ORIENTED_EDGE('',*,*,#1861,.F.);
#1304=ORIENTED_EDGE('',*,*,#1863,.T.);
#1305=ORIENTED_EDGE('',*,*,#1862,.F.);
#1306=ORIENTED_EDGE('',*,*,#1864,.T.);
#1307=ORIENTED_EDGE('',*,*,#1865,.T.);
#1308=ORIENTED_EDGE('',*,*,#1866,.F.);
#1309=ORIENTED_EDGE('',*,*,#1845,.T.);
#1310=ORIENTED_EDGE('',*,*,#1864,.F.);
#1311=ORIENTED_EDGE('',*,*,#1866,.T.);
#1312=ORIENTED_EDGE('',*,*,#1865,.F.);
#1313=ORIENTED_EDGE('',*,*,#1867,.T.);
#1314=ORIENTED_EDGE('',*,*,#1868,.T.);
#1315=ORIENTED_EDGE('',*,*,#1869,.F.);
#1316=ORIENTED_EDGE('',*,*,#1834,.T.);
#1317=ORIENTED_EDGE('',*,*,#1867,.F.);
#1318=ORIENTED_EDGE('',*,*,#1869,.T.);
#1319=ORIENTED_EDGE('',*,*,#1868,.F.);
#1320=ORIENTED_EDGE('',*,*,#1870,.T.);
#1321=ORIENTED_EDGE('',*,*,#1871,.T.);
#1322=ORIENTED_EDGE('',*,*,#1872,.F.);
#1323=ORIENTED_EDGE('',*,*,#1823,.T.);
#1324=ORIENTED_EDGE('',*,*,#1870,.F.);
#1325=ORIENTED_EDGE('',*,*,#1872,.T.);
#1326=ORIENTED_EDGE('',*,*,#1871,.F.);
#1327=ORIENTED_EDGE('',*,*,#1873,.F.);
#1328=ORIENTED_EDGE('',*,*,#1631,.T.);
#1329=ORIENTED_EDGE('',*,*,#1873,.T.);
#1330=ORIENTED_EDGE('',*,*,#1874,.F.);
#1331=ORIENTED_EDGE('',*,*,#1630,.T.);
#1332=ORIENTED_EDGE('',*,*,#1874,.T.);
#1333=ORIENTED_EDGE('',*,*,#1875,.F.);
#1334=ORIENTED_EDGE('',*,*,#1629,.T.);
#1335=ORIENTED_EDGE('',*,*,#1875,.T.);
#1336=ORIENTED_EDGE('',*,*,#1876,.F.);
#1337=ORIENTED_EDGE('',*,*,#1628,.T.);
#1338=ORIENTED_EDGE('',*,*,#1876,.T.);
#1339=ORIENTED_EDGE('',*,*,#1607,.T.);
#1340=ORIENTED_EDGE('',*,*,#1545,.F.);
#1341=ORIENTED_EDGE('',*,*,#1606,.T.);
#1342=ORIENTED_EDGE('',*,*,#1544,.F.);
#1343=ORIENTED_EDGE('',*,*,#1605,.T.);
#1344=ORIENTED_EDGE('',*,*,#1543,.F.);
#1345=EDGE_CURVE('',#1877,#1878,#2262,.T.);
#1346=EDGE_CURVE('',#1879,#1878,#2263,.T.);
#1347=EDGE_CURVE('',#1880,#1879,#2264,.T.);
#1348=EDGE_CURVE('',#1880,#1877,#2265,.T.);
#1349=EDGE_CURVE('',#1881,#1882,#2266,.T.);
#1350=EDGE_CURVE('',#1881,#1883,#2267,.T.);
#1351=EDGE_CURVE('',#1883,#1884,#2268,.T.);
#1352=EDGE_CURVE('',#1882,#1884,#2269,.T.);
#1353=EDGE_CURVE('',#1885,#1886,#2270,.T.);
#1354=EDGE_CURVE('',#1887,#1886,#2271,.T.);
#1355=EDGE_CURVE('',#1888,#1887,#2272,.T.);
#1356=EDGE_CURVE('',#1888,#1885,#2273,.T.);
#1357=EDGE_CURVE('',#1889,#1890,#2274,.T.);
#1358=EDGE_CURVE('',#1890,#1891,#2275,.T.);
#1359=EDGE_CURVE('',#1892,#1891,#2276,.T.);
#1360=EDGE_CURVE('',#1889,#1892,#2277,.T.);
#1361=EDGE_CURVE('',#1877,#1893,#2278,.T.);
#1362=EDGE_CURVE('',#1880,#1894,#2279,.T.);
#1363=EDGE_CURVE('',#1894,#1893,#2280,.T.);
#1364=EDGE_CURVE('',#1878,#1895,#2281,.T.);
#1365=EDGE_CURVE('',#1896,#1895,#2282,.T.);
#1366=EDGE_CURVE('',#1879,#1896,#2283,.T.);
#1367=EDGE_CURVE('',#1897,#1898,#2284,.T.);
#1368=EDGE_CURVE('',#1899,#1897,#2285,.T.);
#1369=EDGE_CURVE('',#1899,#1900,#2286,.T.);
#1370=EDGE_CURVE('',#1900,#1898,#2287,.T.);
#1371=EDGE_CURVE('',#1885,#1897,#2288,.T.);
#1372=EDGE_CURVE('',#1888,#1899,#2289,.T.);
#1373=EDGE_CURVE('',#1886,#1898,#2290,.T.);
#1374=EDGE_CURVE('',#1887,#1900,#2291,.T.);
#1375=EDGE_CURVE('',#1893,#1895,#2292,.T.);
#1376=EDGE_CURVE('',#1894,#1896,#2293,.T.);
#1377=EDGE_CURVE('',#1901,#1901,#106,.T.);
#1378=EDGE_CURVE('',#1902,#1902,#107,.T.);
#1379=EDGE_CURVE('',#1903,#1903,#108,.T.);
#1380=EDGE_CURVE('',#1882,#1890,#2294,.T.);
#1381=EDGE_CURVE('',#1881,#1889,#2295,.T.);
#1382=EDGE_CURVE('',#1883,#1892,#2296,.T.);
#1383=EDGE_CURVE('',#1884,#1891,#2297,.T.);
#1384=EDGE_CURVE('',#1905,#1905,#109,.T.);
#1385=EDGE_CURVE('',#1906,#1906,#110,.T.);
#1386=EDGE_CURVE('',#1907,#1907,#111,.T.);
#1387=EDGE_CURVE('',#1909,#1909,#112,.T.);
#1388=EDGE_CURVE('',#1910,#1910,#113,.T.);
#1389=EDGE_CURVE('',#1911,#1911,#114,.T.);
#1390=EDGE_CURVE('',#1913,#1913,#115,.T.);
#1391=EDGE_CURVE('',#1914,#1914,#116,.T.);
#1392=EDGE_CURVE('',#1915,#1915,#117,.T.);
#1393=EDGE_CURVE('',#1916,#1917,#118,.T.);
#1394=EDGE_CURVE('',#1917,#1918,#2298,.T.);
#1395=EDGE_CURVE('',#1918,#1919,#119,.T.);
#1396=EDGE_CURVE('',#1919,#1920,#2299,.T.);
#1397=EDGE_CURVE('',#1920,#1921,#120,.T.);
#1398=EDGE_CURVE('',#1921,#1922,#2300,.T.);
#1399=EDGE_CURVE('',#1922,#1923,#121,.T.);
#1400=EDGE_CURVE('',#1923,#1924,#2301,.T.);
#1401=EDGE_CURVE('',#1924,#1925,#122,.T.);
#1402=EDGE_CURVE('',#1925,#1926,#2302,.T.);
#1403=EDGE_CURVE('',#1926,#1927,#123,.T.);
#1404=EDGE_CURVE('',#1927,#1928,#2303,.T.);
#1405=EDGE_CURVE('',#1928,#1929,#124,.T.);
#1406=EDGE_CURVE('',#1929,#1930,#2304,.T.);
#1407=EDGE_CURVE('',#1930,#1931,#125,.T.);
#1408=EDGE_CURVE('',#1931,#1916,#2305,.T.);
#1409=EDGE_CURVE('',#1932,#1933,#2306,.T.);
#1410=EDGE_CURVE('',#1933,#1934,#2307,.T.);
#1411=EDGE_CURVE('',#1934,#1935,#2308,.T.);
#1412=EDGE_CURVE('',#1936,#1935,#2309,.T.);
#1413=EDGE_CURVE('',#1937,#1936,#2310,.T.);
#1414=EDGE_CURVE('',#1937,#1938,#2311,.T.);
#1415=EDGE_CURVE('',#1938,#1939,#2312,.T.);
#1416=EDGE_CURVE('',#1940,#1939,#2313,.T.);
#1417=EDGE_CURVE('',#1941,#1940,#2314,.T.);
#1418=EDGE_CURVE('',#1941,#1942,#2315,.T.);
#1419=EDGE_CURVE('',#1942,#1943,#2316,.T.);
#1420=EDGE_CURVE('',#1943,#1944,#2317,.T.);
#1421=EDGE_CURVE('',#1945,#1944,#2318,.T.);
#1422=EDGE_CURVE('',#1945,#1946,#2319,.T.);
#1423=EDGE_CURVE('',#1946,#1947,#2320,.T.);
#1424=EDGE_CURVE('',#1947,#1948,#2321,.T.);
#1425=EDGE_CURVE('',#1948,#1949,#2322,.T.);
#1426=EDGE_CURVE('',#1949,#1950,#2323,.T.);
#1427=EDGE_CURVE('',#1950,#1951,#2324,.T.);
#1428=EDGE_CURVE('',#1932,#1951,#2325,.T.);
#1429=EDGE_CURVE('',#1952,#1953,#2326,.T.);
#1430=EDGE_CURVE('',#1954,#1952,#2327,.T.);
#1431=EDGE_CURVE('',#1955,#1954,#2328,.T.);
#1432=EDGE_CURVE('',#1955,#1953,#2329,.T.);
#1433=EDGE_CURVE('',#1956,#1952,#2330,.T.);
#1434=EDGE_CURVE('',#1957,#1956,#2331,.T.);
#1435=EDGE_CURVE('',#1954,#1957,#2332,.T.);
#1436=EDGE_CURVE('',#1956,#1958,#2333,.T.);
#1437=EDGE_CURVE('',#1959,#1958,#2334,.T.);
#1438=EDGE_CURVE('',#1959,#1957,#2335,.T.);
#1439=EDGE_CURVE('',#1960,#1961,#2336,.T.);
#1440=EDGE_CURVE('',#1962,#1960,#2337,.T.);
#1441=EDGE_CURVE('',#1962,#1963,#2338,.T.);
#1442=EDGE_CURVE('',#1964,#1963,#2339,.T.);
#1443=EDGE_CURVE('',#1965,#1964,#126,.T.);
#1444=EDGE_CURVE('',#1966,#1965,#2340,.T.);
#1445=EDGE_CURVE('',#1967,#1966,#127,.T.);
#1446=EDGE_CURVE('',#1968,#1967,#2341,.T.);
#1447=EDGE_CURVE('',#1969,#1968,#128,.T.);
#1448=EDGE_CURVE('',#1970,#1969,#2342,.T.);
#1449=EDGE_CURVE('',#1971,#1970,#129,.T.);
#1450=EDGE_CURVE('',#1972,#1971,#2343,.T.);
#1451=EDGE_CURVE('',#1973,#1972,#130,.T.);
#1452=EDGE_CURVE('',#1974,#1973,#2344,.T.);
#1453=EDGE_CURVE('',#1975,#1974,#131,.T.);
#1454=EDGE_CURVE('',#1976,#1975,#2345,.T.);
#1455=EDGE_CURVE('',#1977,#1976,#132,.T.);
#1456=EDGE_CURVE('',#1978,#1977,#2346,.T.);
#1457=EDGE_CURVE('',#1979,#1978,#133,.T.);
#1458=EDGE_CURVE('',#1961,#1979,#2347,.T.);
#1459=EDGE_CURVE('',#1955,#1959,#2348,.T.);
#1460=EDGE_CURVE('',#1980,#1981,#2349,.T.);
#1461=EDGE_CURVE('',#1924,#1981,#2350,.T.);
#1462=EDGE_CURVE('',#1923,#1980,#2351,.T.);
#1463=EDGE_CURVE('',#1982,#1983,#2352,.T.);
#1464=EDGE_CURVE('',#1984,#1983,#2353,.T.);
#1465=EDGE_CURVE('',#1985,#1984,#2354,.T.);
#1466=EDGE_CURVE('',#1985,#1982,#2355,.T.);
#1467=EDGE_CURVE('',#1986,#1987,#134,.T.);
#1468=EDGE_CURVE('',#1986,#1988,#2356,.T.);
#1469=EDGE_CURVE('',#1988,#1989,#135,.T.);
#1470=EDGE_CURVE('',#1990,#1989,#2357,.T.);
#1471=EDGE_CURVE('',#1990,#1991,#10,.T.);
#1472=EDGE_CURVE('',#1991,#1992,#2358,.F.);
#1473=EDGE_CURVE('',#1993,#1992,#11,.T.);
#1474=EDGE_CURVE('',#1969,#1993,#2359,.T.);
#1475=EDGE_CURVE('',#1968,#1994,#2360,.T.);
#1476=EDGE_CURVE('',#1995,#1994,#136,.T.);
#1477=EDGE_CURVE('',#1987,#1995,#2361,.T.);
#1478=EDGE_CURVE('',#1987,#1996,#2362,.T.);
#1479=EDGE_CURVE('',#1997,#1995,#2363,.T.);
#1480=EDGE_CURVE('',#1970,#1997,#2364,.T.);
#1481=EDGE_CURVE('',#1998,#1993,#2365,.T.);
#1482=EDGE_CURVE('',#1999,#1998,#2366,.T.);
#1483=EDGE_CURVE('',#1999,#1990,#2367,.T.);
#1484=EDGE_CURVE('',#1989,#2000,#2368,.T.);
#1485=EDGE_CURVE('',#2000,#1996,#2369,.T.);
#1486=EDGE_CURVE('',#2001,#2002,#2370,.T.);
#1487=EDGE_CURVE('',#1920,#2002,#2371,.T.);
#1488=EDGE_CURVE('',#1919,#2001,#2372,.T.);
#1489=EDGE_CURVE('',#2003,#2004,#2373,.T.);
#1490=EDGE_CURVE('',#2005,#2004,#2374,.T.);
#1491=EDGE_CURVE('',#2006,#2005,#2375,.T.);
#1492=EDGE_CURVE('',#2006,#2003,#2376,.T.);
#1493=EDGE_CURVE('',#2007,#2008,#2377,.T.);
#1494=EDGE_CURVE('',#2007,#2009,#2378,.T.);
#1495=EDGE_CURVE('',#2010,#2009,#2379,.T.);
#1496=EDGE_CURVE('',#1974,#2010,#2380,.T.);
#1497=EDGE_CURVE('',#1973,#2011,#2381,.T.);
#1498=EDGE_CURVE('',#2011,#2012,#2382,.T.);
#1499=EDGE_CURVE('',#2012,#2008,#2383,.T.);
#1500=EDGE_CURVE('',#2013,#2014,#2384,.T.);
#1501=EDGE_CURVE('',#2013,#2015,#2385,.T.);
#1502=EDGE_CURVE('',#2015,#2016,#2386,.T.);
#1503=EDGE_CURVE('',#2014,#2016,#2387,.T.);
#1504=EDGE_CURVE('',#2017,#2018,#2388,.T.);
#1505=EDGE_CURVE('',#1930,#2018,#2389,.T.);
#1506=EDGE_CURVE('',#1929,#2017,#2390,.T.);
#1507=EDGE_CURVE('',#2019,#2020,#2391,.T.);
#1508=EDGE_CURVE('',#2021,#2019,#2392,.T.);
#1509=EDGE_CURVE('',#2022,#2021,#2393,.T.);
#1510=EDGE_CURVE('',#2022,#2023,#2394,.T.);
#1511=EDGE_CURVE('',#2023,#2024,#2395,.T.);
#1512=EDGE_CURVE('',#2024,#2025,#2396,.T.);
#1513=EDGE_CURVE('',#2025,#2026,#2397,.T.);
#1514=EDGE_CURVE('',#2026,#2027,#2398,.T.);
#1515=EDGE_CURVE('',#2027,#2028,#2399,.T.);
#1516=EDGE_CURVE('',#2028,#2029,#2400,.T.);
#1517=EDGE_CURVE('',#2020,#2029,#2401,.T.);
#1518=EDGE_CURVE('',#2030,#2031,#2402,.T.);
#1519=EDGE_CURVE('',#2030,#2032,#2403,.T.);
#1520=EDGE_CURVE('',#2033,#2032,#2404,.T.);
#1521=EDGE_CURVE('',#1964,#2033,#2405,.T.);
#1522=EDGE_CURVE('',#2034,#1963,#2406,.T.);
#1523=EDGE_CURVE('',#2035,#2034,#2407,.T.);
#1524=EDGE_CURVE('',#2035,#2036,#2408,.T.);
#1525=EDGE_CURVE('',#2036,#2037,#2409,.T.);
#1526=EDGE_CURVE('',#2037,#2038,#2410,.T.);
#1527=EDGE_CURVE('',#2039,#2038,#2411,.T.);
#1528=EDGE_CURVE('',#2039,#1961,#2412,.T.);
#1529=EDGE_CURVE('',#1979,#2040,#2413,.T.);
#1530=EDGE_CURVE('',#2040,#2041,#2414,.T.);
#1531=EDGE_CURVE('',#2041,#2031,#2415,.T.);
#1532=EDGE_CURVE('',#2042,#2026,#2416,.T.);
#1533=EDGE_CURVE('',#2042,#2043,#2417,.T.);
#1534=EDGE_CURVE('',#2044,#2043,#2418,.T.);
#1535=EDGE_CURVE('',#2044,#1960,#2419,.T.);
#1536=EDGE_CURVE('',#2039,#2027,#2420,.T.);
#1537=EDGE_CURVE('',#2045,#2046,#2421,.T.);
#1538=EDGE_CURVE('',#1918,#2046,#2422,.T.);
#1539=EDGE_CURVE('',#1917,#2045,#2423,.T.);
#1540=EDGE_CURVE('',#2046,#2001,#137,.T.);
#1541=EDGE_CURVE('',#2002,#2047,#138,.T.);
#1542=EDGE_CURVE('',#1921,#2047,#2424,.T.);
#1543=EDGE_CURVE('',#2048,#2048,#12,.T.);
#1544=EDGE_CURVE('',#2049,#2049,#13,.T.);
#1545=EDGE_CURVE('',#2050,#2050,#14,.T.);
#1546=EDGE_CURVE('',#2047,#2051,#2425,.T.);
#1547=EDGE_CURVE('',#1922,#2051,#2426,.T.);
#1548=EDGE_CURVE('',#2051,#1980,#139,.T.);
#1549=EDGE_CURVE('',#1981,#2052,#140,.T.);
#1550=EDGE_CURVE('',#1925,#2052,#2427,.T.);
#1551=EDGE_CURVE('',#2052,#2053,#2428,.T.);
#1552=EDGE_CURVE('',#1926,#2053,#2429,.T.);
#1553=EDGE_CURVE('',#2053,#2054,#141,.T.);
#1554=EDGE_CURVE('',#1927,#2054,#2430,.T.);
#1555=EDGE_CURVE('',#2054,#2055,#2431,.T.);
#1556=EDGE_CURVE('',#1928,#2055,#2432,.T.);
#1557=EDGE_CURVE('',#2055,#2017,#142,.T.);
#1558=EDGE_CURVE('',#2018,#2056,#143,.T.);
#1559=EDGE_CURVE('',#1931,#2056,#2433,.T.);
#1560=EDGE_CURVE('',#2056,#2057,#2434,.T.);
#1561=EDGE_CURVE('',#1916,#2057,#2435,.T.);
#1562=EDGE_CURVE('',#2058,#2059,#144,.T.);
#1563=EDGE_CURVE('',#2058,#2060,#2436,.T.);
#1564=EDGE_CURVE('',#2060,#2061,#145,.T.);
#1565=EDGE_CURVE('',#1977,#2061,#2437,.T.);
#1566=EDGE_CURVE('',#1976,#2062,#2438,.T.);
#1567=EDGE_CURVE('',#2063,#2062,#146,.T.);
#1568=EDGE_CURVE('',#2059,#2063,#2439,.T.);
#1569=EDGE_CURVE('',#2059,#2064,#2440,.T.);
#1570=EDGE_CURVE('',#2065,#2063,#2441,.T.);
#1571=EDGE_CURVE('',#1978,#2065,#2442,.T.);
#1572=EDGE_CURVE('',#2061,#2066,#2443,.T.);
#1573=EDGE_CURVE('',#2066,#2064,#2444,.T.);
#1574=EDGE_CURVE('',#2067,#2030,#147,.T.);
#1575=EDGE_CURVE('',#2067,#2068,#2445,.T.);
#1576=EDGE_CURVE('',#2068,#2040,#148,.T.);
#1577=EDGE_CURVE('',#2032,#2065,#149,.T.);
#1578=EDGE_CURVE('',#2069,#2070,#150,.T.);
#1579=EDGE_CURVE('',#2069,#2071,#2446,.T.);
#1580=EDGE_CURVE('',#2071,#2072,#151,.T.);
#1581=EDGE_CURVE('',#1965,#2072,#2447,.T.);
#1582=EDGE_CURVE('',#2073,#2033,#152,.T.);
#1583=EDGE_CURVE('',#2070,#2073,#2448,.T.);
#1584=EDGE_CURVE('',#2070,#2074,#2449,.T.);
#1585=EDGE_CURVE('',#2075,#2073,#2450,.T.);
#1586=EDGE_CURVE('',#1966,#2075,#2451,.T.);
#1587=EDGE_CURVE('',#2072,#2076,#2452,.T.);
#1588=EDGE_CURVE('',#2076,#2074,#2453,.T.);
#1589=EDGE_CURVE('',#2077,#2078,#153,.T.);
#1590=EDGE_CURVE('',#2077,#2079,#2454,.T.);
#1591=EDGE_CURVE('',#2079,#2080,#154,.T.);
#1592=EDGE_CURVE('',#1967,#2080,#2455,.T.);
#1593=EDGE_CURVE('',#2081,#2075,#155,.T.);
#1594=EDGE_CURVE('',#2078,#2081,#2456,.T.);
#1595=EDGE_CURVE('',#2078,#2082,#2457,.T.);
#1596=EDGE_CURVE('',#1994,#2081,#2458,.T.);
#1597=EDGE_CURVE('',#2080,#2083,#2459,.T.);
#1598=EDGE_CURVE('',#2083,#2082,#2460,.T.);
#1599=EDGE_CURVE('',#2084,#2085,#156,.T.);
#1600=EDGE_CURVE('',#2084,#2086,#2461,.T.);
#1601=EDGE_CURVE('',#2086,#2087,#157,.T.);
#1602=EDGE_CURVE('',#1971,#2087,#2462,.T.);
#1603=EDGE_CURVE('',#2088,#1997,#158,.T.);
#1604=EDGE_CURVE('',#2085,#2088,#2463,.T.);
#1605=EDGE_CURVE('',#2089,#2089,#159,.T.);
#1606=EDGE_CURVE('',#2090,#2090,#160,.T.);
#1607=EDGE_CURVE('',#2091,#2091,#161,.T.);
#1608=EDGE_CURVE('',#2085,#2092,#2464,.T.);
#1609=EDGE_CURVE('',#2093,#2088,#2465,.T.);
#1610=EDGE_CURVE('',#1972,#2093,#2466,.T.);
#1611=EDGE_CURVE('',#2087,#2094,#2467,.T.);
#1612=EDGE_CURVE('',#2094,#2092,#2468,.T.);
#1613=EDGE_CURVE('',#2095,#2007,#162,.T.);
#1614=EDGE_CURVE('',#2095,#2096,#2469,.T.);
#1615=EDGE_CURVE('',#2096,#2011,#163,.T.);
#1616=EDGE_CURVE('',#2009,#2093,#164,.T.);
#1617=EDGE_CURVE('',#2097,#2098,#165,.T.);
#1618=EDGE_CURVE('',#2097,#2099,#2470,.T.);
#1619=EDGE_CURVE('',#2099,#2100,#166,.T.);
#1620=EDGE_CURVE('',#1975,#2100,#2471,.T.);
#1621=EDGE_CURVE('',#2101,#2010,#167,.T.);
#1622=EDGE_CURVE('',#2098,#2101,#2472,.T.);
#1623=EDGE_CURVE('',#2098,#2102,#2473,.T.);
#1624=EDGE_CURVE('',#2062,#2101,#2474,.T.);
#1625=EDGE_CURVE('',#2100,#2103,#2475,.T.);
#1626=EDGE_CURVE('',#2103,#2102,#2476,.T.);
#1627=EDGE_CURVE('',#2057,#2045,#168,.T.);
#1628=EDGE_CURVE('',#2104,#2104,#169,.T.);
#1629=EDGE_CURVE('',#2105,#2105,#170,.T.);
#1630=EDGE_CURVE('',#2106,#2106,#171,.T.);
#1631=EDGE_CURVE('',#2107,#2107,#172,.T.);
#1632=EDGE_CURVE('',#2108,#2044,#2477,.T.);
#1633=EDGE_CURVE('',#2108,#1962,#2478,.T.);
#1634=EDGE_CURVE('',#2109,#2043,#2479,.T.);
#1635=EDGE_CURVE('',#2023,#2109,#2480,.T.);
#1636=EDGE_CURVE('',#2108,#2022,#2481,.T.);
#1637=EDGE_CURVE('',#2034,#2021,#2482,.T.);
#1638=EDGE_CURVE('',#2110,#2110,#173,.F.);
#1639=EDGE_CURVE('',#2111,#2111,#174,.F.);
#1640=EDGE_CURVE('',#2112,#2112,#175,.F.);
#1641=EDGE_CURVE('',#2113,#2113,#176,.F.);
#1642=EDGE_CURVE('',#2114,#2114,#177,.F.);
#1643=EDGE_CURVE('',#2115,#2019,#2483,.T.);
#1644=EDGE_CURVE('',#2115,#2116,#178,.T.);
#1645=EDGE_CURVE('',#2116,#2117,#179,.T.);
#1646=EDGE_CURVE('',#2117,#2118,#2484,.T.);
#1647=EDGE_CURVE('',#2118,#2028,#2485,.T.);
#1648=EDGE_CURVE('',#2038,#2119,#2486,.T.);
#1649=EDGE_CURVE('',#2035,#2119,#2487,.T.);
#1650=EDGE_CURVE('',#2120,#2024,#2488,.T.);
#1651=EDGE_CURVE('',#2121,#2120,#2489,.T.);
#1652=EDGE_CURVE('',#2121,#2025,#2490,.T.);
#1653=EDGE_CURVE('',#2122,#2122,#180,.F.);
#1654=EDGE_CURVE('',#2123,#2123,#181,.F.);
#1655=EDGE_CURVE('',#2124,#2124,#182,.F.);
#1656=EDGE_CURVE('',#2125,#2125,#183,.F.);
#1657=EDGE_CURVE('',#2126,#2126,#184,.F.);
#1658=EDGE_CURVE('',#2121,#2127,#185,.T.);
#1659=EDGE_CURVE('',#2127,#2128,#186,.T.);
#1660=EDGE_CURVE('',#2128,#2129,#2491,.T.);
#1661=EDGE_CURVE('',#2129,#2130,#2492,.T.);
#1662=EDGE_CURVE('',#2130,#2042,#2493,.T.);
#1663=EDGE_CURVE('',#2131,#2131,#187,.T.);
#1664=EDGE_CURVE('',#2132,#2132,#188,.T.);
#1665=EDGE_CURVE('',#2133,#2133,#189,.T.);
#1666=EDGE_CURVE('',#2134,#2134,#190,.T.);
#1667=EDGE_CURVE('',#2135,#2135,#191,.T.);
#1668=EDGE_CURVE('',#2136,#2023,#2494,.T.);
#1669=EDGE_CURVE('',#2137,#2136,#2495,.T.);
#1670=EDGE_CURVE('',#2138,#2137,#192,.T.);
#1671=EDGE_CURVE('',#2120,#2138,#193,.T.);
#1672=EDGE_CURVE('',#2128,#2137,#2496,.T.);
#1673=EDGE_CURVE('',#2127,#2138,#2497,.T.);
#1674=EDGE_CURVE('',#2129,#2136,#2498,.T.);
#1675=EDGE_CURVE('',#2130,#2109,#2499,.T.);
#1676=EDGE_CURVE('',#2036,#2139,#2500,.T.);
#1677=EDGE_CURVE('',#2037,#2139,#2501,.T.);
#1678=EDGE_CURVE('',#2139,#2119,#2502,.T.);
#1679=EDGE_CURVE('',#2140,#2118,#2503,.T.);
#1680=EDGE_CURVE('',#2140,#2029,#2504,.T.);
#1681=EDGE_CURVE('',#2141,#2141,#194,.T.);
#1682=EDGE_CURVE('',#2142,#2142,#195,.T.);
#1683=EDGE_CURVE('',#2143,#2143,#196,.T.);
#1684=EDGE_CURVE('',#2144,#2144,#197,.T.);
#1685=EDGE_CURVE('',#2145,#2145,#198,.T.);
#1686=EDGE_CURVE('',#2146,#2020,#2505,.T.);
#1687=EDGE_CURVE('',#2147,#2140,#2506,.T.);
#1688=EDGE_CURVE('',#2148,#2147,#199,.T.);
#1689=EDGE_CURVE('',#2146,#2148,#200,.T.);
#1690=EDGE_CURVE('',#2146,#2115,#2507,.T.);
#1691=EDGE_CURVE('',#2148,#2116,#2508,.T.);
#1692=EDGE_CURVE('',#2147,#2117,#2509,.T.);
#1693=EDGE_CURVE('',#2013,#2004,#2510,.T.);
#1694=EDGE_CURVE('',#2015,#2003,#2511,.T.);
#1695=EDGE_CURVE('',#2016,#2006,#2512,.T.);
#1696=EDGE_CURVE('',#2014,#2005,#2513,.T.);
#1697=EDGE_CURVE('',#2149,#2149,#201,.T.);
#1698=EDGE_CURVE('',#2150,#2150,#202,.T.);
#1699=EDGE_CURVE('',#2151,#2151,#203,.T.);
#1700=EDGE_CURVE('',#2152,#2152,#204,.T.);
#1701=EDGE_CURVE('',#2153,#2153,#205,.T.);
#1702=EDGE_CURVE('',#2154,#2154,#206,.T.);
#1703=EDGE_CURVE('',#2155,#2155,#207,.T.);
#1704=EDGE_CURVE('',#2156,#2156,#208,.T.);
#1705=EDGE_CURVE('',#1999,#1983,#2514,.T.);
#1706=EDGE_CURVE('',#1991,#1982,#2515,.T.);
#1707=EDGE_CURVE('',#1992,#1985,#2516,.T.);
#1708=EDGE_CURVE('',#1998,#1984,#2517,.T.);
#1709=EDGE_CURVE('',#2157,#2157,#209,.T.);
#1710=EDGE_CURVE('',#2158,#2158,#210,.T.);
#1711=EDGE_CURVE('',#2159,#2159,#211,.T.);
#1712=EDGE_CURVE('',#2160,#2160,#212,.T.);
#1713=EDGE_CURVE('',#2161,#2161,#213,.T.);
#1714=EDGE_CURVE('',#2162,#2162,#214,.T.);
#1715=EDGE_CURVE('',#2163,#2163,#215,.T.);
#1716=EDGE_CURVE('',#2164,#2164,#216,.T.);
#1717=EDGE_CURVE('',#2165,#2165,#217,.T.);
#1718=EDGE_CURVE('',#2166,#2166,#218,.T.);
#1719=EDGE_CURVE('',#2167,#2167,#219,.T.);
#1720=EDGE_CURVE('',#2168,#2168,#220,.T.);
#1721=EDGE_CURVE('',#2103,#2169,#2518,.T.);
#1722=EDGE_CURVE('',#2170,#2169,#2519,.T.);
#1723=EDGE_CURVE('',#2102,#2170,#2520,.T.);
#1724=EDGE_CURVE('',#2170,#2058,#221,.T.);
#1725=EDGE_CURVE('',#2169,#2060,#222,.T.);
#1726=EDGE_CURVE('',#2066,#2171,#2521,.T.);
#1727=EDGE_CURVE('',#2172,#2171,#2522,.T.);
#1728=EDGE_CURVE('',#2064,#2172,#2523,.T.);
#1729=EDGE_CURVE('',#2172,#2067,#223,.T.);
#1730=EDGE_CURVE('',#2171,#2068,#224,.T.);
#1731=EDGE_CURVE('',#2041,#2173,#2524,.T.);
#1732=EDGE_CURVE('',#2174,#2173,#2525,.T.);
#1733=EDGE_CURVE('',#2031,#2174,#2526,.T.);
#1734=EDGE_CURVE('',#2174,#2069,#225,.T.);
#1735=EDGE_CURVE('',#2173,#2071,#226,.T.);
#1736=EDGE_CURVE('',#2076,#2175,#2527,.T.);
#1737=EDGE_CURVE('',#2176,#2175,#2528,.T.);
#1738=EDGE_CURVE('',#2074,#2176,#2529,.T.);
#1739=EDGE_CURVE('',#2176,#2077,#227,.T.);
#1740=EDGE_CURVE('',#2175,#2079,#228,.T.);
#1741=EDGE_CURVE('',#2083,#2177,#2530,.T.);
#1742=EDGE_CURVE('',#2178,#2177,#2531,.T.);
#1743=EDGE_CURVE('',#2082,#2178,#2532,.T.);
#1744=EDGE_CURVE('',#2178,#1986,#229,.T.);
#1745=EDGE_CURVE('',#2177,#1988,#230,.T.);
#1746=EDGE_CURVE('',#2000,#2179,#2533,.T.);
#1747=EDGE_CURVE('',#2180,#2179,#2534,.T.);
#1748=EDGE_CURVE('',#1996,#2180,#2535,.T.);
#1749=EDGE_CURVE('',#2180,#2084,#231,.T.);
#1750=EDGE_CURVE('',#2179,#2086,#232,.T.);
#1751=EDGE_CURVE('',#2094,#2181,#2536,.T.);
#1752=EDGE_CURVE('',#2182,#2181,#2537,.T.);
#1753=EDGE_CURVE('',#2092,#2182,#2538,.T.);
#1754=EDGE_CURVE('',#2182,#2095,#233,.T.);
#1755=EDGE_CURVE('',#2181,#2096,#234,.T.);
#1756=EDGE_CURVE('',#2012,#2183,#2539,.T.);
#1757=EDGE_CURVE('',#2184,#2183,#2540,.T.);
#1758=EDGE_CURVE('',#2008,#2184,#2541,.T.);
#1759=EDGE_CURVE('',#2185,#2186,#235,.T.);
#1760=EDGE_CURVE('',#2187,#2185,#2542,.T.);
#1761=EDGE_CURVE('',#2187,#2188,#236,.T.);
#1762=EDGE_CURVE('',#2188,#2186,#2543,.T.);
#1763=EDGE_CURVE('',#2189,#2185,#2544,.T.);
#1764=EDGE_CURVE('',#2190,#2189,#2545,.T.);
#1765=EDGE_CURVE('',#2190,#2187,#2546,.T.);
#1766=EDGE_CURVE('',#2191,#2189,#237,.T.);
#1767=EDGE_CURVE('',#2192,#2191,#2547,.T.);
#1768=EDGE_CURVE('',#2192,#2190,#238,.T.);
#1769=EDGE_CURVE('',#2193,#2191,#2548,.T.);
#1770=EDGE_CURVE('',#2194,#2193,#2549,.T.);
#1771=EDGE_CURVE('',#2194,#2192,#2550,.T.);
#1772=EDGE_CURVE('',#2195,#2193,#239,.T.);
#1773=EDGE_CURVE('',#2196,#2195,#2551,.T.);
#1774=EDGE_CURVE('',#2196,#2194,#240,.T.);
#1775=EDGE_CURVE('',#2197,#2195,#2552,.T.);
#1776=EDGE_CURVE('',#2198,#2197,#2553,.T.);
#1777=EDGE_CURVE('',#2198,#2196,#2554,.T.);
#1778=EDGE_CURVE('',#2199,#2197,#241,.T.);
#1779=EDGE_CURVE('',#2200,#2199,#2555,.T.);
#1780=EDGE_CURVE('',#2200,#2198,#242,.T.);
#1781=EDGE_CURVE('',#2201,#2199,#2556,.T.);
#1782=EDGE_CURVE('',#2202,#2201,#2557,.T.);
#1783=EDGE_CURVE('',#2202,#2200,#2558,.T.);
#1784=EDGE_CURVE('',#2203,#2201,#243,.T.);
#1785=EDGE_CURVE('',#2204,#2203,#2559,.T.);
#1786=EDGE_CURVE('',#2204,#2202,#244,.T.);
#1787=EDGE_CURVE('',#2205,#2203,#2560,.T.);
#1788=EDGE_CURVE('',#2206,#2205,#2561,.T.);
#1789=EDGE_CURVE('',#2206,#2204,#2562,.T.);
#1790=EDGE_CURVE('',#2207,#2205,#245,.T.);
#1791=EDGE_CURVE('',#2208,#2207,#2563,.T.);
#1792=EDGE_CURVE('',#2208,#2206,#246,.T.);
#1793=EDGE_CURVE('',#2209,#2207,#2564,.T.);
#1794=EDGE_CURVE('',#2210,#2209,#2565,.T.);
#1795=EDGE_CURVE('',#2210,#2208,#2566,.T.);
#1796=EDGE_CURVE('',#2211,#2209,#247,.T.);
#1797=EDGE_CURVE('',#2212,#2211,#2567,.T.);
#1798=EDGE_CURVE('',#2212,#2210,#248,.T.);
#1799=EDGE_CURVE('',#2213,#2211,#2568,.T.);
#1800=EDGE_CURVE('',#2214,#2213,#2569,.T.);
#1801=EDGE_CURVE('',#2214,#2212,#2570,.T.);
#1802=EDGE_CURVE('',#2215,#2213,#249,.T.);
#1803=EDGE_CURVE('',#2216,#2215,#2571,.T.);
#1804=EDGE_CURVE('',#2216,#2214,#250,.T.);
#1805=EDGE_CURVE('',#2186,#2215,#2572,.T.);
#1806=EDGE_CURVE('',#2188,#2216,#2573,.T.);
#1807=EDGE_CURVE('',#2184,#2097,#251,.T.);
#1808=EDGE_CURVE('',#2183,#2099,#252,.T.);
#1809=EDGE_CURVE('',#2217,#2217,#253,.T.);
#1810=EDGE_CURVE('',#2218,#2218,#254,.T.);
#1811=EDGE_CURVE('',#2219,#2219,#255,.T.);
#1812=EDGE_CURVE('',#2220,#2220,#256,.T.);
#1813=EDGE_CURVE('',#2221,#2221,#257,.T.);
#1814=EDGE_CURVE('',#2222,#2222,#258,.T.);
#1815=EDGE_CURVE('',#2223,#2223,#259,.T.);
#1816=EDGE_CURVE('',#2224,#2224,#260,.T.);
#1817=EDGE_CURVE('',#2225,#1937,#2574,.T.);
#1818=EDGE_CURVE('',#2225,#2226,#2575,.T.);
#1819=EDGE_CURVE('',#2226,#1934,#2576,.T.);
#1820=EDGE_CURVE('',#2227,#1933,#2577,.T.);
#1821=EDGE_CURVE('',#2227,#1953,#2578,.T.);
#1822=EDGE_CURVE('',#1958,#1938,#2579,.T.);
#1823=EDGE_CURVE('',#2228,#2228,#261,.T.);
#1824=EDGE_CURVE('',#2229,#1956,#2580,.T.);
#1825=EDGE_CURVE('',#2230,#2229,#2581,.T.);
#1826=EDGE_CURVE('',#2230,#2231,#2582,.T.);
#1827=EDGE_CURVE('',#2231,#2232,#2583,.T.);
#1828=EDGE_CURVE('',#1958,#2232,#2584,.T.);
#1829=EDGE_CURVE('',#2232,#1939,#2585,.T.);
#1830=EDGE_CURVE('',#2231,#1940,#2586,.T.);
#1831=EDGE_CURVE('',#2230,#1941,#2587,.T.);
#1832=EDGE_CURVE('',#2229,#1942,#2588,.T.);
#1833=EDGE_CURVE('',#1956,#1943,#2589,.T.);
#1834=EDGE_CURVE('',#2233,#2233,#262,.T.);
#1835=EDGE_CURVE('',#2234,#1952,#2590,.T.);
#1836=EDGE_CURVE('',#2235,#2234,#2591,.T.);
#1837=EDGE_CURVE('',#2236,#2235,#2592,.T.);
#1838=EDGE_CURVE('',#2236,#2237,#2593,.T.);
#1839=EDGE_CURVE('',#1956,#2237,#2594,.T.);
#1840=EDGE_CURVE('',#2237,#1944,#2595,.T.);
#1841=EDGE_CURVE('',#2236,#1945,#2596,.T.);
#1842=EDGE_CURVE('',#2235,#1946,#2597,.T.);
#1843=EDGE_CURVE('',#2234,#1947,#2598,.T.);
#1844=EDGE_CURVE('',#1952,#1948,#2599,.T.);
#1845=EDGE_CURVE('',#2238,#2238,#263,.T.);
#1846=EDGE_CURVE('',#2239,#2227,#2600,.T.);
#1847=EDGE_CURVE('',#2239,#2240,#2601,.T.);
#1848=EDGE_CURVE('',#2241,#2240,#2602,.T.);
#1849=EDGE_CURVE('',#2242,#2241,#2603,.T.);
#1850=EDGE_CURVE('',#1952,#2242,#2604,.T.);
#1851=EDGE_CURVE('',#2242,#1949,#2605,.T.);
#1852=EDGE_CURVE('',#2241,#1950,#2606,.T.);
#1853=EDGE_CURVE('',#2240,#1951,#2607,.T.);
#1854=EDGE_CURVE('',#2239,#1932,#2608,.T.);
#1855=EDGE_CURVE('',#2243,#2243,#264,.T.);
#1856=EDGE_CURVE('',#2225,#2244,#2609,.T.);
#1857=EDGE_CURVE('',#2244,#2245,#2610,.T.);
#1858=EDGE_CURVE('',#2226,#2245,#2611,.T.);
#1859=EDGE_CURVE('',#2245,#1935,#2612,.T.);
#1860=EDGE_CURVE('',#2244,#1936,#2613,.T.);
#1861=EDGE_CURVE('',#2246,#2246,#265,.T.);
#1862=EDGE_CURVE('',#2247,#2247,#266,.F.);
#1863=EDGE_CURVE('',#2248,#2248,#267,.T.);
#1864=EDGE_CURVE('',#2249,#2249,#268,.T.);
#1865=EDGE_CURVE('',#2250,#2250,#269,.F.);
#1866=EDGE_CURVE('',#2251,#2251,#270,.T.);
#1867=EDGE_CURVE('',#2252,#2252,#271,.T.);
#1868=EDGE_CURVE('',#2253,#2253,#272,.F.);
#1869=EDGE_CURVE('',#2254,#2254,#273,.T.);
#1870=EDGE_CURVE('',#2255,#2255,#274,.T.);
#1871=EDGE_CURVE('',#2256,#2256,#275,.F.);
#1872=EDGE_CURVE('',#2257,#2257,#276,.T.);
#1873=EDGE_CURVE('',#2258,#2258,#277,.T.);
#1874=EDGE_CURVE('',#2259,#2259,#278,.T.);
#1875=EDGE_CURVE('',#2260,#2260,#279,.T.);
#1876=EDGE_CURVE('',#2261,#2261,#280,.T.);
#1877=VERTEX_POINT('',#5559);
#1878=VERTEX_POINT('',#5560);
#1879=VERTEX_POINT('',#5562);
#1880=VERTEX_POINT('',#5564);
#1881=VERTEX_POINT('',#5567);
#1882=VERTEX_POINT('',#5568);
#1883=VERTEX_POINT('',#5570);
#1884=VERTEX_POINT('',#5572);
#1885=VERTEX_POINT('',#5576);
#1886=VERTEX_POINT('',#5577);
#1887=VERTEX_POINT('',#5579);
#1888=VERTEX_POINT('',#5581);
#1889=VERTEX_POINT('',#5584);
#1890=VERTEX_POINT('',#5585);
#1891=VERTEX_POINT('',#5587);
#1892=VERTEX_POINT('',#5589);
#1893=VERTEX_POINT('',#5593);
#1894=VERTEX_POINT('',#5595);
#1895=VERTEX_POINT('',#5599);
#1896=VERTEX_POINT('',#5601);
#1897=VERTEX_POINT('',#5605);
#1898=VERTEX_POINT('',#5606);
#1899=VERTEX_POINT('',#5608);
#1900=VERTEX_POINT('',#5610);
#1901=VERTEX_POINT('',#5624);
#1902=VERTEX_POINT('',#5626);
#1903=VERTEX_POINT('',#5628);
#1904=VERTEX_POINT('',#5639);
#1905=VERTEX_POINT('',#5641);
#1906=VERTEX_POINT('',#5644);
#1907=VERTEX_POINT('',#5647);
#1908=VERTEX_POINT('',#5650);
#1909=VERTEX_POINT('',#5652);
#1910=VERTEX_POINT('',#5655);
#1911=VERTEX_POINT('',#5658);
#1912=VERTEX_POINT('',#5661);
#1913=VERTEX_POINT('',#5663);
#1914=VERTEX_POINT('',#5666);
#1915=VERTEX_POINT('',#5669);
#1916=VERTEX_POINT('',#5674);
#1917=VERTEX_POINT('',#5675);
#1918=VERTEX_POINT('',#5677);
#1919=VERTEX_POINT('',#5679);
#1920=VERTEX_POINT('',#5681);
#1921=VERTEX_POINT('',#5683);
#1922=VERTEX_POINT('',#5685);
#1923=VERTEX_POINT('',#5687);
#1924=VERTEX_POINT('',#5689);
#1925=VERTEX_POINT('',#5691);
#1926=VERTEX_POINT('',#5693);
#1927=VERTEX_POINT('',#5695);
#1928=VERTEX_POINT('',#5697);
#1929=VERTEX_POINT('',#5699);
#1930=VERTEX_POINT('',#5701);
#1931=VERTEX_POINT('',#5703);
#1932=VERTEX_POINT('',#5706);
#1933=VERTEX_POINT('',#5707);
#1934=VERTEX_POINT('',#5709);
#1935=VERTEX_POINT('',#5711);
#1936=VERTEX_POINT('',#5713);
#1937=VERTEX_POINT('',#5715);
#1938=VERTEX_POINT('',#5717);
#1939=VERTEX_POINT('',#5719);
#1940=VERTEX_POINT('',#5721);
#1941=VERTEX_POINT('',#5723);
#1942=VERTEX_POINT('',#5725);
#1943=VERTEX_POINT('',#5727);
#1944=VERTEX_POINT('',#5729);
#1945=VERTEX_POINT('',#5731);
#1946=VERTEX_POINT('',#5733);
#1947=VERTEX_POINT('',#5735);
#1948=VERTEX_POINT('',#5737);
#1949=VERTEX_POINT('',#5739);
#1950=VERTEX_POINT('',#5741);
#1951=VERTEX_POINT('',#5743);
#1952=VERTEX_POINT('',#5747);
#1953=VERTEX_POINT('',#5748);
#1954=VERTEX_POINT('',#5750);
#1955=VERTEX_POINT('',#5752);
#1956=VERTEX_POINT('',#5756);
#1957=VERTEX_POINT('',#5758);
#1958=VERTEX_POINT('',#5762);
#1959=VERTEX_POINT('',#5764);
#1960=VERTEX_POINT('',#5768);
#1961=VERTEX_POINT('',#5769);
#1962=VERTEX_POINT('',#5771);
#1963=VERTEX_POINT('',#5773);
#1964=VERTEX_POINT('',#5775);
#1965=VERTEX_POINT('',#5777);
#1966=VERTEX_POINT('',#5779);
#1967=VERTEX_POINT('',#5781);
#1968=VERTEX_POINT('',#5783);
#1969=VERTEX_POINT('',#5785);
#1970=VERTEX_POINT('',#5787);
#1971=VERTEX_POINT('',#5789);
#1972=VERTEX_POINT('',#5791);
#1973=VERTEX_POINT('',#5793);
#1974=VERTEX_POINT('',#5795);
#1975=VERTEX_POINT('',#5797);
#1976=VERTEX_POINT('',#5799);
#1977=VERTEX_POINT('',#5801);
#1978=VERTEX_POINT('',#5803);
#1979=VERTEX_POINT('',#5805);
#1980=VERTEX_POINT('',#5810);
#1981=VERTEX_POINT('',#5811);
#1982=VERTEX_POINT('',#5815);
#1983=VERTEX_POINT('',#5816);
#1984=VERTEX_POINT('',#5818);
#1985=VERTEX_POINT('',#5820);
#1986=VERTEX_POINT('',#5824);
#1987=VERTEX_POINT('',#5825);
#1988=VERTEX_POINT('',#5827);
#1989=VERTEX_POINT('',#5829);
#1990=VERTEX_POINT('',#5831);
#1991=VERTEX_POINT('',#5833);
#1992=VERTEX_POINT('',#5835);
#1993=VERTEX_POINT('',#5837);
#1994=VERTEX_POINT('',#5840);
#1995=VERTEX_POINT('',#5842);
#1996=VERTEX_POINT('',#5846);
#1997=VERTEX_POINT('',#5848);
#1998=VERTEX_POINT('',#5851);
#1999=VERTEX_POINT('',#5853);
#2000=VERTEX_POINT('',#5856);
#2001=VERTEX_POINT('',#5860);
#2002=VERTEX_POINT('',#5861);
#2003=VERTEX_POINT('',#5865);
#2004=VERTEX_POINT('',#5866);
#2005=VERTEX_POINT('',#5868);
#2006=VERTEX_POINT('',#5870);
#2007=VERTEX_POINT('',#5874);
#2008=VERTEX_POINT('',#5875);
#2009=VERTEX_POINT('',#5877);
#2010=VERTEX_POINT('',#5879);
#2011=VERTEX_POINT('',#5882);
#2012=VERTEX_POINT('',#5884);
#2013=VERTEX_POINT('',#5887);
#2014=VERTEX_POINT('',#5888);
#2015=VERTEX_POINT('',#5890);
#2016=VERTEX_POINT('',#5892);
#2017=VERTEX_POINT('',#5896);
#2018=VERTEX_POINT('',#5897);
#2019=VERTEX_POINT('',#5901);
#2020=VERTEX_POINT('',#5902);
#2021=VERTEX_POINT('',#5904);
#2022=VERTEX_POINT('',#5906);
#2023=VERTEX_POINT('',#5908);
#2024=VERTEX_POINT('',#5910);
#2025=VERTEX_POINT('',#5912);
#2026=VERTEX_POINT('',#5914);
#2027=VERTEX_POINT('',#5916);
#2028=VERTEX_POINT('',#5918);
#2029=VERTEX_POINT('',#5920);
#2030=VERTEX_POINT('',#5924);
#2031=VERTEX_POINT('',#5925);
#2032=VERTEX_POINT('',#5927);
#2033=VERTEX_POINT('',#5929);
#2034=VERTEX_POINT('',#5932);
#2035=VERTEX_POINT('',#5934);
#2036=VERTEX_POINT('',#5936);
#2037=VERTEX_POINT('',#5938);
#2038=VERTEX_POINT('',#5940);
#2039=VERTEX_POINT('',#5942);
#2040=VERTEX_POINT('',#5945);
#2041=VERTEX_POINT('',#5947);
#2042=VERTEX_POINT('',#5951);
#2043=VERTEX_POINT('',#5953);
#2044=VERTEX_POINT('',#5955);
#2045=VERTEX_POINT('',#5960);
#2046=VERTEX_POINT('',#5961);
#2047=VERTEX_POINT('',#5968);
#2048=VERTEX_POINT('',#5972);
#2049=VERTEX_POINT('',#5974);
#2050=VERTEX_POINT('',#5976);
#2051=VERTEX_POINT('',#5978);
#2052=VERTEX_POINT('',#5984);
#2053=VERTEX_POINT('',#5988);
#2054=VERTEX_POINT('',#5992);
#2055=VERTEX_POINT('',#5996);
#2056=VERTEX_POINT('',#6002);
#2057=VERTEX_POINT('',#6006);
#2058=VERTEX_POINT('',#6010);
#2059=VERTEX_POINT('',#6011);
#2060=VERTEX_POINT('',#6013);
#2061=VERTEX_POINT('',#6015);
#2062=VERTEX_POINT('',#6018);
#2063=VERTEX_POINT('',#6020);
#2064=VERTEX_POINT('',#6024);
#2065=VERTEX_POINT('',#6026);
#2066=VERTEX_POINT('',#6029);
#2067=VERTEX_POINT('',#6033);
#2068=VERTEX_POINT('',#6035);
#2069=VERTEX_POINT('',#6040);
#2070=VERTEX_POINT('',#6041);
#2071=VERTEX_POINT('',#6043);
#2072=VERTEX_POINT('',#6045);
#2073=VERTEX_POINT('',#6048);
#2074=VERTEX_POINT('',#6052);
#2075=VERTEX_POINT('',#6054);
#2076=VERTEX_POINT('',#6057);
#2077=VERTEX_POINT('',#6061);
#2078=VERTEX_POINT('',#6062);
#2079=VERTEX_POINT('',#6064);
#2080=VERTEX_POINT('',#6066);
#2081=VERTEX_POINT('',#6069);
#2082=VERTEX_POINT('',#6073);
#2083=VERTEX_POINT('',#6076);
#2084=VERTEX_POINT('',#6080);
#2085=VERTEX_POINT('',#6081);
#2086=VERTEX_POINT('',#6083);
#2087=VERTEX_POINT('',#6085);
#2088=VERTEX_POINT('',#6088);
#2089=VERTEX_POINT('',#6092);
#2090=VERTEX_POINT('',#6094);
#2091=VERTEX_POINT('',#6096);
#2092=VERTEX_POINT('',#6098);
#2093=VERTEX_POINT('',#6100);
#2094=VERTEX_POINT('',#6103);
#2095=VERTEX_POINT('',#6107);
#2096=VERTEX_POINT('',#6109);
#2097=VERTEX_POINT('',#6114);
#2098=VERTEX_POINT('',#6115);
#2099=VERTEX_POINT('',#6117);
#2100=VERTEX_POINT('',#6119);
#2101=VERTEX_POINT('',#6122);
#2102=VERTEX_POINT('',#6126);
#2103=VERTEX_POINT('',#6129);
#2104=VERTEX_POINT('',#6135);
#2105=VERTEX_POINT('',#6137);
#2106=VERTEX_POINT('',#6139);
#2107=VERTEX_POINT('',#6141);
#2108=VERTEX_POINT('',#6144);
#2109=VERTEX_POINT('',#6148);
#2110=VERTEX_POINT('',#6155);
#2111=VERTEX_POINT('',#6157);
#2112=VERTEX_POINT('',#6159);
#2113=VERTEX_POINT('',#6161);
#2114=VERTEX_POINT('',#6163);
#2115=VERTEX_POINT('',#6165);
#2116=VERTEX_POINT('',#6167);
#2117=VERTEX_POINT('',#6169);
#2118=VERTEX_POINT('',#6171);
#2119=VERTEX_POINT('',#6174);
#2120=VERTEX_POINT('',#6178);
#2121=VERTEX_POINT('',#6180);
#2122=VERTEX_POINT('',#6184);
#2123=VERTEX_POINT('',#6186);
#2124=VERTEX_POINT('',#6188);
#2125=VERTEX_POINT('',#6190);
#2126=VERTEX_POINT('',#6192);
#2127=VERTEX_POINT('',#6194);
#2128=VERTEX_POINT('',#6196);
#2129=VERTEX_POINT('',#6198);
#2130=VERTEX_POINT('',#6200);
#2131=VERTEX_POINT('',#6204);
#2132=VERTEX_POINT('',#6206);
#2133=VERTEX_POINT('',#6208);
#2134=VERTEX_POINT('',#6210);
#2135=VERTEX_POINT('',#6212);
#2136=VERTEX_POINT('',#6214);
#2137=VERTEX_POINT('',#6216);
#2138=VERTEX_POINT('',#6218);
#2139=VERTEX_POINT('',#6231);
#2140=VERTEX_POINT('',#6238);
#2141=VERTEX_POINT('',#6242);
#2142=VERTEX_POINT('',#6244);
#2143=VERTEX_POINT('',#6246);
#2144=VERTEX_POINT('',#6248);
#2145=VERTEX_POINT('',#6250);
#2146=VERTEX_POINT('',#6252);
#2147=VERTEX_POINT('',#6254);
#2148=VERTEX_POINT('',#6256);
#2149=VERTEX_POINT('',#6275);
#2150=VERTEX_POINT('',#6278);
#2151=VERTEX_POINT('',#6282);
#2152=VERTEX_POINT('',#6285);
#2153=VERTEX_POINT('',#6289);
#2154=VERTEX_POINT('',#6292);
#2155=VERTEX_POINT('',#6296);
#2156=VERTEX_POINT('',#6299);
#2157=VERTEX_POINT('',#6311);
#2158=VERTEX_POINT('',#6314);
#2159=VERTEX_POINT('',#6318);
#2160=VERTEX_POINT('',#6321);
#2161=VERTEX_POINT('',#6325);
#2162=VERTEX_POINT('',#6328);
#2163=VERTEX_POINT('',#6332);
#2164=VERTEX_POINT('',#6335);
#2165=VERTEX_POINT('',#6339);
#2166=VERTEX_POINT('',#6342);
#2167=VERTEX_POINT('',#6346);
#2168=VERTEX_POINT('',#6349);
#2169=VERTEX_POINT('',#6353);
#2170=VERTEX_POINT('',#6355);
#2171=VERTEX_POINT('',#6362);
#2172=VERTEX_POINT('',#6364);
#2173=VERTEX_POINT('',#6371);
#2174=VERTEX_POINT('',#6373);
#2175=VERTEX_POINT('',#6380);
#2176=VERTEX_POINT('',#6382);
#2177=VERTEX_POINT('',#6389);
#2178=VERTEX_POINT('',#6391);
#2179=VERTEX_POINT('',#6398);
#2180=VERTEX_POINT('',#6400);
#2181=VERTEX_POINT('',#6407);
#2182=VERTEX_POINT('',#6409);
#2183=VERTEX_POINT('',#6416);
#2184=VERTEX_POINT('',#6418);
#2185=VERTEX_POINT('',#6422);
#2186=VERTEX_POINT('',#6423);
#2187=VERTEX_POINT('',#6425);
#2188=VERTEX_POINT('',#6427);
#2189=VERTEX_POINT('',#6431);
#2190=VERTEX_POINT('',#6433);
#2191=VERTEX_POINT('',#6437);
#2192=VERTEX_POINT('',#6439);
#2193=VERTEX_POINT('',#6443);
#2194=VERTEX_POINT('',#6445);
#2195=VERTEX_POINT('',#6449);
#2196=VERTEX_POINT('',#6451);
#2197=VERTEX_POINT('',#6455);
#2198=VERTEX_POINT('',#6457);
#2199=VERTEX_POINT('',#6461);
#2200=VERTEX_POINT('',#6463);
#2201=VERTEX_POINT('',#6467);
#2202=VERTEX_POINT('',#6469);
#2203=VERTEX_POINT('',#6473);
#2204=VERTEX_POINT('',#6475);
#2205=VERTEX_POINT('',#6479);
#2206=VERTEX_POINT('',#6481);
#2207=VERTEX_POINT('',#6485);
#2208=VERTEX_POINT('',#6487);
#2209=VERTEX_POINT('',#6491);
#2210=VERTEX_POINT('',#6493);
#2211=VERTEX_POINT('',#6497);
#2212=VERTEX_POINT('',#6499);
#2213=VERTEX_POINT('',#6503);
#2214=VERTEX_POINT('',#6505);
#2215=VERTEX_POINT('',#6509);
#2216=VERTEX_POINT('',#6511);
#2217=VERTEX_POINT('',#6521);
#2218=VERTEX_POINT('',#6523);
#2219=VERTEX_POINT('',#6525);
#2220=VERTEX_POINT('',#6527);
#2221=VERTEX_POINT('',#6531);
#2222=VERTEX_POINT('',#6535);
#2223=VERTEX_POINT('',#6539);
#2224=VERTEX_POINT('',#6543);
#2225=VERTEX_POINT('',#6547);
#2226=VERTEX_POINT('',#6549);
#2227=VERTEX_POINT('',#6552);
#2228=VERTEX_POINT('',#6557);
#2229=VERTEX_POINT('',#6559);
#2230=VERTEX_POINT('',#6561);
#2231=VERTEX_POINT('',#6563);
#2232=VERTEX_POINT('',#6565);
#2233=VERTEX_POINT('',#6579);
#2234=VERTEX_POINT('',#6581);
#2235=VERTEX_POINT('',#6583);
#2236=VERTEX_POINT('',#6585);
#2237=VERTEX_POINT('',#6587);
#2238=VERTEX_POINT('',#6601);
#2239=VERTEX_POINT('',#6603);
#2240=VERTEX_POINT('',#6605);
#2241=VERTEX_POINT('',#6607);
#2242=VERTEX_POINT('',#6609);
#2243=VERTEX_POINT('',#6622);
#2244=VERTEX_POINT('',#6624);
#2245=VERTEX_POINT('',#6626);
#2246=VERTEX_POINT('',#6635);
#2247=VERTEX_POINT('',#6637);
#2248=VERTEX_POINT('',#6640);
#2249=VERTEX_POINT('',#6645);
#2250=VERTEX_POINT('',#6647);
#2251=VERTEX_POINT('',#6650);
#2252=VERTEX_POINT('',#6655);
#2253=VERTEX_POINT('',#6657);
#2254=VERTEX_POINT('',#6660);
#2255=VERTEX_POINT('',#6665);
#2256=VERTEX_POINT('',#6667);
#2257=VERTEX_POINT('',#6670);
#2258=VERTEX_POINT('',#6675);
#2259=VERTEX_POINT('',#6679);
#2260=VERTEX_POINT('',#6683);
#2261=VERTEX_POINT('',#6687);
#2262=LINE('',#5558,#2614);
#2263=LINE('',#5561,#2615);
#2264=LINE('',#5563,#2616);
#2265=LINE('',#5565,#2617);
#2266=LINE('',#5566,#2618);
#2267=LINE('',#5569,#2619);
#2268=LINE('',#5571,#2620);
#2269=LINE('',#5573,#2621);
#2270=LINE('',#5575,#2622);
#2271=LINE('',#5578,#2623);
#2272=LINE('',#5580,#2624);
#2273=LINE('',#5582,#2625);
#2274=LINE('',#5583,#2626);
#2275=LINE('',#5586,#2627);
#2276=LINE('',#5588,#2628);
#2277=LINE('',#5590,#2629);
#2278=LINE('',#5592,#2630);
#2279=LINE('',#5594,#2631);
#2280=LINE('',#5596,#2632);
#2281=LINE('',#5598,#2633);
#2282=LINE('',#5600,#2634);
#2283=LINE('',#5602,#2635);
#2284=LINE('',#5604,#2636);
#2285=LINE('',#5607,#2637);
#2286=LINE('',#5609,#2638);
#2287=LINE('',#5611,#2639);
#2288=LINE('',#5613,#2640);
#2289=LINE('',#5614,#2641);
#2290=LINE('',#5616,#2642);
#2291=LINE('',#5617,#2643);
#2292=LINE('',#5619,#2644);
#2293=LINE('',#5620,#2645);
#2294=LINE('',#5631,#2646);
#2295=LINE('',#5632,#2647);
#2296=LINE('',#5634,#2648);
#2297=LINE('',#5636,#2649);
#2298=LINE('',#5676,#2650);
#2299=LINE('',#5680,#2651);
#2300=LINE('',#5684,#2652);
#2301=LINE('',#5688,#2653);
#2302=LINE('',#5692,#2654);
#2303=LINE('',#5696,#2655);
#2304=LINE('',#5700,#2656);
#2305=LINE('',#5704,#2657);
#2306=LINE('',#5705,#2658);
#2307=LINE('',#5708,#2659);
#2308=LINE('',#5710,#2660);
#2309=LINE('',#5712,#2661);
#2310=LINE('',#5714,#2662);
#2311=LINE('',#5716,#2663);
#2312=LINE('',#5718,#2664);
#2313=LINE('',#5720,#2665);
#2314=LINE('',#5722,#2666);
#2315=LINE('',#5724,#2667);
#2316=LINE('',#5726,#2668);
#2317=LINE('',#5728,#2669);
#2318=LINE('',#5730,#2670);
#2319=LINE('',#5732,#2671);
#2320=LINE('',#5734,#2672);
#2321=LINE('',#5736,#2673);
#2322=LINE('',#5738,#2674);
#2323=LINE('',#5740,#2675);
#2324=LINE('',#5742,#2676);
#2325=LINE('',#5744,#2677);
#2326=LINE('',#5746,#2678);
#2327=LINE('',#5749,#2679);
#2328=LINE('',#5751,#2680);
#2329=LINE('',#5753,#2681);
#2330=LINE('',#5755,#2682);
#2331=LINE('',#5757,#2683);
#2332=LINE('',#5759,#2684);
#2333=LINE('',#5761,#2685);
#2334=LINE('',#5763,#2686);
#2335=LINE('',#5765,#2687);
#2336=LINE('',#5767,#2688);
#2337=LINE('',#5770,#2689);
#2338=LINE('',#5772,#2690);
#2339=LINE('',#5774,#2691);
#2340=LINE('',#5778,#2692);
#2341=LINE('',#5782,#2693);
#2342=LINE('',#5786,#2694);
#2343=LINE('',#5790,#2695);
#2344=LINE('',#5794,#2696);
#2345=LINE('',#5798,#2697);
#2346=LINE('',#5802,#2698);
#2347=LINE('',#5806,#2699);
#2348=LINE('',#5807,#2700);
#2349=LINE('',#5809,#2701);
#2350=LINE('',#5812,#2702);
#2351=LINE('',#5813,#2703);
#2352=LINE('',#5814,#2704);
#2353=LINE('',#5817,#2705);
#2354=LINE('',#5819,#2706);
#2355=LINE('',#5821,#2707);
#2356=LINE('',#5826,#2708);
#2357=LINE('',#5830,#2709);
#2358=LINE('',#5834,#2710);
#2359=LINE('',#5838,#2711);
#2360=LINE('',#5839,#2712);
#2361=LINE('',#5843,#2713);
#2362=LINE('',#5845,#2714);
#2363=LINE('',#5847,#2715);
#2364=LINE('',#5849,#2716);
#2365=LINE('',#5850,#2717);
#2366=LINE('',#5852,#2718);
#2367=LINE('',#5854,#2719);
#2368=LINE('',#5855,#2720);
#2369=LINE('',#5857,#2721);
#2370=LINE('',#5859,#2722);
#2371=LINE('',#5862,#2723);
#2372=LINE('',#5863,#2724);
#2373=LINE('',#5864,#2725);
#2374=LINE('',#5867,#2726);
#2375=LINE('',#5869,#2727);
#2376=LINE('',#5871,#2728);
#2377=LINE('',#5873,#2729);
#2378=LINE('',#5876,#2730);
#2379=LINE('',#5878,#2731);
#2380=LINE('',#5880,#2732);
#2381=LINE('',#5881,#2733);
#2382=LINE('',#5883,#2734);
#2383=LINE('',#5885,#2735);
#2384=LINE('',#5886,#2736);
#2385=LINE('',#5889,#2737);
#2386=LINE('',#5891,#2738);
#2387=LINE('',#5893,#2739);
#2388=LINE('',#5895,#2740);
#2389=LINE('',#5898,#2741);
#2390=LINE('',#5899,#2742);
#2391=LINE('',#5900,#2743);
#2392=LINE('',#5903,#2744);
#2393=LINE('',#5905,#2745);
#2394=LINE('',#5907,#2746);
#2395=LINE('',#5909,#2747);
#2396=LINE('',#5911,#2748);
#2397=LINE('',#5913,#2749);
#2398=LINE('',#5915,#2750);
#2399=LINE('',#5917,#2751);
#2400=LINE('',#5919,#2752);
#2401=LINE('',#5921,#2753);
#2402=LINE('',#5923,#2754);
#2403=LINE('',#5926,#2755);
#2404=LINE('',#5928,#2756);
#2405=LINE('',#5930,#2757);
#2406=LINE('',#5931,#2758);
#2407=LINE('',#5933,#2759);
#2408=LINE('',#5935,#2760);
#2409=LINE('',#5937,#2761);
#2410=LINE('',#5939,#2762);
#2411=LINE('',#5941,#2763);
#2412=LINE('',#5943,#2764);
#2413=LINE('',#5944,#2765);
#2414=LINE('',#5946,#2766);
#2415=LINE('',#5948,#2767);
#2416=LINE('',#5950,#2768);
#2417=LINE('',#5952,#2769);
#2418=LINE('',#5954,#2770);
#2419=LINE('',#5956,#2771);
#2420=LINE('',#5957,#2772);
#2421=LINE('',#5959,#2773);
#2422=LINE('',#5962,#2774);
#2423=LINE('',#5963,#2775);
#2424=LINE('',#5969,#2776);
#2425=LINE('',#5977,#2777);
#2426=LINE('',#5979,#2778);
#2427=LINE('',#5985,#2779);
#2428=LINE('',#5987,#2780);
#2429=LINE('',#5989,#2781);
#2430=LINE('',#5993,#2782);
#2431=LINE('',#5995,#2783);
#2432=LINE('',#5997,#2784);
#2433=LINE('',#6003,#2785);
#2434=LINE('',#6005,#2786);
#2435=LINE('',#6007,#2787);
#2436=LINE('',#6012,#2788);
#2437=LINE('',#6016,#2789);
#2438=LINE('',#6017,#2790);
#2439=LINE('',#6021,#2791);
#2440=LINE('',#6023,#2792);
#2441=LINE('',#6025,#2793);
#2442=LINE('',#6027,#2794);
#2443=LINE('',#6028,#2795);
#2444=LINE('',#6030,#2796);
#2445=LINE('',#6034,#2797);
#2446=LINE('',#6042,#2798);
#2447=LINE('',#6046,#2799);
#2448=LINE('',#6049,#2800);
#2449=LINE('',#6051,#2801);
#2450=LINE('',#6053,#2802);
#2451=LINE('',#6055,#2803);
#2452=LINE('',#6056,#2804);
#2453=LINE('',#6058,#2805);
#2454=LINE('',#6063,#2806);
#2455=LINE('',#6067,#2807);
#2456=LINE('',#6070,#2808);
#2457=LINE('',#6072,#2809);
#2458=LINE('',#6074,#2810);
#2459=LINE('',#6075,#2811);
#2460=LINE('',#6077,#2812);
#2461=LINE('',#6082,#2813);
#2462=LINE('',#6086,#2814);
#2463=LINE('',#6089,#2815);
#2464=LINE('',#6097,#2816);
#2465=LINE('',#6099,#2817);
#2466=LINE('',#6101,#2818);
#2467=LINE('',#6102,#2819);
#2468=LINE('',#6104,#2820);
#2469=LINE('',#6108,#2821);
#2470=LINE('',#6116,#2822);
#2471=LINE('',#6120,#2823);
#2472=LINE('',#6123,#2824);
#2473=LINE('',#6125,#2825);
#2474=LINE('',#6127,#2826);
#2475=LINE('',#6128,#2827);
#2476=LINE('',#6130,#2828);
#2477=LINE('',#6143,#2829);
#2478=LINE('',#6145,#2830);
#2479=LINE('',#6147,#2831);
#2480=LINE('',#6149,#2832);
#2481=LINE('',#6150,#2833);
#2482=LINE('',#6152,#2834);
#2483=LINE('',#6164,#2835);
#2484=LINE('',#6170,#2836);
#2485=LINE('',#6172,#2837);
#2486=LINE('',#6173,#2838);
#2487=LINE('',#6175,#2839);
#2488=LINE('',#6177,#2840);
#2489=LINE('',#6179,#2841);
#2490=LINE('',#6181,#2842);
#2491=LINE('',#6197,#2843);
#2492=LINE('',#6199,#2844);
#2493=LINE('',#6201,#2845);
#2494=LINE('',#6213,#2846);
#2495=LINE('',#6215,#2847);
#2496=LINE('',#6221,#2848);
#2497=LINE('',#6222,#2849);
#2498=LINE('',#6224,#2850);
#2499=LINE('',#6226,#2851);
#2500=LINE('',#6230,#2852);
#2501=LINE('',#6232,#2853);
#2502=LINE('',#6234,#2854);
#2503=LINE('',#6237,#2855);
#2504=LINE('',#6239,#2856);
#2505=LINE('',#6251,#2857);
#2506=LINE('',#6253,#2858);
#2507=LINE('',#6259,#2859);
#2508=LINE('',#6261,#2860);
#2509=LINE('',#6262,#2861);
#2510=LINE('',#6266,#2862);
#2511=LINE('',#6267,#2863);
#2512=LINE('',#6269,#2864);
#2513=LINE('',#6271,#2865);
#2514=LINE('',#6302,#2866);
#2515=LINE('',#6303,#2867);
#2516=LINE('',#6305,#2868);
#2517=LINE('',#6307,#2869);
#2518=LINE('',#6352,#2870);
#2519=LINE('',#6354,#2871);
#2520=LINE('',#6356,#2872);
#2521=LINE('',#6361,#2873);
#2522=LINE('',#6363,#2874);
#2523=LINE('',#6365,#2875);
#2524=LINE('',#6370,#2876);
#2525=LINE('',#6372,#2877);
#2526=LINE('',#6374,#2878);
#2527=LINE('',#6379,#2879);
#2528=LINE('',#6381,#2880);
#2529=LINE('',#6383,#2881);
#2530=LINE('',#6388,#2882);
#2531=LINE('',#6390,#2883);
#2532=LINE('',#6392,#2884);
#2533=LINE('',#6397,#2885);
#2534=LINE('',#6399,#2886);
#2535=LINE('',#6401,#2887);
#2536=LINE('',#6406,#2888);
#2537=LINE('',#6408,#2889);
#2538=LINE('',#6410,#2890);
#2539=LINE('',#6415,#2891);
#2540=LINE('',#6417,#2892);
#2541=LINE('',#6419,#2893);
#2542=LINE('',#6424,#2894);
#2543=LINE('',#6428,#2895);
#2544=LINE('',#6430,#2896);
#2545=LINE('',#6432,#2897);
#2546=LINE('',#6434,#2898);
#2547=LINE('',#6438,#2899);
#2548=LINE('',#6442,#2900);
#2549=LINE('',#6444,#2901);
#2550=LINE('',#6446,#2902);
#2551=LINE('',#6450,#2903);
#2552=LINE('',#6454,#2904);
#2553=LINE('',#6456,#2905);
#2554=LINE('',#6458,#2906);
#2555=LINE('',#6462,#2907);
#2556=LINE('',#6466,#2908);
#2557=LINE('',#6468,#2909);
#2558=LINE('',#6470,#2910);
#2559=LINE('',#6474,#2911);
#2560=LINE('',#6478,#2912);
#2561=LINE('',#6480,#2913);
#2562=LINE('',#6482,#2914);
#2563=LINE('',#6486,#2915);
#2564=LINE('',#6490,#2916);
#2565=LINE('',#6492,#2917);
#2566=LINE('',#6494,#2918);
#2567=LINE('',#6498,#2919);
#2568=LINE('',#6502,#2920);
#2569=LINE('',#6504,#2921);
#2570=LINE('',#6506,#2922);
#2571=LINE('',#6510,#2923);
#2572=LINE('',#6514,#2924);
#2573=LINE('',#6515,#2925);
#2574=LINE('',#6546,#2926);
#2575=LINE('',#6548,#2927);
#2576=LINE('',#6550,#2928);
#2577=LINE('',#6551,#2929);
#2578=LINE('',#6553,#2930);
#2579=LINE('',#6554,#2931);
#2580=LINE('',#6558,#2932);
#2581=LINE('',#6560,#2933);
#2582=LINE('',#6562,#2934);
#2583=LINE('',#6564,#2935);
#2584=LINE('',#6566,#2936);
#2585=LINE('',#6568,#2937);
#2586=LINE('',#6569,#2938);
#2587=LINE('',#6571,#2939);
#2588=LINE('',#6573,#2940);
#2589=LINE('',#6576,#2941);
#2590=LINE('',#6580,#2942);
#2591=LINE('',#6582,#2943);
#2592=LINE('',#6584,#2944);
#2593=LINE('',#6586,#2945);
#2594=LINE('',#6588,#2946);
#2595=LINE('',#6590,#2947);
#2596=LINE('',#6591,#2948);
#2597=LINE('',#6593,#2949);
#2598=LINE('',#6595,#2950);
#2599=LINE('',#6598,#2951);
#2600=LINE('',#6602,#2952);
#2601=LINE('',#6604,#2953);
#2602=LINE('',#6606,#2954);
#2603=LINE('',#6608,#2955);
#2604=LINE('',#6610,#2956);
#2605=LINE('',#6612,#2957);
#2606=LINE('',#6613,#2958);
#2607=LINE('',#6615,#2959);
#2608=LINE('',#6617,#2960);
#2609=LINE('',#6623,#2961);
#2610=LINE('',#6625,#2962);
#2611=LINE('',#6627,#2963);
#2612=LINE('',#6629,#2964);
#2613=LINE('',#6631,#2965);
#2614=VECTOR('',#4410,1.);
#2615=VECTOR('',#4411,1.);
#2616=VECTOR('',#4412,1.);
#2617=VECTOR('',#4413,1.);
#2618=VECTOR('',#4414,1.);
#2619=VECTOR('',#4415,1.);
#2620=VECTOR('',#4416,1.);
#2621=VECTOR('',#4417,1.);
#2622=VECTOR('',#4420,1.);
#2623=VECTOR('',#4421,1.);
#2624=VECTOR('',#4422,1.);
#2625=VECTOR('',#4423,1.);
#2626=VECTOR('',#4424,1.);
#2627=VECTOR('',#4425,1.);
#2628=VECTOR('',#4426,1.);
#2629=VECTOR('',#4427,1.);
#2630=VECTOR('',#4430,1.);
#2631=VECTOR('',#4431,1.);
#2632=VECTOR('',#4432,1.);
#2633=VECTOR('',#4435,1.);
#2634=VECTOR('',#4436,1.);
#2635=VECTOR('',#4437,1.);
#2636=VECTOR('',#4440,1.);
#2637=VECTOR('',#4441,1.);
#2638=VECTOR('',#4442,1.);
#2639=VECTOR('',#4443,1.);
#2640=VECTOR('',#4446,1.);
#2641=VECTOR('',#4447,1.);
#2642=VECTOR('',#4450,1.);
#2643=VECTOR('',#4451,1.);
#2644=VECTOR('',#4454,1.);
#2645=VECTOR('',#4455,1.);
#2646=VECTOR('',#4470,1.);
#2647=VECTOR('',#4471,1.);
#2648=VECTOR('',#4474,1.);
#2649=VECTOR('',#4477,1.);
#2650=VECTOR('',#4528,1.);
#2651=VECTOR('',#4531,1.);
#2652=VECTOR('',#4534,1.);
#2653=VECTOR('',#4537,1.);
#2654=VECTOR('',#4540,1.);
#2655=VECTOR('',#4543,1.);
#2656=VECTOR('',#4546,1.);
#2657=VECTOR('',#4549,1.);
#2658=VECTOR('',#4550,1.);
#2659=VECTOR('',#4551,1.);
#2660=VECTOR('',#4552,1.);
#2661=VECTOR('',#4553,1.);
#2662=VECTOR('',#4554,1.);
#2663=VECTOR('',#4555,1.);
#2664=VECTOR('',#4556,1.);
#2665=VECTOR('',#4557,1.);
#2666=VECTOR('',#4558,1.);
#2667=VECTOR('',#4559,1.);
#2668=VECTOR('',#4560,1.);
#2669=VECTOR('',#4561,1.);
#2670=VECTOR('',#4562,1.);
#2671=VECTOR('',#4563,1.);
#2672=VECTOR('',#4564,1.);
#2673=VECTOR('',#4565,1.);
#2674=VECTOR('',#4566,1.);
#2675=VECTOR('',#4567,1.);
#2676=VECTOR('',#4568,1.);
#2677=VECTOR('',#4569,1.);
#2678=VECTOR('',#4572,1.);
#2679=VECTOR('',#4573,1.);
#2680=VECTOR('',#4574,1.);
#2681=VECTOR('',#4575,1.);
#2682=VECTOR('',#4578,1.);
#2683=VECTOR('',#4579,1.);
#2684=VECTOR('',#4580,1.);
#2685=VECTOR('',#4583,1.);
#2686=VECTOR('',#4584,1.);
#2687=VECTOR('',#4585,1.);
#2688=VECTOR('',#4588,1.);
#2689=VECTOR('',#4589,1.);
#2690=VECTOR('',#4590,1.);
#2691=VECTOR('',#4591,1.);
#2692=VECTOR('',#4594,1.);
#2693=VECTOR('',#4597,1.);
#2694=VECTOR('',#4600,1.);
#2695=VECTOR('',#4603,1.);
#2696=VECTOR('',#4606,1.);
#2697=VECTOR('',#4609,1.);
#2698=VECTOR('',#4612,1.);
#2699=VECTOR('',#4615,1.);
#2700=VECTOR('',#4616,1.);
#2701=VECTOR('',#4619,1.);
#2702=VECTOR('',#4620,1.);
#2703=VECTOR('',#4621,1.);
#2704=VECTOR('',#4622,1.);
#2705=VECTOR('',#4623,1.);
#2706=VECTOR('',#4624,1.);
#2707=VECTOR('',#4625,1.);
#2708=VECTOR('',#4630,1.);
#2709=VECTOR('',#4633,1.);
#2710=VECTOR('',#4636,1.);
#2711=VECTOR('',#4639,1.);
#2712=VECTOR('',#4640,1.);
#2713=VECTOR('',#4643,1.);
#2714=VECTOR('',#4646,1.);
#2715=VECTOR('',#4647,1.);
#2716=VECTOR('',#4648,1.);
#2717=VECTOR('',#4649,1.);
#2718=VECTOR('',#4650,1.);
#2719=VECTOR('',#4651,1.);
#2720=VECTOR('',#4652,1.);
#2721=VECTOR('',#4653,1.);
#2722=VECTOR('',#4656,1.);
#2723=VECTOR('',#4657,1.);
#2724=VECTOR('',#4658,1.);
#2725=VECTOR('',#4659,1.);
#2726=VECTOR('',#4660,1.);
#2727=VECTOR('',#4661,1.);
#2728=VECTOR('',#4662,1.);
#2729=VECTOR('',#4665,1.);
#2730=VECTOR('',#4666,1.);
#2731=VECTOR('',#4667,1.);
#2732=VECTOR('',#4668,1.);
#2733=VECTOR('',#4669,1.);
#2734=VECTOR('',#4670,1.);
#2735=VECTOR('',#4671,1.);
#2736=VECTOR('',#4672,1.);
#2737=VECTOR('',#4673,1.);
#2738=VECTOR('',#4674,1.);
#2739=VECTOR('',#4675,1.);
#2740=VECTOR('',#4678,1.);
#2741=VECTOR('',#4679,1.);
#2742=VECTOR('',#4680,1.);
#2743=VECTOR('',#4681,1.);
#2744=VECTOR('',#4682,1.);
#2745=VECTOR('',#4683,1.);
#2746=VECTOR('',#4684,1.);
#2747=VECTOR('',#4685,1.);
#2748=VECTOR('',#4686,1.);
#2749=VECTOR('',#4687,1.);
#2750=VECTOR('',#4688,1.);
#2751=VECTOR('',#4689,1.);
#2752=VECTOR('',#4690,1.);
#2753=VECTOR('',#4691,1.);
#2754=VECTOR('',#4694,1.);
#2755=VECTOR('',#4695,1.);
#2756=VECTOR('',#4696,1.);
#2757=VECTOR('',#4697,1.);
#2758=VECTOR('',#4698,1.);
#2759=VECTOR('',#4699,1.);
#2760=VECTOR('',#4700,1.);
#2761=VECTOR('',#4701,1.);
#2762=VECTOR('',#4702,1.);
#2763=VECTOR('',#4703,1.);
#2764=VECTOR('',#4704,1.);
#2765=VECTOR('',#4705,1.);
#2766=VECTOR('',#4706,1.);
#2767=VECTOR('',#4707,1.);
#2768=VECTOR('',#4710,1.);
#2769=VECTOR('',#4711,1.);
#2770=VECTOR('',#4712,1.);
#2771=VECTOR('',#4713,1.);
#2772=VECTOR('',#4714,1.);
#2773=VECTOR('',#4717,1.);
#2774=VECTOR('',#4718,1.);
#2775=VECTOR('',#4719,1.);
#2776=VECTOR('',#4728,1.);
#2777=VECTOR('',#4737,1.);
#2778=VECTOR('',#4738,1.);
#2779=VECTOR('',#4747,1.);
#2780=VECTOR('',#4750,1.);
#2781=VECTOR('',#4751,1.);
#2782=VECTOR('',#4756,1.);
#2783=VECTOR('',#4759,1.);
#2784=VECTOR('',#4760,1.);
#2785=VECTOR('',#4769,1.);
#2786=VECTOR('',#4772,1.);
#2787=VECTOR('',#4773,1.);
#2788=VECTOR('',#4778,1.);
#2789=VECTOR('',#4781,1.);
#2790=VECTOR('',#4782,1.);
#2791=VECTOR('',#4785,1.);
#2792=VECTOR('',#4788,1.);
#2793=VECTOR('',#4789,1.);
#2794=VECTOR('',#4790,1.);
#2795=VECTOR('',#4791,1.);
#2796=VECTOR('',#4792,1.);
#2797=VECTOR('',#4797,1.);
#2798=VECTOR('',#4806,1.);
#2799=VECTOR('',#4809,1.);
#2800=VECTOR('',#4812,1.);
#2801=VECTOR('',#4815,1.);
#2802=VECTOR('',#4816,1.);
#2803=VECTOR('',#4817,1.);
#2804=VECTOR('',#4818,1.);
#2805=VECTOR('',#4819,1.);
#2806=VECTOR('',#4824,1.);
#2807=VECTOR('',#4827,1.);
#2808=VECTOR('',#4830,1.);
#2809=VECTOR('',#4833,1.);
#2810=VECTOR('',#4834,1.);
#2811=VECTOR('',#4835,1.);
#2812=VECTOR('',#4836,1.);
#2813=VECTOR('',#4841,1.);
#2814=VECTOR('',#4844,1.);
#2815=VECTOR('',#4847,1.);
#2816=VECTOR('',#4856,1.);
#2817=VECTOR('',#4857,1.);
#2818=VECTOR('',#4858,1.);
#2819=VECTOR('',#4859,1.);
#2820=VECTOR('',#4860,1.);
#2821=VECTOR('',#4865,1.);
#2822=VECTOR('',#4874,1.);
#2823=VECTOR('',#4877,1.);
#2824=VECTOR('',#4880,1.);
#2825=VECTOR('',#4883,1.);
#2826=VECTOR('',#4884,1.);
#2827=VECTOR('',#4885,1.);
#2828=VECTOR('',#4886,1.);
#2829=VECTOR('',#4903,1.);
#2830=VECTOR('',#4904,1.);
#2831=VECTOR('',#4907,1.);
#2832=VECTOR('',#4908,1.);
#2833=VECTOR('',#4909,1.);
#2834=VECTOR('',#4912,1.);
#2835=VECTOR('',#4925,1.);
#2836=VECTOR('',#4930,1.);
#2837=VECTOR('',#4931,1.);
#2838=VECTOR('',#4932,1.);
#2839=VECTOR('',#4933,1.);
#2840=VECTOR('',#4936,1.);
#2841=VECTOR('',#4937,1.);
#2842=VECTOR('',#4938,1.);
#2843=VECTOR('',#4955,1.);
#2844=VECTOR('',#4956,1.);
#2845=VECTOR('',#4957,1.);
#2846=VECTOR('',#4970,1.);
#2847=VECTOR('',#4971,1.);
#2848=VECTOR('',#4978,1.);
#2849=VECTOR('',#4979,1.);
#2850=VECTOR('',#4982,1.);
#2851=VECTOR('',#4985,1.);
#2852=VECTOR('',#4992,1.);
#2853=VECTOR('',#4993,1.);
#2854=VECTOR('',#4996,1.);
#2855=VECTOR('',#5001,1.);
#2856=VECTOR('',#5002,1.);
#2857=VECTOR('',#5015,1.);
#2858=VECTOR('',#5016,1.);
#2859=VECTOR('',#5023,1.);
#2860=VECTOR('',#5026,1.);
#2861=VECTOR('',#5027,1.);
#2862=VECTOR('',#5034,1.);
#2863=VECTOR('',#5035,1.);
#2864=VECTOR('',#5038,1.);
#2865=VECTOR('',#5041,1.);
#2866=VECTOR('',#5086,1.);
#2867=VECTOR('',#5087,1.);
#2868=VECTOR('',#5090,1.);
#2869=VECTOR('',#5093,1.);
#2870=VECTOR('',#5158,1.);
#2871=VECTOR('',#5159,1.);
#2872=VECTOR('',#5160,1.);
#2873=VECTOR('',#5169,1.);
#2874=VECTOR('',#5170,1.);
#2875=VECTOR('',#5171,1.);
#2876=VECTOR('',#5180,1.);
#2877=VECTOR('',#5181,1.);
#2878=VECTOR('',#5182,1.);
#2879=VECTOR('',#5191,1.);
#2880=VECTOR('',#5192,1.);
#2881=VECTOR('',#5193,1.);
#2882=VECTOR('',#5202,1.);
#2883=VECTOR('',#5203,1.);
#2884=VECTOR('',#5204,1.);
#2885=VECTOR('',#5213,1.);
#2886=VECTOR('',#5214,1.);
#2887=VECTOR('',#5215,1.);
#2888=VECTOR('',#5224,1.);
#2889=VECTOR('',#5225,1.);
#2890=VECTOR('',#5226,1.);
#2891=VECTOR('',#5235,1.);
#2892=VECTOR('',#5236,1.);
#2893=VECTOR('',#5237,1.);
#2894=VECTOR('',#5242,1.);
#2895=VECTOR('',#5245,1.);
#2896=VECTOR('',#5248,1.);
#2897=VECTOR('',#5249,1.);
#2898=VECTOR('',#5250,1.);
#2899=VECTOR('',#5255,1.);
#2900=VECTOR('',#5260,1.);
#2901=VECTOR('',#5261,1.);
#2902=VECTOR('',#5262,1.);
#2903=VECTOR('',#5267,1.);
#2904=VECTOR('',#5272,1.);
#2905=VECTOR('',#5273,1.);
#2906=VECTOR('',#5274,1.);
#2907=VECTOR('',#5279,1.);
#2908=VECTOR('',#5284,1.);
#2909=VECTOR('',#5285,1.);
#2910=VECTOR('',#5286,1.);
#2911=VECTOR('',#5291,1.);
#2912=VECTOR('',#5296,1.);
#2913=VECTOR('',#5297,1.);
#2914=VECTOR('',#5298,1.);
#2915=VECTOR('',#5303,1.);
#2916=VECTOR('',#5308,1.);
#2917=VECTOR('',#5309,1.);
#2918=VECTOR('',#5310,1.);
#2919=VECTOR('',#5315,1.);
#2920=VECTOR('',#5320,1.);
#2921=VECTOR('',#5321,1.);
#2922=VECTOR('',#5322,1.);
#2923=VECTOR('',#5327,1.);
#2924=VECTOR('',#5332,1.);
#2925=VECTOR('',#5333,1.);
#2926=VECTOR('',#5378,1.);
#2927=VECTOR('',#5379,1.);
#2928=VECTOR('',#5380,1.);
#2929=VECTOR('',#5381,1.);
#2930=VECTOR('',#5382,1.);
#2931=VECTOR('',#5383,1.);
#2932=VECTOR('',#5388,1.);
#2933=VECTOR('',#5389,1.);
#2934=VECTOR('',#5390,1.);
#2935=VECTOR('',#5391,1.);
#2936=VECTOR('',#5392,1.);
#2937=VECTOR('',#5395,1.);
#2938=VECTOR('',#5396,1.);
#2939=VECTOR('',#5399,1.);
#2940=VECTOR('',#5402,1.);
#2941=VECTOR('',#5407,1.);
#2942=VECTOR('',#5412,1.);
#2943=VECTOR('',#5413,1.);
#2944=VECTOR('',#5414,1.);
#2945=VECTOR('',#5415,1.);
#2946=VECTOR('',#5416,1.);
#2947=VECTOR('',#5419,1.);
#2948=VECTOR('',#5420,1.);
#2949=VECTOR('',#5423,1.);
#2950=VECTOR('',#5426,1.);
#2951=VECTOR('',#5431,1.);
#2952=VECTOR('',#5436,1.);
#2953=VECTOR('',#5437,1.);
#2954=VECTOR('',#5438,1.);
#2955=VECTOR('',#5439,1.);
#2956=VECTOR('',#5440,1.);
#2957=VECTOR('',#5443,1.);
#2958=VECTOR('',#5444,1.);
#2959=VECTOR('',#5447,1.);
#2960=VECTOR('',#5450,1.);
#2961=VECTOR('',#5459,1.);
#2962=VECTOR('',#5460,1.);
#2963=VECTOR('',#5461,1.);
#2964=VECTOR('',#5464,1.);
#2965=VECTOR('',#5467,1.);
#2966=EDGE_LOOP('',(#281,#282,#283,#284));
#2967=EDGE_LOOP('',(#285,#286,#287,#288));
#2968=EDGE_LOOP('',(#289,#290,#291,#292));
#2969=EDGE_LOOP('',(#293,#294,#295,#296));
#2970=EDGE_LOOP('',(#297,#298,#299,#300));
#2971=EDGE_LOOP('',(#301,#302,#303,#304));
#2972=EDGE_LOOP('',(#305,#306,#307,#308));
#2973=EDGE_LOOP('',(#309,#310,#311,#312));
#2974=EDGE_LOOP('',(#313,#314,#315,#316));
#2975=EDGE_LOOP('',(#317,#318,#319,#320));
#2976=EDGE_LOOP('',(#321,#322,#323,#324));
#2977=EDGE_LOOP('',(#325,#326,#327,#328));
#2978=EDGE_LOOP('',(#329));
#2979=EDGE_LOOP('',(#330));
#2980=EDGE_LOOP('',(#331));
#2981=EDGE_LOOP('',(#332,#333,#334,#335));
#2982=EDGE_LOOP('',(#336,#337,#338,#339));
#2983=EDGE_LOOP('',(#340,#341,#342,#343));
#2984=EDGE_LOOP('',(#344,#345,#346,#347));
#2985=EDGE_LOOP('',(#348,#349,#350,#351));
#2986=EDGE_LOOP('',(#352,#353,#354,#355));
#2987=EDGE_LOOP('',(#356));
#2988=EDGE_LOOP('',(#357));
#2989=EDGE_LOOP('',(#358));
#2990=EDGE_LOOP('',(#359));
#2991=EDGE_LOOP('',(#360));
#2992=EDGE_LOOP('',(#361));
#2993=EDGE_LOOP('',(#362));
#2994=EDGE_LOOP('',(#363));
#2995=EDGE_LOOP('',(#364));
#2996=EDGE_LOOP('',(#365));
#2997=EDGE_LOOP('',(#366));
#2998=EDGE_LOOP('',(#367));
#2999=EDGE_LOOP('',(#368));
#3000=EDGE_LOOP('',(#369));
#3001=EDGE_LOOP('',(#370));
#3002=EDGE_LOOP('',(#371));
#3003=EDGE_LOOP('',(#372));
#3004=EDGE_LOOP('',(#373));
#3005=EDGE_LOOP('',(#374));
#3006=EDGE_LOOP('',(#375));
#3007=EDGE_LOOP('',(#376));
#3008=EDGE_LOOP('',(#377,#378,#379,#380,#381,#382,#383,#384,#385,#386,#387,#388,#389,#390,#391,#392));
#3009=EDGE_LOOP('',(#393,#394,#395,#396,#397,#398,#399,#400,#401,#402,#403,#404,#405,#406,#407,#408,#409,#410,#411,#412));
#3010=EDGE_LOOP('',(#413,#414,#415,#416));
#3011=EDGE_LOOP('',(#417,#418,#419,#420));
#3012=EDGE_LOOP('',(#421,#422,#423,#424));
#3013=EDGE_LOOP('',(#425,#426,#427,#428,#429,#430,#431,#432,#433,#434,#435,#436,#437,#438,#439,#440,#441,#442,#443,#444));
#3014=EDGE_LOOP('',(#445,#446,#447,#448));
#3015=EDGE_LOOP('',(#449,#450,#451,#452));
#3016=EDGE_LOOP('',(#453,#454,#455,#456));
#3017=EDGE_LOOP('',(#457,#458,#459,#460,#461,#462,#463,#464,#465,#466,#467,#468));
#3018=EDGE_LOOP('',(#469,#470,#471,#472,#473,#474,#475,#476,#477,#478,#479,#480));
#3019=EDGE_LOOP('',(#481,#482,#483,#484));
#3020=EDGE_LOOP('',(#485,#486,#487,#488));
#3021=EDGE_LOOP('',(#489,#490,#491,#492,#493,#494,#495,#496));
#3022=EDGE_LOOP('',(#497,#498,#499,#500));
#3023=EDGE_LOOP('',(#501,#502,#503,#504));
#3024=EDGE_LOOP('',(#505,#506,#507,#508,#509,#510,#511,#512,#513,#514,#515));
#3025=EDGE_LOOP('',(#516,#517,#518,#519,#520,#521,#522,#523,#524,#525,#526,#527,#528,#529,#530,#531));
#3026=EDGE_LOOP('',(#532,#533,#534,#535,#536,#537,#538,#539));
#3027=EDGE_LOOP('',(#540,#541,#542,#543));
#3028=EDGE_LOOP('',(#544,#545,#546,#547));
#3029=EDGE_LOOP('',(#548,#549,#550,#551));
#3030=EDGE_LOOP('',(#552));
#3031=EDGE_LOOP('',(#553));
#3032=EDGE_LOOP('',(#554));
#3033=EDGE_LOOP('',(#555,#556,#557,#558));
#3034=EDGE_LOOP('',(#559,#560,#561,#562));
#3035=EDGE_LOOP('',(#563,#564,#565,#566));
#3036=EDGE_LOOP('',(#567,#568,#569,#570));
#3037=EDGE_LOOP('',(#571,#572,#573,#574));
#3038=EDGE_LOOP('',(#575,#576,#577,#578));
#3039=EDGE_LOOP('',(#579,#580,#581,#582));
#3040=EDGE_LOOP('',(#583,#584,#585,#586));
#3041=EDGE_LOOP('',(#587,#588,#589,#590));
#3042=EDGE_LOOP('',(#591,#592,#593,#594,#595,#596,#597,#598));
#3043=EDGE_LOOP('',(#599,#600,#601,#602,#603,#604,#605,#606));
#3044=EDGE_LOOP('',(#607,#608,#609,#610,#611,#612,#613,#614));
#3045=EDGE_LOOP('',(#615,#616,#617,#618,#619,#620,#621,#622));
#3046=EDGE_LOOP('',(#623,#624,#625,#626,#627,#628,#629,#630));
#3047=EDGE_LOOP('',(#631,#632,#633,#634,#635,#636,#637,#638));
#3048=EDGE_LOOP('',(#639,#640,#641,#642,#643,#644,#645,#646));
#3049=EDGE_LOOP('',(#647,#648,#649,#650,#651,#652,#653,#654));
#3050=EDGE_LOOP('',(#655));
#3051=EDGE_LOOP('',(#656));
#3052=EDGE_LOOP('',(#657));
#3053=EDGE_LOOP('',(#658,#659,#660,#661,#662,#663,#664,#665));
#3054=EDGE_LOOP('',(#666,#667,#668,#669,#670,#671,#672,#673));
#3055=EDGE_LOOP('',(#674,#675,#676,#677,#678,#679,#680,#681));
#3056=EDGE_LOOP('',(#682,#683,#684,#685,#686,#687,#688,#689));
#3057=EDGE_LOOP('',(#690,#691,#692,#693));
#3058=EDGE_LOOP('',(#694));
#3059=EDGE_LOOP('',(#695));
#3060=EDGE_LOOP('',(#696));
#3061=EDGE_LOOP('',(#697));
#3062=EDGE_LOOP('',(#698,#699,#700,#701,#702,#703,#704,#705,#706,#707,#708,#709,#710,#711,#712,#713));
#3063=EDGE_LOOP('',(#714,#715,#716,#717,#718,#719,#720,#721,#722,#723,#724,#725,#726,#727,#728,#729));
#3064=EDGE_LOOP('',(#730,#731,#732,#733));
#3065=EDGE_LOOP('',(#734,#735,#736,#737,#738,#739));
#3066=EDGE_LOOP('',(#740,#741,#742,#743,#744,#745));
#3067=EDGE_LOOP('',(#746));
#3068=EDGE_LOOP('',(#747));
#3069=EDGE_LOOP('',(#748));
#3070=EDGE_LOOP('',(#749));
#3071=EDGE_LOOP('',(#750));
#3072=EDGE_LOOP('',(#751,#752,#753,#754,#755,#756,#757,#758,#759,#760,#761,#762,#763));
#3073=EDGE_LOOP('',(#764,#765,#766,#767));
#3074=EDGE_LOOP('',(#768));
#3075=EDGE_LOOP('',(#769));
#3076=EDGE_LOOP('',(#770));
#3077=EDGE_LOOP('',(#771));
#3078=EDGE_LOOP('',(#772));
#3079=EDGE_LOOP('',(#773,#774,#775,#776,#777,#778,#779,#780));
#3080=EDGE_LOOP('',(#781));
#3081=EDGE_LOOP('',(#782));
#3082=EDGE_LOOP('',(#783));
#3083=EDGE_LOOP('',(#784));
#3084=EDGE_LOOP('',(#785));
#3085=EDGE_LOOP('',(#786,#787,#788,#789,#790,#791));
#3086=EDGE_LOOP('',(#792,#793,#794,#795));
#3087=EDGE_LOOP('',(#796,#797,#798,#799));
#3088=EDGE_LOOP('',(#800,#801,#802,#803,#804));
#3089=EDGE_LOOP('',(#805,#806,#807,#808));
#3090=EDGE_LOOP('',(#809,#810,#811,#812));
#3091=EDGE_LOOP('',(#813,#814,#815));
#3092=EDGE_LOOP('',(#816,#817,#818,#819));
#3093=EDGE_LOOP('',(#820,#821,#822,#823));
#3094=EDGE_LOOP('',(#824,#825,#826,#827));
#3095=EDGE_LOOP('',(#828));
#3096=EDGE_LOOP('',(#829));
#3097=EDGE_LOOP('',(#830));
#3098=EDGE_LOOP('',(#831));
#3099=EDGE_LOOP('',(#832));
#3100=EDGE_LOOP('',(#833,#834,#835,#836,#837,#838));
#3101=EDGE_LOOP('',(#839,#840,#841,#842));
#3102=EDGE_LOOP('',(#843,#844,#845,#846));
#3103=EDGE_LOOP('',(#847,#848,#849,#850));
#3104=EDGE_LOOP('',(#851,#852,#853,#854));
#3105=EDGE_LOOP('',(#855,#856,#857,#858));
#3106=EDGE_LOOP('',(#859,#860,#861,#862));
#3107=EDGE_LOOP('',(#863,#864,#865,#866));
#3108=EDGE_LOOP('',(#867,#868,#869,#870));
#3109=EDGE_LOOP('',(#871));
#3110=EDGE_LOOP('',(#872));
#3111=EDGE_LOOP('',(#873));
#3112=EDGE_LOOP('',(#874));
#3113=EDGE_LOOP('',(#875));
#3114=EDGE_LOOP('',(#876));
#3115=EDGE_LOOP('',(#877));
#3116=EDGE_LOOP('',(#878));
#3117=EDGE_LOOP('',(#879));
#3118=EDGE_LOOP('',(#880));
#3119=EDGE_LOOP('',(#881));
#3120=EDGE_LOOP('',(#882));
#3121=EDGE_LOOP('',(#883));
#3122=EDGE_LOOP('',(#884));
#3123=EDGE_LOOP('',(#885));
#3124=EDGE_LOOP('',(#886));
#3125=EDGE_LOOP('',(#887));
#3126=EDGE_LOOP('',(#888));
#3127=EDGE_LOOP('',(#889));
#3128=EDGE_LOOP('',(#890));
#3129=EDGE_LOOP('',(#891));
#3130=EDGE_LOOP('',(#892));
#3131=EDGE_LOOP('',(#893));
#3132=EDGE_LOOP('',(#894));
#3133=EDGE_LOOP('',(#895,#896,#897,#898,#899));
#3134=EDGE_LOOP('',(#900,#901,#902,#903));
#3135=EDGE_LOOP('',(#904,#905,#906,#907,#908));
#3136=EDGE_LOOP('',(#909,#910,#911,#912));
#3137=EDGE_LOOP('',(#913));
#3138=EDGE_LOOP('',(#914));
#3139=EDGE_LOOP('',(#915));
#3140=EDGE_LOOP('',(#916));
#3141=EDGE_LOOP('',(#917));
#3142=EDGE_LOOP('',(#918));
#3143=EDGE_LOOP('',(#919));
#3144=EDGE_LOOP('',(#920));
#3145=EDGE_LOOP('',(#921));
#3146=EDGE_LOOP('',(#922));
#3147=EDGE_LOOP('',(#923));
#3148=EDGE_LOOP('',(#924));
#3149=EDGE_LOOP('',(#925));
#3150=EDGE_LOOP('',(#926));
#3151=EDGE_LOOP('',(#927));
#3152=EDGE_LOOP('',(#928));
#3153=EDGE_LOOP('',(#929));
#3154=EDGE_LOOP('',(#930));
#3155=EDGE_LOOP('',(#931));
#3156=EDGE_LOOP('',(#932));
#3157=EDGE_LOOP('',(#933));
#3158=EDGE_LOOP('',(#934));
#3159=EDGE_LOOP('',(#935));
#3160=EDGE_LOOP('',(#936));
#3161=EDGE_LOOP('',(#937));
#3162=EDGE_LOOP('',(#938));
#3163=EDGE_LOOP('',(#939));
#3164=EDGE_LOOP('',(#940));
#3165=EDGE_LOOP('',(#941));
#3166=EDGE_LOOP('',(#942));
#3167=EDGE_LOOP('',(#943));
#3168=EDGE_LOOP('',(#944));
#3169=EDGE_LOOP('',(#945));
#3170=EDGE_LOOP('',(#946));
#3171=EDGE_LOOP('',(#947));
#3172=EDGE_LOOP('',(#948));
#3173=EDGE_LOOP('',(#949,#950,#951,#952));
#3174=EDGE_LOOP('',(#953,#954,#955,#956));
#3175=EDGE_LOOP('',(#957,#958,#959,#960));
#3176=EDGE_LOOP('',(#961,#962,#963,#964));
#3177=EDGE_LOOP('',(#965,#966,#967,#968));
#3178=EDGE_LOOP('',(#969,#970,#971,#972));
#3179=EDGE_LOOP('',(#973,#974,#975,#976));
#3180=EDGE_LOOP('',(#977,#978,#979,#980));
#3181=EDGE_LOOP('',(#981,#982,#983,#984));
#3182=EDGE_LOOP('',(#985,#986,#987,#988));
#3183=EDGE_LOOP('',(#989,#990,#991,#992));
#3184=EDGE_LOOP('',(#993,#994,#995,#996));
#3185=EDGE_LOOP('',(#997,#998,#999,#1000));
#3186=EDGE_LOOP('',(#1001,#1002,#1003,#1004));
#3187=EDGE_LOOP('',(#1005,#1006,#1007,#1008));
#3188=EDGE_LOOP('',(#1009,#1010,#1011,#1012));
#3189=EDGE_LOOP('',(#1013,#1014,#1015,#1016));
#3190=EDGE_LOOP('',(#1017,#1018,#1019,#1020));
#3191=EDGE_LOOP('',(#1021,#1022,#1023,#1024));
#3192=EDGE_LOOP('',(#1025,#1026,#1027,#1028));
#3193=EDGE_LOOP('',(#1029,#1030,#1031,#1032));
#3194=EDGE_LOOP('',(#1033,#1034,#1035,#1036));
#3195=EDGE_LOOP('',(#1037,#1038,#1039,#1040));
#3196=EDGE_LOOP('',(#1041,#1042,#1043,#1044));
#3197=EDGE_LOOP('',(#1045,#1046,#1047,#1048));
#3198=EDGE_LOOP('',(#1049,#1050,#1051,#1052));
#3199=EDGE_LOOP('',(#1053,#1054,#1055,#1056));
#3200=EDGE_LOOP('',(#1057,#1058,#1059,#1060));
#3201=EDGE_LOOP('',(#1061,#1062,#1063,#1064));
#3202=EDGE_LOOP('',(#1065,#1066,#1067,#1068));
#3203=EDGE_LOOP('',(#1069,#1070,#1071,#1072));
#3204=EDGE_LOOP('',(#1073,#1074,#1075,#1076));
#3205=EDGE_LOOP('',(#1077));
#3206=EDGE_LOOP('',(#1078));
#3207=EDGE_LOOP('',(#1079));
#3208=EDGE_LOOP('',(#1080));
#3209=EDGE_LOOP('',(#1081,#1082,#1083,#1084,#1085,#1086,#1087,#1088,#1089,#1090,#1091,#1092,#1093,#1094,#1095,#1096));
#3210=EDGE_LOOP('',(#1097,#1098,#1099,#1100,#1101,#1102,#1103,#1104,#1105,#1106,#1107,#1108,#1109,#1110,#1111,#1112,#1113,#1114,#1115,#1116,#1117,#1118,#1119,#1120,#1121,#1122,#1123,#1124,#1125,#1126,#1127,#1128));
#3211=EDGE_LOOP('',(#1129,#1130,#1131,#1132,#1133,#1134,#1135,#1136,#1137,#1138,#1139,#1140,#1141,#1142,#1143,#1144,#1145,#1146,#1147,#1148,#1149,#1150,#1151,#1152,#1153,#1154,#1155,#1156,#1157,#1158,#1159,#1160));
#3212=EDGE_LOOP('',(#1161,#1162,#1163,#1164,#1165,#1166,#1167,#1168,#1169,#1170,#1171,#1172,#1173,#1174,#1175,#1176));
#3213=EDGE_LOOP('',(#1177));
#3214=EDGE_LOOP('',(#1178));
#3215=EDGE_LOOP('',(#1179));
#3216=EDGE_LOOP('',(#1180));
#3217=EDGE_LOOP('',(#1181));
#3218=EDGE_LOOP('',(#1182));
#3219=EDGE_LOOP('',(#1183));
#3220=EDGE_LOOP('',(#1184));
#3221=EDGE_LOOP('',(#1185));
#3222=EDGE_LOOP('',(#1186));
#3223=EDGE_LOOP('',(#1187));
#3224=EDGE_LOOP('',(#1188));
#3225=EDGE_LOOP('',(#1189,#1190,#1191,#1192,#1193,#1194,#1195,#1196,#1197,#1198,#1199));
#3226=EDGE_LOOP('',(#1200));
#3227=EDGE_LOOP('',(#1201,#1202,#1203,#1204,#1205,#1206));
#3228=EDGE_LOOP('',(#1207,#1208,#1209,#1210));
#3229=EDGE_LOOP('',(#1211,#1212,#1213,#1214));
#3230=EDGE_LOOP('',(#1215,#1216,#1217,#1218));
#3231=EDGE_LOOP('',(#1219,#1220,#1221,#1222));
#3232=EDGE_LOOP('',(#1223,#1224,#1225,#1226));
#3233=EDGE_LOOP('',(#1227));
#3234=EDGE_LOOP('',(#1228,#1229,#1230,#1231,#1232,#1233));
#3235=EDGE_LOOP('',(#1234,#1235,#1236,#1237));
#3236=EDGE_LOOP('',(#1238,#1239,#1240,#1241));
#3237=EDGE_LOOP('',(#1242,#1243,#1244,#1245));
#3238=EDGE_LOOP('',(#1246,#1247,#1248,#1249));
#3239=EDGE_LOOP('',(#1250,#1251,#1252,#1253));
#3240=EDGE_LOOP('',(#1254));
#3241=EDGE_LOOP('',(#1255,#1256,#1257,#1258,#1259,#1260,#1261));
#3242=EDGE_LOOP('',(#1262,#1263,#1264,#1265));
#3243=EDGE_LOOP('',(#1266,#1267,#1268,#1269));
#3244=EDGE_LOOP('',(#1270,#1271,#1272,#1273));
#3245=EDGE_LOOP('',(#1274,#1275,#1276,#1277));
#3246=EDGE_LOOP('',(#1278,#1279,#1280,#1281));
#3247=EDGE_LOOP('',(#1282));
#3248=EDGE_LOOP('',(#1283,#1284,#1285,#1286));
#3249=EDGE_LOOP('',(#1287,#1288,#1289,#1290));
#3250=EDGE_LOOP('',(#1291,#1292,#1293,#1294));
#3251=EDGE_LOOP('',(#1295,#1296,#1297,#1298));
#3252=EDGE_LOOP('',(#1299));
#3253=EDGE_LOOP('',(#1300));
#3254=EDGE_LOOP('',(#1301));
#3255=EDGE_LOOP('',(#1302));
#3256=EDGE_LOOP('',(#1303));
#3257=EDGE_LOOP('',(#1304));
#3258=EDGE_LOOP('',(#1305));
#3259=EDGE_LOOP('',(#1306));
#3260=EDGE_LOOP('',(#1307));
#3261=EDGE_LOOP('',(#1308));
#3262=EDGE_LOOP('',(#1309));
#3263=EDGE_LOOP('',(#1310));
#3264=EDGE_LOOP('',(#1311));
#3265=EDGE_LOOP('',(#1312));
#3266=EDGE_LOOP('',(#1313));
#3267=EDGE_LOOP('',(#1314));
#3268=EDGE_LOOP('',(#1315));
#3269=EDGE_LOOP('',(#1316));
#3270=EDGE_LOOP('',(#1317));
#3271=EDGE_LOOP('',(#1318));
#3272=EDGE_LOOP('',(#1319));
#3273=EDGE_LOOP('',(#1320));
#3274=EDGE_LOOP('',(#1321));
#3275=EDGE_LOOP('',(#1322));
#3276=EDGE_LOOP('',(#1323));
#3277=EDGE_LOOP('',(#1324));
#3278=EDGE_LOOP('',(#1325));
#3279=EDGE_LOOP('',(#1326));
#3280=EDGE_LOOP('',(#1327));
#3281=EDGE_LOOP('',(#1328));
#3282=EDGE_LOOP('',(#1329));
#3283=EDGE_LOOP('',(#1330));
#3284=EDGE_LOOP('',(#1331));
#3285=EDGE_LOOP('',(#1332));
#3286=EDGE_LOOP('',(#1333));
#3287=EDGE_LOOP('',(#1334));
#3288=EDGE_LOOP('',(#1335));
#3289=EDGE_LOOP('',(#1336));
#3290=EDGE_LOOP('',(#1337));
#3291=EDGE_LOOP('',(#1338));
#3292=EDGE_LOOP('',(#1339));
#3293=EDGE_LOOP('',(#1340));
#3294=EDGE_LOOP('',(#1341));
#3295=EDGE_LOOP('',(#1342));
#3296=EDGE_LOOP('',(#1343));
#3297=EDGE_LOOP('',(#1344));
#3298=FACE_BOUND('',#2966,.T.);
#3299=FACE_BOUND('',#2967,.T.);
#3300=FACE_BOUND('',#2968,.T.);
#3301=FACE_BOUND('',#2969,.T.);
#3302=FACE_BOUND('',#2970,.T.);
#3303=FACE_BOUND('',#2971,.T.);
#3304=FACE_BOUND('',#2972,.T.);
#3305=FACE_BOUND('',#2973,.T.);
#3306=FACE_BOUND('',#2974,.T.);
#3307=FACE_BOUND('',#2975,.T.);
#3308=FACE_BOUND('',#2976,.T.);
#3309=FACE_BOUND('',#2977,.T.);
#3310=FACE_BOUND('',#2978,.T.);
#3311=FACE_BOUND('',#2979,.T.);
#3312=FACE_BOUND('',#2980,.T.);
#3313=FACE_BOUND('',#2981,.T.);
#3314=FACE_BOUND('',#2982,.T.);
#3315=FACE_BOUND('',#2983,.T.);
#3316=FACE_BOUND('',#2984,.T.);
#3317=FACE_BOUND('',#2985,.T.);
#3318=FACE_BOUND('',#2986,.T.);
#3319=FACE_BOUND('',#100,.T.);
#3320=FACE_BOUND('',#2987,.T.);
#3321=FACE_BOUND('',#2988,.T.);
#3322=FACE_BOUND('',#2989,.T.);
#3323=FACE_BOUND('',#2990,.T.);
#3324=FACE_BOUND('',#2991,.T.);
#3325=FACE_BOUND('',#2992,.T.);
#3326=FACE_BOUND('',#2993,.T.);
#3327=FACE_BOUND('',#101,.T.);
#3328=FACE_BOUND('',#2994,.T.);
#3329=FACE_BOUND('',#2995,.T.);
#3330=FACE_BOUND('',#2996,.T.);
#3331=FACE_BOUND('',#2997,.T.);
#3332=FACE_BOUND('',#2998,.T.);
#3333=FACE_BOUND('',#2999,.T.);
#3334=FACE_BOUND('',#3000,.T.);
#3335=FACE_BOUND('',#102,.T.);
#3336=FACE_BOUND('',#3001,.T.);
#3337=FACE_BOUND('',#3002,.T.);
#3338=FACE_BOUND('',#3003,.T.);
#3339=FACE_BOUND('',#3004,.T.);
#3340=FACE_BOUND('',#3005,.T.);
#3341=FACE_BOUND('',#3006,.T.);
#3342=FACE_BOUND('',#3007,.T.);
#3343=FACE_BOUND('',#3008,.T.);
#3344=FACE_BOUND('',#3009,.T.);
#3345=FACE_BOUND('',#3010,.T.);
#3346=FACE_BOUND('',#3011,.T.);
#3347=FACE_BOUND('',#3012,.T.);
#3348=FACE_BOUND('',#3013,.T.);
#3349=FACE_BOUND('',#3014,.T.);
#3350=FACE_BOUND('',#3015,.T.);
#3351=FACE_BOUND('',#3016,.T.);
#3352=FACE_BOUND('',#3017,.T.);
#3353=FACE_BOUND('',#3018,.T.);
#3354=FACE_BOUND('',#3019,.T.);
#3355=FACE_BOUND('',#3020,.T.);
#3356=FACE_BOUND('',#3021,.T.);
#3357=FACE_BOUND('',#3022,.T.);
#3358=FACE_BOUND('',#3023,.T.);
#3359=FACE_BOUND('',#3024,.T.);
#3360=FACE_BOUND('',#3025,.T.);
#3361=FACE_BOUND('',#3026,.T.);
#3362=FACE_BOUND('',#3027,.T.);
#3363=FACE_BOUND('',#3028,.T.);
#3364=FACE_BOUND('',#3029,.T.);
#3365=FACE_BOUND('',#3030,.T.);
#3366=FACE_BOUND('',#3031,.T.);
#3367=FACE_BOUND('',#3032,.T.);
#3368=FACE_BOUND('',#3033,.T.);
#3369=FACE_BOUND('',#3034,.T.);
#3370=FACE_BOUND('',#3035,.T.);
#3371=FACE_BOUND('',#3036,.T.);
#3372=FACE_BOUND('',#3037,.T.);
#3373=FACE_BOUND('',#3038,.T.);
#3374=FACE_BOUND('',#3039,.T.);
#3375=FACE_BOUND('',#3040,.T.);
#3376=FACE_BOUND('',#3041,.T.);
#3377=FACE_BOUND('',#3042,.T.);
#3378=FACE_BOUND('',#3043,.T.);
#3379=FACE_BOUND('',#3044,.T.);
#3380=FACE_BOUND('',#3045,.T.);
#3381=FACE_BOUND('',#3046,.T.);
#3382=FACE_BOUND('',#3047,.T.);
#3383=FACE_BOUND('',#3048,.T.);
#3384=FACE_BOUND('',#3049,.T.);
#3385=FACE_BOUND('',#3050,.T.);
#3386=FACE_BOUND('',#3051,.T.);
#3387=FACE_BOUND('',#3052,.T.);
#3388=FACE_BOUND('',#3053,.T.);
#3389=FACE_BOUND('',#3054,.T.);
#3390=FACE_BOUND('',#3055,.T.);
#3391=FACE_BOUND('',#3056,.T.);
#3392=FACE_BOUND('',#3057,.T.);
#3393=FACE_BOUND('',#3058,.T.);
#3394=FACE_BOUND('',#3059,.T.);
#3395=FACE_BOUND('',#3060,.T.);
#3396=FACE_BOUND('',#3061,.T.);
#3397=FACE_BOUND('',#3062,.T.);
#3398=FACE_BOUND('',#3063,.T.);
#3399=FACE_BOUND('',#3064,.T.);
#3400=FACE_BOUND('',#3065,.T.);
#3401=FACE_BOUND('',#3066,.T.);
#3402=FACE_BOUND('',#3067,.T.);
#3403=FACE_BOUND('',#3068,.T.);
#3404=FACE_BOUND('',#3069,.T.);
#3405=FACE_BOUND('',#3070,.T.);
#3406=FACE_BOUND('',#3071,.T.);
#3407=FACE_BOUND('',#3072,.T.);
#3408=FACE_BOUND('',#3073,.T.);
#3409=FACE_BOUND('',#3074,.T.);
#3410=FACE_BOUND('',#3075,.T.);
#3411=FACE_BOUND('',#3076,.T.);
#3412=FACE_BOUND('',#3077,.T.);
#3413=FACE_BOUND('',#3078,.T.);
#3414=FACE_BOUND('',#3079,.T.);
#3415=FACE_BOUND('',#3080,.T.);
#3416=FACE_BOUND('',#3081,.T.);
#3417=FACE_BOUND('',#3082,.T.);
#3418=FACE_BOUND('',#3083,.T.);
#3419=FACE_BOUND('',#3084,.T.);
#3420=FACE_BOUND('',#3085,.T.);
#3421=FACE_BOUND('',#3086,.T.);
#3422=FACE_BOUND('',#3087,.T.);
#3423=FACE_BOUND('',#3088,.T.);
#3424=FACE_BOUND('',#3089,.T.);
#3425=FACE_BOUND('',#3090,.T.);
#3426=FACE_BOUND('',#3091,.T.);
#3427=FACE_BOUND('',#3092,.T.);
#3428=FACE_BOUND('',#3093,.T.);
#3429=FACE_BOUND('',#3094,.T.);
#3430=FACE_BOUND('',#3095,.T.);
#3431=FACE_BOUND('',#3096,.T.);
#3432=FACE_BOUND('',#3097,.T.);
#3433=FACE_BOUND('',#3098,.T.);
#3434=FACE_BOUND('',#3099,.T.);
#3435=FACE_BOUND('',#3100,.T.);
#3436=FACE_BOUND('',#3101,.T.);
#3437=FACE_BOUND('',#3102,.T.);
#3438=FACE_BOUND('',#3103,.T.);
#3439=FACE_BOUND('',#3104,.T.);
#3440=FACE_BOUND('',#3105,.T.);
#3441=FACE_BOUND('',#3106,.T.);
#3442=FACE_BOUND('',#3107,.T.);
#3443=FACE_BOUND('',#3108,.T.);
#3444=FACE_BOUND('',#3109,.T.);
#3445=FACE_BOUND('',#3110,.T.);
#3446=FACE_BOUND('',#3111,.T.);
#3447=FACE_BOUND('',#3112,.T.);
#3448=FACE_BOUND('',#3113,.T.);
#3449=FACE_BOUND('',#3114,.T.);
#3450=FACE_BOUND('',#3115,.T.);
#3451=FACE_BOUND('',#3116,.T.);
#3452=FACE_BOUND('',#3117,.T.);
#3453=FACE_BOUND('',#3118,.T.);
#3454=FACE_BOUND('',#3119,.T.);
#3455=FACE_BOUND('',#3120,.T.);
#3456=FACE_BOUND('',#3121,.T.);
#3457=FACE_BOUND('',#3122,.T.);
#3458=FACE_BOUND('',#3123,.T.);
#3459=FACE_BOUND('',#3124,.T.);
#3460=FACE_BOUND('',#3125,.T.);
#3461=FACE_BOUND('',#3126,.T.);
#3462=FACE_BOUND('',#3127,.T.);
#3463=FACE_BOUND('',#3128,.T.);
#3464=FACE_BOUND('',#3129,.T.);
#3465=FACE_BOUND('',#3130,.T.);
#3466=FACE_BOUND('',#3131,.T.);
#3467=FACE_BOUND('',#3132,.T.);
#3468=FACE_BOUND('',#3133,.T.);
#3469=FACE_BOUND('',#3134,.T.);
#3470=FACE_BOUND('',#3135,.T.);
#3471=FACE_BOUND('',#3136,.T.);
#3472=FACE_BOUND('',#3137,.T.);
#3473=FACE_BOUND('',#3138,.T.);
#3474=FACE_BOUND('',#3139,.T.);
#3475=FACE_BOUND('',#3140,.T.);
#3476=FACE_BOUND('',#3141,.T.);
#3477=FACE_BOUND('',#3142,.T.);
#3478=FACE_BOUND('',#3143,.T.);
#3479=FACE_BOUND('',#3144,.T.);
#3480=FACE_BOUND('',#3145,.T.);
#3481=FACE_BOUND('',#3146,.T.);
#3482=FACE_BOUND('',#3147,.T.);
#3483=FACE_BOUND('',#3148,.T.);
#3484=FACE_BOUND('',#3149,.T.);
#3485=FACE_BOUND('',#3150,.T.);
#3486=FACE_BOUND('',#3151,.T.);
#3487=FACE_BOUND('',#3152,.T.);
#3488=FACE_BOUND('',#3153,.T.);
#3489=FACE_BOUND('',#3154,.T.);
#3490=FACE_BOUND('',#3155,.T.);
#3491=FACE_BOUND('',#3156,.T.);
#3492=FACE_BOUND('',#3157,.T.);
#3493=FACE_BOUND('',#3158,.T.);
#3494=FACE_BOUND('',#3159,.T.);
#3495=FACE_BOUND('',#3160,.T.);
#3496=FACE_BOUND('',#3161,.T.);
#3497=FACE_BOUND('',#3162,.T.);
#3498=FACE_BOUND('',#3163,.T.);
#3499=FACE_BOUND('',#3164,.T.);
#3500=FACE_BOUND('',#3165,.T.);
#3501=FACE_BOUND('',#3166,.T.);
#3502=FACE_BOUND('',#3167,.T.);
#3503=FACE_BOUND('',#3168,.T.);
#3504=FACE_BOUND('',#3169,.T.);
#3505=FACE_BOUND('',#3170,.T.);
#3506=FACE_BOUND('',#3171,.T.);
#3507=FACE_BOUND('',#3172,.T.);
#3508=FACE_BOUND('',#3173,.T.);
#3509=FACE_BOUND('',#3174,.T.);
#3510=FACE_BOUND('',#3175,.T.);
#3511=FACE_BOUND('',#3176,.T.);
#3512=FACE_BOUND('',#3177,.T.);
#3513=FACE_BOUND('',#3178,.T.);
#3514=FACE_BOUND('',#3179,.T.);
#3515=FACE_BOUND('',#3180,.T.);
#3516=FACE_BOUND('',#3181,.T.);
#3517=FACE_BOUND('',#3182,.T.);
#3518=FACE_BOUND('',#3183,.T.);
#3519=FACE_BOUND('',#3184,.T.);
#3520=FACE_BOUND('',#3185,.T.);
#3521=FACE_BOUND('',#3186,.T.);
#3522=FACE_BOUND('',#3187,.T.);
#3523=FACE_BOUND('',#3188,.T.);
#3524=FACE_BOUND('',#3189,.T.);
#3525=FACE_BOUND('',#3190,.T.);
#3526=FACE_BOUND('',#3191,.T.);
#3527=FACE_BOUND('',#3192,.T.);
#3528=FACE_BOUND('',#3193,.T.);
#3529=FACE_BOUND('',#3194,.T.);
#3530=FACE_BOUND('',#3195,.T.);
#3531=FACE_BOUND('',#3196,.T.);
#3532=FACE_BOUND('',#3197,.T.);
#3533=FACE_BOUND('',#3198,.T.);
#3534=FACE_BOUND('',#3199,.T.);
#3535=FACE_BOUND('',#3200,.T.);
#3536=FACE_BOUND('',#3201,.T.);
#3537=FACE_BOUND('',#3202,.T.);
#3538=FACE_BOUND('',#3203,.T.);
#3539=FACE_BOUND('',#3204,.T.);
#3540=FACE_BOUND('',#3205,.T.);
#3541=FACE_BOUND('',#3206,.T.);
#3542=FACE_BOUND('',#3207,.T.);
#3543=FACE_BOUND('',#3208,.T.);
#3544=FACE_BOUND('',#3209,.T.);
#3545=FACE_BOUND('',#3210,.T.);
#3546=FACE_BOUND('',#3211,.T.);
#3547=FACE_BOUND('',#3212,.T.);
#3548=FACE_BOUND('',#3213,.T.);
#3549=FACE_BOUND('',#3214,.T.);
#3550=FACE_BOUND('',#3215,.T.);
#3551=FACE_BOUND('',#3216,.T.);
#3552=FACE_BOUND('',#3217,.T.);
#3553=FACE_BOUND('',#3218,.T.);
#3554=FACE_BOUND('',#3219,.T.);
#3555=FACE_BOUND('',#3220,.T.);
#3556=FACE_BOUND('',#3221,.T.);
#3557=FACE_BOUND('',#3222,.T.);
#3558=FACE_BOUND('',#3223,.T.);
#3559=FACE_BOUND('',#3224,.T.);
#3560=FACE_BOUND('',#3225,.T.);
#3561=FACE_BOUND('',#3226,.T.);
#3562=FACE_BOUND('',#3227,.T.);
#3563=FACE_BOUND('',#3228,.T.);
#3564=FACE_BOUND('',#3229,.T.);
#3565=FACE_BOUND('',#3230,.T.);
#3566=FACE_BOUND('',#3231,.T.);
#3567=FACE_BOUND('',#3232,.T.);
#3568=FACE_BOUND('',#3233,.T.);
#3569=FACE_BOUND('',#3234,.T.);
#3570=FACE_BOUND('',#3235,.T.);
#3571=FACE_BOUND('',#3236,.T.);
#3572=FACE_BOUND('',#3237,.T.);
#3573=FACE_BOUND('',#3238,.T.);
#3574=FACE_BOUND('',#3239,.T.);
#3575=FACE_BOUND('',#3240,.T.);
#3576=FACE_BOUND('',#3241,.T.);
#3577=FACE_BOUND('',#3242,.T.);
#3578=FACE_BOUND('',#3243,.T.);
#3579=FACE_BOUND('',#3244,.T.);
#3580=FACE_BOUND('',#3245,.T.);
#3581=FACE_BOUND('',#3246,.T.);
#3582=FACE_BOUND('',#3247,.T.);
#3583=FACE_BOUND('',#3248,.T.);
#3584=FACE_BOUND('',#3249,.T.);
#3585=FACE_BOUND('',#3250,.T.);
#3586=FACE_BOUND('',#3251,.T.);
#3587=FACE_BOUND('',#3252,.T.);
#3588=FACE_BOUND('',#3253,.T.);
#3589=FACE_BOUND('',#3254,.T.);
#3590=FACE_BOUND('',#3255,.T.);
#3591=FACE_BOUND('',#3256,.T.);
#3592=FACE_BOUND('',#3257,.T.);
#3593=FACE_BOUND('',#3258,.T.);
#3594=FACE_BOUND('',#3259,.T.);
#3595=FACE_BOUND('',#3260,.T.);
#3596=FACE_BOUND('',#3261,.T.);
#3597=FACE_BOUND('',#3262,.T.);
#3598=FACE_BOUND('',#3263,.T.);
#3599=FACE_BOUND('',#3264,.T.);
#3600=FACE_BOUND('',#3265,.T.);
#3601=FACE_BOUND('',#3266,.T.);
#3602=FACE_BOUND('',#3267,.T.);
#3603=FACE_BOUND('',#3268,.T.);
#3604=FACE_BOUND('',#3269,.T.);
#3605=FACE_BOUND('',#3270,.T.);
#3606=FACE_BOUND('',#3271,.T.);
#3607=FACE_BOUND('',#3272,.T.);
#3608=FACE_BOUND('',#3273,.T.);
#3609=FACE_BOUND('',#3274,.T.);
#3610=FACE_BOUND('',#3275,.T.);
#3611=FACE_BOUND('',#3276,.T.);
#3612=FACE_BOUND('',#3277,.T.);
#3613=FACE_BOUND('',#3278,.T.);
#3614=FACE_BOUND('',#3279,.T.);
#3615=FACE_BOUND('',#3280,.T.);
#3616=FACE_BOUND('',#3281,.T.);
#3617=FACE_BOUND('',#3282,.T.);
#3618=FACE_BOUND('',#3283,.T.);
#3619=FACE_BOUND('',#3284,.T.);
#3620=FACE_BOUND('',#3285,.T.);
#3621=FACE_BOUND('',#3286,.T.);
#3622=FACE_BOUND('',#3287,.T.);
#3623=FACE_BOUND('',#3288,.T.);
#3624=FACE_BOUND('',#3289,.T.);
#3625=FACE_BOUND('',#3290,.T.);
#3626=FACE_BOUND('',#3291,.T.);
#3627=FACE_BOUND('',#3292,.T.);
#3628=FACE_BOUND('',#3293,.T.);
#3629=FACE_BOUND('',#3294,.T.);
#3630=FACE_BOUND('',#3295,.T.);
#3631=FACE_BOUND('',#3296,.T.);
#3632=FACE_BOUND('',#3297,.T.);
#3633=PLANE('',#4008);
#3634=PLANE('',#4009);
#3635=PLANE('',#4010);
#3636=PLANE('',#4011);
#3637=PLANE('',#4012);
#3638=PLANE('',#4013);
#3639=PLANE('',#4014);
#3640=PLANE('',#4015);
#3641=PLANE('',#4016);
#3642=PLANE('',#4017);
#3643=PLANE('',#4021);
#3644=PLANE('',#4022);
#3645=PLANE('',#4023);
#3646=PLANE('',#4024);
#3647=PLANE('',#4025);
#3648=PLANE('',#4030);
#3649=PLANE('',#4037);
#3650=PLANE('',#4044);
#3651=PLANE('',#4048);
#3652=PLANE('',#4057);
#3653=PLANE('',#4058);
#3654=PLANE('',#4059);
#3655=PLANE('',#4060);
#3656=PLANE('',#4069);
#3657=PLANE('',#4076);
#3658=PLANE('',#4077);
#3659=PLANE('',#4078);
#3660=PLANE('',#4079);
#3661=PLANE('',#4080);
#3662=PLANE('',#4081);
#3663=PLANE('',#4082);
#3664=PLANE('',#4087);
#3665=PLANE('',#4095);
#3666=PLANE('',#4098);
#3667=PLANE('',#4103);
#3668=PLANE('',#4108);
#3669=PLANE('',#4117);
#3670=PLANE('',#4122);
#3671=PLANE('',#4127);
#3672=PLANE('',#4139);
#3673=PLANE('',#4142);
#3674=PLANE('',#4147);
#3675=PLANE('',#4148);
#3676=PLANE('',#4149);
#3677=PLANE('',#4150);
#3678=PLANE('',#4158);
#3679=PLANE('',#4159);
#3680=PLANE('',#4167);
#3681=PLANE('',#4176);
#3682=PLANE('',#4177);
#3683=PLANE('',#4178);
#3684=PLANE('',#4180);
#3685=PLANE('',#4181);
#3686=PLANE('',#4182);
#3687=PLANE('',#4183);
#3688=PLANE('',#4184);
#3689=PLANE('',#4192);
#3690=PLANE('',#4194);
#3691=PLANE('',#4196);
#3692=PLANE('',#4197);
#3693=PLANE('',#4198);
#3694=PLANE('',#4199);
#3695=PLANE('',#4202);
#3696=PLANE('',#4207);
#3697=PLANE('',#4212);
#3698=PLANE('',#4217);
#3699=PLANE('',#4220);
#3700=PLANE('',#4221);
#3701=PLANE('',#4222);
#3702=PLANE('',#4223);
#3703=PLANE('',#4226);
#3704=PLANE('',#4231);
#3705=PLANE('',#4236);
#3706=PLANE('',#4241);
#3707=PLANE('',#4246);
#3708=PLANE('',#4251);
#3709=PLANE('',#4254);
#3710=PLANE('',#4258);
#3711=PLANE('',#4262);
#3712=PLANE('',#4266);
#3713=PLANE('',#4270);
#3714=PLANE('',#4274);
#3715=PLANE('',#4278);
#3716=PLANE('',#4282);
#3717=PLANE('',#4286);
#3718=PLANE('',#4290);
#3719=PLANE('',#4294);
#3720=PLANE('',#4298);
#3721=PLANE('',#4302);
#3722=PLANE('',#4306);
#3723=PLANE('',#4310);
#3724=PLANE('',#4314);
#3725=PLANE('',#4318);
#3726=PLANE('',#4323);
#3727=PLANE('',#4326);
#3728=PLANE('',#4329);
#3729=PLANE('',#4332);
#3730=PLANE('',#4335);
#3731=PLANE('',#4336);
#3732=PLANE('',#4337);
#3733=PLANE('',#4339);
#3734=PLANE('',#4340);
#3735=PLANE('',#4341);
#3736=PLANE('',#4342);
#3737=PLANE('',#4343);
#3738=PLANE('',#4344);
#3739=PLANE('',#4346);
#3740=PLANE('',#4347);
#3741=PLANE('',#4348);
#3742=PLANE('',#4349);
#3743=PLANE('',#4350);
#3744=PLANE('',#4351);
#3745=PLANE('',#4353);
#3746=PLANE('',#4354);
#3747=PLANE('',#4355);
#3748=PLANE('',#4356);
#3749=PLANE('',#4357);
#3750=PLANE('',#4358);
#3751=PLANE('',#4360);
#3752=PLANE('',#4361);
#3753=PLANE('',#4362);
#3754=PLANE('',#4368);
#3755=PLANE('',#4369);
#3756=PLANE('',#4375);
#3757=PLANE('',#4376);
#3758=PLANE('',#4382);
#3759=PLANE('',#4383);
#3760=PLANE('',#4389);
#3761=PLANE('',#4390);
#3762=PLANE('',#4393);
#3763=PLANE('',#4396);
#3764=PLANE('',#4399);
#3765=PLANE('',#4402);
#3766=ADVANCED_FACE('',(#3298,#3299),#3633,.F.);
#3767=ADVANCED_FACE('',(#3300,#3301),#3634,.F.);
#3768=ADVANCED_FACE('',(#3302),#3635,.T.);
#3769=ADVANCED_FACE('',(#3303),#3636,.F.);
#3770=ADVANCED_FACE('',(#3304),#3637,.T.);
#3771=ADVANCED_FACE('',(#3305),#3638,.T.);
#3772=ADVANCED_FACE('',(#3306),#3639,.F.);
#3773=ADVANCED_FACE('',(#3307),#3640,.T.);
#3774=ADVANCED_FACE('',(#3308,#3309),#3641,.F.);
#3775=ADVANCED_FACE('',(#3310,#3311,#3312,#3313),#3642,.F.);
#3776=ADVANCED_FACE('',(#3314),#3643,.T.);
#3777=ADVANCED_FACE('',(#3315),#3644,.T.);
#3778=ADVANCED_FACE('',(#3316),#3645,.F.);
#3779=ADVANCED_FACE('',(#3317),#3646,.F.);
#3780=ADVANCED_FACE('',(#3318),#3647,.T.);
#3781=ADVANCED_FACE('',(#3319,#3320),#103,.F.);
#3782=ADVANCED_FACE('',(#3321,#3322),#19,.F.);
#3783=ADVANCED_FACE('',(#3323,#3324),#3648,.T.);
#3784=ADVANCED_FACE('',(#3325,#3326),#20,.F.);
#3785=ADVANCED_FACE('',(#3327,#3328),#104,.F.);
#3786=ADVANCED_FACE('',(#3329,#3330),#21,.F.);
#3787=ADVANCED_FACE('',(#3331,#3332),#3649,.T.);
#3788=ADVANCED_FACE('',(#3333,#3334),#22,.F.);
#3789=ADVANCED_FACE('',(#3335,#3336),#105,.F.);
#3790=ADVANCED_FACE('',(#3337,#3338),#23,.F.);
#3791=ADVANCED_FACE('',(#3339,#3340),#3650,.T.);
#3792=ADVANCED_FACE('',(#3341,#3342),#24,.F.);
#3793=ADVANCED_FACE('',(#3343,#3344),#3651,.T.);
#3794=ADVANCED_FACE('',(#3345),#3652,.F.);
#3795=ADVANCED_FACE('',(#3346),#3653,.F.);
#3796=ADVANCED_FACE('',(#3347),#3654,.T.);
#3797=ADVANCED_FACE('',(#3348,#3349),#3655,.F.);
#3798=ADVANCED_FACE('',(#3350,#3351),#3656,.F.);
#3799=ADVANCED_FACE('',(#3352),#25,.F.);
#3800=ADVANCED_FACE('',(#3353),#3657,.T.);
#3801=ADVANCED_FACE('',(#3354,#3355),#3658,.F.);
#3802=ADVANCED_FACE('',(#3356,#3357),#3659,.T.);
#3803=ADVANCED_FACE('',(#3358,#3359),#3660,.F.);
#3804=ADVANCED_FACE('',(#3360),#3661,.T.);
#3805=ADVANCED_FACE('',(#3361),#3662,.T.);
#3806=ADVANCED_FACE('',(#3362),#3663,.F.);
#3807=ADVANCED_FACE('',(#3363),#26,.T.);
#3808=ADVANCED_FACE('',(#3364),#27,.T.);
#3809=ADVANCED_FACE('',(#3365,#3366,#3367,#3368),#3664,.F.);
#3810=ADVANCED_FACE('',(#3369),#28,.T.);
#3811=ADVANCED_FACE('',(#3370),#29,.T.);
#3812=ADVANCED_FACE('',(#3371),#3665,.F.);
#3813=ADVANCED_FACE('',(#3372),#30,.T.);
#3814=ADVANCED_FACE('',(#3373),#3666,.F.);
#3815=ADVANCED_FACE('',(#3374),#31,.T.);
#3816=ADVANCED_FACE('',(#3375),#32,.T.);
#3817=ADVANCED_FACE('',(#3376),#3667,.F.);
#3818=ADVANCED_FACE('',(#3377),#33,.F.);
#3819=ADVANCED_FACE('',(#3378),#3668,.T.);
#3820=ADVANCED_FACE('',(#3379),#34,.F.);
#3821=ADVANCED_FACE('',(#3380),#35,.F.);
#3822=ADVANCED_FACE('',(#3381),#3669,.T.);
#3823=ADVANCED_FACE('',(#3382),#36,.F.);
#3824=ADVANCED_FACE('',(#3383),#3670,.T.);
#3825=ADVANCED_FACE('',(#3384),#37,.F.);
#3826=ADVANCED_FACE('',(#3385,#3386,#3387,#3388),#3671,.T.);
#3827=ADVANCED_FACE('',(#3389),#38,.F.);
#3828=ADVANCED_FACE('',(#3390),#39,.F.);
#3829=ADVANCED_FACE('',(#3391),#3672,.T.);
#3830=ADVANCED_FACE('',(#3392),#40,.T.);
#3831=ADVANCED_FACE('',(#3393,#3394,#3395,#3396,#3397,#3398),#3673,.F.);
#3832=ADVANCED_FACE('',(#3399),#3674,.T.);
#3833=ADVANCED_FACE('',(#3400),#3675,.T.);
#3834=ADVANCED_FACE('',(#3401),#3676,.F.);
#3835=ADVANCED_FACE('',(#3402,#3403,#3404,#3405,#3406,#3407),#3677,.F.);
#3836=ADVANCED_FACE('',(#3408),#3678,.T.);
#3837=ADVANCED_FACE('',(#3409,#3410,#3411,#3412,#3413,#3414),#3679,.T.);
#3838=ADVANCED_FACE('',(#3415,#3416,#3417,#3418,#3419,#3420),#3680,.F.);
#3839=ADVANCED_FACE('',(#3421),#41,.T.);
#3840=ADVANCED_FACE('',(#3422),#3681,.F.);
#3841=ADVANCED_FACE('',(#3423),#3682,.F.);
#3842=ADVANCED_FACE('',(#3424),#3683,.F.);
#3843=ADVANCED_FACE('',(#3425),#42,.T.);
#3844=ADVANCED_FACE('',(#3426),#3684,.F.);
#3845=ADVANCED_FACE('',(#3427),#3685,.F.);
#3846=ADVANCED_FACE('',(#3428),#3686,.T.);
#3847=ADVANCED_FACE('',(#3429),#3687,.T.);
#3848=ADVANCED_FACE('',(#3430,#3431,#3432,#3433,#3434,#3435),#3688,.F.);
#3849=ADVANCED_FACE('',(#3436),#3689,.F.);
#3850=ADVANCED_FACE('',(#3437),#43,.T.);
#3851=ADVANCED_FACE('',(#3438),#3690,.T.);
#3852=ADVANCED_FACE('',(#3439),#44,.T.);
#3853=ADVANCED_FACE('',(#3440),#3691,.T.);
#3854=ADVANCED_FACE('',(#3441),#3692,.T.);
#3855=ADVANCED_FACE('',(#3442),#3693,.F.);
#3856=ADVANCED_FACE('',(#3443),#3694,.F.);
#3857=ADVANCED_FACE('',(#3444,#3445),#45,.F.);
#3858=ADVANCED_FACE('',(#3446,#3447),#3695,.T.);
#3859=ADVANCED_FACE('',(#3448,#3449),#46,.F.);
#3860=ADVANCED_FACE('',(#3450,#3451),#47,.F.);
#3861=ADVANCED_FACE('',(#3452,#3453),#3696,.T.);
#3862=ADVANCED_FACE('',(#3454,#3455),#48,.F.);
#3863=ADVANCED_FACE('',(#3456,#3457),#49,.F.);
#3864=ADVANCED_FACE('',(#3458,#3459),#3697,.T.);
#3865=ADVANCED_FACE('',(#3460,#3461),#50,.F.);
#3866=ADVANCED_FACE('',(#3462,#3463),#51,.F.);
#3867=ADVANCED_FACE('',(#3464,#3465),#3698,.T.);
#3868=ADVANCED_FACE('',(#3466,#3467),#52,.F.);
#3869=ADVANCED_FACE('',(#3468),#3699,.T.);
#3870=ADVANCED_FACE('',(#3469),#3700,.T.);
#3871=ADVANCED_FACE('',(#3470),#3701,.F.);
#3872=ADVANCED_FACE('',(#3471),#3702,.F.);
#3873=ADVANCED_FACE('',(#3472,#3473),#53,.F.);
#3874=ADVANCED_FACE('',(#3474,#3475),#3703,.T.);
#3875=ADVANCED_FACE('',(#3476,#3477),#54,.F.);
#3876=ADVANCED_FACE('',(#3478,#3479),#55,.F.);
#3877=ADVANCED_FACE('',(#3480,#3481),#3704,.T.);
#3878=ADVANCED_FACE('',(#3482,#3483),#56,.F.);
#3879=ADVANCED_FACE('',(#3484,#3485),#57,.F.);
#3880=ADVANCED_FACE('',(#3486,#3487),#3705,.T.);
#3881=ADVANCED_FACE('',(#3488,#3489),#58,.F.);
#3882=ADVANCED_FACE('',(#3490,#3491),#59,.F.);
#3883=ADVANCED_FACE('',(#3492,#3493),#3706,.T.);
#3884=ADVANCED_FACE('',(#3494,#3495),#60,.F.);
#3885=ADVANCED_FACE('',(#3496,#3497),#61,.F.);
#3886=ADVANCED_FACE('',(#3498,#3499),#3707,.T.);
#3887=ADVANCED_FACE('',(#3500,#3501),#62,.F.);
#3888=ADVANCED_FACE('',(#3502,#3503),#63,.F.);
#3889=ADVANCED_FACE('',(#3504,#3505),#3708,.T.);
#3890=ADVANCED_FACE('',(#3506,#3507),#64,.F.);
#3891=ADVANCED_FACE('',(#3508),#3709,.F.);
#3892=ADVANCED_FACE('',(#3509),#65,.T.);
#3893=ADVANCED_FACE('',(#3510),#3710,.F.);
#3894=ADVANCED_FACE('',(#3511),#66,.T.);
#3895=ADVANCED_FACE('',(#3512),#3711,.F.);
#3896=ADVANCED_FACE('',(#3513),#67,.T.);
#3897=ADVANCED_FACE('',(#3514),#3712,.F.);
#3898=ADVANCED_FACE('',(#3515),#68,.T.);
#3899=ADVANCED_FACE('',(#3516),#3713,.F.);
#3900=ADVANCED_FACE('',(#3517),#69,.T.);
#3901=ADVANCED_FACE('',(#3518),#3714,.F.);
#3902=ADVANCED_FACE('',(#3519),#70,.T.);
#3903=ADVANCED_FACE('',(#3520),#3715,.F.);
#3904=ADVANCED_FACE('',(#3521),#71,.T.);
#3905=ADVANCED_FACE('',(#3522),#3716,.F.);
#3906=ADVANCED_FACE('',(#3523),#72,.F.);
#3907=ADVANCED_FACE('',(#3524),#3717,.T.);
#3908=ADVANCED_FACE('',(#3525),#73,.F.);
#3909=ADVANCED_FACE('',(#3526),#3718,.T.);
#3910=ADVANCED_FACE('',(#3527),#74,.F.);
#3911=ADVANCED_FACE('',(#3528),#3719,.T.);
#3912=ADVANCED_FACE('',(#3529),#75,.F.);
#3913=ADVANCED_FACE('',(#3530),#3720,.T.);
#3914=ADVANCED_FACE('',(#3531),#76,.F.);
#3915=ADVANCED_FACE('',(#3532),#3721,.T.);
#3916=ADVANCED_FACE('',(#3533),#77,.F.);
#3917=ADVANCED_FACE('',(#3534),#3722,.T.);
#3918=ADVANCED_FACE('',(#3535),#78,.F.);
#3919=ADVANCED_FACE('',(#3536),#3723,.T.);
#3920=ADVANCED_FACE('',(#3537),#79,.F.);
#3921=ADVANCED_FACE('',(#3538),#3724,.T.);
#3922=ADVANCED_FACE('',(#3539),#80,.T.);
#3923=ADVANCED_FACE('',(#3540,#3541,#3542,#3543,#3544,#3545),#3725,.T.);
#3924=ADVANCED_FACE('',(#3546,#3547),#3726,.F.);
#3925=ADVANCED_FACE('',(#3548,#3549),#81,.F.);
#3926=ADVANCED_FACE('',(#3550),#3727,.T.);
#3927=ADVANCED_FACE('',(#3551,#3552),#82,.F.);
#3928=ADVANCED_FACE('',(#3553),#3728,.T.);
#3929=ADVANCED_FACE('',(#3554,#3555),#83,.F.);
#3930=ADVANCED_FACE('',(#3556),#3729,.T.);
#3931=ADVANCED_FACE('',(#3557,#3558),#84,.F.);
#3932=ADVANCED_FACE('',(#3559),#3730,.T.);
#3933=ADVANCED_FACE('',(#3560),#3731,.T.);
#3934=ADVANCED_FACE('',(#3561,#3562),#3732,.T.);
#3935=ADVANCED_FACE('',(#3563),#3733,.F.);
#3936=ADVANCED_FACE('',(#3564),#3734,.F.);
#3937=ADVANCED_FACE('',(#3565),#3735,.T.);
#3938=ADVANCED_FACE('',(#3566),#3736,.T.);
#3939=ADVANCED_FACE('',(#3567),#3737,.T.);
#3940=ADVANCED_FACE('',(#3568,#3569),#3738,.T.);
#3941=ADVANCED_FACE('',(#3570),#3739,.F.);
#3942=ADVANCED_FACE('',(#3571),#3740,.T.);
#3943=ADVANCED_FACE('',(#3572),#3741,.T.);
#3944=ADVANCED_FACE('',(#3573),#3742,.T.);
#3945=ADVANCED_FACE('',(#3574),#3743,.T.);
#3946=ADVANCED_FACE('',(#3575,#3576),#3744,.T.);
#3947=ADVANCED_FACE('',(#3577),#3745,.T.);
#3948=ADVANCED_FACE('',(#3578),#3746,.T.);
#3949=ADVANCED_FACE('',(#3579),#3747,.F.);
#3950=ADVANCED_FACE('',(#3580),#3748,.T.);
#3951=ADVANCED_FACE('',(#3581),#3749,.T.);
#3952=ADVANCED_FACE('',(#3582,#3583),#3750,.T.);
#3953=ADVANCED_FACE('',(#3584),#3751,.T.);
#3954=ADVANCED_FACE('',(#3585),#3752,.F.);
#3955=ADVANCED_FACE('',(#3586),#3753,.F.);
#3956=ADVANCED_FACE('',(#3587,#3588),#85,.F.);
#3957=ADVANCED_FACE('',(#3589,#3590),#86,.T.);
#3958=ADVANCED_FACE('',(#3591,#3592),#3754,.T.);
#3959=ADVANCED_FACE('',(#3593),#3755,.T.);
#3960=ADVANCED_FACE('',(#3594,#3595),#87,.F.);
#3961=ADVANCED_FACE('',(#3596,#3597),#88,.T.);
#3962=ADVANCED_FACE('',(#3598,#3599),#3756,.T.);
#3963=ADVANCED_FACE('',(#3600),#3757,.T.);
#3964=ADVANCED_FACE('',(#3601,#3602),#89,.F.);
#3965=ADVANCED_FACE('',(#3603,#3604),#90,.T.);
#3966=ADVANCED_FACE('',(#3605,#3606),#3758,.T.);
#3967=ADVANCED_FACE('',(#3607),#3759,.T.);
#3968=ADVANCED_FACE('',(#3608,#3609),#91,.F.);
#3969=ADVANCED_FACE('',(#3610,#3611),#92,.T.);
#3970=ADVANCED_FACE('',(#3612,#3613),#3760,.T.);
#3971=ADVANCED_FACE('',(#3614),#3761,.T.);
#3972=ADVANCED_FACE('',(#3615,#3616),#93,.F.);
#3973=ADVANCED_FACE('',(#3617),#3762,.T.);
#3974=ADVANCED_FACE('',(#3618,#3619),#94,.F.);
#3975=ADVANCED_FACE('',(#3620),#3763,.T.);
#3976=ADVANCED_FACE('',(#3621,#3622),#95,.F.);
#3977=ADVANCED_FACE('',(#3623),#3764,.T.);
#3978=ADVANCED_FACE('',(#3624,#3625),#96,.F.);
#3979=ADVANCED_FACE('',(#3626),#3765,.T.);
#3980=ADVANCED_FACE('',(#3627,#3628),#97,.F.);
#3981=ADVANCED_FACE('',(#3629,#3630),#98,.F.);
#3982=ADVANCED_FACE('',(#3631,#3632),#99,.F.);
#3983=CLOSED_SHELL('',(#3766,#3767,#3768,#3769,#3770,#3771,#3772,#3773,#3774,#3775,#3776,#3777,#3778,#3779,#3780,#3781,#3782,#3783,#3784,#3785,#3786,#3787,#3788,#3789,#3790,#3791,#3792));
#3984=CLOSED_SHELL('',(#3793,#3794,#3795,#3796,#3797,#3798,#3799,#3800,#3801,#3802,#3803,#3804,#3805,#3806,#3807,#3808,#3809,#3810,#3811,#3812,#3813,#3814,#3815,#3816,#3817,#3818,#3819,#3820,#3821,#3822,#3823,#3824,#3825,#3826,#3827,#3828,#3829,#3830,#3831,#3832,#3833,#3834,#3835,#3836,#3837,#3838,#3839,#3840,#3841,#3842,#3843,#3844,#3845,#3846,#3847,#3848,#3849,#3850,#3851,#3852,#3853,#3854,#3855,#3856,#3857,#3858,#3859,#3860,#3861,#3862,#3863,#3864,#3865,#3866,#3867,#3868,#3869,#3870,#3871,#3872,#3873,#3874,#3875,#3876,#3877,#3878,#3879,#3880,#3881,#3882,#3883,#3884,#3885,#3886,#3887,#3888,#3889,#3890,#3891,#3892,#3893,#3894,#3895,#3896,#3897,#3898,#3899,#3900,#3901,#3902,#3903,#3904,#3905,#3906,#3907,#3908,#3909,#3910,#3911,#3912,#3913,#3914,#3915,#3916,#3917,#3918,#3919,#3920,#3921,#3922,#3923,#3924,#3925,#3926,#3927,#3928,#3929,#3930,#3931,#3932,#3933,#3934,#3935,#3936,#3937,#3938,#3939,#3940,#3941,#3942,#3943,#3944,#3945,#3946,#3947,#3948,#3949,#3950,#3951,#3952,#3953,#3954,#3955,#3956,#3957,#3958,#3959,#3960,#3961,#3962,#3963,#3964,#3965,#3966,#3967,#3968,#3969,#3970,#3971,#3972,#3973,#3974,#3975,#3976,#3977,#3978,#3979,#3980,#3981,#3982));
#3985=STYLED_ITEM('',(#3987),#4001);
#3986=STYLED_ITEM('',(#3988),#4002);
#3987=PRESENTATION_STYLE_ASSIGNMENT((#3989));
#3988=PRESENTATION_STYLE_ASSIGNMENT((#3990));
#3989=SURFACE_STYLE_USAGE(.BOTH.,#3991);
#3990=SURFACE_STYLE_USAGE(.BOTH.,#3992);
#3991=SURFACE_SIDE_STYLE('',(#3993));
#3992=SURFACE_SIDE_STYLE('',(#3994));
#3993=SURFACE_STYLE_FILL_AREA(#3995);
#3994=SURFACE_STYLE_FILL_AREA(#3996);
#3995=FILL_AREA_STYLE('',(#3997));
#3996=FILL_AREA_STYLE('',(#3998));
#3997=FILL_AREA_STYLE_COLOUR('',#3999);
#3998=FILL_AREA_STYLE_COLOUR('',#4000);
#3999=COLOUR_RGB('',0.647058823529412,0.647058823529412,0.647058823529412);
#4000=COLOUR_RGB('',0.615686274509804,0.811764705882353,0.929411764705882);
#4001=MANIFOLD_SOLID_BREP('Part 2',#3983);
#4002=MANIFOLD_SOLID_BREP('Part 1',#3984);
#4003=SHAPE_DEFINITION_REPRESENTATION(#6704,#4005);
#4004=SHAPE_DEFINITION_REPRESENTATION(#6705,#4006);
#4005=SHAPE_REPRESENTATION('Part 2',(#4007),#6694);
#4006=SHAPE_REPRESENTATION('Part 1',(#4047),#6695);
#4007=AXIS2_PLACEMENT_3D('',#5556,#4406,#4407);
#4008=AXIS2_PLACEMENT_3D('',#5557,#4408,#4409);
#4009=AXIS2_PLACEMENT_3D('',#5574,#4418,#4419);
#4010=AXIS2_PLACEMENT_3D('',#5591,#4428,#4429);
#4011=AXIS2_PLACEMENT_3D('',#5597,#4433,#4434);
#4012=AXIS2_PLACEMENT_3D('',#5603,#4438,#4439);
#4013=AXIS2_PLACEMENT_3D('',#5612,#4444,#4445);
#4014=AXIS2_PLACEMENT_3D('',#5615,#4448,#4449);
#4015=AXIS2_PLACEMENT_3D('',#5618,#4452,#4453);
#4016=AXIS2_PLACEMENT_3D('',#5621,#4456,#4457);
#4017=AXIS2_PLACEMENT_3D('',#5622,#4458,#4459);
#4018=AXIS2_PLACEMENT_3D('',#5623,#4460,#4461);
#4019=AXIS2_PLACEMENT_3D('',#5625,#4462,#4463);
#4020=AXIS2_PLACEMENT_3D('',#5627,#4464,#4465);
#4021=AXIS2_PLACEMENT_3D('',#5629,#4466,#4467);
#4022=AXIS2_PLACEMENT_3D('',#5630,#4468,#4469);
#4023=AXIS2_PLACEMENT_3D('',#5633,#4472,#4473);
#4024=AXIS2_PLACEMENT_3D('',#5635,#4475,#4476);
#4025=AXIS2_PLACEMENT_3D('',#5637,#4478,#4479);
#4026=AXIS2_PLACEMENT_3D('',#5638,#4480,#4481);
#4027=AXIS2_PLACEMENT_3D('',#5640,#4482,#4483);
#4028=AXIS2_PLACEMENT_3D('',#5642,#4484,#4485);
#4029=AXIS2_PLACEMENT_3D('',#5643,#4486,#4487);
#4030=AXIS2_PLACEMENT_3D('',#5645,#4488,#4489);
#4031=AXIS2_PLACEMENT_3D('',#5646,#4490,#4491);
#4032=AXIS2_PLACEMENT_3D('',#5648,#4492,#4493);
#4033=AXIS2_PLACEMENT_3D('',#5649,#4494,#4495);
#4034=AXIS2_PLACEMENT_3D('',#5651,#4496,#4497);
#4035=AXIS2_PLACEMENT_3D('',#5653,#4498,#4499);
#4036=AXIS2_PLACEMENT_3D('',#5654,#4500,#4501);
#4037=AXIS2_PLACEMENT_3D('',#5656,#4502,#4503);
#4038=AXIS2_PLACEMENT_3D('',#5657,#4504,#4505);
#4039=AXIS2_PLACEMENT_3D('',#5659,#4506,#4507);
#4040=AXIS2_PLACEMENT_3D('',#5660,#4508,#4509);
#4041=AXIS2_PLACEMENT_3D('',#5662,#4510,#4511);
#4042=AXIS2_PLACEMENT_3D('',#5664,#4512,#4513);
#4043=AXIS2_PLACEMENT_3D('',#5665,#4514,#4515);
#4044=AXIS2_PLACEMENT_3D('',#5667,#4516,#4517);
#4045=AXIS2_PLACEMENT_3D('',#5668,#4518,#4519);
#4046=AXIS2_PLACEMENT_3D('',#5670,#4520,#4521);
#4047=AXIS2_PLACEMENT_3D('',#5671,#4522,#4523);
#4048=AXIS2_PLACEMENT_3D('',#5672,#4524,#4525);
#4049=AXIS2_PLACEMENT_3D('',#5673,#4526,#4527);
#4050=AXIS2_PLACEMENT_3D('',#5678,#4529,#4530);
#4051=AXIS2_PLACEMENT_3D('',#5682,#4532,#4533);
#4052=AXIS2_PLACEMENT_3D('',#5686,#4535,#4536);
#4053=AXIS2_PLACEMENT_3D('',#5690,#4538,#4539);
#4054=AXIS2_PLACEMENT_3D('',#5694,#4541,#4542);
#4055=AXIS2_PLACEMENT_3D('',#5698,#4544,#4545);
#4056=AXIS2_PLACEMENT_3D('',#5702,#4547,#4548);
#4057=AXIS2_PLACEMENT_3D('',#5745,#4570,#4571);
#4058=AXIS2_PLACEMENT_3D('',#5754,#4576,#4577);
#4059=AXIS2_PLACEMENT_3D('',#5760,#4581,#4582);
#4060=AXIS2_PLACEMENT_3D('',#5766,#4586,#4587);
#4061=AXIS2_PLACEMENT_3D('',#5776,#4592,#4593);
#4062=AXIS2_PLACEMENT_3D('',#5780,#4595,#4596);
#4063=AXIS2_PLACEMENT_3D('',#5784,#4598,#4599);
#4064=AXIS2_PLACEMENT_3D('',#5788,#4601,#4602);
#4065=AXIS2_PLACEMENT_3D('',#5792,#4604,#4605);
#4066=AXIS2_PLACEMENT_3D('',#5796,#4607,#4608);
#4067=AXIS2_PLACEMENT_3D('',#5800,#4610,#4611);
#4068=AXIS2_PLACEMENT_3D('',#5804,#4613,#4614);
#4069=AXIS2_PLACEMENT_3D('',#5808,#4617,#4618);
#4070=AXIS2_PLACEMENT_3D('',#5822,#4626,#4627);
#4071=AXIS2_PLACEMENT_3D('',#5823,#4628,#4629);
#4072=AXIS2_PLACEMENT_3D('',#5828,#4631,#4632);
#4073=AXIS2_PLACEMENT_3D('',#5832,#4634,#4635);
#4074=AXIS2_PLACEMENT_3D('',#5836,#4637,#4638);
#4075=AXIS2_PLACEMENT_3D('',#5841,#4641,#4642);
#4076=AXIS2_PLACEMENT_3D('',#5844,#4644,#4645);
#4077=AXIS2_PLACEMENT_3D('',#5858,#4654,#4655);
#4078=AXIS2_PLACEMENT_3D('',#5872,#4663,#4664);
#4079=AXIS2_PLACEMENT_3D('',#5894,#4676,#4677);
#4080=AXIS2_PLACEMENT_3D('',#5922,#4692,#4693);
#4081=AXIS2_PLACEMENT_3D('',#5949,#4708,#4709);
#4082=AXIS2_PLACEMENT_3D('',#5958,#4715,#4716);
#4083=AXIS2_PLACEMENT_3D('',#5964,#4720,#4721);
#4084=AXIS2_PLACEMENT_3D('',#5965,#4722,#4723);
#4085=AXIS2_PLACEMENT_3D('',#5966,#4724,#4725);
#4086=AXIS2_PLACEMENT_3D('',#5967,#4726,#4727);
#4087=AXIS2_PLACEMENT_3D('',#5970,#4729,#4730);
#4088=AXIS2_PLACEMENT_3D('',#5971,#4731,#4732);
#4089=AXIS2_PLACEMENT_3D('',#5973,#4733,#4734);
#4090=AXIS2_PLACEMENT_3D('',#5975,#4735,#4736);
#4091=AXIS2_PLACEMENT_3D('',#5980,#4739,#4740);
#4092=AXIS2_PLACEMENT_3D('',#5981,#4741,#4742);
#4093=AXIS2_PLACEMENT_3D('',#5982,#4743,#4744);
#4094=AXIS2_PLACEMENT_3D('',#5983,#4745,#4746);
#4095=AXIS2_PLACEMENT_3D('',#5986,#4748,#4749);
#4096=AXIS2_PLACEMENT_3D('',#5990,#4752,#4753);
#4097=AXIS2_PLACEMENT_3D('',#5991,#4754,#4755);
#4098=AXIS2_PLACEMENT_3D('',#5994,#4757,#4758);
#4099=AXIS2_PLACEMENT_3D('',#5998,#4761,#4762);
#4100=AXIS2_PLACEMENT_3D('',#5999,#4763,#4764);
#4101=AXIS2_PLACEMENT_3D('',#6000,#4765,#4766);
#4102=AXIS2_PLACEMENT_3D('',#6001,#4767,#4768);
#4103=AXIS2_PLACEMENT_3D('',#6004,#4770,#4771);
#4104=AXIS2_PLACEMENT_3D('',#6008,#4774,#4775);
#4105=AXIS2_PLACEMENT_3D('',#6009,#4776,#4777);
#4106=AXIS2_PLACEMENT_3D('',#6014,#4779,#4780);
#4107=AXIS2_PLACEMENT_3D('',#6019,#4783,#4784);
#4108=AXIS2_PLACEMENT_3D('',#6022,#4786,#4787);
#4109=AXIS2_PLACEMENT_3D('',#6031,#4793,#4794);
#4110=AXIS2_PLACEMENT_3D('',#6032,#4795,#4796);
#4111=AXIS2_PLACEMENT_3D('',#6036,#4798,#4799);
#4112=AXIS2_PLACEMENT_3D('',#6037,#4800,#4801);
#4113=AXIS2_PLACEMENT_3D('',#6038,#4802,#4803);
#4114=AXIS2_PLACEMENT_3D('',#6039,#4804,#4805);
#4115=AXIS2_PLACEMENT_3D('',#6044,#4807,#4808);
#4116=AXIS2_PLACEMENT_3D('',#6047,#4810,#4811);
#4117=AXIS2_PLACEMENT_3D('',#6050,#4813,#4814);
#4118=AXIS2_PLACEMENT_3D('',#6059,#4820,#4821);
#4119=AXIS2_PLACEMENT_3D('',#6060,#4822,#4823);
#4120=AXIS2_PLACEMENT_3D('',#6065,#4825,#4826);
#4121=AXIS2_PLACEMENT_3D('',#6068,#4828,#4829);
#4122=AXIS2_PLACEMENT_3D('',#6071,#4831,#4832);
#4123=AXIS2_PLACEMENT_3D('',#6078,#4837,#4838);
#4124=AXIS2_PLACEMENT_3D('',#6079,#4839,#4840);
#4125=AXIS2_PLACEMENT_3D('',#6084,#4842,#4843);
#4126=AXIS2_PLACEMENT_3D('',#6087,#4845,#4846);
#4127=AXIS2_PLACEMENT_3D('',#6090,#4848,#4849);
#4128=AXIS2_PLACEMENT_3D('',#6091,#4850,#4851);
#4129=AXIS2_PLACEMENT_3D('',#6093,#4852,#4853);
#4130=AXIS2_PLACEMENT_3D('',#6095,#4854,#4855);
#4131=AXIS2_PLACEMENT_3D('',#6105,#4861,#4862);
#4132=AXIS2_PLACEMENT_3D('',#6106,#4863,#4864);
#4133=AXIS2_PLACEMENT_3D('',#6110,#4866,#4867);
#4134=AXIS2_PLACEMENT_3D('',#6111,#4868,#4869);
#4135=AXIS2_PLACEMENT_3D('',#6112,#4870,#4871);
#4136=AXIS2_PLACEMENT_3D('',#6113,#4872,#4873);
#4137=AXIS2_PLACEMENT_3D('',#6118,#4875,#4876);
#4138=AXIS2_PLACEMENT_3D('',#6121,#4878,#4879);
#4139=AXIS2_PLACEMENT_3D('',#6124,#4881,#4882);
#4140=AXIS2_PLACEMENT_3D('',#6131,#4887,#4888);
#4141=AXIS2_PLACEMENT_3D('',#6132,#4889,#4890);
#4142=AXIS2_PLACEMENT_3D('',#6133,#4891,#4892);
#4143=AXIS2_PLACEMENT_3D('',#6134,#4893,#4894);
#4144=AXIS2_PLACEMENT_3D('',#6136,#4895,#4896);
#4145=AXIS2_PLACEMENT_3D('',#6138,#4897,#4898);
#4146=AXIS2_PLACEMENT_3D('',#6140,#4899,#4900);
#4147=AXIS2_PLACEMENT_3D('',#6142,#4901,#4902);
#4148=AXIS2_PLACEMENT_3D('',#6146,#4905,#4906);
#4149=AXIS2_PLACEMENT_3D('',#6151,#4910,#4911);
#4150=AXIS2_PLACEMENT_3D('',#6153,#4913,#4914);
#4151=AXIS2_PLACEMENT_3D('',#6154,#4915,#4916);
#4152=AXIS2_PLACEMENT_3D('',#6156,#4917,#4918);
#4153=AXIS2_PLACEMENT_3D('',#6158,#4919,#4920);
#4154=AXIS2_PLACEMENT_3D('',#6160,#4921,#4922);
#4155=AXIS2_PLACEMENT_3D('',#6162,#4923,#4924);
#4156=AXIS2_PLACEMENT_3D('',#6166,#4926,#4927);
#4157=AXIS2_PLACEMENT_3D('',#6168,#4928,#4929);
#4158=AXIS2_PLACEMENT_3D('',#6176,#4934,#4935);
#4159=AXIS2_PLACEMENT_3D('',#6182,#4939,#4940);
#4160=AXIS2_PLACEMENT_3D('',#6183,#4941,#4942);
#4161=AXIS2_PLACEMENT_3D('',#6185,#4943,#4944);
#4162=AXIS2_PLACEMENT_3D('',#6187,#4945,#4946);
#4163=AXIS2_PLACEMENT_3D('',#6189,#4947,#4948);
#4164=AXIS2_PLACEMENT_3D('',#6191,#4949,#4950);
#4165=AXIS2_PLACEMENT_3D('',#6193,#4951,#4952);
#4166=AXIS2_PLACEMENT_3D('',#6195,#4953,#4954);
#4167=AXIS2_PLACEMENT_3D('',#6202,#4958,#4959);
#4168=AXIS2_PLACEMENT_3D('',#6203,#4960,#4961);
#4169=AXIS2_PLACEMENT_3D('',#6205,#4962,#4963);
#4170=AXIS2_PLACEMENT_3D('',#6207,#4964,#4965);
#4171=AXIS2_PLACEMENT_3D('',#6209,#4966,#4967);
#4172=AXIS2_PLACEMENT_3D('',#6211,#4968,#4969);
#4173=AXIS2_PLACEMENT_3D('',#6217,#4972,#4973);
#4174=AXIS2_PLACEMENT_3D('',#6219,#4974,#4975);
#4175=AXIS2_PLACEMENT_3D('',#6220,#4976,#4977);
#4176=AXIS2_PLACEMENT_3D('',#6223,#4980,#4981);
#4177=AXIS2_PLACEMENT_3D('',#6225,#4983,#4984);
#4178=AXIS2_PLACEMENT_3D('',#6227,#4986,#4987);
#4179=AXIS2_PLACEMENT_3D('',#6228,#4988,#4989);
#4180=AXIS2_PLACEMENT_3D('',#6229,#4990,#4991);
#4181=AXIS2_PLACEMENT_3D('',#6233,#4994,#4995);
#4182=AXIS2_PLACEMENT_3D('',#6235,#4997,#4998);
#4183=AXIS2_PLACEMENT_3D('',#6236,#4999,#5000);
#4184=AXIS2_PLACEMENT_3D('',#6240,#5003,#5004);
#4185=AXIS2_PLACEMENT_3D('',#6241,#5005,#5006);
#4186=AXIS2_PLACEMENT_3D('',#6243,#5007,#5008);
#4187=AXIS2_PLACEMENT_3D('',#6245,#5009,#5010);
#4188=AXIS2_PLACEMENT_3D('',#6247,#5011,#5012);
#4189=AXIS2_PLACEMENT_3D('',#6249,#5013,#5014);
#4190=AXIS2_PLACEMENT_3D('',#6255,#5017,#5018);
#4191=AXIS2_PLACEMENT_3D('',#6257,#5019,#5020);
#4192=AXIS2_PLACEMENT_3D('',#6258,#5021,#5022);
#4193=AXIS2_PLACEMENT_3D('',#6260,#5024,#5025);
#4194=AXIS2_PLACEMENT_3D('',#6263,#5028,#5029);
#4195=AXIS2_PLACEMENT_3D('',#6264,#5030,#5031);
#4196=AXIS2_PLACEMENT_3D('',#6265,#5032,#5033);
#4197=AXIS2_PLACEMENT_3D('',#6268,#5036,#5037);
#4198=AXIS2_PLACEMENT_3D('',#6270,#5039,#5040);
#4199=AXIS2_PLACEMENT_3D('',#6272,#5042,#5043);
#4200=AXIS2_PLACEMENT_3D('',#6273,#5044,#5045);
#4201=AXIS2_PLACEMENT_3D('',#6274,#5046,#5047);
#4202=AXIS2_PLACEMENT_3D('',#6276,#5048,#5049);
#4203=AXIS2_PLACEMENT_3D('',#6277,#5050,#5051);
#4204=AXIS2_PLACEMENT_3D('',#6279,#5052,#5053);
#4205=AXIS2_PLACEMENT_3D('',#6280,#5054,#5055);
#4206=AXIS2_PLACEMENT_3D('',#6281,#5056,#5057);
#4207=AXIS2_PLACEMENT_3D('',#6283,#5058,#5059);
#4208=AXIS2_PLACEMENT_3D('',#6284,#5060,#5061);
#4209=AXIS2_PLACEMENT_3D('',#6286,#5062,#5063);
#4210=AXIS2_PLACEMENT_3D('',#6287,#5064,#5065);
#4211=AXIS2_PLACEMENT_3D('',#6288,#5066,#5067);
#4212=AXIS2_PLACEMENT_3D('',#6290,#5068,#5069);
#4213=AXIS2_PLACEMENT_3D('',#6291,#5070,#5071);
#4214=AXIS2_PLACEMENT_3D('',#6293,#5072,#5073);
#4215=AXIS2_PLACEMENT_3D('',#6294,#5074,#5075);
#4216=AXIS2_PLACEMENT_3D('',#6295,#5076,#5077);
#4217=AXIS2_PLACEMENT_3D('',#6297,#5078,#5079);
#4218=AXIS2_PLACEMENT_3D('',#6298,#5080,#5081);
#4219=AXIS2_PLACEMENT_3D('',#6300,#5082,#5083);
#4220=AXIS2_PLACEMENT_3D('',#6301,#5084,#5085);
#4221=AXIS2_PLACEMENT_3D('',#6304,#5088,#5089);
#4222=AXIS2_PLACEMENT_3D('',#6306,#5091,#5092);
#4223=AXIS2_PLACEMENT_3D('',#6308,#5094,#5095);
#4224=AXIS2_PLACEMENT_3D('',#6309,#5096,#5097);
#4225=AXIS2_PLACEMENT_3D('',#6310,#5098,#5099);
#4226=AXIS2_PLACEMENT_3D('',#6312,#5100,#5101);
#4227=AXIS2_PLACEMENT_3D('',#6313,#5102,#5103);
#4228=AXIS2_PLACEMENT_3D('',#6315,#5104,#5105);
#4229=AXIS2_PLACEMENT_3D('',#6316,#5106,#5107);
#4230=AXIS2_PLACEMENT_3D('',#6317,#5108,#5109);
#4231=AXIS2_PLACEMENT_3D('',#6319,#5110,#5111);
#4232=AXIS2_PLACEMENT_3D('',#6320,#5112,#5113);
#4233=AXIS2_PLACEMENT_3D('',#6322,#5114,#5115);
#4234=AXIS2_PLACEMENT_3D('',#6323,#5116,#5117);
#4235=AXIS2_PLACEMENT_3D('',#6324,#5118,#5119);
#4236=AXIS2_PLACEMENT_3D('',#6326,#5120,#5121);
#4237=AXIS2_PLACEMENT_3D('',#6327,#5122,#5123);
#4238=AXIS2_PLACEMENT_3D('',#6329,#5124,#5125);
#4239=AXIS2_PLACEMENT_3D('',#6330,#5126,#5127);
#4240=AXIS2_PLACEMENT_3D('',#6331,#5128,#5129);
#4241=AXIS2_PLACEMENT_3D('',#6333,#5130,#5131);
#4242=AXIS2_PLACEMENT_3D('',#6334,#5132,#5133);
#4243=AXIS2_PLACEMENT_3D('',#6336,#5134,#5135);
#4244=AXIS2_PLACEMENT_3D('',#6337,#5136,#5137);
#4245=AXIS2_PLACEMENT_3D('',#6338,#5138,#5139);
#4246=AXIS2_PLACEMENT_3D('',#6340,#5140,#5141);
#4247=AXIS2_PLACEMENT_3D('',#6341,#5142,#5143);
#4248=AXIS2_PLACEMENT_3D('',#6343,#5144,#5145);
#4249=AXIS2_PLACEMENT_3D('',#6344,#5146,#5147);
#4250=AXIS2_PLACEMENT_3D('',#6345,#5148,#5149);
#4251=AXIS2_PLACEMENT_3D('',#6347,#5150,#5151);
#4252=AXIS2_PLACEMENT_3D('',#6348,#5152,#5153);
#4253=AXIS2_PLACEMENT_3D('',#6350,#5154,#5155);
#4254=AXIS2_PLACEMENT_3D('',#6351,#5156,#5157);
#4255=AXIS2_PLACEMENT_3D('',#6357,#5161,#5162);
#4256=AXIS2_PLACEMENT_3D('',#6358,#5163,#5164);
#4257=AXIS2_PLACEMENT_3D('',#6359,#5165,#5166);
#4258=AXIS2_PLACEMENT_3D('',#6360,#5167,#5168);
#4259=AXIS2_PLACEMENT_3D('',#6366,#5172,#5173);
#4260=AXIS2_PLACEMENT_3D('',#6367,#5174,#5175);
#4261=AXIS2_PLACEMENT_3D('',#6368,#5176,#5177);
#4262=AXIS2_PLACEMENT_3D('',#6369,#5178,#5179);
#4263=AXIS2_PLACEMENT_3D('',#6375,#5183,#5184);
#4264=AXIS2_PLACEMENT_3D('',#6376,#5185,#5186);
#4265=AXIS2_PLACEMENT_3D('',#6377,#5187,#5188);
#4266=AXIS2_PLACEMENT_3D('',#6378,#5189,#5190);
#4267=AXIS2_PLACEMENT_3D('',#6384,#5194,#5195);
#4268=AXIS2_PLACEMENT_3D('',#6385,#5196,#5197);
#4269=AXIS2_PLACEMENT_3D('',#6386,#5198,#5199);
#4270=AXIS2_PLACEMENT_3D('',#6387,#5200,#5201);
#4271=AXIS2_PLACEMENT_3D('',#6393,#5205,#5206);
#4272=AXIS2_PLACEMENT_3D('',#6394,#5207,#5208);
#4273=AXIS2_PLACEMENT_3D('',#6395,#5209,#5210);
#4274=AXIS2_PLACEMENT_3D('',#6396,#5211,#5212);
#4275=AXIS2_PLACEMENT_3D('',#6402,#5216,#5217);
#4276=AXIS2_PLACEMENT_3D('',#6403,#5218,#5219);
#4277=AXIS2_PLACEMENT_3D('',#6404,#5220,#5221);
#4278=AXIS2_PLACEMENT_3D('',#6405,#5222,#5223);
#4279=AXIS2_PLACEMENT_3D('',#6411,#5227,#5228);
#4280=AXIS2_PLACEMENT_3D('',#6412,#5229,#5230);
#4281=AXIS2_PLACEMENT_3D('',#6413,#5231,#5232);
#4282=AXIS2_PLACEMENT_3D('',#6414,#5233,#5234);
#4283=AXIS2_PLACEMENT_3D('',#6420,#5238,#5239);
#4284=AXIS2_PLACEMENT_3D('',#6421,#5240,#5241);
#4285=AXIS2_PLACEMENT_3D('',#6426,#5243,#5244);
#4286=AXIS2_PLACEMENT_3D('',#6429,#5246,#5247);
#4287=AXIS2_PLACEMENT_3D('',#6435,#5251,#5252);
#4288=AXIS2_PLACEMENT_3D('',#6436,#5253,#5254);
#4289=AXIS2_PLACEMENT_3D('',#6440,#5256,#5257);
#4290=AXIS2_PLACEMENT_3D('',#6441,#5258,#5259);
#4291=AXIS2_PLACEMENT_3D('',#6447,#5263,#5264);
#4292=AXIS2_PLACEMENT_3D('',#6448,#5265,#5266);
#4293=AXIS2_PLACEMENT_3D('',#6452,#5268,#5269);
#4294=AXIS2_PLACEMENT_3D('',#6453,#5270,#5271);
#4295=AXIS2_PLACEMENT_3D('',#6459,#5275,#5276);
#4296=AXIS2_PLACEMENT_3D('',#6460,#5277,#5278);
#4297=AXIS2_PLACEMENT_3D('',#6464,#5280,#5281);
#4298=AXIS2_PLACEMENT_3D('',#6465,#5282,#5283);
#4299=AXIS2_PLACEMENT_3D('',#6471,#5287,#5288);
#4300=AXIS2_PLACEMENT_3D('',#6472,#5289,#5290);
#4301=AXIS2_PLACEMENT_3D('',#6476,#5292,#5293);
#4302=AXIS2_PLACEMENT_3D('',#6477,#5294,#5295);
#4303=AXIS2_PLACEMENT_3D('',#6483,#5299,#5300);
#4304=AXIS2_PLACEMENT_3D('',#6484,#5301,#5302);
#4305=AXIS2_PLACEMENT_3D('',#6488,#5304,#5305);
#4306=AXIS2_PLACEMENT_3D('',#6489,#5306,#5307);
#4307=AXIS2_PLACEMENT_3D('',#6495,#5311,#5312);
#4308=AXIS2_PLACEMENT_3D('',#6496,#5313,#5314);
#4309=AXIS2_PLACEMENT_3D('',#6500,#5316,#5317);
#4310=AXIS2_PLACEMENT_3D('',#6501,#5318,#5319);
#4311=AXIS2_PLACEMENT_3D('',#6507,#5323,#5324);
#4312=AXIS2_PLACEMENT_3D('',#6508,#5325,#5326);
#4313=AXIS2_PLACEMENT_3D('',#6512,#5328,#5329);
#4314=AXIS2_PLACEMENT_3D('',#6513,#5330,#5331);
#4315=AXIS2_PLACEMENT_3D('',#6516,#5334,#5335);
#4316=AXIS2_PLACEMENT_3D('',#6517,#5336,#5337);
#4317=AXIS2_PLACEMENT_3D('',#6518,#5338,#5339);
#4318=AXIS2_PLACEMENT_3D('',#6519,#5340,#5341);
#4319=AXIS2_PLACEMENT_3D('',#6520,#5342,#5343);
#4320=AXIS2_PLACEMENT_3D('',#6522,#5344,#5345);
#4321=AXIS2_PLACEMENT_3D('',#6524,#5346,#5347);
#4322=AXIS2_PLACEMENT_3D('',#6526,#5348,#5349);
#4323=AXIS2_PLACEMENT_3D('',#6528,#5350,#5351);
#4324=AXIS2_PLACEMENT_3D('',#6529,#5352,#5353);
#4325=AXIS2_PLACEMENT_3D('',#6530,#5354,#5355);
#4326=AXIS2_PLACEMENT_3D('',#6532,#5356,#5357);
#4327=AXIS2_PLACEMENT_3D('',#6533,#5358,#5359);
#4328=AXIS2_PLACEMENT_3D('',#6534,#5360,#5361);
#4329=AXIS2_PLACEMENT_3D('',#6536,#5362,#5363);
#4330=AXIS2_PLACEMENT_3D('',#6537,#5364,#5365);
#4331=AXIS2_PLACEMENT_3D('',#6538,#5366,#5367);
#4332=AXIS2_PLACEMENT_3D('',#6540,#5368,#5369);
#4333=AXIS2_PLACEMENT_3D('',#6541,#5370,#5371);
#4334=AXIS2_PLACEMENT_3D('',#6542,#5372,#5373);
#4335=AXIS2_PLACEMENT_3D('',#6544,#5374,#5375);
#4336=AXIS2_PLACEMENT_3D('',#6545,#5376,#5377);
#4337=AXIS2_PLACEMENT_3D('',#6555,#5384,#5385);
#4338=AXIS2_PLACEMENT_3D('',#6556,#5386,#5387);
#4339=AXIS2_PLACEMENT_3D('',#6567,#5393,#5394);
#4340=AXIS2_PLACEMENT_3D('',#6570,#5397,#5398);
#4341=AXIS2_PLACEMENT_3D('',#6572,#5400,#5401);
#4342=AXIS2_PLACEMENT_3D('',#6574,#5403,#5404);
#4343=AXIS2_PLACEMENT_3D('',#6575,#5405,#5406);
#4344=AXIS2_PLACEMENT_3D('',#6577,#5408,#5409);
#4345=AXIS2_PLACEMENT_3D('',#6578,#5410,#5411);
#4346=AXIS2_PLACEMENT_3D('',#6589,#5417,#5418);
#4347=AXIS2_PLACEMENT_3D('',#6592,#5421,#5422);
#4348=AXIS2_PLACEMENT_3D('',#6594,#5424,#5425);
#4349=AXIS2_PLACEMENT_3D('',#6596,#5427,#5428);
#4350=AXIS2_PLACEMENT_3D('',#6597,#5429,#5430);
#4351=AXIS2_PLACEMENT_3D('',#6599,#5432,#5433);
#4352=AXIS2_PLACEMENT_3D('',#6600,#5434,#5435);
#4353=AXIS2_PLACEMENT_3D('',#6611,#5441,#5442);
#4354=AXIS2_PLACEMENT_3D('',#6614,#5445,#5446);
#4355=AXIS2_PLACEMENT_3D('',#6616,#5448,#5449);
#4356=AXIS2_PLACEMENT_3D('',#6618,#5451,#5452);
#4357=AXIS2_PLACEMENT_3D('',#6619,#5453,#5454);
#4358=AXIS2_PLACEMENT_3D('',#6620,#5455,#5456);
#4359=AXIS2_PLACEMENT_3D('',#6621,#5457,#5458);
#4360=AXIS2_PLACEMENT_3D('',#6628,#5462,#5463);
#4361=AXIS2_PLACEMENT_3D('',#6630,#5465,#5466);
#4362=AXIS2_PLACEMENT_3D('',#6632,#5468,#5469);
#4363=AXIS2_PLACEMENT_3D('',#6633,#5470,#5471);
#4364=AXIS2_PLACEMENT_3D('',#6634,#5472,#5473);
#4365=AXIS2_PLACEMENT_3D('',#6636,#5474,#5475);
#4366=AXIS2_PLACEMENT_3D('',#6638,#5476,#5477);
#4367=AXIS2_PLACEMENT_3D('',#6639,#5478,#5479);
#4368=AXIS2_PLACEMENT_3D('',#6641,#5480,#5481);
#4369=AXIS2_PLACEMENT_3D('',#6642,#5482,#5483);
#4370=AXIS2_PLACEMENT_3D('',#6643,#5484,#5485);
#4371=AXIS2_PLACEMENT_3D('',#6644,#5486,#5487);
#4372=AXIS2_PLACEMENT_3D('',#6646,#5488,#5489);
#4373=AXIS2_PLACEMENT_3D('',#6648,#5490,#5491);
#4374=AXIS2_PLACEMENT_3D('',#6649,#5492,#5493);
#4375=AXIS2_PLACEMENT_3D('',#6651,#5494,#5495);
#4376=AXIS2_PLACEMENT_3D('',#6652,#5496,#5497);
#4377=AXIS2_PLACEMENT_3D('',#6653,#5498,#5499);
#4378=AXIS2_PLACEMENT_3D('',#6654,#5500,#5501);
#4379=AXIS2_PLACEMENT_3D('',#6656,#5502,#5503);
#4380=AXIS2_PLACEMENT_3D('',#6658,#5504,#5505);
#4381=AXIS2_PLACEMENT_3D('',#6659,#5506,#5507);
#4382=AXIS2_PLACEMENT_3D('',#6661,#5508,#5509);
#4383=AXIS2_PLACEMENT_3D('',#6662,#5510,#5511);
#4384=AXIS2_PLACEMENT_3D('',#6663,#5512,#5513);
#4385=AXIS2_PLACEMENT_3D('',#6664,#5514,#5515);
#4386=AXIS2_PLACEMENT_3D('',#6666,#5516,#5517);
#4387=AXIS2_PLACEMENT_3D('',#6668,#5518,#5519);
#4388=AXIS2_PLACEMENT_3D('',#6669,#5520,#5521);
#4389=AXIS2_PLACEMENT_3D('',#6671,#5522,#5523);
#4390=AXIS2_PLACEMENT_3D('',#6672,#5524,#5525);
#4391=AXIS2_PLACEMENT_3D('',#6673,#5526,#5527);
#4392=AXIS2_PLACEMENT_3D('',#6674,#5528,#5529);
#4393=AXIS2_PLACEMENT_3D('',#6676,#5530,#5531);
#4394=AXIS2_PLACEMENT_3D('',#6677,#5532,#5533);
#4395=AXIS2_PLACEMENT_3D('',#6678,#5534,#5535);
#4396=AXIS2_PLACEMENT_3D('',#6680,#5536,#5537);
#4397=AXIS2_PLACEMENT_3D('',#6681,#5538,#5539);
#4398=AXIS2_PLACEMENT_3D('',#6682,#5540,#5541);
#4399=AXIS2_PLACEMENT_3D('',#6684,#5542,#5543);
#4400=AXIS2_PLACEMENT_3D('',#6685,#5544,#5545);
#4401=AXIS2_PLACEMENT_3D('',#6686,#5546,#5547);
#4402=AXIS2_PLACEMENT_3D('',#6688,#5548,#5549);
#4403=AXIS2_PLACEMENT_3D('',#6689,#5550,#5551);
#4404=AXIS2_PLACEMENT_3D('',#6690,#5552,#5553);
#4405=AXIS2_PLACEMENT_3D('',#6691,#5554,#5555);
#4406=DIRECTION('',(0.,0.,1.));
#4407=DIRECTION('',(1.,0.,0.));
#4408=DIRECTION('',(-1.,0.,0.));
#4409=DIRECTION('',(0.,0.,1.));
#4410=DIRECTION('',(0.,-1.,0.));
#4411=DIRECTION('',(0.,0.,1.));
#4412=DIRECTION('',(0.,-1.,0.));
#4413=DIRECTION('',(0.,0.,1.));
#4414=DIRECTION('',(0.,-2.89120579329468E-16,-1.));
#4415=DIRECTION('',(0.,1.,0.));
#4416=DIRECTION('',(0.,0.,-1.));
#4417=DIRECTION('',(0.,1.,0.));
#4418=DIRECTION('',(1.,0.,0.));
#4419=DIRECTION('',(0.,0.,-1.));
#4420=DIRECTION('',(0.,1.,0.));
#4421=DIRECTION('',(0.,0.,1.));
#4422=DIRECTION('',(0.,1.,0.));
#4423=DIRECTION('',(0.,0.,1.));
#4424=DIRECTION('',(0.,-2.89120579329468E-16,-1.));
#4425=DIRECTION('',(0.,1.,0.));
#4426=DIRECTION('',(0.,0.,-1.));
#4427=DIRECTION('',(0.,1.,0.));
#4428=DIRECTION('',(0.,-1.,0.));
#4429=DIRECTION('',(0.,0.,-1.));
#4430=DIRECTION('',(1.,0.,0.));
#4431=DIRECTION('',(1.,0.,0.));
#4432=DIRECTION('',(0.,0.,1.));
#4433=DIRECTION('',(0.,-1.,0.));
#4434=DIRECTION('',(0.,0.,-1.));
#4435=DIRECTION('',(1.,0.,0.));
#4436=DIRECTION('',(0.,0.,1.));
#4437=DIRECTION('',(1.,0.,0.));
#4438=DIRECTION('',(1.,0.,0.));
#4439=DIRECTION('',(0.,0.,-1.));
#4440=DIRECTION('',(0.,1.,0.));
#4441=DIRECTION('',(0.,0.,1.));
#4442=DIRECTION('',(0.,1.,0.));
#4443=DIRECTION('',(0.,0.,1.));
#4444=DIRECTION('',(0.,-1.,0.));
#4445=DIRECTION('',(0.,0.,-1.));
#4446=DIRECTION('',(1.,0.,0.));
#4447=DIRECTION('',(1.,0.,0.));
#4448=DIRECTION('',(0.,-1.,0.));
#4449=DIRECTION('',(0.,0.,-1.));
#4450=DIRECTION('',(1.,0.,0.));
#4451=DIRECTION('',(1.,0.,0.));
#4452=DIRECTION('',(-1.,0.,0.));
#4453=DIRECTION('',(0.,0.,1.));
#4454=DIRECTION('',(0.,-1.,0.));
#4455=DIRECTION('',(0.,-1.,0.));
#4456=DIRECTION('',(0.,0.,-1.));
#4457=DIRECTION('',(1.,0.,0.));
#4458=DIRECTION('',(0.,0.,-1.));
#4459=DIRECTION('',(1.,0.,0.));
#4460=DIRECTION('',(0.,0.,-1.));
#4461=DIRECTION('',(-1.,0.,0.));
#4462=DIRECTION('',(0.,0.,-1.));
#4463=DIRECTION('',(-1.,0.,0.));
#4464=DIRECTION('',(0.,0.,-1.));
#4465=DIRECTION('',(-1.,0.,0.));
#4466=DIRECTION('',(0.,0.,-1.));
#4467=DIRECTION('',(1.,0.,0.));
#4468=DIRECTION('',(0.,1.,-2.89120579329468E-16));
#4469=DIRECTION('',(0.,2.89120579329468E-16,1.));
#4470=DIRECTION('',(-1.,0.,0.));
#4471=DIRECTION('',(-1.,0.,0.));
#4472=DIRECTION('',(0.,0.,1.));
#4473=DIRECTION('',(1.,0.,0.));
#4474=DIRECTION('',(-1.,0.,0.));
#4475=DIRECTION('',(0.,1.,0.));
#4476=DIRECTION('',(0.,0.,1.));
#4477=DIRECTION('',(-1.,0.,0.));
#4478=DIRECTION('',(0.,0.,1.));
#4479=DIRECTION('',(1.,0.,0.));
#4480=DIRECTION('',(0.,0.,1.));
#4481=DIRECTION('',(1.,0.,0.));
#4482=DIRECTION('',(0.,0.,-1.));
#4483=DIRECTION('',(-1.,0.,0.));
#4484=DIRECTION('',(0.,0.,-1.));
#4485=DIRECTION('',(-1.,0.,0.));
#4486=DIRECTION('',(0.,0.,-1.));
#4487=DIRECTION('',(-1.,0.,0.));
#4488=DIRECTION('',(0.,0.,1.));
#4489=DIRECTION('',(1.,0.,0.));
#4490=DIRECTION('',(0.,0.,-1.));
#4491=DIRECTION('',(-1.,0.,0.));
#4492=DIRECTION('',(0.,0.,-1.));
#4493=DIRECTION('',(-1.,0.,0.));
#4494=DIRECTION('',(0.,0.,1.));
#4495=DIRECTION('',(1.,0.,0.));
#4496=DIRECTION('',(0.,0.,-1.));
#4497=DIRECTION('',(-1.,0.,0.));
#4498=DIRECTION('',(0.,0.,-1.));
#4499=DIRECTION('',(-1.,0.,0.));
#4500=DIRECTION('',(0.,0.,-1.));
#4501=DIRECTION('',(-1.,0.,0.));
#4502=DIRECTION('',(0.,0.,1.));
#4503=DIRECTION('',(1.,0.,0.));
#4504=DIRECTION('',(0.,0.,-1.));
#4505=DIRECTION('',(-1.,0.,0.));
#4506=DIRECTION('',(0.,0.,-1.));
#4507=DIRECTION('',(-1.,0.,0.));
#4508=DIRECTION('',(0.,0.,1.));
#4509=DIRECTION('',(1.,0.,0.));
#4510=DIRECTION('',(0.,0.,-1.));
#4511=DIRECTION('',(-1.,0.,0.));
#4512=DIRECTION('',(0.,0.,-1.));
#4513=DIRECTION('',(-1.,0.,0.));
#4514=DIRECTION('',(0.,0.,-1.));
#4515=DIRECTION('',(-1.,0.,0.));
#4516=DIRECTION('',(0.,0.,1.));
#4517=DIRECTION('',(1.,0.,0.));
#4518=DIRECTION('',(0.,0.,-1.));
#4519=DIRECTION('',(-1.,0.,0.));
#4520=DIRECTION('',(0.,0.,-1.));
#4521=DIRECTION('',(-1.,0.,0.));
#4522=DIRECTION('',(0.,0.,1.));
#4523=DIRECTION('',(1.,0.,0.));
#4524=DIRECTION('',(0.,0.,1.));
#4525=DIRECTION('',(1.,0.,0.));
#4526=DIRECTION('',(0.,0.,1.));
#4527=DIRECTION('',(1.,0.,0.));
#4528=DIRECTION('',(0.0136262239442938,-0.999907158700757,0.));
#4529=DIRECTION('',(0.,0.,1.));
#4530=DIRECTION('',(1.,0.,0.));
#4531=DIRECTION('',(0.716676327827255,-0.697405937121302,0.));
#4532=DIRECTION('',(0.,0.,1.));
#4533=DIRECTION('',(1.,0.,0.));
#4534=DIRECTION('',(0.999907158700757,0.0136262239442938,0.));
#4535=DIRECTION('',(0.,0.,1.));
#4536=DIRECTION('',(1.,0.,0.));
#4537=DIRECTION('',(0.697405937121302,0.716676327827255,0.));
#4538=DIRECTION('',(0.,0.,1.));
#4539=DIRECTION('',(1.,0.,0.));
#4540=DIRECTION('',(-0.0136262239442941,0.999907158700757,0.));
#4541=DIRECTION('',(0.,0.,1.));
#4542=DIRECTION('',(1.,0.,0.));
#4543=DIRECTION('',(-0.716676327827255,0.697405937121302,0.));
#4544=DIRECTION('',(0.,0.,1.));
#4545=DIRECTION('',(1.,0.,0.));
#4546=DIRECTION('',(-0.999907158700757,-0.0136262239442938,0.));
#4547=DIRECTION('',(0.,0.,1.));
#4548=DIRECTION('',(1.,0.,0.));
#4549=DIRECTION('',(-0.697405937121302,-0.716676327827255,0.));
#4550=DIRECTION('',(0.,1.,0.));
#4551=DIRECTION('',(1.,0.,0.));
#4552=DIRECTION('',(0.,1.,0.));
#4553=DIRECTION('',(-1.,0.,0.));
#4554=DIRECTION('',(0.,1.,0.));
#4555=DIRECTION('',(1.,0.,0.));
#4556=DIRECTION('',(0.0197527515256006,-0.999804895370676,0.));
#4557=DIRECTION('',(-1.,0.,0.));
#4558=DIRECTION('',(0.,1.,0.));
#4559=DIRECTION('',(-1.,0.,0.));
#4560=DIRECTION('',(-0.0171423552845599,-0.999853059031825,0.));
#4561=DIRECTION('',(-0.999991471924692,-0.00412990046942566,0.));
#4562=DIRECTION('',(1.23323669812515E-14,1.,0.));
#4563=DIRECTION('',(-1.,0.,0.));
#4564=DIRECTION('',(1.23323669812515E-14,1.,0.));
#4565=DIRECTION('',(-0.999991421373698,0.0041421225250025,0.));
#4566=DIRECTION('',(-0.0194788586305217,0.999810269034306,0.));
#4567=DIRECTION('',(-1.,0.,0.));
#4568=DIRECTION('',(0.,1.,0.));
#4569=DIRECTION('',(-1.,0.,0.));
#4570=DIRECTION('',(-1.,0.,0.));
#4571=DIRECTION('',(0.,0.,1.));
#4572=DIRECTION('',(0.,1.,0.));
#4573=DIRECTION('',(0.,0.,1.));
#4574=DIRECTION('',(0.,-1.,0.));
#4575=DIRECTION('',(0.,0.,1.));
#4576=DIRECTION('',(0.,-1.,0.));
#4577=DIRECTION('',(0.,0.,-1.));
#4578=DIRECTION('',(-1.,0.,0.));
#4579=DIRECTION('',(0.,0.,1.));
#4580=DIRECTION('',(1.,0.,0.));
#4581=DIRECTION('',(-1.,0.,0.));
#4582=DIRECTION('',(0.,0.,1.));
#4583=DIRECTION('',(0.,1.,0.));
#4584=DIRECTION('',(0.,0.,1.));
#4585=DIRECTION('',(0.,-1.,0.));
#4586=DIRECTION('',(0.,0.,1.));
#4587=DIRECTION('',(1.,0.,0.));
#4588=DIRECTION('',(-0.0136262239442938,0.999907158700757,0.));
#4589=DIRECTION('',(-0.999907158700757,-0.0136262239442938,0.));
#4590=DIRECTION('',(-0.0136262239442938,0.999907158700757,0.));
#4591=DIRECTION('',(-0.999982092474277,-0.00598454098215433,0.));
#4592=DIRECTION('',(0.,0.,1.));
#4593=DIRECTION('',(1.,0.,0.));
#4594=DIRECTION('',(-0.711325828164444,0.702862409142904,0.));
#4595=DIRECTION('',(0.,0.,1.));
#4596=DIRECTION('',(1.,0.,0.));
#4597=DIRECTION('',(-0.00598454098215433,0.999982092474277,0.));
#4598=DIRECTION('',(0.,0.,1.));
#4599=DIRECTION('',(1.,0.,0.));
#4600=DIRECTION('',(0.702862409142904,0.711325828164445,0.));
#4601=DIRECTION('',(0.,0.,1.));
#4602=DIRECTION('',(1.,0.,0.));
#4603=DIRECTION('',(0.999982092474277,0.00598454098215432,0.));
#4604=DIRECTION('',(0.,0.,1.));
#4605=DIRECTION('',(1.,0.,0.));
#4606=DIRECTION('',(0.711325828164445,-0.702862409142904,0.));
#4607=DIRECTION('',(0.,0.,1.));
#4608=DIRECTION('',(1.,0.,0.));
#4609=DIRECTION('',(0.00598454098215432,-0.999982092474277,0.));
#4610=DIRECTION('',(0.,0.,1.));
#4611=DIRECTION('',(1.,0.,0.));
#4612=DIRECTION('',(-0.702862409142904,-0.711325828164445,0.));
#4613=DIRECTION('',(0.,0.,1.));
#4614=DIRECTION('',(1.,0.,0.));
#4615=DIRECTION('',(-0.999982092474277,-0.00598454098215433,0.));
#4616=DIRECTION('',(1.,0.,0.));
#4617=DIRECTION('',(-0.716676327827255,0.697405937121302,0.));
#4618=DIRECTION('',(-0.697405937121302,-0.716676327827255,0.));
#4619=DIRECTION('',(0.697405937121302,0.716676327827255,0.));
#4620=DIRECTION('',(0.,0.,-1.));
#4621=DIRECTION('',(0.,0.,-1.));
#4622=DIRECTION('',(-0.69739625586168,-0.71666637905965,-0.00526910197671056));
#4623=DIRECTION('',(0.,0.,-1.));
#4624=DIRECTION('',(-0.697396255861679,-0.71666637905965,-0.00526910197671056));
#4625=DIRECTION('',(0.,0.,-1.));
#4626=DIRECTION('',(0.,0.,-1.));
#4627=DIRECTION('',(-1.,0.,0.));
#4628=DIRECTION('',(0.,0.,-1.));
#4629=DIRECTION('',(-1.,0.,0.));
#4630=DIRECTION('',(0.,0.,1.));
#4631=DIRECTION('',(0.,0.,-1.));
#4632=DIRECTION('',(-1.,0.,0.));
#4633=DIRECTION('',(0.,0.,-1.));
#4634=DIRECTION('',(-0.00367470300185553,-0.00377624065561626,0.999986118185827));
#4635=DIRECTION('',(-0.697396255861679,-0.71666637905965,-0.00526910197671056));
#4636=DIRECTION('',(0.,0.,-1.));
#4637=DIRECTION('',(-0.00367470300185553,-0.00377624065561626,0.999986118185827));
#4638=DIRECTION('',(-0.697396255861679,-0.71666637905965,-0.00526910197671056));
#4639=DIRECTION('',(0.,0.,-1.));
#4640=DIRECTION('',(0.,0.,-1.));
#4641=DIRECTION('',(0.,0.,1.));
#4642=DIRECTION('',(1.,0.,0.));
#4643=DIRECTION('',(0.,0.,-1.));
#4644=DIRECTION('',(-0.711325828164445,0.702862409142904,0.));
#4645=DIRECTION('',(-0.702862409142904,-0.711325828164445,0.));
#4646=DIRECTION('',(-0.702862409142904,-0.711325828164445,0.));
#4647=DIRECTION('',(0.702862409142904,0.711325828164445,0.));
#4648=DIRECTION('',(0.,0.,-1.));
#4649=DIRECTION('',(0.702852652707349,0.711315954248141,0.00526894812074482));
#4650=DIRECTION('',(0.,0.,1.));
#4651=DIRECTION('',(0.702852652707349,0.711315954248141,0.00526894812074482));
#4652=DIRECTION('',(-0.702862409142904,-0.711325828164445,0.));
#4653=DIRECTION('',(0.,0.,-1.));
#4654=DIRECTION('',(0.697405937121302,0.716676327827255,0.));
#4655=DIRECTION('',(-0.716676327827255,0.697405937121302,0.));
#4656=DIRECTION('',(0.716676327827255,-0.697405937121302,0.));
#4657=DIRECTION('',(0.,0.,-1.));
#4658=DIRECTION('',(0.,0.,-1.));
#4659=DIRECTION('',(-0.71666637905965,0.697396255861679,-0.00526910197671077));
#4660=DIRECTION('',(0.,0.,-1.));
#4661=DIRECTION('',(-0.71666637905965,0.697396255861679,-0.00526910197671056));
#4662=DIRECTION('',(0.,0.,-1.));
#4663=DIRECTION('',(0.702862409142904,0.711325828164444,0.));
#4664=DIRECTION('',(-0.711325828164444,0.702862409142904,0.));
#4665=DIRECTION('',(-0.711325828164444,0.702862409142904,0.));
#4666=DIRECTION('',(0.,0.,-1.));
#4667=DIRECTION('',(0.711325828164445,-0.702862409142904,0.));
#4668=DIRECTION('',(0.,0.,-1.));
#4669=DIRECTION('',(0.,0.,-1.));
#4670=DIRECTION('',(-0.711325828164444,0.702862409142904,0.));
#4671=DIRECTION('',(0.,0.,-1.));
#4672=DIRECTION('',(0.,0.,1.));
#4673=DIRECTION('',(0.711315954248141,-0.70285265270735,0.00526894812074503));
#4674=DIRECTION('',(0.,0.,1.));
#4675=DIRECTION('',(0.711315954248141,-0.70285265270735,0.00526894812074482));
#4676=DIRECTION('',(0.0136262239442938,-0.999907158700757,0.));
#4677=DIRECTION('',(0.999907158700757,0.0136262239442938,0.));
#4678=DIRECTION('',(-0.999907158700757,-0.0136262239442938,0.));
#4679=DIRECTION('',(0.,0.,-1.));
#4680=DIRECTION('',(0.,0.,-1.));
#4681=DIRECTION('',(0.,0.,-1.));
#4682=DIRECTION('',(-0.999907158700757,-0.0136262239442938,0.));
#4683=DIRECTION('',(-0.00526861278647722,-7.17979635205248E-05,-0.999986118185827));
#4684=DIRECTION('',(-0.999907158700757,-0.0136262239442938,0.));
#4685=DIRECTION('',(-0.999907158700757,-0.0136262239442938,0.));
#4686=DIRECTION('',(0.,0.,-1.));
#4687=DIRECTION('',(0.999907158700757,0.0136262239442938,0.));
#4688=DIRECTION('',(-0.00526861278647749,-7.17979635205284E-05,-0.999986118185827));
#4689=DIRECTION('',(-0.999907158700757,-0.0136262239442938,0.));
#4690=DIRECTION('',(0.,0.,-1.));
#4691=DIRECTION('',(-0.999907158700757,-0.0136262239442938,0.));
#4692=DIRECTION('',(0.00598454098215433,-0.999982092474277,0.));
#4693=DIRECTION('',(0.999982092474277,0.00598454098215433,0.));
#4694=DIRECTION('',(0.999982092474277,0.00598454098215433,0.));
#4695=DIRECTION('',(0.,0.,-1.));
#4696=DIRECTION('',(-0.999982092474277,-0.00598454098215433,0.));
#4697=DIRECTION('',(0.,0.,-1.));
#4698=DIRECTION('',(0.00526916147787431,3.15340775032317E-05,0.999986117375097));
#4699=DIRECTION('',(0.999982092474277,0.00598454098215433,0.));
#4700=DIRECTION('',(0.,0.,-1.));
#4701=DIRECTION('',(-0.999982092474277,-0.00598454098215433,0.));
#4702=DIRECTION('',(0.,0.,1.));
#4703=DIRECTION('',(-0.999982092474277,-0.00598454098215433,0.));
#4704=DIRECTION('',(0.00526916147787458,3.15340775032333E-05,0.999986117375097));
#4705=DIRECTION('',(0.,0.,-1.));
#4706=DIRECTION('',(0.999982092474277,0.00598454098215433,0.));
#4707=DIRECTION('',(0.,0.,-1.));
#4708=DIRECTION('',(0.999893278175389,0.0136260347875851,-0.00526910197675086));
#4709=DIRECTION('',(-0.0136262239442938,0.999907158700757,0.));
#4710=DIRECTION('',(-0.0136262239442938,0.999907158700757,0.));
#4711=DIRECTION('',(0.00526999930132107,-2.99480082166839E-05,0.999986113008816));
#4712=DIRECTION('',(-0.0136262239442938,0.999907158700757,0.));
#4713=DIRECTION('',(-0.00526861278647749,-7.17979635205284E-05,-0.999986118185827));
#4714=DIRECTION('',(-0.0136262239442938,0.999907158700757,0.));
#4715=DIRECTION('',(0.999907158700757,0.0136262239442938,0.));
#4716=DIRECTION('',(-0.0136262239442938,0.999907158700757,0.));
#4717=DIRECTION('',(0.0136262239442938,-0.999907158700757,0.));
#4718=DIRECTION('',(0.,0.,-1.));
#4719=DIRECTION('',(0.,0.,-1.));
#4720=DIRECTION('',(0.,0.,-1.));
#4721=DIRECTION('',(-1.,0.,0.));
#4722=DIRECTION('',(0.,0.,1.));
#4723=DIRECTION('',(1.,0.,0.));
#4724=DIRECTION('',(0.,0.,-1.));
#4725=DIRECTION('',(-1.,0.,0.));
#4726=DIRECTION('',(0.,0.,1.));
#4727=DIRECTION('',(1.,0.,0.));
#4728=DIRECTION('',(0.,0.,-1.));
#4729=DIRECTION('',(-0.0136262239442938,0.999907158700757,0.));
#4730=DIRECTION('',(-0.999907158700757,-0.0136262239442938,0.));
#4731=DIRECTION('',(-0.0136262239442938,0.999907158700757,0.));
#4732=DIRECTION('',(0.999907158700757,0.0136262239442938,0.));
#4733=DIRECTION('',(-0.0136262239442938,0.999907158700757,0.));
#4734=DIRECTION('',(0.999907158700757,0.0136262239442938,0.));
#4735=DIRECTION('',(-0.0136262239442938,0.999907158700757,0.));
#4736=DIRECTION('',(0.999907158700757,0.0136262239442938,0.));
#4737=DIRECTION('',(0.999907158700757,0.0136262239442938,0.));
#4738=DIRECTION('',(0.,0.,-1.));
#4739=DIRECTION('',(0.,0.,-1.));
#4740=DIRECTION('',(-1.,0.,0.));
#4741=DIRECTION('',(0.,0.,1.));
#4742=DIRECTION('',(1.,0.,0.));
#4743=DIRECTION('',(0.,0.,-1.));
#4744=DIRECTION('',(-1.,0.,0.));
#4745=DIRECTION('',(0.,0.,1.));
#4746=DIRECTION('',(1.,0.,0.));
#4747=DIRECTION('',(0.,0.,-1.));
#4748=DIRECTION('',(-0.999907158700757,-0.0136262239442941,0.));
#4749=DIRECTION('',(0.0136262239442941,-0.999907158700757,0.));
#4750=DIRECTION('',(-0.0136262239442941,0.999907158700757,0.));
#4751=DIRECTION('',(0.,0.,-1.));
#4752=DIRECTION('',(0.,0.,-1.));
#4753=DIRECTION('',(-1.,0.,0.));
#4754=DIRECTION('',(0.,0.,1.));
#4755=DIRECTION('',(1.,0.,0.));
#4756=DIRECTION('',(0.,0.,-1.));
#4757=DIRECTION('',(-0.697405937121302,-0.716676327827255,0.));
#4758=DIRECTION('',(0.716676327827255,-0.697405937121302,0.));
#4759=DIRECTION('',(-0.716676327827255,0.697405937121302,0.));
#4760=DIRECTION('',(0.,0.,-1.));
#4761=DIRECTION('',(0.,0.,-1.));
#4762=DIRECTION('',(-1.,0.,0.));
#4763=DIRECTION('',(0.,0.,1.));
#4764=DIRECTION('',(1.,0.,0.));
#4765=DIRECTION('',(0.,0.,-1.));
#4766=DIRECTION('',(-1.,0.,0.));
#4767=DIRECTION('',(0.,0.,1.));
#4768=DIRECTION('',(1.,0.,0.));
#4769=DIRECTION('',(0.,0.,-1.));
#4770=DIRECTION('',(0.716676327827255,-0.697405937121302,0.));
#4771=DIRECTION('',(0.697405937121302,0.716676327827255,0.));
#4772=DIRECTION('',(-0.697405937121302,-0.716676327827255,0.));
#4773=DIRECTION('',(0.,0.,-1.));
#4774=DIRECTION('',(0.,0.,-1.));
#4775=DIRECTION('',(-1.,0.,0.));
#4776=DIRECTION('',(0.,0.,-1.));
#4777=DIRECTION('',(-1.,0.,0.));
#4778=DIRECTION('',(0.,0.,1.));
#4779=DIRECTION('',(0.,0.,-1.));
#4780=DIRECTION('',(-1.,0.,0.));
#4781=DIRECTION('',(0.,0.,-1.));
#4782=DIRECTION('',(0.,0.,-1.));
#4783=DIRECTION('',(0.,0.,1.));
#4784=DIRECTION('',(1.,0.,0.));
#4785=DIRECTION('',(0.,0.,-1.));
#4786=DIRECTION('',(0.711325828164444,-0.702862409142904,0.));
#4787=DIRECTION('',(0.702862409142904,0.711325828164444,0.));
#4788=DIRECTION('',(0.702862409142904,0.711325828164444,0.));
#4789=DIRECTION('',(-0.702862409142904,-0.711325828164445,0.));
#4790=DIRECTION('',(0.,0.,-1.));
#4791=DIRECTION('',(0.702862409142904,0.711325828164444,0.));
#4792=DIRECTION('',(0.,0.,-1.));
#4793=DIRECTION('',(0.,0.,-1.));
#4794=DIRECTION('',(-1.,0.,0.));
#4795=DIRECTION('',(0.,0.,-1.));
#4796=DIRECTION('',(-1.,0.,0.));
#4797=DIRECTION('',(0.,0.,1.));
#4798=DIRECTION('',(0.,0.,-1.));
#4799=DIRECTION('',(-1.,0.,0.));
#4800=DIRECTION('',(0.,0.,1.));
#4801=DIRECTION('',(1.,0.,0.));
#4802=DIRECTION('',(0.,0.,-1.));
#4803=DIRECTION('',(-1.,0.,0.));
#4804=DIRECTION('',(0.,0.,-1.));
#4805=DIRECTION('',(-1.,0.,0.));
#4806=DIRECTION('',(0.,0.,1.));
#4807=DIRECTION('',(0.,0.,-1.));
#4808=DIRECTION('',(-1.,0.,0.));
#4809=DIRECTION('',(0.,0.,-1.));
#4810=DIRECTION('',(0.,0.,1.));
#4811=DIRECTION('',(1.,0.,0.));
#4812=DIRECTION('',(0.,0.,-1.));
#4813=DIRECTION('',(-0.702862409142904,-0.711325828164444,0.));
#4814=DIRECTION('',(0.711325828164444,-0.702862409142904,0.));
#4815=DIRECTION('',(0.711325828164444,-0.702862409142904,0.));
#4816=DIRECTION('',(-0.711325828164444,0.702862409142904,0.));
#4817=DIRECTION('',(0.,0.,-1.));
#4818=DIRECTION('',(0.711325828164444,-0.702862409142904,0.));
#4819=DIRECTION('',(0.,0.,-1.));
#4820=DIRECTION('',(0.,0.,-1.));
#4821=DIRECTION('',(-1.,0.,0.));
#4822=DIRECTION('',(0.,0.,-1.));
#4823=DIRECTION('',(-1.,0.,0.));
#4824=DIRECTION('',(0.,0.,1.));
#4825=DIRECTION('',(0.,0.,-1.));
#4826=DIRECTION('',(-1.,0.,0.));
#4827=DIRECTION('',(0.,0.,-1.));
#4828=DIRECTION('',(0.,0.,1.));
#4829=DIRECTION('',(1.,0.,0.));
#4830=DIRECTION('',(0.,0.,-1.));
#4831=DIRECTION('',(-0.999982092474277,-0.00598454098215433,0.));
#4832=DIRECTION('',(0.00598454098215433,-0.999982092474277,0.));
#4833=DIRECTION('',(0.00598454098215433,-0.999982092474277,0.));
#4834=DIRECTION('',(-0.00598454098215433,0.999982092474277,0.));
#4835=DIRECTION('',(0.00598454098215433,-0.999982092474277,0.));
#4836=DIRECTION('',(0.,0.,-1.));
#4837=DIRECTION('',(0.,0.,-1.));
#4838=DIRECTION('',(-1.,0.,0.));
#4839=DIRECTION('',(0.,0.,-1.));
#4840=DIRECTION('',(-1.,0.,0.));
#4841=DIRECTION('',(0.,0.,1.));
#4842=DIRECTION('',(0.,0.,-1.));
#4843=DIRECTION('',(-1.,0.,0.));
#4844=DIRECTION('',(0.,0.,-1.));
#4845=DIRECTION('',(0.,0.,1.));
#4846=DIRECTION('',(1.,0.,0.));
#4847=DIRECTION('',(0.,0.,-1.));
#4848=DIRECTION('',(-0.00598454098215432,0.999982092474277,0.));
#4849=DIRECTION('',(-0.999982092474277,-0.00598454098215432,0.));
#4850=DIRECTION('',(-0.00598454098215432,0.999982092474277,0.));
#4851=DIRECTION('',(-0.999982092474277,-0.00598454098215432,0.));
#4852=DIRECTION('',(-0.00598454098215432,0.999982092474277,0.));
#4853=DIRECTION('',(-0.999982092474277,-0.00598454098215432,0.));
#4854=DIRECTION('',(-0.00598454098215432,0.999982092474277,0.));
#4855=DIRECTION('',(-0.999982092474277,-0.00598454098215432,0.));
#4856=DIRECTION('',(-0.999982092474277,-0.00598454098215432,0.));
#4857=DIRECTION('',(0.999982092474277,0.00598454098215432,0.));
#4858=DIRECTION('',(0.,0.,-1.));
#4859=DIRECTION('',(-0.999982092474277,-0.00598454098215432,0.));
#4860=DIRECTION('',(0.,0.,-1.));
#4861=DIRECTION('',(0.,0.,-1.));
#4862=DIRECTION('',(-1.,0.,0.));
#4863=DIRECTION('',(0.,0.,-1.));
#4864=DIRECTION('',(-1.,0.,0.));
#4865=DIRECTION('',(0.,0.,1.));
#4866=DIRECTION('',(0.,0.,-1.));
#4867=DIRECTION('',(-1.,0.,0.));
#4868=DIRECTION('',(0.,0.,1.));
#4869=DIRECTION('',(1.,0.,0.));
#4870=DIRECTION('',(0.,0.,-1.));
#4871=DIRECTION('',(-1.,0.,0.));
#4872=DIRECTION('',(0.,0.,-1.));
#4873=DIRECTION('',(-1.,0.,0.));
#4874=DIRECTION('',(0.,0.,1.));
#4875=DIRECTION('',(0.,0.,-1.));
#4876=DIRECTION('',(-1.,0.,0.));
#4877=DIRECTION('',(0.,0.,-1.));
#4878=DIRECTION('',(0.,0.,1.));
#4879=DIRECTION('',(1.,0.,0.));
#4880=DIRECTION('',(0.,0.,-1.));
#4881=DIRECTION('',(0.999982092474277,0.00598454098215432,0.));
#4882=DIRECTION('',(-0.00598454098215432,0.999982092474277,0.));
#4883=DIRECTION('',(-0.00598454098215432,0.999982092474277,0.));
#4884=DIRECTION('',(0.00598454098215432,-0.999982092474277,0.));
#4885=DIRECTION('',(-0.00598454098215432,0.999982092474277,0.));
#4886=DIRECTION('',(0.,0.,-1.));
#4887=DIRECTION('',(0.,0.,-1.));
#4888=DIRECTION('',(-1.,0.,0.));
#4889=DIRECTION('',(0.,0.,1.));
#4890=DIRECTION('',(1.,0.,0.));
#4891=DIRECTION('',(0.,0.,1.));
#4892=DIRECTION('',(1.,0.,0.));
#4893=DIRECTION('',(0.,0.,-1.));
#4894=DIRECTION('',(-1.,0.,0.));
#4895=DIRECTION('',(0.,0.,-1.));
#4896=DIRECTION('',(-1.,0.,0.));
#4897=DIRECTION('',(0.,0.,-1.));
#4898=DIRECTION('',(-1.,0.,0.));
#4899=DIRECTION('',(0.,0.,-1.));
#4900=DIRECTION('',(-1.,0.,0.));
#4901=DIRECTION('',(-0.0136262239442938,0.999907158700757,0.));
#4902=DIRECTION('',(-0.999907158700757,-0.0136262239442938,0.));
#4903=DIRECTION('',(-0.999907158700757,-0.0136262239442938,0.));
#4904=DIRECTION('',(-0.00526861278647722,-7.17979635205248E-05,-0.999986118185827));
#4905=DIRECTION('',(0.,0.,-1.));
#4906=DIRECTION('',(-1.,0.,0.));
#4907=DIRECTION('',(-0.999983853653887,0.0056826430049565,0.));
#4908=DIRECTION('',(-0.00568264300495639,-0.999983853653887,0.));
#4909=DIRECTION('',(-0.0136262239442938,0.999907158700757,0.));
#4910=DIRECTION('',(0.999893278175389,0.0136260347875851,-0.00526910197675059));
#4911=DIRECTION('',(-0.0136262239442938,0.999907158700757,0.));
#4912=DIRECTION('',(-0.0136262239442938,0.999907158700757,0.));
#4913=DIRECTION('',(0.,0.,-1.));
#4914=DIRECTION('',(-1.,0.,0.));
#4915=DIRECTION('',(0.,0.,-1.));
#4916=DIRECTION('',(-1.,0.,0.));
#4917=DIRECTION('',(0.,0.,-1.));
#4918=DIRECTION('',(-1.,0.,0.));
#4919=DIRECTION('',(0.,0.,-1.));
#4920=DIRECTION('',(-1.,0.,0.));
#4921=DIRECTION('',(0.,0.,-1.));
#4922=DIRECTION('',(-1.,0.,0.));
#4923=DIRECTION('',(0.,0.,-1.));
#4924=DIRECTION('',(-1.,0.,0.));
#4925=DIRECTION('',(5.40863719946104E-17,-1.,0.));
#4926=DIRECTION('',(0.,0.,1.));
#4927=DIRECTION('',(1.,0.,0.));
#4928=DIRECTION('',(0.,0.,1.));
#4929=DIRECTION('',(1.,0.,0.));
#4930=DIRECTION('',(0.69794350355636,0.716152822966909,0.));
#4931=DIRECTION('',(5.3091633357939E-17,-1.,0.));
#4932=DIRECTION('',(1.,0.,0.));
#4933=DIRECTION('',(5.40863719946104E-17,-1.,0.));
#4934=DIRECTION('',(-0.999983853653887,0.00568264300495637,0.));
#4935=DIRECTION('',(-0.00568264300495637,-0.999983853653887,0.));
#4936=DIRECTION('',(-0.00568264300495637,-0.999983853653887,0.));
#4937=DIRECTION('',(0.,0.,1.));
#4938=DIRECTION('',(-0.00568264300495637,-0.999983853653887,0.));
#4939=DIRECTION('',(0.,0.,-1.));
#4940=DIRECTION('',(1.,0.,0.));
#4941=DIRECTION('',(0.,0.,-1.));
#4942=DIRECTION('',(-1.,0.,0.));
#4943=DIRECTION('',(0.,0.,-1.));
#4944=DIRECTION('',(-1.,0.,0.));
#4945=DIRECTION('',(0.,0.,-1.));
#4946=DIRECTION('',(-1.,0.,0.));
#4947=DIRECTION('',(0.,0.,-1.));
#4948=DIRECTION('',(-1.,0.,0.));
#4949=DIRECTION('',(0.,0.,-1.));
#4950=DIRECTION('',(-1.,0.,0.));
#4951=DIRECTION('',(0.,0.,-1.));
#4952=DIRECTION('',(-1.,0.,0.));
#4953=DIRECTION('',(0.,0.,-1.));
#4954=DIRECTION('',(-1.,0.,0.));
#4955=DIRECTION('',(-0.693862593491881,0.720107423481192,0.));
#4956=DIRECTION('',(-0.00568264300495639,-0.999983853653887,0.));
#4957=DIRECTION('',(-0.999983853653887,0.0056826430049565,0.));
#4958=DIRECTION('',(0.,0.,-1.));
#4959=DIRECTION('',(1.,0.,0.));
#4960=DIRECTION('',(0.,0.,-1.));
#4961=DIRECTION('',(-1.,0.,0.));
#4962=DIRECTION('',(0.,0.,-1.));
#4963=DIRECTION('',(-1.,0.,0.));
#4964=DIRECTION('',(0.,0.,-1.));
#4965=DIRECTION('',(-1.,0.,0.));
#4966=DIRECTION('',(0.,0.,-1.));
#4967=DIRECTION('',(-1.,0.,0.));
#4968=DIRECTION('',(0.,0.,-1.));
#4969=DIRECTION('',(-1.,0.,0.));
#4970=DIRECTION('',(-0.00568264300495639,-0.999983853653887,0.));
#4971=DIRECTION('',(-0.693862593491881,0.720107423481192,0.));
#4972=DIRECTION('',(0.,0.,-1.));
#4973=DIRECTION('',(-1.,0.,0.));
#4974=DIRECTION('',(0.,0.,-1.));
#4975=DIRECTION('',(-1.,0.,0.));
#4976=DIRECTION('',(0.,0.,1.));
#4977=DIRECTION('',(1.,0.,0.));
#4978=DIRECTION('',(0.,0.,1.));
#4979=DIRECTION('',(0.,0.,1.));
#4980=DIRECTION('',(0.720107423481192,0.693862593491881,0.));
#4981=DIRECTION('',(-0.693862593491881,0.720107423481192,0.));
#4982=DIRECTION('',(0.,0.,1.));
#4983=DIRECTION('',(-0.999983853653887,0.00568264300495639,0.));
#4984=DIRECTION('',(-0.00568264300495639,-0.999983853653887,0.));
#4985=DIRECTION('',(0.,0.,1.));
#4986=DIRECTION('',(0.0056826430049565,0.999983853653887,0.));
#4987=DIRECTION('',(-0.999983853653887,0.0056826430049565,0.));
#4988=DIRECTION('',(0.,0.,1.));
#4989=DIRECTION('',(1.,0.,0.));
#4990=DIRECTION('',(0.,0.,1.));
#4991=DIRECTION('',(1.,0.,0.));
#4992=DIRECTION('',(5.40863719946104E-17,-1.,0.));
#4993=DIRECTION('',(1.,0.,0.));
#4994=DIRECTION('',(-1.,-5.40863719946104E-17,0.));
#4995=DIRECTION('',(5.40863719946104E-17,-1.,0.));
#4996=DIRECTION('',(0.,0.,1.));
#4997=DIRECTION('',(0.,-1.,0.));
#4998=DIRECTION('',(0.,0.,-1.));
#4999=DIRECTION('',(-1.,-5.3091633357939E-17,0.));
#5000=DIRECTION('',(5.3091633357939E-17,-1.,0.));
#5001=DIRECTION('',(0.,0.,1.));
#5002=DIRECTION('',(5.3091633357939E-17,-1.,0.));
#5003=DIRECTION('',(0.,0.,1.));
#5004=DIRECTION('',(1.,0.,0.));
#5005=DIRECTION('',(0.,0.,1.));
#5006=DIRECTION('',(1.,0.,0.));
#5007=DIRECTION('',(0.,0.,1.));
#5008=DIRECTION('',(1.,0.,0.));
#5009=DIRECTION('',(0.,0.,1.));
#5010=DIRECTION('',(1.,0.,0.));
#5011=DIRECTION('',(0.,0.,1.));
#5012=DIRECTION('',(1.,0.,0.));
#5013=DIRECTION('',(0.,0.,1.));
#5014=DIRECTION('',(1.,0.,0.));
#5015=DIRECTION('',(5.40863719946104E-17,-1.,0.));
#5016=DIRECTION('',(0.69794350355636,0.716152822966909,0.));
#5017=DIRECTION('',(0.,0.,1.));
#5018=DIRECTION('',(1.,0.,0.));
#5019=DIRECTION('',(0.,0.,1.));
#5020=DIRECTION('',(1.,0.,0.));
#5021=DIRECTION('',(-1.,-5.40863719946104E-17,0.));
#5022=DIRECTION('',(5.40863719946104E-17,-1.,0.));
#5023=DIRECTION('',(0.,0.,1.));
#5024=DIRECTION('',(0.,0.,1.));
#5025=DIRECTION('',(1.,0.,0.));
#5026=DIRECTION('',(0.,0.,1.));
#5027=DIRECTION('',(0.,0.,1.));
#5028=DIRECTION('',(0.716152822966909,-0.69794350355636,0.));
#5029=DIRECTION('',(0.69794350355636,0.716152822966909,0.));
#5030=DIRECTION('',(0.,0.,1.));
#5031=DIRECTION('',(1.,0.,0.));
#5032=DIRECTION('',(-0.00377624065561641,0.00367470300185567,0.999986118185827));
#5033=DIRECTION('',(0.999992869881555,0.,0.00377626615199824));
#5034=DIRECTION('',(-0.697405937121302,-0.716676327827255,0.));
#5035=DIRECTION('',(-0.697405937121302,-0.716676327827255,0.));
#5036=DIRECTION('',(-0.716676327827255,0.697405937121302,0.));
#5037=DIRECTION('',(-0.697405937121302,-0.716676327827255,0.));
#5038=DIRECTION('',(-0.697405937121302,-0.716676327827255,0.));
#5039=DIRECTION('',(-0.00377624065561626,0.00367470300185553,0.999986118185827));
#5040=DIRECTION('',(0.999992869881555,0.,0.00377626615199809));
#5041=DIRECTION('',(-0.697405937121302,-0.716676327827255,0.));
#5042=DIRECTION('',(-0.716676327827255,0.697405937121302,0.));
#5043=DIRECTION('',(-0.697405937121302,-0.716676327827255,0.));
#5044=DIRECTION('',(0.,0.,1.));
#5045=DIRECTION('',(1.,0.,0.));
#5046=DIRECTION('',(0.,0.,1.));
#5047=DIRECTION('',(1.,0.,0.));
#5048=DIRECTION('',(0.,0.,-1.));
#5049=DIRECTION('',(-1.,0.,0.));
#5050=DIRECTION('',(0.,0.,1.));
#5051=DIRECTION('',(1.,0.,0.));
#5052=DIRECTION('',(0.,0.,1.));
#5053=DIRECTION('',(1.,0.,0.));
#5054=DIRECTION('',(0.,0.,1.));
#5055=DIRECTION('',(1.,0.,0.));
#5056=DIRECTION('',(0.,0.,1.));
#5057=DIRECTION('',(1.,0.,0.));
#5058=DIRECTION('',(0.,0.,-1.));
#5059=DIRECTION('',(-1.,0.,0.));
#5060=DIRECTION('',(0.,0.,1.));
#5061=DIRECTION('',(1.,0.,0.));
#5062=DIRECTION('',(0.,0.,1.));
#5063=DIRECTION('',(1.,0.,0.));
#5064=DIRECTION('',(0.,0.,1.));
#5065=DIRECTION('',(1.,0.,0.));
#5066=DIRECTION('',(0.,0.,1.));
#5067=DIRECTION('',(1.,0.,0.));
#5068=DIRECTION('',(0.,0.,-1.));
#5069=DIRECTION('',(-1.,0.,0.));
#5070=DIRECTION('',(0.,0.,1.));
#5071=DIRECTION('',(1.,0.,0.));
#5072=DIRECTION('',(0.,0.,1.));
#5073=DIRECTION('',(1.,0.,0.));
#5074=DIRECTION('',(0.,0.,1.));
#5075=DIRECTION('',(1.,0.,0.));
#5076=DIRECTION('',(0.,0.,1.));
#5077=DIRECTION('',(1.,0.,0.));
#5078=DIRECTION('',(0.,0.,-1.));
#5079=DIRECTION('',(-1.,0.,0.));
#5080=DIRECTION('',(0.,0.,1.));
#5081=DIRECTION('',(1.,0.,0.));
#5082=DIRECTION('',(0.,0.,1.));
#5083=DIRECTION('',(1.,0.,0.));
#5084=DIRECTION('',(-0.00367470300185553,-0.00377624065561626,0.999986118185827));
#5085=DIRECTION('',(0.,-0.999992869881555,-0.00377626615199809));
#5086=DIRECTION('',(0.716676327827255,-0.697405937121302,0.));
#5087=DIRECTION('',(0.716676327827255,-0.697405937121302,0.));
#5088=DIRECTION('',(-0.697405937121302,-0.716676327827255,0.));
#5089=DIRECTION('',(0.716676327827255,-0.697405937121302,0.));
#5090=DIRECTION('',(0.716676327827255,-0.697405937121302,0.));
#5091=DIRECTION('',(-0.00367470300185553,-0.00377624065561626,0.999986118185827));
#5092=DIRECTION('',(0.,-0.999992869881555,-0.00377626615199809));
#5093=DIRECTION('',(0.716676327827255,-0.697405937121302,0.));
#5094=DIRECTION('',(-0.697405937121302,-0.716676327827255,0.));
#5095=DIRECTION('',(0.716676327827255,-0.697405937121302,0.));
#5096=DIRECTION('',(0.,0.,1.));
#5097=DIRECTION('',(1.,0.,0.));
#5098=DIRECTION('',(0.,0.,1.));
#5099=DIRECTION('',(1.,0.,0.));
#5100=DIRECTION('',(0.,0.,-1.));
#5101=DIRECTION('',(-1.,0.,0.));
#5102=DIRECTION('',(0.,0.,1.));
#5103=DIRECTION('',(1.,0.,0.));
#5104=DIRECTION('',(0.,0.,1.));
#5105=DIRECTION('',(1.,0.,0.));
#5106=DIRECTION('',(0.,0.,-1.));
#5107=DIRECTION('',(-1.,0.,0.));
#5108=DIRECTION('',(0.,0.,-1.));
#5109=DIRECTION('',(-1.,0.,0.));
#5110=DIRECTION('',(0.,0.,1.));
#5111=DIRECTION('',(1.,0.,0.));
#5112=DIRECTION('',(0.,0.,-1.));
#5113=DIRECTION('',(-1.,0.,0.));
#5114=DIRECTION('',(0.,0.,-1.));
#5115=DIRECTION('',(-1.,0.,0.));
#5116=DIRECTION('',(0.,0.,-1.));
#5117=DIRECTION('',(-1.,0.,0.));
#5118=DIRECTION('',(0.,0.,-1.));
#5119=DIRECTION('',(-1.,0.,0.));
#5120=DIRECTION('',(0.,0.,1.));
#5121=DIRECTION('',(1.,0.,0.));
#5122=DIRECTION('',(0.,0.,-1.));
#5123=DIRECTION('',(-1.,0.,0.));
#5124=DIRECTION('',(0.,0.,-1.));
#5125=DIRECTION('',(-1.,0.,0.));
#5126=DIRECTION('',(0.,0.,-1.));
#5127=DIRECTION('',(-1.,0.,0.));
#5128=DIRECTION('',(0.,0.,-1.));
#5129=DIRECTION('',(-1.,0.,0.));
#5130=DIRECTION('',(0.,0.,1.));
#5131=DIRECTION('',(1.,0.,0.));
#5132=DIRECTION('',(0.,0.,-1.));
#5133=DIRECTION('',(-1.,0.,0.));
#5134=DIRECTION('',(0.,0.,-1.));
#5135=DIRECTION('',(-1.,0.,0.));
#5136=DIRECTION('',(0.,0.,-1.));
#5137=DIRECTION('',(-1.,0.,0.));
#5138=DIRECTION('',(0.,0.,-1.));
#5139=DIRECTION('',(-1.,0.,0.));
#5140=DIRECTION('',(0.,0.,1.));
#5141=DIRECTION('',(1.,0.,0.));
#5142=DIRECTION('',(0.,0.,-1.));
#5143=DIRECTION('',(-1.,0.,0.));
#5144=DIRECTION('',(0.,0.,-1.));
#5145=DIRECTION('',(-1.,0.,0.));
#5146=DIRECTION('',(0.,0.,-1.));
#5147=DIRECTION('',(-1.,0.,0.));
#5148=DIRECTION('',(0.,0.,-1.));
#5149=DIRECTION('',(-1.,0.,0.));
#5150=DIRECTION('',(0.,0.,1.));
#5151=DIRECTION('',(1.,0.,0.));
#5152=DIRECTION('',(0.,0.,-1.));
#5153=DIRECTION('',(-1.,0.,0.));
#5154=DIRECTION('',(0.,0.,-1.));
#5155=DIRECTION('',(-1.,0.,0.));
#5156=DIRECTION('',(0.999907158700758,-0.0136262239441784,0.));
#5157=DIRECTION('',(0.0136262239441784,0.999907158700758,0.));
#5158=DIRECTION('',(0.0136262239441784,0.999907158700758,0.));
#5159=DIRECTION('',(0.,0.,1.));
#5160=DIRECTION('',(0.0136262239441784,0.999907158700758,0.));
#5161=DIRECTION('',(0.,0.,1.));
#5162=DIRECTION('',(1.,0.,0.));
#5163=DIRECTION('',(0.,0.,-1.));
#5164=DIRECTION('',(-1.,0.,0.));
#5165=DIRECTION('',(0.,0.,-1.));
#5166=DIRECTION('',(-1.,0.,0.));
#5167=DIRECTION('',(0.697405937121385,-0.716676327827174,0.));
#5168=DIRECTION('',(0.716676327827174,0.697405937121385,0.));
#5169=DIRECTION('',(0.716676327827174,0.697405937121385,0.));
#5170=DIRECTION('',(0.,0.,1.));
#5171=DIRECTION('',(0.716676327827174,0.697405937121385,0.));
#5172=DIRECTION('',(0.,0.,1.));
#5173=DIRECTION('',(1.,0.,0.));
#5174=DIRECTION('',(0.,0.,-1.));
#5175=DIRECTION('',(-1.,0.,0.));
#5176=DIRECTION('',(0.,0.,-1.));
#5177=DIRECTION('',(-1.,0.,0.));
#5178=DIRECTION('',(-0.0136262239441781,-0.999907158700758,0.));
#5179=DIRECTION('',(0.999907158700758,-0.0136262239441781,0.));
#5180=DIRECTION('',(0.999907158700758,-0.0136262239441781,0.));
#5181=DIRECTION('',(0.,0.,1.));
#5182=DIRECTION('',(0.999907158700758,-0.0136262239441781,0.));
#5183=DIRECTION('',(0.,0.,1.));
#5184=DIRECTION('',(1.,0.,0.));
#5185=DIRECTION('',(0.,0.,-1.));
#5186=DIRECTION('',(-1.,0.,0.));
#5187=DIRECTION('',(0.,0.,-1.));
#5188=DIRECTION('',(-1.,0.,0.));
#5189=DIRECTION('',(-0.716676327827175,-0.697405937121384,0.));
#5190=DIRECTION('',(0.697405937121384,-0.716676327827175,0.));
#5191=DIRECTION('',(0.697405937121384,-0.716676327827175,0.));
#5192=DIRECTION('',(0.,0.,1.));
#5193=DIRECTION('',(0.697405937121384,-0.716676327827175,0.));
#5194=DIRECTION('',(0.,0.,1.));
#5195=DIRECTION('',(1.,0.,0.));
#5196=DIRECTION('',(0.,0.,-1.));
#5197=DIRECTION('',(-1.,0.,0.));
#5198=DIRECTION('',(0.,0.,-1.));
#5199=DIRECTION('',(-1.,0.,0.));
#5200=DIRECTION('',(-0.999907158700758,0.0136262239441784,0.));
#5201=DIRECTION('',(-0.0136262239441784,-0.999907158700758,0.));
#5202=DIRECTION('',(-0.0136262239441784,-0.999907158700758,0.));
#5203=DIRECTION('',(0.,0.,1.));
#5204=DIRECTION('',(-0.0136262239441784,-0.999907158700758,0.));
#5205=DIRECTION('',(0.,0.,1.));
#5206=DIRECTION('',(1.,0.,0.));
#5207=DIRECTION('',(0.,0.,-1.));
#5208=DIRECTION('',(-1.,0.,0.));
#5209=DIRECTION('',(0.,0.,-1.));
#5210=DIRECTION('',(-1.,0.,0.));
#5211=DIRECTION('',(-0.697405937121385,0.716676327827174,0.));
#5212=DIRECTION('',(-0.716676327827174,-0.697405937121385,0.));
#5213=DIRECTION('',(-0.716676327827174,-0.697405937121385,0.));
#5214=DIRECTION('',(0.,0.,1.));
#5215=DIRECTION('',(-0.716676327827174,-0.697405937121385,0.));
#5216=DIRECTION('',(0.,0.,1.));
#5217=DIRECTION('',(1.,0.,0.));
#5218=DIRECTION('',(0.,0.,-1.));
#5219=DIRECTION('',(-1.,0.,0.));
#5220=DIRECTION('',(0.,0.,-1.));
#5221=DIRECTION('',(-1.,0.,0.));
#5222=DIRECTION('',(0.0136262239441785,0.999907158700758,0.));
#5223=DIRECTION('',(-0.999907158700758,0.0136262239441785,0.));
#5224=DIRECTION('',(-0.999907158700758,0.0136262239441785,0.));
#5225=DIRECTION('',(0.,0.,1.));
#5226=DIRECTION('',(-0.999907158700758,0.0136262239441785,0.));
#5227=DIRECTION('',(0.,0.,1.));
#5228=DIRECTION('',(1.,0.,0.));
#5229=DIRECTION('',(0.,0.,-1.));
#5230=DIRECTION('',(-1.,0.,0.));
#5231=DIRECTION('',(0.,0.,-1.));
#5232=DIRECTION('',(-1.,0.,0.));
#5233=DIRECTION('',(0.716676327827175,0.697405937121384,0.));
#5234=DIRECTION('',(-0.697405937121384,0.716676327827175,0.));
#5235=DIRECTION('',(-0.697405937121384,0.716676327827175,0.));
#5236=DIRECTION('',(0.,0.,1.));
#5237=DIRECTION('',(-0.697405937121384,0.716676327827175,0.));
#5238=DIRECTION('',(0.,0.,1.));
#5239=DIRECTION('',(1.,0.,0.));
#5240=DIRECTION('',(0.,0.,-1.));
#5241=DIRECTION('',(-1.,0.,0.));
#5242=DIRECTION('',(0.,0.,1.));
#5243=DIRECTION('',(0.,0.,-1.));
#5244=DIRECTION('',(-1.,0.,0.));
#5245=DIRECTION('',(0.,0.,1.));
#5246=DIRECTION('',(0.711186608988098,0.703003276803182,0.));
#5247=DIRECTION('',(-0.703003276803182,0.711186608988098,0.));
#5248=DIRECTION('',(-0.703003276803182,0.711186608988098,0.));
#5249=DIRECTION('',(0.,0.,1.));
#5250=DIRECTION('',(-0.703003276803182,0.711186608988098,0.));
#5251=DIRECTION('',(0.,0.,1.));
#5252=DIRECTION('',(1.,0.,0.));
#5253=DIRECTION('',(0.,0.,-1.));
#5254=DIRECTION('',(-1.,0.,0.));
#5255=DIRECTION('',(0.,0.,1.));
#5256=DIRECTION('',(0.,0.,-1.));
#5257=DIRECTION('',(-1.,0.,0.));
#5258=DIRECTION('',(0.0057864896806564,0.999983258128443,0.));
#5259=DIRECTION('',(-0.999983258128443,0.0057864896806564,0.));
#5260=DIRECTION('',(-0.999983258128443,0.0057864896806564,0.));
#5261=DIRECTION('',(0.,0.,1.));
#5262=DIRECTION('',(-0.999983258128443,0.0057864896806564,0.));
#5263=DIRECTION('',(0.,0.,1.));
#5264=DIRECTION('',(1.,0.,0.));
#5265=DIRECTION('',(0.,0.,-1.));
#5266=DIRECTION('',(-1.,0.,0.));
#5267=DIRECTION('',(0.,0.,1.));
#5268=DIRECTION('',(0.,0.,-1.));
#5269=DIRECTION('',(-1.,0.,0.));
#5270=DIRECTION('',(-0.703003276803182,0.711186608988098,0.));
#5271=DIRECTION('',(-0.711186608988098,-0.703003276803182,0.));
#5272=DIRECTION('',(-0.711186608988098,-0.703003276803182,0.));
#5273=DIRECTION('',(0.,0.,1.));
#5274=DIRECTION('',(-0.711186608988098,-0.703003276803182,0.));
#5275=DIRECTION('',(0.,0.,1.));
#5276=DIRECTION('',(1.,0.,0.));
#5277=DIRECTION('',(0.,0.,-1.));
#5278=DIRECTION('',(-1.,0.,0.));
#5279=DIRECTION('',(0.,0.,1.));
#5280=DIRECTION('',(0.,0.,-1.));
#5281=DIRECTION('',(-1.,0.,0.));
#5282=DIRECTION('',(-0.999983258128443,0.0057864896806559,0.));
#5283=DIRECTION('',(-0.0057864896806559,-0.999983258128443,0.));
#5284=DIRECTION('',(-0.00578648968065589,-0.999983258128443,0.));
#5285=DIRECTION('',(0.,0.,1.));
#5286=DIRECTION('',(-0.00578648968065589,-0.999983258128443,0.));
#5287=DIRECTION('',(0.,0.,1.));
#5288=DIRECTION('',(1.,0.,0.));
#5289=DIRECTION('',(0.,0.,-1.));
#5290=DIRECTION('',(-1.,0.,0.));
#5291=DIRECTION('',(0.,0.,1.));
#5292=DIRECTION('',(0.,0.,-1.));
#5293=DIRECTION('',(-1.,0.,0.));
#5294=DIRECTION('',(-0.711186608988098,-0.703003276803181,0.));
#5295=DIRECTION('',(0.703003276803181,-0.711186608988098,0.));
#5296=DIRECTION('',(0.703003276803181,-0.711186608988098,0.));
#5297=DIRECTION('',(0.,0.,1.));
#5298=DIRECTION('',(0.703003276803181,-0.711186608988098,0.));
#5299=DIRECTION('',(0.,0.,1.));
#5300=DIRECTION('',(1.,0.,0.));
#5301=DIRECTION('',(0.,0.,-1.));
#5302=DIRECTION('',(-1.,0.,0.));
#5303=DIRECTION('',(0.,0.,1.));
#5304=DIRECTION('',(0.,0.,-1.));
#5305=DIRECTION('',(-1.,0.,0.));
#5306=DIRECTION('',(-0.0057864896806564,-0.999983258128443,0.));
#5307=DIRECTION('',(0.999983258128443,-0.0057864896806564,0.));
#5308=DIRECTION('',(0.999983258128443,-0.0057864896806564,0.));
#5309=DIRECTION('',(0.,0.,1.));
#5310=DIRECTION('',(0.999983258128443,-0.0057864896806564,0.));
#5311=DIRECTION('',(0.,0.,1.));
#5312=DIRECTION('',(1.,0.,0.));
#5313=DIRECTION('',(0.,0.,-1.));
#5314=DIRECTION('',(-1.,0.,0.));
#5315=DIRECTION('',(0.,0.,1.));
#5316=DIRECTION('',(0.,0.,-1.));
#5317=DIRECTION('',(-1.,0.,0.));
#5318=DIRECTION('',(0.703003276803182,-0.711186608988098,0.));
#5319=DIRECTION('',(0.711186608988098,0.703003276803182,0.));
#5320=DIRECTION('',(0.711186608988098,0.703003276803182,0.));
#5321=DIRECTION('',(0.,0.,1.));
#5322=DIRECTION('',(0.711186608988098,0.703003276803182,0.));
#5323=DIRECTION('',(0.,0.,1.));
#5324=DIRECTION('',(1.,0.,0.));
#5325=DIRECTION('',(0.,0.,-1.));
#5326=DIRECTION('',(-1.,0.,0.));
#5327=DIRECTION('',(0.,0.,1.));
#5328=DIRECTION('',(0.,0.,-1.));
#5329=DIRECTION('',(-1.,0.,0.));
#5330=DIRECTION('',(0.999983258128443,-0.00578648968065639,0.));
#5331=DIRECTION('',(0.00578648968065639,0.999983258128443,0.));
#5332=DIRECTION('',(0.00578648968065639,0.999983258128443,0.));
#5333=DIRECTION('',(0.00578648968065639,0.999983258128443,0.));
#5334=DIRECTION('',(0.,0.,1.));
#5335=DIRECTION('',(1.,0.,0.));
#5336=DIRECTION('',(0.,0.,-1.));
#5337=DIRECTION('',(-1.,0.,0.));
#5338=DIRECTION('',(0.,0.,-1.));
#5339=DIRECTION('',(-1.,0.,0.));
#5340=DIRECTION('',(0.,0.,-1.));
#5341=DIRECTION('',(1.,0.,0.));
#5342=DIRECTION('',(0.,0.,-1.));
#5343=DIRECTION('',(-1.,0.,0.));
#5344=DIRECTION('',(0.,0.,-1.));
#5345=DIRECTION('',(-1.,0.,0.));
#5346=DIRECTION('',(0.,0.,-1.));
#5347=DIRECTION('',(-1.,0.,0.));
#5348=DIRECTION('',(0.,0.,-1.));
#5349=DIRECTION('',(-1.,0.,0.));
#5350=DIRECTION('',(0.,0.,-1.));
#5351=DIRECTION('',(1.,0.,0.));
#5352=DIRECTION('',(0.,0.,-1.));
#5353=DIRECTION('',(-1.,0.,0.));
#5354=DIRECTION('',(0.,0.,-1.));
#5355=DIRECTION('',(-1.,0.,0.));
#5356=DIRECTION('',(0.,0.,-1.));
#5357=DIRECTION('',(1.,0.,0.));
#5358=DIRECTION('',(0.,0.,-1.));
#5359=DIRECTION('',(-1.,0.,0.));
#5360=DIRECTION('',(0.,0.,-1.));
#5361=DIRECTION('',(-1.,0.,0.));
#5362=DIRECTION('',(0.,0.,-1.));
#5363=DIRECTION('',(1.,0.,0.));
#5364=DIRECTION('',(0.,0.,-1.));
#5365=DIRECTION('',(-1.,0.,0.));
#5366=DIRECTION('',(0.,0.,-1.));
#5367=DIRECTION('',(-1.,0.,0.));
#5368=DIRECTION('',(0.,0.,-1.));
#5369=DIRECTION('',(1.,0.,0.));
#5370=DIRECTION('',(0.,0.,-1.));
#5371=DIRECTION('',(-1.,0.,0.));
#5372=DIRECTION('',(0.,0.,-1.));
#5373=DIRECTION('',(-1.,0.,0.));
#5374=DIRECTION('',(0.,0.,-1.));
#5375=DIRECTION('',(1.,0.,0.));
#5376=DIRECTION('',(0.,-1.,0.));
#5377=DIRECTION('',(0.,0.,-1.));
#5378=DIRECTION('',(0.,0.,1.));
#5379=DIRECTION('',(-1.,0.,0.));
#5380=DIRECTION('',(0.,0.,1.));
#5381=DIRECTION('',(0.,0.,1.));
#5382=DIRECTION('',(1.,0.,0.));
#5383=DIRECTION('',(0.,0.,1.));
#5384=DIRECTION('',(0.,0.,1.));
#5385=DIRECTION('',(1.,0.,0.));
#5386=DIRECTION('',(0.,0.,1.));
#5387=DIRECTION('',(1.,0.,0.));
#5388=DIRECTION('',(-0.0171423552845599,-0.999853059031825,0.));
#5389=DIRECTION('',(-1.,0.,0.));
#5390=DIRECTION('',(0.,1.,0.));
#5391=DIRECTION('',(-1.,0.,0.));
#5392=DIRECTION('',(0.0197527515256006,-0.999804895370676,0.));
#5393=DIRECTION('',(0.,1.,0.));
#5394=DIRECTION('',(0.,0.,1.));
#5395=DIRECTION('',(0.,0.,1.));
#5396=DIRECTION('',(0.,0.,1.));
#5397=DIRECTION('',(1.,0.,0.));
#5398=DIRECTION('',(0.,0.,-1.));
#5399=DIRECTION('',(0.,0.,1.));
#5400=DIRECTION('',(0.,1.,0.));
#5401=DIRECTION('',(0.,0.,1.));
#5402=DIRECTION('',(0.,0.,1.));
#5403=DIRECTION('',(-0.999804895370676,-0.0197527515256006,0.));
#5404=DIRECTION('',(0.0197527515256006,-0.999804895370676,0.));
#5405=DIRECTION('',(-0.999853059031825,0.0171423552845599,0.));
#5406=DIRECTION('',(-0.0171423552845599,-0.999853059031825,0.));
#5407=DIRECTION('',(0.,0.,1.));
#5408=DIRECTION('',(0.,0.,1.));
#5409=DIRECTION('',(1.,0.,0.));
#5410=DIRECTION('',(0.,0.,1.));
#5411=DIRECTION('',(1.,0.,0.));
#5412=DIRECTION('',(-0.999991421373698,0.0041421225250025,0.));
#5413=DIRECTION('',(1.23323669812515E-14,1.,0.));
#5414=DIRECTION('',(-1.,0.,0.));
#5415=DIRECTION('',(1.23323669812515E-14,1.,0.));
#5416=DIRECTION('',(-0.999991471924692,-0.00412990046942566,0.));
#5417=DIRECTION('',(1.,-1.23323669812515E-14,0.));
#5418=DIRECTION('',(1.23323669812515E-14,1.,0.));
#5419=DIRECTION('',(0.,0.,1.));
#5420=DIRECTION('',(0.,0.,1.));
#5421=DIRECTION('',(0.,1.,0.));
#5422=DIRECTION('',(0.,0.,1.));
#5423=DIRECTION('',(0.,0.,1.));
#5424=DIRECTION('',(1.,-1.23323669812515E-14,0.));
#5425=DIRECTION('',(1.23323669812515E-14,1.,0.));
#5426=DIRECTION('',(0.,0.,1.));
#5427=DIRECTION('',(-0.00412990046942566,0.999991471924692,0.));
#5428=DIRECTION('',(-0.999991471924692,-0.00412990046942566,0.));
#5429=DIRECTION('',(0.0041421225250025,0.999991421373698,0.));
#5430=DIRECTION('',(-0.999991421373698,0.0041421225250025,0.));
#5431=DIRECTION('',(0.,0.,1.));
#5432=DIRECTION('',(0.,0.,1.));
#5433=DIRECTION('',(1.,0.,0.));
#5434=DIRECTION('',(0.,0.,1.));
#5435=DIRECTION('',(1.,0.,0.));
#5436=DIRECTION('',(0.,1.,0.));
#5437=DIRECTION('',(-1.,0.,0.));
#5438=DIRECTION('',(0.,1.,0.));
#5439=DIRECTION('',(-1.,0.,0.));
#5440=DIRECTION('',(-0.0194788586305217,0.999810269034306,0.));
#5441=DIRECTION('',(0.,1.,0.));
#5442=DIRECTION('',(0.,0.,1.));
#5443=DIRECTION('',(0.,0.,1.));
#5444=DIRECTION('',(0.,0.,1.));
#5445=DIRECTION('',(1.,0.,0.));
#5446=DIRECTION('',(0.,0.,-1.));
#5447=DIRECTION('',(0.,0.,1.));
#5448=DIRECTION('',(0.,1.,0.));
#5449=DIRECTION('',(0.,0.,1.));
#5450=DIRECTION('',(0.,0.,1.));
#5451=DIRECTION('',(1.,0.,0.));
#5452=DIRECTION('',(0.,0.,-1.));
#5453=DIRECTION('',(0.999810269034306,0.0194788586305217,0.));
#5454=DIRECTION('',(-0.0194788586305217,0.999810269034306,0.));
#5455=DIRECTION('',(0.,0.,1.));
#5456=DIRECTION('',(1.,0.,0.));
#5457=DIRECTION('',(0.,0.,1.));
#5458=DIRECTION('',(1.,0.,0.));
#5459=DIRECTION('',(0.,1.,0.));
#5460=DIRECTION('',(-1.,0.,0.));
#5461=DIRECTION('',(0.,1.,0.));
#5462=DIRECTION('',(1.,0.,0.));
#5463=DIRECTION('',(0.,0.,-1.));
#5464=DIRECTION('',(0.,0.,1.));
#5465=DIRECTION('',(1.,0.,0.));
#5466=DIRECTION('',(0.,0.,-1.));
#5467=DIRECTION('',(0.,0.,1.));
#5468=DIRECTION('',(0.,1.,0.));
#5469=DIRECTION('',(0.,0.,1.));
#5470=DIRECTION('',(0.,0.,-1.));
#5471=DIRECTION('',(-1.,0.,0.));
#5472=DIRECTION('',(0.,0.,1.));
#5473=DIRECTION('',(1.,0.,0.));
#5474=DIRECTION('',(0.,0.,1.));
#5475=DIRECTION('',(1.,0.,0.));
#5476=DIRECTION('',(0.,0.,-1.));
#5477=DIRECTION('',(-1.,0.,0.));
#5478=DIRECTION('',(0.,0.,1.));
#5479=DIRECTION('',(1.,0.,0.));
#5480=DIRECTION('',(0.,0.,1.));
#5481=DIRECTION('',(1.,0.,0.));
#5482=DIRECTION('',(0.,0.,1.));
#5483=DIRECTION('',(1.,0.,0.));
#5484=DIRECTION('',(0.,0.,-1.));
#5485=DIRECTION('',(-1.,0.,0.));
#5486=DIRECTION('',(0.,0.,1.));
#5487=DIRECTION('',(1.,0.,0.));
#5488=DIRECTION('',(0.,0.,1.));
#5489=DIRECTION('',(1.,0.,0.));
#5490=DIRECTION('',(0.,0.,-1.));
#5491=DIRECTION('',(-1.,0.,0.));
#5492=DIRECTION('',(0.,0.,1.));
#5493=DIRECTION('',(1.,0.,0.));
#5494=DIRECTION('',(0.,0.,1.));
#5495=DIRECTION('',(1.,0.,0.));
#5496=DIRECTION('',(0.,0.,1.));
#5497=DIRECTION('',(1.,0.,0.));
#5498=DIRECTION('',(0.,0.,-1.));
#5499=DIRECTION('',(-1.,0.,0.));
#5500=DIRECTION('',(0.,0.,1.));
#5501=DIRECTION('',(1.,0.,0.));
#5502=DIRECTION('',(0.,0.,1.));
#5503=DIRECTION('',(1.,0.,0.));
#5504=DIRECTION('',(0.,0.,-1.));
#5505=DIRECTION('',(-1.,0.,0.));
#5506=DIRECTION('',(0.,0.,1.));
#5507=DIRECTION('',(1.,0.,0.));
#5508=DIRECTION('',(0.,0.,1.));
#5509=DIRECTION('',(1.,0.,0.));
#5510=DIRECTION('',(0.,0.,1.));
#5511=DIRECTION('',(1.,0.,0.));
#5512=DIRECTION('',(0.,0.,-1.));
#5513=DIRECTION('',(-1.,0.,0.));
#5514=DIRECTION('',(0.,0.,1.));
#5515=DIRECTION('',(1.,0.,0.));
#5516=DIRECTION('',(0.,0.,1.));
#5517=DIRECTION('',(1.,0.,0.));
#5518=DIRECTION('',(0.,0.,-1.));
#5519=DIRECTION('',(-1.,0.,0.));
#5520=DIRECTION('',(0.,0.,1.));
#5521=DIRECTION('',(1.,0.,0.));
#5522=DIRECTION('',(0.,0.,1.));
#5523=DIRECTION('',(1.,0.,0.));
#5524=DIRECTION('',(0.,0.,1.));
#5525=DIRECTION('',(1.,0.,0.));
#5526=DIRECTION('',(0.,0.,-1.));
#5527=DIRECTION('',(-1.,0.,0.));
#5528=DIRECTION('',(0.,0.,-1.));
#5529=DIRECTION('',(-1.,0.,0.));
#5530=DIRECTION('',(0.,0.,-1.));
#5531=DIRECTION('',(1.,0.,0.));
#5532=DIRECTION('',(0.,0.,-1.));
#5533=DIRECTION('',(-1.,0.,0.));
#5534=DIRECTION('',(0.,0.,-1.));
#5535=DIRECTION('',(-1.,0.,0.));
#5536=DIRECTION('',(0.,0.,-1.));
#5537=DIRECTION('',(1.,0.,0.));
#5538=DIRECTION('',(0.,0.,-1.));
#5539=DIRECTION('',(-1.,0.,0.));
#5540=DIRECTION('',(0.,0.,-1.));
#5541=DIRECTION('',(-1.,0.,0.));
#5542=DIRECTION('',(0.,0.,-1.));
#5543=DIRECTION('',(1.,0.,0.));
#5544=DIRECTION('',(0.,0.,-1.));
#5545=DIRECTION('',(-1.,0.,0.));
#5546=DIRECTION('',(0.,0.,-1.));
#5547=DIRECTION('',(-1.,0.,0.));
#5548=DIRECTION('',(0.,0.,-1.));
#5549=DIRECTION('',(1.,0.,0.));
#5550=DIRECTION('',(-0.00598454098215432,0.999982092474277,0.));
#5551=DIRECTION('',(-0.999982092474277,-0.00598454098215432,0.));
#5552=DIRECTION('',(-0.00598454098215432,0.999982092474277,0.));
#5553=DIRECTION('',(-0.999982092474277,-0.00598454098215432,0.));
#5554=DIRECTION('',(-0.00598454098215432,0.999982092474277,0.));
#5555=DIRECTION('',(-0.999982092474277,-0.00598454098215432,0.));
#5556=CARTESIAN_POINT('',(0.,0.,0.));
#5557=CARTESIAN_POINT('',(-0.0403453445668817,-2.77555756156289E-17,0.08382));
#5558=CARTESIAN_POINT('',(-0.0403453445668817,-2.77555756156289E-17,0.092202));
#5559=CARTESIAN_POINT('',(-0.0403453445668817,0.0208242487067855,0.092202));
#5560=CARTESIAN_POINT('',(-0.0403453445668817,-0.0215937512932145,0.092202));
#5561=CARTESIAN_POINT('',(-0.0403453445668817,-0.0215937512932145,0.08382));
#5562=CARTESIAN_POINT('',(-0.0403453445668817,-0.0215937512932145,0.08382));
#5563=CARTESIAN_POINT('',(-0.0403453445668817,-2.77555756156289E-17,0.08382));
#5564=CARTESIAN_POINT('',(-0.0403453445668817,0.0208242487067855,0.08382));
#5565=CARTESIAN_POINT('',(-0.0403453445668817,0.0208242487067855,0.08382));
#5566=CARTESIAN_POINT('',(-0.0403453445668817,-0.00285881863879385,0.08382));
#5567=CARTESIAN_POINT('',(-0.0403453445668817,-0.00285881863879385,0.0872641704133677));
#5568=CARTESIAN_POINT('',(-0.0403453445668817,-0.00285881863879385,0.0842641704133677));
#5569=CARTESIAN_POINT('',(-0.0403453445668817,-2.77555756156289E-17,0.0872641704133677));
#5570=CARTESIAN_POINT('',(-0.0403453445668817,0.00114118136120615,0.0872641704133677));
#5571=CARTESIAN_POINT('',(-0.0403453445668817,0.00114118136120615,0.08382));
#5572=CARTESIAN_POINT('',(-0.0403453445668817,0.00114118136120615,0.0842641704133677));
#5573=CARTESIAN_POINT('',(-0.0403453445668817,-2.77555756156289E-17,0.0842641704133677));
#5574=CARTESIAN_POINT('',(-0.0466953445668817,-0.000384751293214521,0.08382));
#5575=CARTESIAN_POINT('',(-0.0466953445668817,-0.000384751293214521,0.092202));
#5576=CARTESIAN_POINT('',(-0.0466953445668817,-0.0279437512932145,0.092202));
#5577=CARTESIAN_POINT('',(-0.0466953445668817,0.0271742487067855,0.092202));
#5578=CARTESIAN_POINT('',(-0.0466953445668817,0.0271742487067855,0.08382));
#5579=CARTESIAN_POINT('',(-0.0466953445668817,0.0271742487067855,0.0762));
#5580=CARTESIAN_POINT('',(-0.0466953445668817,-0.000384751293214521,0.0762));
#5581=CARTESIAN_POINT('',(-0.0466953445668817,-0.0279437512932145,0.0762));
#5582=CARTESIAN_POINT('',(-0.0466953445668817,-0.0279437512932145,0.08382));
#5583=CARTESIAN_POINT('',(-0.0466953445668817,-0.00285881863879385,0.0857641704133677));
#5584=CARTESIAN_POINT('',(-0.0466953445668817,-0.00285881863879385,0.0872641704133677));
#5585=CARTESIAN_POINT('',(-0.0466953445668817,-0.00285881863879385,0.0842641704133677));
#5586=CARTESIAN_POINT('',(-0.0466953445668817,-0.000858818638793848,0.0842641704133677));
#5587=CARTESIAN_POINT('',(-0.0466953445668817,0.00114118136120615,0.0842641704133677));
#5588=CARTESIAN_POINT('',(-0.0466953445668817,0.00114118136120615,0.0857641704133677));
#5589=CARTESIAN_POINT('',(-0.0466953445668817,0.00114118136120615,0.0872641704133677));
#5590=CARTESIAN_POINT('',(-0.0466953445668817,-0.000858818638793847,0.0872641704133677));
#5591=CARTESIAN_POINT('',(0.,0.0208242487067855,0.08382));
#5592=CARTESIAN_POINT('',(0.,0.0208242487067855,0.092202));
#5593=CARTESIAN_POINT('',(0.0396646554331183,0.0208242487067855,0.092202));
#5594=CARTESIAN_POINT('',(0.,0.0208242487067855,0.08382));
#5595=CARTESIAN_POINT('',(0.0396646554331183,0.0208242487067855,0.08382));
#5596=CARTESIAN_POINT('',(0.0396646554331183,0.0208242487067855,0.08382));
#5597=CARTESIAN_POINT('',(0.,-0.0215937512932145,0.08382));
#5598=CARTESIAN_POINT('',(0.,-0.0215937512932145,0.092202));
#5599=CARTESIAN_POINT('',(0.0396646554331183,-0.0215937512932146,0.092202));
#5600=CARTESIAN_POINT('',(0.0396646554331183,-0.0215937512932146,0.08382));
#5601=CARTESIAN_POINT('',(0.0396646554331183,-0.0215937512932146,0.08382));
#5602=CARTESIAN_POINT('',(0.,-0.0215937512932145,0.08382));
#5603=CARTESIAN_POINT('',(0.0460146554331184,-0.000384751293214521,0.08382));
#5604=CARTESIAN_POINT('',(0.0460146554331184,-0.000384751293214521,0.092202));
#5605=CARTESIAN_POINT('',(0.0460146554331184,-0.0279437512932145,0.092202));
#5606=CARTESIAN_POINT('',(0.0460146554331184,0.0271742487067855,0.092202));
#5607=CARTESIAN_POINT('',(0.0460146554331184,-0.0279437512932145,0.08382));
#5608=CARTESIAN_POINT('',(0.0460146554331184,-0.0279437512932145,0.0762));
#5609=CARTESIAN_POINT('',(0.0460146554331184,-0.000384751293214521,0.0762));
#5610=CARTESIAN_POINT('',(0.0460146554331184,0.0271742487067855,0.0762));
#5611=CARTESIAN_POINT('',(0.0460146554331184,0.0271742487067855,0.08382));
#5612=CARTESIAN_POINT('',(-0.000340344566881652,-0.0279437512932145,0.08382));
#5613=CARTESIAN_POINT('',(-0.000340344566881652,-0.0279437512932145,0.092202));
#5614=CARTESIAN_POINT('',(-0.000340344566881652,-0.0279437512932145,0.0762));
#5615=CARTESIAN_POINT('',(-0.000340344566881652,0.0271742487067855,0.08382));
#5616=CARTESIAN_POINT('',(-0.000340344566881652,0.0271742487067855,0.092202));
#5617=CARTESIAN_POINT('',(-0.000340344566881652,0.0271742487067855,0.0762));
#5618=CARTESIAN_POINT('',(0.0396646554331183,-2.77555756156289E-17,0.08382));
#5619=CARTESIAN_POINT('',(0.0396646554331183,-2.77555756156289E-17,0.092202));
#5620=CARTESIAN_POINT('',(0.0396646554331183,-2.77555756156289E-17,0.08382));
#5621=CARTESIAN_POINT('',(0.,0.,0.092202));
#5622=CARTESIAN_POINT('',(-0.000340344566881638,-0.000384751293214521,0.08382));
#5623=CARTESIAN_POINT('',(-0.0332333445668817,0.00674961361617779,0.08382));
#5624=CARTESIAN_POINT('',(-0.0362333445668817,0.00674961361617779,0.08382));
#5625=CARTESIAN_POINT('',(0.0325526554331183,0.0067496136161778,0.08382));
#5626=CARTESIAN_POINT('',(0.0295526554331183,0.0067496136161778,0.08382));
#5627=CARTESIAN_POINT('',(0.,0.00674961361617779,0.08382));
#5628=CARTESIAN_POINT('',(-0.003,0.00674961361617779,0.08382));
#5629=CARTESIAN_POINT('',(-0.000340344566881638,-0.000384751293214521,0.0762));
#5630=CARTESIAN_POINT('',(-0.0390753445668817,-0.00285881863879385,0.0857641704133677));
#5631=CARTESIAN_POINT('',(-0.0390753445668817,-0.00285881863879385,0.0842641704133677));
#5632=CARTESIAN_POINT('',(-0.0390753445668817,-0.00285881863879385,0.0872641704133677));
#5633=CARTESIAN_POINT('',(-0.0390753445668817,-0.000858818638793847,0.0872641704133677));
#5634=CARTESIAN_POINT('',(-0.0390753445668817,0.00114118136120615,0.0872641704133677));
#5635=CARTESIAN_POINT('',(-0.0390753445668817,0.00114118136120615,0.0857641704133677));
#5636=CARTESIAN_POINT('',(-0.0390753445668817,0.00114118136120615,0.0842641704133677));
#5637=CARTESIAN_POINT('',(-0.0390753445668817,-0.000858818638793848,0.0842641704133677));
#5638=CARTESIAN_POINT('',(0.,0.00674961361617779,0.07782));
#5639=CARTESIAN_POINT('',(0.,0.00674961361617779,0.0768586230095559));
#5640=CARTESIAN_POINT('',(0.,0.00674961361617779,0.07782));
#5641=CARTESIAN_POINT('',(-0.0016,0.00674961361617779,0.07782));
#5642=CARTESIAN_POINT('',(0.,0.00674961361617779,0.08382));
#5643=CARTESIAN_POINT('',(0.,0.00674961361617779,0.08082));
#5644=CARTESIAN_POINT('',(-0.0016,0.00674961361617779,0.08082));
#5645=CARTESIAN_POINT('',(0.003,0.00674961361617779,0.08082));
#5646=CARTESIAN_POINT('',(0.,0.00674961361617779,0.08082));
#5647=CARTESIAN_POINT('',(-0.003,0.00674961361617779,0.08082));
#5648=CARTESIAN_POINT('',(0.,0.00674961361617779,0.08382));
#5649=CARTESIAN_POINT('',(0.0325526554331183,0.0067496136161778,0.07782));
#5650=CARTESIAN_POINT('',(0.0325526554331183,0.0067496136161778,0.0768586230095559));
#5651=CARTESIAN_POINT('',(0.0325526554331183,0.0067496136161778,0.07782));
#5652=CARTESIAN_POINT('',(0.0309526554331183,0.0067496136161778,0.07782));
#5653=CARTESIAN_POINT('',(0.0325526554331183,0.0067496136161778,0.08382));
#5654=CARTESIAN_POINT('',(0.0325526554331183,0.0067496136161778,0.08082));
#5655=CARTESIAN_POINT('',(0.0309526554331183,0.0067496136161778,0.08082));
#5656=CARTESIAN_POINT('',(0.0355526554331183,0.0067496136161778,0.08082));
#5657=CARTESIAN_POINT('',(0.0325526554331183,0.0067496136161778,0.08082));
#5658=CARTESIAN_POINT('',(0.0295526554331183,0.0067496136161778,0.08082));
#5659=CARTESIAN_POINT('',(0.0325526554331183,0.0067496136161778,0.08382));
#5660=CARTESIAN_POINT('',(-0.0332333445668817,0.00674961361617779,0.07782));
#5661=CARTESIAN_POINT('',(-0.0332333445668817,0.00674961361617779,0.0768586230095559));
#5662=CARTESIAN_POINT('',(-0.0332333445668817,0.00674961361617779,0.07782));
#5663=CARTESIAN_POINT('',(-0.0348333445668816,0.00674961361617779,0.07782));
#5664=CARTESIAN_POINT('',(-0.0332333445668817,0.00674961361617779,0.08382));
#5665=CARTESIAN_POINT('',(-0.0332333445668817,0.00674961361617779,0.08082));
#5666=CARTESIAN_POINT('',(-0.0348333445668816,0.00674961361617779,0.08082));
#5667=CARTESIAN_POINT('',(-0.0302333445668816,0.00674961361617779,0.08082));
#5668=CARTESIAN_POINT('',(-0.0332333445668817,0.00674961361617779,0.08082));
#5669=CARTESIAN_POINT('',(-0.0362333445668817,0.00674961361617779,0.08082));
#5670=CARTESIAN_POINT('',(-0.0332333445668817,0.00674961361617779,0.08382));
#5671=CARTESIAN_POINT('',(0.,0.,0.));
#5672=CARTESIAN_POINT('',(0.,-2.77555756156289E-17,0.104902));
#5673=CARTESIAN_POINT('',(-0.0523590575168281,0.0208565803015436,0.104902));
#5674=CARTESIAN_POINT('',(-0.0742033519890028,0.0421135132650009,0.104902));
#5675=CARTESIAN_POINT('',(-0.0828362277140271,0.0204412529957215,0.104902));
#5676=CARTESIAN_POINT('',(-0.0825423359507475,-0.00112484478660151,0.104902));
#5677=CARTESIAN_POINT('',(-0.0822484441874679,-0.0226909425689244,0.104902));
#5678=CARTESIAN_POINT('',(-0.0517712739902689,-0.0222756152631024,0.104902));
#5679=CARTESIAN_POINT('',(-0.0730282069537261,-0.0441199097352771,0.104902));
#5680=CARTESIAN_POINT('',(-0.0575708601093635,-0.0591616308621399,0.104902));
#5681=CARTESIAN_POINT('',(-0.0421135132650009,-0.0742033519890028,0.104902));
#5682=CARTESIAN_POINT('',(-0.0208565803015436,-0.052359057516828,0.104902));
#5683=CARTESIAN_POINT('',(-0.0204412529957216,-0.0828362277140271,0.104902));
#5684=CARTESIAN_POINT('',(0.00112484478660143,-0.0825423359507475,0.104902));
#5685=CARTESIAN_POINT('',(0.0226909425689244,-0.0822484441874679,0.104902));
#5686=CARTESIAN_POINT('',(0.0222756152631024,-0.0517712739902689,0.104902));
#5687=CARTESIAN_POINT('',(0.0441199097352771,-0.0730282069537261,0.104902));
#5688=CARTESIAN_POINT('',(0.0591616308621399,-0.0575708601093634,0.104902));
#5689=CARTESIAN_POINT('',(0.0742033519890028,-0.0421135132650009,0.104902));
#5690=CARTESIAN_POINT('',(0.052359057516828,-0.0208565803015436,0.104902));
#5691=CARTESIAN_POINT('',(0.0828362277140271,-0.0204412529957216,0.104902));
#5692=CARTESIAN_POINT('',(0.0825423359507475,0.00112484478660143,0.104902));
#5693=CARTESIAN_POINT('',(0.0822484441874679,0.0226909425689244,0.104902));
#5694=CARTESIAN_POINT('',(0.0517712739902686,0.0222756152631023,0.104902));
#5695=CARTESIAN_POINT('',(0.0730282069537261,0.0441199097352771,0.104902));
#5696=CARTESIAN_POINT('',(0.0575708601093634,0.05916163086214,0.104902));
#5697=CARTESIAN_POINT('',(0.0421135132650008,0.0742033519890028,0.104902));
#5698=CARTESIAN_POINT('',(0.0208565803015436,0.0523590575168281,0.104902));
#5699=CARTESIAN_POINT('',(0.0204412529957214,0.0828362277140271,0.104902));
#5700=CARTESIAN_POINT('',(-0.00112484478660152,0.0825423359507475,0.104902));
#5701=CARTESIAN_POINT('',(-0.0226909425689245,0.0822484441874679,0.104902));
#5702=CARTESIAN_POINT('',(-0.0222756152631023,0.0517712739902687,0.104902));
#5703=CARTESIAN_POINT('',(-0.0441199097352771,0.0730282069537261,0.104902));
#5704=CARTESIAN_POINT('',(-0.0591616308621399,0.0575708601093635,0.104902));
#5705=CARTESIAN_POINT('',(-0.0406199697297534,0.0125711243533927,0.104902));
#5706=CARTESIAN_POINT('',(-0.0406199697297534,0.004318,0.104902));
#5707=CARTESIAN_POINT('',(-0.0406199697297534,0.0208242487067855,0.104902));
#5708=CARTESIAN_POINT('',(-0.000340344566881652,0.0208242487067855,0.104902));
#5709=CARTESIAN_POINT('',(-0.0107500365015827,0.0208242487067855,0.104902));
#5710=CARTESIAN_POINT('',(-0.0107500365015827,0.026732148309659,0.104902));
#5711=CARTESIAN_POINT('',(-0.0107500365015827,0.0326400479125324,0.104902));
#5712=CARTESIAN_POINT('',(-0.000290412737427862,0.0326400479125324,0.104902));
#5713=CARTESIAN_POINT('',(0.010169211026727,0.0326400479125324,0.104902));
#5714=CARTESIAN_POINT('',(0.010169211026727,0.026732148309659,0.104902));
#5715=CARTESIAN_POINT('',(0.010169211026727,0.0208242487067855,0.104902));
#5716=CARTESIAN_POINT('',(-0.000340344566881652,0.0208242487067855,0.104902));
#5717=CARTESIAN_POINT('',(0.0396646554331183,0.0208242487067855,0.104902));
#5718=CARTESIAN_POINT('',(0.039805106656315,0.0137151722659251,0.104902));
#5719=CARTESIAN_POINT('',(0.0399455578795117,0.00660609582506481,0.104902));
#5720=CARTESIAN_POINT('',(0.0504051816436665,0.00660609582506481,0.104902));
#5721=CARTESIAN_POINT('',(0.0608648054078214,0.00660609582506481,0.104902));
#5722=CARTESIAN_POINT('',(0.0608648054078214,0.000698196222191336,0.104902));
#5723=CARTESIAN_POINT('',(0.0608648054078214,-0.00520970338068214,0.104902));
#5724=CARTESIAN_POINT('',(0.0504051816436665,-0.00520970338068214,0.104902));
#5725=CARTESIAN_POINT('',(0.0399455578795117,-0.00520970338068213,0.104902));
#5726=CARTESIAN_POINT('',(0.039805106656315,-0.0134017273369483,0.104902));
#5727=CARTESIAN_POINT('',(0.0396646554331183,-0.0215937512932146,0.104902));
#5728=CARTESIAN_POINT('',(0.0248701400422295,-0.0216548516903411,0.104902));
#5729=CARTESIAN_POINT('',(0.0100756246513407,-0.0217159520874676,0.104902));
#5730=CARTESIAN_POINT('',(0.0100756246513407,-0.0276238516903411,0.104902));
#5731=CARTESIAN_POINT('',(0.0100756246513406,-0.0335317512932145,0.104902));
#5732=CARTESIAN_POINT('',(-0.000383999112814287,-0.0335317512932145,0.104902));
#5733=CARTESIAN_POINT('',(-0.0108436228769692,-0.0335317512932146,0.104902));
#5734=CARTESIAN_POINT('',(-0.0108436228769691,-0.0276238516903411,0.104902));
#5735=CARTESIAN_POINT('',(-0.010843622876969,-0.0217159520874676,0.104902));
#5736=CARTESIAN_POINT('',(-0.0255944837219254,-0.0216548516903411,0.104902));
#5737=CARTESIAN_POINT('',(-0.0403453445668817,-0.0215937512932145,0.104902));
#5738=CARTESIAN_POINT('',(-0.0404826571483176,-0.0145457752494807,0.104902));
#5739=CARTESIAN_POINT('',(-0.0406199697297534,-0.00749779920574695,0.104902));
#5740=CARTESIAN_POINT('',(-0.0510795934939083,-0.00749779920574695,0.104902));
#5741=CARTESIAN_POINT('',(-0.0615392172580632,-0.00749779920574695,0.104902));
#5742=CARTESIAN_POINT('',(-0.0615392172580631,-0.00158989960287346,0.104902));
#5743=CARTESIAN_POINT('',(-0.0615392172580631,0.004318,0.104902));
#5744=CARTESIAN_POINT('',(-0.0510795934939083,0.004318,0.104902));
#5745=CARTESIAN_POINT('',(-0.0403453445668817,-0.000384751293214521,0.08382));
#5746=CARTESIAN_POINT('',(-0.0403453445668817,-0.000384751293214521,0.096266));
#5747=CARTESIAN_POINT('',(-0.0403453445668817,-0.0215937512932145,0.096266));
#5748=CARTESIAN_POINT('',(-0.0403453445668817,0.0208242487067855,0.096266));
#5749=CARTESIAN_POINT('',(-0.0403453445668817,-0.0215937512932145,0.08382));
#5750=CARTESIAN_POINT('',(-0.0403453445668817,-0.0215937512932145,0.092202));
#5751=CARTESIAN_POINT('',(-0.0403453445668817,-2.77555756156289E-17,0.092202));
#5752=CARTESIAN_POINT('',(-0.0403453445668817,0.0208242487067855,0.092202));
#5753=CARTESIAN_POINT('',(-0.0403453445668817,0.0208242487067855,0.08382));
#5754=CARTESIAN_POINT('',(-0.000340344566881659,-0.0215937512932145,0.08382));
#5755=CARTESIAN_POINT('',(-0.000340344566881659,-0.0215937512932145,0.096266));
#5756=CARTESIAN_POINT('',(0.0396646554331183,-0.0215937512932146,0.096266));
#5757=CARTESIAN_POINT('',(0.0396646554331183,-0.0215937512932146,0.08382));
#5758=CARTESIAN_POINT('',(0.0396646554331183,-0.0215937512932146,0.092202));
#5759=CARTESIAN_POINT('',(0.,-0.0215937512932145,0.092202));
#5760=CARTESIAN_POINT('',(0.0396646554331183,-0.000384751293214521,0.08382));
#5761=CARTESIAN_POINT('',(0.0396646554331183,-0.000384751293214521,0.096266));
#5762=CARTESIAN_POINT('',(0.0396646554331183,0.0208242487067855,0.096266));
#5763=CARTESIAN_POINT('',(0.0396646554331183,0.0208242487067855,0.08382));
#5764=CARTESIAN_POINT('',(0.0396646554331183,0.0208242487067855,0.092202));
#5765=CARTESIAN_POINT('',(0.0396646554331183,-2.77555756156289E-17,0.092202));
#5766=CARTESIAN_POINT('',(0.,-2.77555756156289E-17,0.092202));
#5767=CARTESIAN_POINT('',(-0.0042343178246155,-5.77031201621999E-05,0.092202));
#5768=CARTESIAN_POINT('',(-0.0050130565230319,0.0570869909995861,0.092202));
#5769=CARTESIAN_POINT('',(-0.0052731073892414,0.0761698068855019,0.092202));
#5770=CARTESIAN_POINT('',(-0.000778738698416392,0.0571446941197483,0.092202));
#5771=CARTESIAN_POINT('',(0.00722860683950971,0.0572538141340913,0.092202));
#5772=CARTESIAN_POINT('',(0.00800734553792611,0.000109120014343,0.092202));
#5773=CARTESIAN_POINT('',(0.00696983087201468,0.0762430765633471,0.092202));
#5774=CARTESIAN_POINT('',(-0.000456022022840154,0.0761986354465399,0.092202));
#5775=CARTESIAN_POINT('',(0.0184814829189279,0.0763119697505006,0.092202));
#5776=CARTESIAN_POINT('',(0.0186638917280639,0.0458325155718846,0.092202));
#5777=CARTESIAN_POINT('',(0.0400871379587397,0.0675137268143369,0.092202));
#5778=CARTESIAN_POINT('',(0.0535581155766893,0.0542030281061307,0.092202));
#5779=CARTESIAN_POINT('',(0.0670290931946389,0.0408923293979244,0.092202));
#5780=CARTESIAN_POINT('',(0.0456058469639632,0.0192111181554721,0.092202));
#5781=CARTESIAN_POINT('',(0.0760853011425792,0.0193935269646082,0.092202));
#5782=CARTESIAN_POINT('',(0.0761986354465399,0.000456022022840161,0.092202));
#5783=CARTESIAN_POINT('',(0.0763119697505006,-0.0184814829189279,0.092202));
#5784=CARTESIAN_POINT('',(0.0458325155718848,-0.018663891728064,0.092202));
#5785=CARTESIAN_POINT('',(0.0675137268143369,-0.0400871379587397,0.092202));
#5786=CARTESIAN_POINT('',(0.0542030281061307,-0.0535581155766893,0.092202));
#5787=CARTESIAN_POINT('',(0.0408923293979244,-0.0670290931946389,0.092202));
#5788=CARTESIAN_POINT('',(0.0192111181554721,-0.0456058469639632,0.092202));
#5789=CARTESIAN_POINT('',(0.0193935269646082,-0.0760853011425792,0.092202));
#5790=CARTESIAN_POINT('',(0.000456022022840168,-0.0761986354465399,0.092202));
#5791=CARTESIAN_POINT('',(-0.0184814829189279,-0.0763119697505006,0.092202));
#5792=CARTESIAN_POINT('',(-0.0186638917280639,-0.0458325155718846,0.092202));
#5793=CARTESIAN_POINT('',(-0.0400871379587397,-0.0675137268143369,0.092202));
#5794=CARTESIAN_POINT('',(-0.0535581155766893,-0.0542030281061307,0.092202));
#5795=CARTESIAN_POINT('',(-0.0670290931946389,-0.0408923293979244,0.092202));
#5796=CARTESIAN_POINT('',(-0.0456058469639632,-0.0192111181554722,0.092202));
#5797=CARTESIAN_POINT('',(-0.0760853011425791,-0.0193935269646083,0.092202));
#5798=CARTESIAN_POINT('',(-0.0761986354465399,-0.000456022022840175,0.092202));
#5799=CARTESIAN_POINT('',(-0.0763119697505006,0.0184814829189279,0.092202));
#5800=CARTESIAN_POINT('',(-0.0458325155718846,0.0186638917280639,0.092202));
#5801=CARTESIAN_POINT('',(-0.0675137268143369,0.0400871379587397,0.092202));
#5802=CARTESIAN_POINT('',(-0.0542030281061307,0.0535581155766893,0.092202));
#5803=CARTESIAN_POINT('',(-0.0408923293979244,0.0670290931946389,0.092202));
#5804=CARTESIAN_POINT('',(-0.0192111181554721,0.0456058469639632,0.092202));
#5805=CARTESIAN_POINT('',(-0.0193935269646082,0.0760853011425792,0.092202));
#5806=CARTESIAN_POINT('',(-0.000456022022840154,0.0761986354465399,0.092202));
#5807=CARTESIAN_POINT('',(0.,0.0208242487067855,0.092202));
#5808=CARTESIAN_POINT('',(0.0591616308621399,-0.0575708601093634,0.092202));
#5809=CARTESIAN_POINT('',(0.0591616308621399,-0.0575708601093634,0.));
#5810=CARTESIAN_POINT('',(0.0441199097352771,-0.0730282069537261,0.));
#5811=CARTESIAN_POINT('',(0.0742033519890028,-0.0421135132650009,0.));
#5812=CARTESIAN_POINT('',(0.0742033519890028,-0.0421135132650009,0.092202));
#5813=CARTESIAN_POINT('',(0.0441199097352771,-0.0730282069537261,0.092202));
#5814=CARTESIAN_POINT('',(0.0605785998887739,-0.0561147380653718,0.0616038795509584));
#5815=CARTESIAN_POINT('',(0.0720926120730503,-0.0442825761470969,0.0616908724245939));
#5816=CARTESIAN_POINT('',(0.0490645877044976,-0.0679468999836466,0.0615168866773229));
#5817=CARTESIAN_POINT('',(0.0490645877044976,-0.0679468999836466,0.0676382866773229));
#5818=CARTESIAN_POINT('',(0.0490645877044976,-0.0679468999836466,0.0737596866773229));
#5819=CARTESIAN_POINT('',(0.0605785998887739,-0.0561147380653718,0.0738466795509584));
#5820=CARTESIAN_POINT('',(0.0720926120730503,-0.0442825761470969,0.0739336724245939));
#5821=CARTESIAN_POINT('',(0.0720926120730503,-0.0442825761470969,0.0678122724245932));
#5822=CARTESIAN_POINT('',(0.0458325155718848,-0.018663891728064,0.092202));
#5823=CARTESIAN_POINT('',(0.0458325155718848,-0.018663891728064,0.014478));
#5824=CARTESIAN_POINT('',(0.074818059005377,-0.028090909913319,0.014478));
#5825=CARTESIAN_POINT('',(0.0675137268143369,-0.0400871379587397,0.014478));
#5826=CARTESIAN_POINT('',(0.074818059005377,-0.028090909913319,0.019558));
#5827=CARTESIAN_POINT('',(0.074818059005377,-0.028090909913319,0.024638));
#5828=CARTESIAN_POINT('',(0.0458325155718848,-0.018663891728064,0.024638));
#5829=CARTESIAN_POINT('',(0.0675137268143369,-0.0400871379587397,0.024638));
#5830=CARTESIAN_POINT('',(0.0675137268143369,-0.0400871379587397,0.092202));
#5831=CARTESIAN_POINT('',(0.0675137268143369,-0.0400871379587397,0.0616898893517967));
#5832=CARTESIAN_POINT('',(0.0458325155718848,-0.018663891728064,0.0616911166901894));
#5833=CARTESIAN_POINT('',(0.0676444548085948,-0.0399540234029518,0.0616908724245939));
#5834=CARTESIAN_POINT('',(0.0676444548085948,-0.0399540234029518,0.092202));
#5835=CARTESIAN_POINT('',(0.0676444548085948,-0.0399540234029518,0.0739336724245939));
#5836=CARTESIAN_POINT('',(0.0458325155718848,-0.018663891728064,0.0739339166901894));
#5837=CARTESIAN_POINT('',(0.0675137268143369,-0.0400871379587397,0.0739326893517967));
#5838=CARTESIAN_POINT('',(0.0675137268143369,-0.0400871379587397,0.092202));
#5839=CARTESIAN_POINT('',(0.0763119697505006,-0.0184814829189279,0.092202));
#5840=CARTESIAN_POINT('',(0.0763119697505006,-0.0184814829189279,0.));
#5841=CARTESIAN_POINT('',(0.0458325155718848,-0.018663891728064,0.));
#5842=CARTESIAN_POINT('',(0.0675137268143369,-0.0400871379587397,0.));
#5843=CARTESIAN_POINT('',(0.0675137268143369,-0.0400871379587397,0.092202));
#5844=CARTESIAN_POINT('',(0.0542030281061307,-0.0535581155766893,0.092202));
#5845=CARTESIAN_POINT('',(0.0542030281061307,-0.0535581155766893,0.014478));
#5846=CARTESIAN_POINT('',(0.0470626341564466,-0.060784489577645,0.014478));
#5847=CARTESIAN_POINT('',(0.0542030281061307,-0.0535581155766893,0.));
#5848=CARTESIAN_POINT('',(0.0408923293979244,-0.0670290931946389,0.));
#5849=CARTESIAN_POINT('',(0.0408923293979244,-0.0670290931946389,0.092202));
#5850=CARTESIAN_POINT('',(0.0542710542667737,-0.0534892702885834,0.0738334154081552));
#5851=CARTESIAN_POINT('',(0.0444359917725674,-0.0634427603070231,0.0737596866773229));
#5852=CARTESIAN_POINT('',(0.0444359917725674,-0.063442760307023,0.092202));
#5853=CARTESIAN_POINT('',(0.0444359917725674,-0.063442760307023,0.0615168866773229));
#5854=CARTESIAN_POINT('',(0.0543163929565603,-0.053443385659329,0.0615909552904953));
#5855=CARTESIAN_POINT('',(0.0542030281061307,-0.0535581155766893,0.024638));
#5856=CARTESIAN_POINT('',(0.0470626341564466,-0.060784489577645,0.024638));
#5857=CARTESIAN_POINT('',(0.0470626341564472,-0.0607844895776444,0.092202));
#5858=CARTESIAN_POINT('',(-0.0575708601093635,-0.0591616308621399,0.092202));
#5859=CARTESIAN_POINT('',(-0.0575708601093635,-0.0591616308621399,0.));
#5860=CARTESIAN_POINT('',(-0.0730282069537261,-0.0441199097352771,0.));
#5861=CARTESIAN_POINT('',(-0.0421135132650009,-0.0742033519890028,0.));
#5862=CARTESIAN_POINT('',(-0.0421135132650009,-0.0742033519890028,0.092202));
#5863=CARTESIAN_POINT('',(-0.0730282069537261,-0.0441199097352771,0.092202));
#5864=CARTESIAN_POINT('',(-0.0573732935028208,-0.0593538851881584,0.0601071928736355));
#5865=CARTESIAN_POINT('',(-0.045541131584546,-0.0708678973724347,0.060194185747271));
#5866=CARTESIAN_POINT('',(-0.0692054554210956,-0.047839873003882,0.0600202));
#5867=CARTESIAN_POINT('',(-0.0692054554210956,-0.047839873003882,0.0661416));
#5868=CARTESIAN_POINT('',(-0.0692054554210956,-0.047839873003882,0.072263));
#5869=CARTESIAN_POINT('',(-0.0573732935028208,-0.0593538851881584,0.0723499928736355));
#5870=CARTESIAN_POINT('',(-0.0455411315845459,-0.0708678973724347,0.072436985747271));
#5871=CARTESIAN_POINT('',(-0.045541131584546,-0.0708678973724347,0.066315585747271));
#5872=CARTESIAN_POINT('',(-0.0535581155766893,-0.0542030281061307,0.092202));
#5873=CARTESIAN_POINT('',(-0.0535581155766893,-0.0542030281061307,0.014478));
#5874=CARTESIAN_POINT('',(-0.0400871379587397,-0.0675137268143369,0.014478));
#5875=CARTESIAN_POINT('',(-0.0588628553142685,-0.0489614046416034,0.014478));
#5876=CARTESIAN_POINT('',(-0.0400871379587397,-0.0675137268143369,0.092202));
#5877=CARTESIAN_POINT('',(-0.0400871379587397,-0.0675137268143369,0.));
#5878=CARTESIAN_POINT('',(-0.0535581155766893,-0.0542030281061307,0.));
#5879=CARTESIAN_POINT('',(-0.0670290931946389,-0.0408923293979244,0.));
#5880=CARTESIAN_POINT('',(-0.0670290931946389,-0.0408923293979244,0.092202));
#5881=CARTESIAN_POINT('',(-0.0400871379587397,-0.0675137268143369,0.092202));
#5882=CARTESIAN_POINT('',(-0.0400871379587397,-0.0675137268143369,0.024638));
#5883=CARTESIAN_POINT('',(-0.0535581155766893,-0.0542030281061307,0.024638));
#5884=CARTESIAN_POINT('',(-0.0588628553142685,-0.0489614046416034,0.024638));
#5885=CARTESIAN_POINT('',(-0.0588628553142682,-0.0489614046416037,0.092202));
#5886=CARTESIAN_POINT('',(-0.0646919562080862,-0.0432016589172874,0.092202));
#5887=CARTESIAN_POINT('',(-0.0646919562080862,-0.0432016589172874,0.0600202));
#5888=CARTESIAN_POINT('',(-0.0646919562080862,-0.0432016589172873,0.072263));
#5889=CARTESIAN_POINT('',(-0.0534378109269416,-0.0543219013602777,0.0601035631064726));
#5890=CARTESIAN_POINT('',(-0.041203617547401,-0.0664105312007735,0.060194185747271));
#5891=CARTESIAN_POINT('',(-0.041203617547401,-0.0664105312007735,0.092202));
#5892=CARTESIAN_POINT('',(-0.041203617547401,-0.0664105312007735,0.072436985747271));
#5893=CARTESIAN_POINT('',(-0.053483695556196,-0.0542765626704911,0.0723460232241325));
#5894=CARTESIAN_POINT('',(-0.00112484478660152,0.0825423359507475,0.092202));
#5895=CARTESIAN_POINT('',(-0.00112484478660152,0.0825423359507475,0.));
#5896=CARTESIAN_POINT('',(0.0204412529957214,0.0828362277140271,0.));
#5897=CARTESIAN_POINT('',(-0.0226909425689245,0.0822484441874679,0.));
#5898=CARTESIAN_POINT('',(-0.0226909425689245,0.0822484441874679,0.092202));
#5899=CARTESIAN_POINT('',(0.0204412529957214,0.0828362277140271,0.092202));
#5900=CARTESIAN_POINT('',(0.00663226179974806,0.082648045836496,0.092202));
#5901=CARTESIAN_POINT('',(0.00663226179974806,0.082648045836496,0.0598129149767865));
#5902=CARTESIAN_POINT('',(0.00663226179974806,0.082648045836496,0.0572729149767865));
#5903=CARTESIAN_POINT('',(0.000591021153655576,0.0825657188952108,0.0598129149767865));
#5904=CARTESIAN_POINT('',(0.00671185283492632,0.0826491304624634,0.0598129149767865));
#5905=CARTESIAN_POINT('',(0.00679883763203113,0.0826503158468411,0.0763226857880344));
#5906=CARTESIAN_POINT('',(0.00688582242913587,0.0826515012312188,0.0928324565992825));
#5907=CARTESIAN_POINT('',(0.000764990747865054,0.0825680896639662,0.0928324565992825));
#5908=CARTESIAN_POINT('',(0.00650018127800239,0.0826462459106205,0.0928324565992825));
#5909=CARTESIAN_POINT('',(0.000764990747865054,0.0825680896639662,0.0928324565992825));
#5910=CARTESIAN_POINT('',(-0.00574667990018643,0.0824793519429391,0.0928324565992825));
#5911=CARTESIAN_POINT('',(-0.00574667990018643,0.0824793519429391,0.092202));
#5912=CARTESIAN_POINT('',(-0.00574667990018643,0.0824793519429391,0.0902924565992825));
#5913=CARTESIAN_POINT('',(-0.00112484478660152,0.0825423359507475,0.0902924565992825));
#5914=CARTESIAN_POINT('',(-0.00536922339565626,0.0824844957273547,0.0902924565992825));
#5915=CARTESIAN_POINT('',(-0.00544282573051049,0.0824834927123359,0.0763226857880344));
#5916=CARTESIAN_POINT('',(-0.00552981052761524,0.0824823073279582,0.0598129149767865));
#5917=CARTESIAN_POINT('',(-0.00112484478660152,0.0825423359507475,0.0598129149767865));
#5918=CARTESIAN_POINT('',(-0.00561345323754334,0.0824811674878371,0.0598129149767865));
#5919=CARTESIAN_POINT('',(-0.00561345323754334,0.0824811674878371,0.092202));
#5920=CARTESIAN_POINT('',(-0.00561345323754334,0.0824811674878371,0.0572729149767865));
#5921=CARTESIAN_POINT('',(-0.00112484478660152,0.0825423359507475,0.0572729149767865));
#5922=CARTESIAN_POINT('',(-0.000456022022840154,0.0761986354465399,0.092202));
#5923=CARTESIAN_POINT('',(-0.000456022022840154,0.0761986354465399,0.014478));
#5924=CARTESIAN_POINT('',(-0.0193935269646082,0.0760853011425792,0.014478));
#5925=CARTESIAN_POINT('',(-0.0111086917173321,0.0761348829665347,0.014478));
#5926=CARTESIAN_POINT('',(-0.0193935269646082,0.0760853011425792,0.092202));
#5927=CARTESIAN_POINT('',(-0.0193935269646082,0.0760853011425792,0.));
#5928=CARTESIAN_POINT('',(-0.000456022022840154,0.0761986354465399,0.));
#5929=CARTESIAN_POINT('',(0.0184814829189279,0.0763119697505006,0.));
#5930=CARTESIAN_POINT('',(0.0184814829189279,0.0763119697505006,0.092202));
#5931=CARTESIAN_POINT('',(0.0069696246927852,0.0762430753294369,0.0921628711237955));
#5932=CARTESIAN_POINT('',(0.00679916518361903,0.0762420551892503,0.0598129149767865));
#5933=CARTESIAN_POINT('',(-0.000456022022840154,0.0761986354465399,0.0598129149767865));
#5934=CARTESIAN_POINT('',(0.00663226179974806,0.0762410563312224,0.0598129149767865));
#5935=CARTESIAN_POINT('',(0.00663226179974806,0.0762410563312224,0.092202));
#5936=CARTESIAN_POINT('',(0.00663226179974806,0.0762410563312224,0.0572729149767865));
#5937=CARTESIAN_POINT('',(-0.000456022022840154,0.0761986354465399,0.0572729149767865));
#5938=CARTESIAN_POINT('',(-0.00561345323754434,0.0761677700353497,0.0572729149767865));
#5939=CARTESIAN_POINT('',(-0.00561345323754334,0.0761677700353497,0.0572729149767865));
#5940=CARTESIAN_POINT('',(-0.00561345323754334,0.0761677700353497,0.0598129149767865));
#5941=CARTESIAN_POINT('',(-0.000456022022840154,0.0761986354465399,0.0598129149767865));
#5942=CARTESIAN_POINT('',(-0.00544377307763706,0.0761687855114052,0.0598129149767865));
#5943=CARTESIAN_POINT('',(-0.00527297364259126,0.0761698076859286,0.0922273825573489));
#5944=CARTESIAN_POINT('',(-0.0193935269646082,0.0760853011425792,0.092202));
#5945=CARTESIAN_POINT('',(-0.0193935269646082,0.0760853011425792,0.024638));
#5946=CARTESIAN_POINT('',(-0.000456022022840154,0.0761986354465399,0.024638));
#5947=CARTESIAN_POINT('',(-0.0111086917173321,0.0761348829665347,0.024638));
#5948=CARTESIAN_POINT('',(-0.0111086917173326,0.0761348829665347,0.092202));
#5949=CARTESIAN_POINT('',(-0.00509671964232543,0.0570858508813367,0.0763226857880344));
#5950=CARTESIAN_POINT('',(-0.00502311730747119,0.0570868538963554,0.0902924565992825));
#5951=CARTESIAN_POINT('',(-0.00528529162277254,0.0763254907901122,0.0902924565992825));
#5952=CARTESIAN_POINT('',(-0.00535890300911323,0.0763259091040961,0.0763246437228058));
#5953=CARTESIAN_POINT('',(-0.00527190563865615,0.076325414721115,0.0928324565992825));
#5954=CARTESIAN_POINT('',(-0.0050097348452207,0.0570870362657144,0.0928324565992825));
#5955=CARTESIAN_POINT('',(-0.0050097348452207,0.0570870362657144,0.0928324565992825));
#5956=CARTESIAN_POINT('',(-0.00509671964232543,0.0570858508813367,0.0763226857880344));
#5957=CARTESIAN_POINT('',(-0.00518370443943017,0.057084665496959,0.0598129149767865));
#5958=CARTESIAN_POINT('',(-0.0825423359507475,-0.00112484478660151,0.092202));
#5959=CARTESIAN_POINT('',(-0.0825423359507475,-0.00112484478660151,0.));
#5960=CARTESIAN_POINT('',(-0.0828362277140271,0.0204412529957215,0.));
#5961=CARTESIAN_POINT('',(-0.0822484441874679,-0.0226909425689244,0.));
#5962=CARTESIAN_POINT('',(-0.0822484441874679,-0.0226909425689244,0.092202));
#5963=CARTESIAN_POINT('',(-0.0828362277140271,0.0204412529957215,0.092202));
#5964=CARTESIAN_POINT('',(-0.0517712739902689,-0.0222756152631024,0.092202));
#5965=CARTESIAN_POINT('',(-0.0517712739902689,-0.0222756152631024,0.));
#5966=CARTESIAN_POINT('',(-0.0208565803015436,-0.052359057516828,0.092202));
#5967=CARTESIAN_POINT('',(-0.0208565803015436,-0.052359057516828,0.));
#5968=CARTESIAN_POINT('',(-0.0204412529957216,-0.0828362277140271,0.));
#5969=CARTESIAN_POINT('',(-0.0204412529957216,-0.0828362277140271,0.092202));
#5970=CARTESIAN_POINT('',(0.00112484478660143,-0.0825423359507475,0.092202));
#5971=CARTESIAN_POINT('',(-0.0126600812922036,-0.0827301898811558,0.0080381279096382));
#5972=CARTESIAN_POINT('',(-0.00966027222027615,-0.0826893100156118,0.0080381279096382));
#5973=CARTESIAN_POINT('',(0.0132541702050645,-0.082377043700355,0.0080381279096382));
#5974=CARTESIAN_POINT('',(0.0162539792769919,-0.082336163834811,0.0080381279096382));
#5975=CARTESIAN_POINT('',(0.000494038284225357,-0.0825509322595068,0.0080381279096382));
#5976=CARTESIAN_POINT('',(0.00349384735615279,-0.0825100523939628,0.0080381279096382));
#5977=CARTESIAN_POINT('',(0.00112484478660143,-0.0825423359507475,0.));
#5978=CARTESIAN_POINT('',(0.0226909425689244,-0.0822484441874679,0.));
#5979=CARTESIAN_POINT('',(0.0226909425689244,-0.0822484441874679,0.092202));
#5980=CARTESIAN_POINT('',(0.0222756152631024,-0.0517712739902689,0.092202));
#5981=CARTESIAN_POINT('',(0.0222756152631024,-0.0517712739902689,0.));
#5982=CARTESIAN_POINT('',(0.052359057516828,-0.0208565803015436,0.092202));
#5983=CARTESIAN_POINT('',(0.052359057516828,-0.0208565803015436,0.));
#5984=CARTESIAN_POINT('',(0.0828362277140271,-0.0204412529957216,0.));
#5985=CARTESIAN_POINT('',(0.0828362277140271,-0.0204412529957216,0.092202));
#5986=CARTESIAN_POINT('',(0.0825423359507475,0.00112484478660143,0.092202));
#5987=CARTESIAN_POINT('',(0.0825423359507475,0.00112484478660143,0.));
#5988=CARTESIAN_POINT('',(0.0822484441874679,0.0226909425689244,0.));
#5989=CARTESIAN_POINT('',(0.0822484441874679,0.0226909425689244,0.092202));
#5990=CARTESIAN_POINT('',(0.0517712739902686,0.0222756152631023,0.092202));
#5991=CARTESIAN_POINT('',(0.0517712739902686,0.0222756152631023,0.));
#5992=CARTESIAN_POINT('',(0.0730282069537261,0.0441199097352771,0.));
#5993=CARTESIAN_POINT('',(0.0730282069537261,0.0441199097352771,0.092202));
#5994=CARTESIAN_POINT('',(0.0575708601093634,0.05916163086214,0.092202));
#5995=CARTESIAN_POINT('',(0.0575708601093634,0.05916163086214,0.));
#5996=CARTESIAN_POINT('',(0.0421135132650008,0.0742033519890028,0.));
#5997=CARTESIAN_POINT('',(0.0421135132650008,0.0742033519890028,0.092202));
#5998=CARTESIAN_POINT('',(0.0208565803015436,0.0523590575168281,0.092202));
#5999=CARTESIAN_POINT('',(0.0208565803015436,0.0523590575168281,0.));
#6000=CARTESIAN_POINT('',(-0.0222756152631023,0.0517712739902687,0.092202));
#6001=CARTESIAN_POINT('',(-0.0222756152631023,0.0517712739902687,0.));
#6002=CARTESIAN_POINT('',(-0.0441199097352771,0.0730282069537261,0.));
#6003=CARTESIAN_POINT('',(-0.0441199097352771,0.0730282069537261,0.092202));
#6004=CARTESIAN_POINT('',(-0.0591616308621399,0.0575708601093635,0.092202));
#6005=CARTESIAN_POINT('',(-0.0591616308621399,0.0575708601093635,0.));
#6006=CARTESIAN_POINT('',(-0.0742033519890028,0.0421135132650009,0.));
#6007=CARTESIAN_POINT('',(-0.0742033519890028,0.0421135132650009,0.092202));
#6008=CARTESIAN_POINT('',(-0.0458325155718846,0.0186638917280639,0.092202));
#6009=CARTESIAN_POINT('',(-0.0458325155718846,0.0186638917280639,0.014478));
#6010=CARTESIAN_POINT('',(-0.0716496275414719,0.0348659634952731,0.014478));
#6011=CARTESIAN_POINT('',(-0.0675137268143369,0.0400871379587397,0.014478));
#6012=CARTESIAN_POINT('',(-0.0716496275414719,0.0348659634952731,0.019558));
#6013=CARTESIAN_POINT('',(-0.0716496275414719,0.0348659634952731,0.024638));
#6014=CARTESIAN_POINT('',(-0.0458325155718846,0.0186638917280639,0.024638));
#6015=CARTESIAN_POINT('',(-0.0675137268143369,0.0400871379587397,0.024638));
#6016=CARTESIAN_POINT('',(-0.0675137268143369,0.0400871379587397,0.092202));
#6017=CARTESIAN_POINT('',(-0.0763119697505006,0.0184814829189279,0.092202));
#6018=CARTESIAN_POINT('',(-0.0763119697505006,0.0184814829189279,0.));
#6019=CARTESIAN_POINT('',(-0.0458325155718846,0.0186638917280639,0.));
#6020=CARTESIAN_POINT('',(-0.0675137268143369,0.0400871379587397,0.));
#6021=CARTESIAN_POINT('',(-0.0675137268143369,0.0400871379587397,0.092202));
#6022=CARTESIAN_POINT('',(-0.0542030281061307,0.0535581155766893,0.092202));
#6023=CARTESIAN_POINT('',(-0.0542030281061307,0.0535581155766893,0.014478));
#6024=CARTESIAN_POINT('',(-0.0602930482775094,0.0473947632824235,0.014478));
#6025=CARTESIAN_POINT('',(-0.0542030281061307,0.0535581155766893,0.));
#6026=CARTESIAN_POINT('',(-0.0408923293979244,0.0670290931946389,0.));
#6027=CARTESIAN_POINT('',(-0.0408923293979244,0.0670290931946389,0.092202));
#6028=CARTESIAN_POINT('',(-0.0542030281061307,0.0535581155766893,0.024638));
#6029=CARTESIAN_POINT('',(-0.0602930482775094,0.0473947632824235,0.024638));
#6030=CARTESIAN_POINT('',(-0.0602930482775094,0.0473947632824234,0.092202));
#6031=CARTESIAN_POINT('',(-0.0192111181554721,0.0456058469639632,0.092202));
#6032=CARTESIAN_POINT('',(-0.0192111181554721,0.0456058469639632,0.014478));
#6033=CARTESIAN_POINT('',(-0.023393680244559,0.0757975109520731,0.014478));
#6034=CARTESIAN_POINT('',(-0.023393680244559,0.0757975109520731,0.019558));
#6035=CARTESIAN_POINT('',(-0.023393680244559,0.0757975109520731,0.024638));
#6036=CARTESIAN_POINT('',(-0.0192111181554721,0.0456058469639632,0.024638));
#6037=CARTESIAN_POINT('',(-0.0192111181554721,0.0456058469639632,0.));
#6038=CARTESIAN_POINT('',(0.0186638917280639,0.0458325155718846,0.092202));
#6039=CARTESIAN_POINT('',(0.0186638917280639,0.0458325155718846,0.014478));
#6040=CARTESIAN_POINT('',(0.0356328209395409,0.0711521885835151,0.014478));
#6041=CARTESIAN_POINT('',(0.0400871379587397,0.0675137268143369,0.014478));
#6042=CARTESIAN_POINT('',(0.0356328209395409,0.0711521885835151,0.019558));
#6043=CARTESIAN_POINT('',(0.0356328209395409,0.0711521885835151,0.024638));
#6044=CARTESIAN_POINT('',(0.0186638917280639,0.0458325155718846,0.024638));
#6045=CARTESIAN_POINT('',(0.0400871379587397,0.0675137268143369,0.024638));
#6046=CARTESIAN_POINT('',(0.0400871379587397,0.0675137268143369,0.092202));
#6047=CARTESIAN_POINT('',(0.0186638917280639,0.0458325155718846,0.));
#6048=CARTESIAN_POINT('',(0.0400871379587397,0.0675137268143369,0.));
#6049=CARTESIAN_POINT('',(0.0400871379587397,0.0675137268143369,0.092202));
#6050=CARTESIAN_POINT('',(0.0535581155766893,0.0542030281061307,0.092202));
#6051=CARTESIAN_POINT('',(0.0535581155766893,0.0542030281061307,0.014478));
#6052=CARTESIAN_POINT('',(0.0493163975458012,0.0583942777923513,0.014478));
#6053=CARTESIAN_POINT('',(0.0535581155766893,0.0542030281061307,0.));
#6054=CARTESIAN_POINT('',(0.0670290931946389,0.0408923293979244,0.));
#6055=CARTESIAN_POINT('',(0.0670290931946389,0.0408923293979244,0.092202));
#6056=CARTESIAN_POINT('',(0.0535581155766893,0.0542030281061307,0.024638));
#6057=CARTESIAN_POINT('',(0.0493163975458012,0.0583942777923513,0.024638));
#6058=CARTESIAN_POINT('',(0.0493163975458003,0.0583942777923522,0.092202));
#6059=CARTESIAN_POINT('',(0.0456058469639632,0.0192111181554721,0.092202));
#6060=CARTESIAN_POINT('',(0.0456058469639632,0.0192111181554721,0.014478));
#6061=CARTESIAN_POINT('',(0.0744926055027908,0.0289366300247503,0.014478));
#6062=CARTESIAN_POINT('',(0.0760853011425792,0.0193935269646082,0.014478));
#6063=CARTESIAN_POINT('',(0.0744926055027908,0.0289366300247503,0.019558));
#6064=CARTESIAN_POINT('',(0.0744926055027908,0.0289366300247503,0.024638));
#6065=CARTESIAN_POINT('',(0.0456058469639632,0.0192111181554721,0.024638));
#6066=CARTESIAN_POINT('',(0.0760853011425792,0.0193935269646082,0.024638));
#6067=CARTESIAN_POINT('',(0.0760853011425792,0.0193935269646082,0.092202));
#6068=CARTESIAN_POINT('',(0.0456058469639632,0.0192111181554721,0.));
#6069=CARTESIAN_POINT('',(0.0760853011425792,0.0193935269646082,0.));
#6070=CARTESIAN_POINT('',(0.0760853011425792,0.0193935269646082,0.092202));
#6071=CARTESIAN_POINT('',(0.0761986354465399,0.000456022022840161,0.092202));
#6072=CARTESIAN_POINT('',(0.0761986354465399,0.000456022022840161,0.014478));
#6073=CARTESIAN_POINT('',(0.0762145390536141,-0.00220137849080892,0.014478));
#6074=CARTESIAN_POINT('',(0.0761986354465399,0.000456022022840161,0.));
#6075=CARTESIAN_POINT('',(0.0761986354465399,0.000456022022840161,0.024638));
#6076=CARTESIAN_POINT('',(0.0762145390536141,-0.00220137849080892,0.024638));
#6077=CARTESIAN_POINT('',(0.0762145390536141,-0.00220137849080871,0.092202));
#6078=CARTESIAN_POINT('',(0.0192111181554721,-0.0456058469639632,0.092202));
#6079=CARTESIAN_POINT('',(0.0192111181554721,-0.0456058469639632,0.014478));
#6080=CARTESIAN_POINT('',(0.0360103582876436,-0.0710384231406237,0.014478));
#6081=CARTESIAN_POINT('',(0.0193935269646082,-0.0760853011425792,0.014478));
#6082=CARTESIAN_POINT('',(0.0360103582876436,-0.0710384231406237,0.019558));
#6083=CARTESIAN_POINT('',(0.0360103582876436,-0.0710384231406237,0.024638));
#6084=CARTESIAN_POINT('',(0.0192111181554721,-0.0456058469639632,0.024638));
#6085=CARTESIAN_POINT('',(0.0193935269646082,-0.0760853011425792,0.024638));
#6086=CARTESIAN_POINT('',(0.0193935269646082,-0.0760853011425792,0.092202));
#6087=CARTESIAN_POINT('',(0.0192111181554721,-0.0456058469639632,0.));
#6088=CARTESIAN_POINT('',(0.0193935269646082,-0.0760853011425792,0.));
#6089=CARTESIAN_POINT('',(0.0193935269646082,-0.0760853011425792,0.092202));
#6090=CARTESIAN_POINT('',(0.000456022022840168,-0.0761986354465399,0.092202));
#6091=CARTESIAN_POINT('',(-0.01269869919771,-0.0762773618245877,0.0080381279096382));
#6092=CARTESIAN_POINT('',(-0.0156986454751329,-0.0762953154475342,0.0080381279096382));
#6093=CARTESIAN_POINT('',(0.0132167375675633,-0.0761222670538319,0.0080381279096382));
#6094=CARTESIAN_POINT('',(0.0102167912901404,-0.0761402206767784,0.0080381279096382));
#6095=CARTESIAN_POINT('',(0.00045602202284017,-0.0761986354465399,0.0080381279096382));
#6096=CARTESIAN_POINT('',(-0.00254392425458266,-0.0762165890694864,0.0080381279096382));
#6097=CARTESIAN_POINT('',(0.000456022022840168,-0.0761986354465399,0.014478));
#6098=CARTESIAN_POINT('',(-0.0116910439504188,-0.0762713313624738,0.014478));
#6099=CARTESIAN_POINT('',(0.000456022022840168,-0.0761986354465399,0.));
#6100=CARTESIAN_POINT('',(-0.0184814829189279,-0.0763119697505006,0.));
#6101=CARTESIAN_POINT('',(-0.0184814829189279,-0.0763119697505006,0.092202));
#6102=CARTESIAN_POINT('',(0.000456022022840168,-0.0761986354465399,0.024638));
#6103=CARTESIAN_POINT('',(-0.0116910439504188,-0.0762713313624738,0.024638));
#6104=CARTESIAN_POINT('',(-0.0116910439504185,-0.0762713313624738,0.092202));
#6105=CARTESIAN_POINT('',(-0.0186638917280639,-0.0458325155718846,0.092202));
#6106=CARTESIAN_POINT('',(-0.0186638917280639,-0.0458325155718846,0.014478));
#6107=CARTESIAN_POINT('',(-0.024352332966118,-0.075776998140151,0.014478));
#6108=CARTESIAN_POINT('',(-0.024352332966118,-0.075776998140151,0.019558));
#6109=CARTESIAN_POINT('',(-0.024352332966118,-0.075776998140151,0.024638));
#6110=CARTESIAN_POINT('',(-0.0186638917280639,-0.0458325155718846,0.024638));
#6111=CARTESIAN_POINT('',(-0.0186638917280639,-0.0458325155718846,0.));
#6112=CARTESIAN_POINT('',(-0.0456058469639632,-0.0192111181554722,0.092202));
#6113=CARTESIAN_POINT('',(-0.0456058469639632,-0.0192111181554722,0.014478));
#6114=CARTESIAN_POINT('',(-0.0730882217877633,-0.0323925245312789,0.014478));
#6115=CARTESIAN_POINT('',(-0.0760853011425791,-0.0193935269646083,0.014478));
#6116=CARTESIAN_POINT('',(-0.0730882217877633,-0.0323925245312789,0.019558));
#6117=CARTESIAN_POINT('',(-0.0730882217877633,-0.0323925245312789,0.024638));
#6118=CARTESIAN_POINT('',(-0.0456058469639632,-0.0192111181554722,0.024638));
#6119=CARTESIAN_POINT('',(-0.0760853011425791,-0.0193935269646083,0.024638));
#6120=CARTESIAN_POINT('',(-0.0760853011425791,-0.0193935269646083,0.092202));
#6121=CARTESIAN_POINT('',(-0.0456058469639632,-0.0192111181554722,0.));
#6122=CARTESIAN_POINT('',(-0.0760853011425791,-0.0193935269646083,0.));
#6123=CARTESIAN_POINT('',(-0.0760853011425791,-0.0193935269646083,0.092202));
#6124=CARTESIAN_POINT('',(-0.0761986354465399,-0.000456022022840175,0.092202));
#6125=CARTESIAN_POINT('',(-0.0761986354465399,-0.000456022022840175,0.014478));
#6126=CARTESIAN_POINT('',(-0.0761916752753944,-0.00161902625772058,0.014478));
#6127=CARTESIAN_POINT('',(-0.0761986354465399,-0.000456022022840175,0.));
#6128=CARTESIAN_POINT('',(-0.0761986354465399,-0.000456022022840175,0.024638));
#6129=CARTESIAN_POINT('',(-0.0761916752753944,-0.00161902625772058,0.024638));
#6130=CARTESIAN_POINT('',(-0.0761916752753944,-0.00161902625772045,0.092202));
#6131=CARTESIAN_POINT('',(-0.0523590575168281,0.0208565803015436,0.092202));
#6132=CARTESIAN_POINT('',(-0.0523590575168281,0.0208565803015436,0.));
#6133=CARTESIAN_POINT('',(-1.38777878078145E-17,2.77555756156289E-17,0.));
#6134=CARTESIAN_POINT('',(0.,0.0795417981236161,0.));
#6135=CARTESIAN_POINT('',(-0.0022479,0.0795417981236161,0.));
#6136=CARTESIAN_POINT('',(0.0790647932074301,0.000531623998198169,0.));
#6137=CARTESIAN_POINT('',(0.0768168932074301,0.000531623998198169,0.));
#6138=CARTESIAN_POINT('',(-0.0792279202616355,-1.37644176990167E-19,0.));
#6139=CARTESIAN_POINT('',(-0.0814758202616355,-1.37644176990167E-19,0.));
#6140=CARTESIAN_POINT('',(0.000392019156269602,-0.0792819985210604,0.));
#6141=CARTESIAN_POINT('',(-0.0018558808437304,-0.0792819985210604,0.));
#6142=CARTESIAN_POINT('',(-0.000778738698416451,0.0571446941197483,0.052451));
#6143=CARTESIAN_POINT('',(0.00111109683605012,0.057170447832967,0.0928324565992825));
#6144=CARTESIAN_POINT('',(0.00723192851732093,0.0572538594002196,0.0928324565992825));
#6145=CARTESIAN_POINT('',(0.00714494372021619,0.0572526740158419,0.0763226857880344));
#6146=CARTESIAN_POINT('',(0.00111109683605012,0.057170447832967,0.0928324565992825));
#6147=CARTESIAN_POINT('',(0.000341124024639247,0.0762935173623364,0.0928324565992825));
#6148=CARTESIAN_POINT('',(0.00646388268150826,0.0762587233488878,0.0928324565992825));
#6149=CARTESIAN_POINT('',(0.00651030155018319,0.084427126526656,0.0928324565992825));
#6150=CARTESIAN_POINT('',(0.00723192851732093,0.0572538594002196,0.0928324565992825));
#6151=CARTESIAN_POINT('',(0.00714494372021619,0.0572526740158419,0.0763226857880344));
#6152=CARTESIAN_POINT('',(0.00705795892311145,0.0572514886314642,0.0598129149767865));
#6153=CARTESIAN_POINT('',(0.000937127241840638,0.0571680770642116,0.0598129149767865));
#6154=CARTESIAN_POINT('',(0.000325402871240537,0.0926109307625701,0.0598129149767865));
#6155=CARTESIAN_POINT('',(-0.00169389712875946,0.0926109307625701,0.0598129149767865));
#6156=CARTESIAN_POINT('',(0.00315540175684356,0.0957020135180465,0.0598129149767865));
#6157=CARTESIAN_POINT('',(0.00215210175684356,0.0957020135180465,0.0598129149767865));
#6158=CARTESIAN_POINT('',(-0.00249582474177426,0.0957038074792516,0.0598129149767865));
#6159=CARTESIAN_POINT('',(-0.00349912474177426,0.0957038074792516,0.0598129149767865));
#6160=CARTESIAN_POINT('',(-0.00254714813588541,0.0894872417692592,0.0598129149767865));
#6161=CARTESIAN_POINT('',(-0.00355044813588541,0.0894872417692592,0.0598129149767865));
#6162=CARTESIAN_POINT('',(0.00319553119217619,0.0895374590835056,0.0598129149767865));
#6163=CARTESIAN_POINT('',(0.00219223119217619,0.0895374590835056,0.0598129149767865));
#6164=CARTESIAN_POINT('',(0.00663226179974806,0.0841860721140585,0.0598129149767865));
#6165=CARTESIAN_POINT('',(0.00663226179974806,0.0922043741927673,0.0598129149767865));
#6166=CARTESIAN_POINT('',(0.000282261799748062,0.0922043741927673,0.0598129149767865));
#6167=CARTESIAN_POINT('',(0.00161489558377503,0.0984129639841507,0.0598129149767865));
#6168=CARTESIAN_POINT('',(0.000325402871240537,0.0926109307625701,0.0598129149767865));
#6169=CARTESIAN_POINT('',(-0.00561718070708022,0.0925010154557594,0.0598129149767865));
#6170=CARTESIAN_POINT('',(-0.00561531697231228,0.0925029278152964,0.0598129149767865));
#6171=CARTESIAN_POINT('',(-0.00561345323754434,0.0925048401748334,0.0598129149767865));
#6172=CARTESIAN_POINT('',(-0.00561345323754334,0.0843363051050916,0.0598129149767865));
#6173=CARTESIAN_POINT('',(0.000509404281102356,0.0761677700353497,0.0598129149767865));
#6174=CARTESIAN_POINT('',(0.00663226179974806,0.0761677700353497,0.0598129149767865));
#6175=CARTESIAN_POINT('',(0.00663226179974806,0.0841860721140585,0.0598129149767865));
#6176=CARTESIAN_POINT('',(-0.00573606948401058,0.0843464839882133,0.0902924565992825));
#6177=CARTESIAN_POINT('',(-0.00573606948401058,0.0843464839882133,0.0928324565992825));
#6178=CARTESIAN_POINT('',(-0.00569050433579138,0.0923646566006415,0.0928324565992825));
#6179=CARTESIAN_POINT('',(-0.00569050433579138,0.0923646566006415,0.0902924565992825));
#6180=CARTESIAN_POINT('',(-0.00569050433579138,0.0923646566006415,0.0902924565992825));
#6181=CARTESIAN_POINT('',(-0.00573606948401058,0.0843464839882133,0.0902924565992825));
#6182=CARTESIAN_POINT('',(0.000725146942545576,0.0778830016219913,0.0902924565992825));
#6183=CARTESIAN_POINT('',(0.000332027613014799,0.0920634629084678,0.0902924565992825));
#6184=CARTESIAN_POINT('',(-0.0016872723869852,0.0920634629084678,0.0902924565992825));
#6185=CARTESIAN_POINT('',(-0.00254052339411115,0.0951871519017787,0.0902924565992825));
#6186=CARTESIAN_POINT('',(-0.00354382339411115,0.0951871519017787,0.0902924565992825));
#6187=CARTESIAN_POINT('',(0.00316202649861783,0.0889723801529914,0.0902924565992825));
#6188=CARTESIAN_POINT('',(0.00215872649861783,0.0889723801529914,0.0902924565992825));
#6189=CARTESIAN_POINT('',(-0.0024892,0.0889705861917863,0.0902924565992825));
#6190=CARTESIAN_POINT('',(-0.0034925,0.0889705861917863,0.0902924565992825));
#6191=CARTESIAN_POINT('',(0.00320215593395046,0.0951369345875323,0.0902924565992825));
#6192=CARTESIAN_POINT('',(0.00219885593395046,0.0951369345875323,0.0902924565992825));
#6193=CARTESIAN_POINT('',(0.0006593931349108,0.09232857181756,0.0902924565992825));
#6194=CARTESIAN_POINT('',(-0.000637937932670716,0.0985446342449402,0.0902924565992825));
#6195=CARTESIAN_POINT('',(0.000618563075834019,0.0927353669782682,0.0902924565992825));
#6196=CARTESIAN_POINT('',(0.00656042609369518,0.0925916838652275,0.0902924565992825));
#6197=CARTESIAN_POINT('',(0.00655857325627664,0.0925936067848259,0.0902924565992825));
#6198=CARTESIAN_POINT('',(0.00655672041885811,0.0925955297044242,0.0902924565992825));
#6199=CARTESIAN_POINT('',(0.00651030155018319,0.084427126526656,0.0902924565992825));
#6200=CARTESIAN_POINT('',(0.00646388268150826,0.0762587233488878,0.0902924565992825));
#6201=CARTESIAN_POINT('',(0.000341124024639247,0.0762935173623364,0.0902924565992825));
#6202=CARTESIAN_POINT('',(0.000725146942545576,0.0778830016219913,0.0928324565992825));
#6203=CARTESIAN_POINT('',(0.000332027613014799,0.0920634629084678,0.0928324565992825));
#6204=CARTESIAN_POINT('',(-0.0021952723869852,0.0920634629084678,0.0928324565992825));
#6205=CARTESIAN_POINT('',(-0.00254052339411115,0.0951871519017787,0.0928324565992825));
#6206=CARTESIAN_POINT('',(-0.00414072339411115,0.0951871519017787,0.0928324565992825));
#6207=CARTESIAN_POINT('',(0.00316202649861783,0.0889723801529914,0.0928324565992825));
#6208=CARTESIAN_POINT('',(0.00156182649861783,0.0889723801529914,0.0928324565992825));
#6209=CARTESIAN_POINT('',(-0.0024892,0.0889705861917863,0.0928324565992825));
#6210=CARTESIAN_POINT('',(-0.0040894,0.0889705861917863,0.0928324565992825));
#6211=CARTESIAN_POINT('',(0.00320215593395046,0.0951369345875323,0.0928324565992825));
#6212=CARTESIAN_POINT('',(0.00160195593395046,0.0951369345875323,0.0928324565992825));
#6213=CARTESIAN_POINT('',(0.00651030155018319,0.084427126526656,0.0928324565992825));
#6214=CARTESIAN_POINT('',(0.00655672041885811,0.0925955297044242,0.0928324565992825));
#6215=CARTESIAN_POINT('',(0.00655857325627664,0.0925936067848259,0.0928324565992825));
#6216=CARTESIAN_POINT('',(0.00656042609369518,0.0925916838652275,0.0928324565992825));
#6217=CARTESIAN_POINT('',(0.000618563075834019,0.0927353669782682,0.0928324565992825));
#6218=CARTESIAN_POINT('',(-0.000637937932670716,0.0985446342449402,0.0928324565992825));
#6219=CARTESIAN_POINT('',(0.0006593931349108,0.09232857181756,0.0928324565992825));
#6220=CARTESIAN_POINT('',(0.000618563075834019,0.0927353669782682,0.0902924565992825));
#6221=CARTESIAN_POINT('',(0.00656042609369518,0.0925916838652275,0.0902924565992825));
#6222=CARTESIAN_POINT('',(-0.000637937932670716,0.0985446342449402,0.0902924565992825));
#6223=CARTESIAN_POINT('',(0.00655857325627664,0.0925936067848259,0.0902924565992825));
#6224=CARTESIAN_POINT('',(0.00655672041885811,0.0925955297044242,0.0902924565992825));
#6225=CARTESIAN_POINT('',(0.00651030155018319,0.084427126526656,0.0902924565992825));
#6226=CARTESIAN_POINT('',(0.00646388268150826,0.0762587233488878,0.0902924565992825));
#6227=CARTESIAN_POINT('',(0.000341124024639247,0.0762935173623364,0.0902924565992825));
#6228=CARTESIAN_POINT('',(0.0006593931349108,0.09232857181756,0.0902924565992825));
#6229=CARTESIAN_POINT('',(0.000590484027429833,0.0873611503989601,0.0572729149767865));
#6230=CARTESIAN_POINT('',(0.00663226179974806,0.0841860721140585,0.0572729149767865));
#6231=CARTESIAN_POINT('',(0.00663226179974806,0.0761677700353497,0.0572729149767865));
#6232=CARTESIAN_POINT('',(0.000509404281102356,0.0761677700353497,0.0572729149767865));
#6233=CARTESIAN_POINT('',(0.00663226179974806,0.0841860721140585,0.0572729149767865));
#6234=CARTESIAN_POINT('',(0.00663226179974806,0.0761677700353497,0.0572729149767865));
#6235=CARTESIAN_POINT('',(0.000509404281102356,0.0761677700353497,0.0572729149767865));
#6236=CARTESIAN_POINT('',(-0.00561345323754334,0.0843363051050916,0.0572729149767865));
#6237=CARTESIAN_POINT('',(-0.00561345323754434,0.0925048401748334,0.0572729149767865));
#6238=CARTESIAN_POINT('',(-0.00561345323754434,0.0925048401748334,0.0572729149767865));
#6239=CARTESIAN_POINT('',(-0.00561345323754334,0.0843363051050916,0.0572729149767865));
#6240=CARTESIAN_POINT('',(0.000590484027429833,0.0873611503989601,0.0572729149767865));
#6241=CARTESIAN_POINT('',(0.000325402871240537,0.0926109307625701,0.0572729149767865));
#6242=CARTESIAN_POINT('',(0.00285270287124054,0.0926109307625701,0.0572729149767865));
#6243=CARTESIAN_POINT('',(0.00315540175684356,0.0957020135180465,0.0572729149767865));
#6244=CARTESIAN_POINT('',(0.00475560175684356,0.0957020135180465,0.0572729149767865));
#6245=CARTESIAN_POINT('',(-0.00249582474177426,0.0957038074792516,0.0572729149767865));
#6246=CARTESIAN_POINT('',(-0.00089562474177426,0.0957038074792516,0.0572729149767865));
#6247=CARTESIAN_POINT('',(-0.00254714813588541,0.0894872417692592,0.0572729149767865));
#6248=CARTESIAN_POINT('',(-0.00094694813588541,0.0894872417692592,0.0572729149767865));
#6249=CARTESIAN_POINT('',(0.00319553119217619,0.0895374590835056,0.0572729149767865));
#6250=CARTESIAN_POINT('',(0.00479573119217619,0.0895374590835056,0.0572729149767865));
#6251=CARTESIAN_POINT('',(0.00663226179974806,0.0841860721140585,0.0572729149767865));
#6252=CARTESIAN_POINT('',(0.00663226179974806,0.0922043741927673,0.0572729149767865));
#6253=CARTESIAN_POINT('',(-0.00561531697231228,0.0925029278152964,0.0572729149767865));
#6254=CARTESIAN_POINT('',(-0.00561718070708022,0.0925010154557594,0.0572729149767865));
#6255=CARTESIAN_POINT('',(0.000325402871240537,0.0926109307625701,0.0572729149767865));
#6256=CARTESIAN_POINT('',(0.00161489558377503,0.0984129639841507,0.0572729149767865));
#6257=CARTESIAN_POINT('',(0.000282261799748062,0.0922043741927673,0.0572729149767865));
#6258=CARTESIAN_POINT('',(0.00663226179974806,0.0841860721140585,0.0572729149767865));
#6259=CARTESIAN_POINT('',(0.00663226179974806,0.0922043741927673,0.0572729149767865));
#6260=CARTESIAN_POINT('',(0.000325402871240537,0.0926109307625701,0.0572729149767865));
#6261=CARTESIAN_POINT('',(0.00161489558377503,0.0984129639841507,0.0572729149767865));
#6262=CARTESIAN_POINT('',(-0.00561718070708022,0.0925010154557594,0.0572729149767865));
#6263=CARTESIAN_POINT('',(-0.00561531697231228,0.0925029278152964,0.0572729149767865));
#6264=CARTESIAN_POINT('',(0.000282261799748062,0.0922043741927673,0.0572729149767865));
#6265=CARTESIAN_POINT('',(-0.0396591826999397,-0.0411503064613461,0.0601071928736355));
#6266=CARTESIAN_POINT('',(-0.0514913446182145,-0.0296362942770697,0.0600202));
#6267=CARTESIAN_POINT('',(-0.0278270207816649,-0.0526643186456224,0.060194185747271));
#6268=CARTESIAN_POINT('',(-0.0278270207816649,-0.0526643186456224,0.066315585747271));
#6269=CARTESIAN_POINT('',(-0.0278270207816649,-0.0526643186456224,0.072436985747271));
#6270=CARTESIAN_POINT('',(-0.0396591826999397,-0.0411503064613461,0.0723499928736355));
#6271=CARTESIAN_POINT('',(-0.0514913446182145,-0.0296362942770697,0.072263));
#6272=CARTESIAN_POINT('',(-0.0514913446182145,-0.0296362942770697,0.0661416));
#6273=CARTESIAN_POINT('',(0.00319553119217619,0.0895374590835056,0.0572729149767865));
#6274=CARTESIAN_POINT('',(0.00319553119217619,0.0895374590835056,0.0581619149767865));
#6275=CARTESIAN_POINT('',(0.0041988311921762,0.0895374590835056,0.0581619149767865));
#6276=CARTESIAN_POINT('',(0.00479573119217619,0.0895374590835056,0.0581619149767865));
#6277=CARTESIAN_POINT('',(0.00319553119217619,0.0895374590835056,0.0581619149767865));
#6278=CARTESIAN_POINT('',(0.00479573119217619,0.0895374590835056,0.0581619149767865));
#6279=CARTESIAN_POINT('',(0.00319553119217619,0.0895374590835056,0.0572729149767865));
#6280=CARTESIAN_POINT('',(-0.00254714813588541,0.0894872417692592,0.0572729149767865));
#6281=CARTESIAN_POINT('',(-0.00254714813588541,0.0894872417692592,0.0581619149767865));
#6282=CARTESIAN_POINT('',(-0.00154384813588541,0.0894872417692592,0.0581619149767865));
#6283=CARTESIAN_POINT('',(-0.000946948135885412,0.0894872417692592,0.0581619149767865));
#6284=CARTESIAN_POINT('',(-0.00254714813588541,0.0894872417692592,0.0581619149767865));
#6285=CARTESIAN_POINT('',(-0.00094694813588541,0.0894872417692592,0.0581619149767865));
#6286=CARTESIAN_POINT('',(-0.00254714813588541,0.0894872417692592,0.0572729149767865));
#6287=CARTESIAN_POINT('',(-0.00249582474177426,0.0957038074792516,0.0572729149767865));
#6288=CARTESIAN_POINT('',(-0.00249582474177426,0.0957038074792516,0.0581619149767865));
#6289=CARTESIAN_POINT('',(-0.00149252474177426,0.0957038074792516,0.0581619149767865));
#6290=CARTESIAN_POINT('',(-0.000895624741774261,0.0957038074792516,0.0581619149767865));
#6291=CARTESIAN_POINT('',(-0.00249582474177426,0.0957038074792516,0.0581619149767865));
#6292=CARTESIAN_POINT('',(-0.00089562474177426,0.0957038074792516,0.0581619149767865));
#6293=CARTESIAN_POINT('',(-0.00249582474177426,0.0957038074792516,0.0572729149767865));
#6294=CARTESIAN_POINT('',(0.00315540175684356,0.0957020135180465,0.0572729149767865));
#6295=CARTESIAN_POINT('',(0.00315540175684356,0.0957020135180465,0.0581619149767865));
#6296=CARTESIAN_POINT('',(0.00415870175684356,0.0957020135180465,0.0581619149767865));
#6297=CARTESIAN_POINT('',(0.00475560175684356,0.0957020135180465,0.0581619149767865));
#6298=CARTESIAN_POINT('',(0.00315540175684356,0.0957020135180465,0.0581619149767865));
#6299=CARTESIAN_POINT('',(0.00475560175684356,0.0957020135180465,0.0581619149767865));
#6300=CARTESIAN_POINT('',(0.00315540175684356,0.0957020135180465,0.0572729149767865));
#6301=CARTESIAN_POINT('',(0.0423750211619617,-0.0384006272624907,0.0616038795509584));
#6302=CARTESIAN_POINT('',(0.0308610089776854,-0.0502327891807655,0.0615168866773229));
#6303=CARTESIAN_POINT('',(0.053889033346238,-0.0265684653442159,0.0616908724245939));
#6304=CARTESIAN_POINT('',(0.053889033346238,-0.0265684653442159,0.0678122724245932));
#6305=CARTESIAN_POINT('',(0.053889033346238,-0.0265684653442159,0.0739336724245939));
#6306=CARTESIAN_POINT('',(0.0423750211619617,-0.0384006272624907,0.0738466795509584));
#6307=CARTESIAN_POINT('',(0.0308610089776853,-0.0502327891807656,0.0737596866773229));
#6308=CARTESIAN_POINT('',(0.0308610089776854,-0.0502327891807655,0.0676382866773229));
#6309=CARTESIAN_POINT('',(0.000325402871240537,0.0926109307625701,0.0572729149767865));
#6310=CARTESIAN_POINT('',(0.000325402871240537,0.0926109307625701,0.0582889149767865));
#6311=CARTESIAN_POINT('',(0.00234470287124054,0.0926109307625701,0.0582889149767865));
#6312=CARTESIAN_POINT('',(0.00285270287124053,0.0926109307625701,0.0582889149767865));
#6313=CARTESIAN_POINT('',(0.000325402871240537,0.0926109307625701,0.0582889149767865));
#6314=CARTESIAN_POINT('',(0.00285270287124054,0.0926109307625701,0.0582889149767865));
#6315=CARTESIAN_POINT('',(0.000325402871240537,0.0926109307625701,0.0572729149767865));
#6316=CARTESIAN_POINT('',(0.00320215593395046,0.0951369345875323,0.0928324565992825));
#6317=CARTESIAN_POINT('',(0.00320215593395046,0.0951369345875323,0.0919434565992824));
#6318=CARTESIAN_POINT('',(0.00219885593395046,0.0951369345875323,0.0919434565992824));
#6319=CARTESIAN_POINT('',(0.00480235593395046,0.0951369345875323,0.0919434565992824));
#6320=CARTESIAN_POINT('',(0.00320215593395046,0.0951369345875323,0.0919434565992824));
#6321=CARTESIAN_POINT('',(0.00160195593395046,0.0951369345875323,0.0919434565992824));
#6322=CARTESIAN_POINT('',(0.00320215593395046,0.0951369345875323,0.0928324565992825));
#6323=CARTESIAN_POINT('',(-0.0024892,0.0889705861917863,0.0928324565992825));
#6324=CARTESIAN_POINT('',(-0.0024892,0.0889705861917863,0.0919434565992824));
#6325=CARTESIAN_POINT('',(-0.0034925,0.0889705861917863,0.0919434565992824));
#6326=CARTESIAN_POINT('',(-0.000889,0.0889705861917863,0.0919434565992824));
#6327=CARTESIAN_POINT('',(-0.0024892,0.0889705861917863,0.0919434565992824));
#6328=CARTESIAN_POINT('',(-0.0040894,0.0889705861917863,0.0919434565992824));
#6329=CARTESIAN_POINT('',(-0.0024892,0.0889705861917863,0.0928324565992825));
#6330=CARTESIAN_POINT('',(0.00316202649861783,0.0889723801529914,0.0928324565992825));
#6331=CARTESIAN_POINT('',(0.00316202649861783,0.0889723801529914,0.0919434565992824));
#6332=CARTESIAN_POINT('',(0.00215872649861783,0.0889723801529914,0.0919434565992824));
#6333=CARTESIAN_POINT('',(0.00476222649861782,0.0889723801529914,0.0919434565992824));
#6334=CARTESIAN_POINT('',(0.00316202649861783,0.0889723801529914,0.0919434565992824));
#6335=CARTESIAN_POINT('',(0.00156182649861783,0.0889723801529914,0.0919434565992824));
#6336=CARTESIAN_POINT('',(0.00316202649861783,0.0889723801529914,0.0928324565992825));
#6337=CARTESIAN_POINT('',(-0.00254052339411115,0.0951871519017787,0.0928324565992825));
#6338=CARTESIAN_POINT('',(-0.00254052339411115,0.0951871519017787,0.0919434565992824));
#6339=CARTESIAN_POINT('',(-0.00354382339411115,0.0951871519017787,0.0919434565992824));
#6340=CARTESIAN_POINT('',(-0.000940323394111149,0.0951871519017787,0.0919434565992824));
#6341=CARTESIAN_POINT('',(-0.00254052339411115,0.0951871519017787,0.0919434565992824));
#6342=CARTESIAN_POINT('',(-0.00414072339411115,0.0951871519017787,0.0919434565992824));
#6343=CARTESIAN_POINT('',(-0.00254052339411115,0.0951871519017787,0.0928324565992825));
#6344=CARTESIAN_POINT('',(0.000332027613014799,0.0920634629084678,0.0928324565992825));
#6345=CARTESIAN_POINT('',(0.000332027613014799,0.0920634629084678,0.0918164565992824));
#6346=CARTESIAN_POINT('',(-0.0016872723869852,0.0920634629084678,0.0918164565992824));
#6347=CARTESIAN_POINT('',(0.0028593276130148,0.0920634629084678,0.0918164565992824));
#6348=CARTESIAN_POINT('',(0.000332027613014799,0.0920634629084678,0.0918164565992824));
#6349=CARTESIAN_POINT('',(-0.0021952723869852,0.0920634629084678,0.0918164565992824));
#6350=CARTESIAN_POINT('',(0.000332027613014799,0.0920634629084678,0.0928324565992825));
#6351=CARTESIAN_POINT('',(-0.0761585155084253,0.000814273569805367,0.014478));
#6352=CARTESIAN_POINT('',(-0.0761585155084253,0.000814273569805367,0.024638));
#6353=CARTESIAN_POINT('',(-0.0759004642040844,0.0197503594274548,0.024638));
#6354=CARTESIAN_POINT('',(-0.0759004642040844,0.0197503594274548,0.014478));
#6355=CARTESIAN_POINT('',(-0.0759004642040844,0.0197503594274548,0.014478));
#6356=CARTESIAN_POINT('',(-0.0761585155084253,0.000814273569805367,0.014478));
#6357=CARTESIAN_POINT('',(-0.0454232940068853,0.0193350321216363,0.014478));
#6358=CARTESIAN_POINT('',(-0.0454232940068853,0.0193350321216363,0.014478));
#6359=CARTESIAN_POINT('',(-0.0454232940068853,0.0193350321216363,0.024638));
#6360=CARTESIAN_POINT('',(-0.053107922424077,0.0543866914856897,0.014478));
#6361=CARTESIAN_POINT('',(-0.053107922424077,0.0543866914856897,0.024638));
#6362=CARTESIAN_POINT('',(-0.039535617877809,0.0675940563775708,0.024638));
#6363=CARTESIAN_POINT('',(-0.039535617877809,0.0675940563775708,0.014478));
#6364=CARTESIAN_POINT('',(-0.039535617877809,0.0675940563775708,0.014478));
#6365=CARTESIAN_POINT('',(-0.053107922424077,0.0543866914856897,0.014478));
#6366=CARTESIAN_POINT('',(-0.0182786849143491,0.0457497619053985,0.014478));
#6367=CARTESIAN_POINT('',(-0.0182786849143491,0.0457497619053985,0.014478));
#6368=CARTESIAN_POINT('',(-0.0182786849143491,0.0457497619053985,0.024638));
#6369=CARTESIAN_POINT('',(0.00107272824911885,0.0759688807982567,0.014478));
#6370=CARTESIAN_POINT('',(0.00107272824911885,0.0759688807982567,0.024638));
#6371=CARTESIAN_POINT('',(0.0200088141067684,0.0757108294939158,0.024638));
#6372=CARTESIAN_POINT('',(0.0200088141067684,0.0757108294939158,0.014478));
#6373=CARTESIAN_POINT('',(0.0200088141067684,0.0757108294939158,0.014478));
#6374=CARTESIAN_POINT('',(0.00107272824911885,0.0759688807982567,0.014478));
#6375=CARTESIAN_POINT('',(0.0195934868009498,0.0452336592967168,0.014478));
#6376=CARTESIAN_POINT('',(0.0195934868009498,0.0452336592967168,0.014478));
#6377=CARTESIAN_POINT('',(0.0195934868009498,0.0452336592967168,0.024638));
#6378=CARTESIAN_POINT('',(0.0546451461650032,0.0529182877139085,0.014478));
#6379=CARTESIAN_POINT('',(0.0546451461650032,0.0529182877139085,0.024638));
#6380=CARTESIAN_POINT('',(0.0678525110568843,0.0393459831676404,0.024638));
#6381=CARTESIAN_POINT('',(0.0678525110568843,0.0393459831676404,0.014478));
#6382=CARTESIAN_POINT('',(0.0678525110568843,0.0393459831676404,0.014478));
#6383=CARTESIAN_POINT('',(0.0546451461650032,0.0529182877139085,0.014478));
#6384=CARTESIAN_POINT('',(0.0460082165847121,0.0180890502041806,0.014478));
#6385=CARTESIAN_POINT('',(0.0460082165847121,0.0180890502041806,0.014478));
#6386=CARTESIAN_POINT('',(0.0460082165847121,0.0180890502041806,0.024638));
#6387=CARTESIAN_POINT('',(0.0762273354775703,-0.0012623629592874,0.014478));
#6388=CARTESIAN_POINT('',(0.0762273354775703,-0.0012623629592874,0.024638));
#6389=CARTESIAN_POINT('',(0.0759692841732295,-0.0201984488169369,0.024638));
#6390=CARTESIAN_POINT('',(0.0759692841732295,-0.0201984488169369,0.014478));
#6391=CARTESIAN_POINT('',(0.0759692841732295,-0.0201984488169369,0.014478));
#6392=CARTESIAN_POINT('',(0.0762273354775703,-0.0012623629592874,0.014478));
#6393=CARTESIAN_POINT('',(0.0454921139760303,-0.0197831215111183,0.014478));
#6394=CARTESIAN_POINT('',(0.0454921139760303,-0.0197831215111183,0.014478));
#6395=CARTESIAN_POINT('',(0.0454921139760303,-0.0197831215111183,0.024638));
#6396=CARTESIAN_POINT('',(0.0531767423932219,-0.0548347808751718,0.014478));
#6397=CARTESIAN_POINT('',(0.0531767423932219,-0.0548347808751718,0.024638));
#6398=CARTESIAN_POINT('',(0.0396044378469539,-0.068042145767053,0.024638));
#6399=CARTESIAN_POINT('',(0.0396044378469539,-0.068042145767053,0.014478));
#6400=CARTESIAN_POINT('',(0.0396044378469539,-0.068042145767053,0.014478));
#6401=CARTESIAN_POINT('',(0.0531767423932219,-0.0548347808751718,0.014478));
#6402=CARTESIAN_POINT('',(0.0183475048834941,-0.0461978512948806,0.014478));
#6403=CARTESIAN_POINT('',(0.0183475048834941,-0.0461978512948806,0.014478));
#6404=CARTESIAN_POINT('',(0.0183475048834941,-0.0461978512948806,0.024638));
#6405=CARTESIAN_POINT('',(-0.00100390827997391,-0.0764169701877388,0.014478));
#6406=CARTESIAN_POINT('',(-0.00100390827997391,-0.0764169701877388,0.024638));
#6407=CARTESIAN_POINT('',(-0.0199399941376233,-0.0761589188833979,0.024638));
#6408=CARTESIAN_POINT('',(-0.0199399941376233,-0.0761589188833979,0.014478));
#6409=CARTESIAN_POINT('',(-0.0199399941376233,-0.0761589188833979,0.014478));
#6410=CARTESIAN_POINT('',(-0.00100390827997391,-0.0764169701877388,0.014478));
#6411=CARTESIAN_POINT('',(-0.0195246668318049,-0.0456817486861989,0.014478));
#6412=CARTESIAN_POINT('',(-0.0195246668318049,-0.0456817486861989,0.014478));
#6413=CARTESIAN_POINT('',(-0.0195246668318049,-0.0456817486861989,0.024638));
#6414=CARTESIAN_POINT('',(-0.0545763261958582,-0.0533663771033906,0.014478));
#6415=CARTESIAN_POINT('',(-0.0545763261958582,-0.0533663771033906,0.024638));
#6416=CARTESIAN_POINT('',(-0.0677836910877393,-0.0397940725571225,0.024638));
#6417=CARTESIAN_POINT('',(-0.0677836910877393,-0.0397940725571225,0.014478));
#6418=CARTESIAN_POINT('',(-0.0677836910877393,-0.0397940725571225,0.014478));
#6419=CARTESIAN_POINT('',(-0.0545763261958582,-0.0533663771033906,0.014478));
#6420=CARTESIAN_POINT('',(-0.0330641809383193,-0.0137100776509127,0.014478));
#6421=CARTESIAN_POINT('',(-0.0330641809383193,-0.0137100776509127,0.024638));
#6422=CARTESIAN_POINT('',(-0.0547411487802766,-0.0351376175278736,0.024638));
#6423=CARTESIAN_POINT('',(-0.0635436706460743,-0.0135337054454462,0.024638));
#6424=CARTESIAN_POINT('',(-0.0547411487802766,-0.0351376175278736,0.014478));
#6425=CARTESIAN_POINT('',(-0.0547411487802766,-0.0351376175278736,0.014478));
#6426=CARTESIAN_POINT('',(-0.0330641809383193,-0.0137100776509127,0.014478));
#6427=CARTESIAN_POINT('',(-0.0635436706460743,-0.0135337054454462,0.014478));
#6428=CARTESIAN_POINT('',(-0.0635436706460743,-0.0135337054454462,0.014478));
#6429=CARTESIAN_POINT('',(-0.0451259396861717,-0.0448647527717431,0.014478));
#6430=CARTESIAN_POINT('',(-0.0451259396861717,-0.0448647527717431,0.024638));
#6431=CARTESIAN_POINT('',(-0.0355107305920669,-0.0545918880156125,0.024638));
#6432=CARTESIAN_POINT('',(-0.0355107305920669,-0.0545918880156125,0.014478));
#6433=CARTESIAN_POINT('',(-0.0355107305920669,-0.0545918880156125,0.014478));
#6434=CARTESIAN_POINT('',(-0.0451259396861717,-0.0448647527717431,0.014478));
#6435=CARTESIAN_POINT('',(-0.0138337627501097,-0.0331643481386516,0.014478));
#6436=CARTESIAN_POINT('',(-0.0138337627501097,-0.0331643481386516,0.024638));
#6437=CARTESIAN_POINT('',(-0.014010134955576,-0.0636438378464065,0.024638));
#6438=CARTESIAN_POINT('',(-0.014010134955576,-0.0636438378464065,0.014478));
#6439=CARTESIAN_POINT('',(-0.014010134955576,-0.0636438378464065,0.014478));
#6440=CARTESIAN_POINT('',(-0.0138337627501097,-0.0331643481386516,0.014478));
#6441=CARTESIAN_POINT('',(-0.000333032110149172,-0.0637229815858971,0.014478));
#6442=CARTESIAN_POINT('',(-0.000333032110149172,-0.0637229815858971,0.024638));
#6443=CARTESIAN_POINT('',(0.0133440707352777,-0.0638021253253878,0.024638));
#6444=CARTESIAN_POINT('',(0.0133440707352777,-0.0638021253253878,0.014478));
#6445=CARTESIAN_POINT('',(0.0133440707352777,-0.0638021253253878,0.014478));
#6446=CARTESIAN_POINT('',(-0.000333032110149172,-0.0637229815858971,0.014478));
#6447=CARTESIAN_POINT('',(0.013520442940744,-0.0333226356176328,0.014478));
#6448=CARTESIAN_POINT('',(0.013520442940744,-0.0333226356176328,0.024638));
#6449=CARTESIAN_POINT('',(0.0349479828177051,-0.0549996034595901,0.024638));
#6450=CARTESIAN_POINT('',(0.0349479828177051,-0.0549996034595901,0.014478));
#6451=CARTESIAN_POINT('',(0.0349479828177051,-0.0549996034595901,0.014478));
#6452=CARTESIAN_POINT('',(0.013520442940744,-0.0333226356176328,0.014478));
#6453=CARTESIAN_POINT('',(0.0446751180615746,-0.0453843943654852,0.014478));
#6454=CARTESIAN_POINT('',(0.0446751180615746,-0.0453843943654852,0.024638));
#6455=CARTESIAN_POINT('',(0.054402253305444,-0.0357691852713804,0.024638));
#6456=CARTESIAN_POINT('',(0.054402253305444,-0.0357691852713804,0.014478));
#6457=CARTESIAN_POINT('',(0.054402253305444,-0.0357691852713804,0.014478));
#6458=CARTESIAN_POINT('',(0.0446751180615746,-0.0453843943654852,0.014478));
#6459=CARTESIAN_POINT('',(0.0329747134284831,-0.0140922174294232,0.014478));
#6460=CARTESIAN_POINT('',(0.0329747134284831,-0.0140922174294232,0.024638));
#6461=CARTESIAN_POINT('',(0.063454203136238,-0.0142685896348895,0.024638));
#6462=CARTESIAN_POINT('',(0.063454203136238,-0.0142685896348895,0.014478));
#6463=CARTESIAN_POINT('',(0.063454203136238,-0.0142685896348895,0.014478));
#6464=CARTESIAN_POINT('',(0.0329747134284831,-0.0140922174294232,0.014478));
#6465=CARTESIAN_POINT('',(0.0635333468757286,-0.000591486789462673,0.014478));
#6466=CARTESIAN_POINT('',(0.0635333468757286,-0.000591486789462673,0.024638));
#6467=CARTESIAN_POINT('',(0.0636124906152193,0.0130856160559642,0.024638));
#6468=CARTESIAN_POINT('',(0.0636124906152193,0.0130856160559642,0.014478));
#6469=CARTESIAN_POINT('',(0.0636124906152193,0.0130856160559642,0.014478));
#6470=CARTESIAN_POINT('',(0.0635333468757286,-0.000591486789462673,0.014478));
#6471=CARTESIAN_POINT('',(0.0331330009074643,0.0132619882614305,0.014478));
#6472=CARTESIAN_POINT('',(0.0331330009074643,0.0132619882614305,0.024638));
#6473=CARTESIAN_POINT('',(0.0548099687494215,0.0346895281383915,0.024638));
#6474=CARTESIAN_POINT('',(0.0548099687494215,0.0346895281383915,0.014478));
#6475=CARTESIAN_POINT('',(0.0548099687494215,0.0346895281383915,0.014478));
#6476=CARTESIAN_POINT('',(0.0331330009074643,0.0132619882614305,0.014478));
#6477=CARTESIAN_POINT('',(0.0451947596553167,0.044416663382261,0.014478));
#6478=CARTESIAN_POINT('',(0.0451947596553167,0.044416663382261,0.024638));
#6479=CARTESIAN_POINT('',(0.0355795505612118,0.0541437986261305,0.024638));
#6480=CARTESIAN_POINT('',(0.0355795505612118,0.0541437986261305,0.014478));
#6481=CARTESIAN_POINT('',(0.0355795505612118,0.0541437986261305,0.014478));
#6482=CARTESIAN_POINT('',(0.0451947596553167,0.044416663382261,0.014478));
#6483=CARTESIAN_POINT('',(0.0139025827192546,0.0327162587491695,0.014478));
#6484=CARTESIAN_POINT('',(0.0139025827192546,0.0327162587491695,0.024638));
#6485=CARTESIAN_POINT('',(0.014078954924721,0.0631957484569244,0.024638));
#6486=CARTESIAN_POINT('',(0.014078954924721,0.0631957484569244,0.014478));
#6487=CARTESIAN_POINT('',(0.014078954924721,0.0631957484569244,0.014478));
#6488=CARTESIAN_POINT('',(0.0139025827192546,0.0327162587491695,0.014478));
#6489=CARTESIAN_POINT('',(0.000401852079294191,0.0632748921964151,0.014478));
#6490=CARTESIAN_POINT('',(0.000401852079294191,0.0632748921964151,0.024638));
#6491=CARTESIAN_POINT('',(-0.0132752507661327,0.0633540359359057,0.024638));
#6492=CARTESIAN_POINT('',(-0.0132752507661327,0.0633540359359057,0.014478));
#6493=CARTESIAN_POINT('',(-0.0132752507661327,0.0633540359359057,0.014478));
#6494=CARTESIAN_POINT('',(0.000401852079294191,0.0632748921964151,0.014478));
#6495=CARTESIAN_POINT('',(-0.0134516229715995,0.0328745462281506,0.014478));
#6496=CARTESIAN_POINT('',(-0.0134516229715995,0.0328745462281506,0.024638));
#6497=CARTESIAN_POINT('',(-0.0348791628485608,0.0545515140701076,0.024638));
#6498=CARTESIAN_POINT('',(-0.0348791628485608,0.0545515140701076,0.014478));
#6499=CARTESIAN_POINT('',(-0.0348791628485608,0.0545515140701076,0.014478));
#6500=CARTESIAN_POINT('',(-0.0134516229715995,0.0328745462281506,0.014478));
#6501=CARTESIAN_POINT('',(-0.0446062980924299,0.0449363049760029,0.014478));
#6502=CARTESIAN_POINT('',(-0.0446062980924299,0.0449363049760029,0.024638));
#6503=CARTESIAN_POINT('',(-0.054333433336299,0.0353210958818983,0.024638));
#6504=CARTESIAN_POINT('',(-0.054333433336299,0.0353210958818983,0.014478));
#6505=CARTESIAN_POINT('',(-0.054333433336299,0.0353210958818983,0.014478));
#6506=CARTESIAN_POINT('',(-0.0446062980924299,0.0449363049760029,0.014478));
#6507=CARTESIAN_POINT('',(-0.032905893459338,0.0136441280399411,0.014478));
#6508=CARTESIAN_POINT('',(-0.032905893459338,0.0136441280399411,0.024638));
#6509=CARTESIAN_POINT('',(-0.0633853831670929,0.0138205002454075,0.024638));
#6510=CARTESIAN_POINT('',(-0.0633853831670929,0.0138205002454075,0.014478));
#6511=CARTESIAN_POINT('',(-0.0633853831670929,0.0138205002454075,0.014478));
#6512=CARTESIAN_POINT('',(-0.032905893459338,0.0136441280399411,0.014478));
#6513=CARTESIAN_POINT('',(-0.0634645269065836,0.000143397399980632,0.014478));
#6514=CARTESIAN_POINT('',(-0.0634645269065836,0.000143397399980632,0.024638));
#6515=CARTESIAN_POINT('',(-0.0634645269065836,0.000143397399980632,0.014478));
#6516=CARTESIAN_POINT('',(-0.0459393966155671,-0.0185371395936627,0.014478));
#6517=CARTESIAN_POINT('',(-0.0459393966155671,-0.0185371395936627,0.014478));
#6518=CARTESIAN_POINT('',(-0.0459393966155671,-0.0185371395936627,0.024638));
#6519=CARTESIAN_POINT('',(3.44099845724921E-05,-0.000224044694741022,0.014478));
#6520=CARTESIAN_POINT('',(0.042679649454975,-0.0546604056451312,0.014478));
#6521=CARTESIAN_POINT('',(0.041181049454975,-0.0546604056451312,0.014478));
#6522=CARTESIAN_POINT('',(-0.0446062980924301,0.0533183049760025,0.014478));
#6523=CARTESIAN_POINT('',(-0.0461048980924301,0.0533183049760025,0.014478));
#6524=CARTESIAN_POINT('',(0.042529997559693,0.0533183049759952,0.014478));
#6525=CARTESIAN_POINT('',(0.0410313975596929,0.0533183049759952,0.014478));
#6526=CARTESIAN_POINT('',(-0.0444566461971477,-0.0546604056451363,0.014478));
#6527=CARTESIAN_POINT('',(-0.0459552461971477,-0.0546604056451363,0.014478));
#6528=CARTESIAN_POINT('',(3.44099845724921E-05,-0.000224044694741022,0.024638));
#6529=CARTESIAN_POINT('',(-0.0444566461971477,-0.0546604056451363,0.022479));
#6530=CARTESIAN_POINT('',(-0.0444566461971477,-0.0546604056451363,0.022479));
#6531=CARTESIAN_POINT('',(-0.0459552461971477,-0.0546604056451363,0.022479));
#6532=CARTESIAN_POINT('',(1.14318891098475E-05,-6.82241979695492E-05,0.022479));
#6533=CARTESIAN_POINT('',(0.042529997559693,0.0533183049759952,0.022479));
#6534=CARTESIAN_POINT('',(0.042529997559693,0.0533183049759952,0.022479));
#6535=CARTESIAN_POINT('',(0.0410313975596929,0.0533183049759952,0.022479));
#6536=CARTESIAN_POINT('',(1.14318891098475E-05,-6.82241979695492E-05,0.022479));
#6537=CARTESIAN_POINT('',(-0.0446062980924301,0.0533183049760025,0.022479));
#6538=CARTESIAN_POINT('',(-0.0446062980924301,0.0533183049760025,0.022479));
#6539=CARTESIAN_POINT('',(-0.0461048980924301,0.0533183049760025,0.022479));
#6540=CARTESIAN_POINT('',(1.14318891098475E-05,-6.82241979695492E-05,0.022479));
#6541=CARTESIAN_POINT('',(0.042679649454975,-0.0546604056451312,0.022479));
#6542=CARTESIAN_POINT('',(0.042679649454975,-0.0546604056451312,0.022479));
#6543=CARTESIAN_POINT('',(0.041181049454975,-0.0546604056451312,0.022479));
#6544=CARTESIAN_POINT('',(1.14318891098475E-05,-6.82241979695492E-05,0.022479));
#6545=CARTESIAN_POINT('',(-0.000340344566881652,0.0208242487067855,0.08382));
#6546=CARTESIAN_POINT('',(0.010169211026727,0.0208242487067855,0.096266));
#6547=CARTESIAN_POINT('',(0.010169211026727,0.0208242487067855,0.096266));
#6548=CARTESIAN_POINT('',(-0.000340344566881652,0.0208242487067855,0.096266));
#6549=CARTESIAN_POINT('',(-0.0107500365015827,0.0208242487067855,0.096266));
#6550=CARTESIAN_POINT('',(-0.0107500365015827,0.0208242487067855,0.096266));
#6551=CARTESIAN_POINT('',(-0.0406199697297534,0.0208242487067855,0.096266));
#6552=CARTESIAN_POINT('',(-0.0406199697297534,0.0208242487067855,0.096266));
#6553=CARTESIAN_POINT('',(-0.0404826571483176,0.0208242487067855,0.096266));
#6554=CARTESIAN_POINT('',(0.0396646554331183,0.0208242487067855,0.096266));
#6555=CARTESIAN_POINT('',(-1.38777878078145E-17,1.38777878078145E-17,0.096266));
#6556=CARTESIAN_POINT('',(0.0501219058809384,0.00047867243243714,0.096266));
#6557=CARTESIAN_POINT('',(0.0538938058809384,0.00047867243243714,0.096266));
#6558=CARTESIAN_POINT('',(0.039805106656315,-0.0134017273369483,0.096266));
#6559=CARTESIAN_POINT('',(0.0399455578795117,-0.00520970338068213,0.096266));
#6560=CARTESIAN_POINT('',(0.0504051816436665,-0.00520970338068214,0.096266));
#6561=CARTESIAN_POINT('',(0.0608648054078214,-0.00520970338068214,0.096266));
#6562=CARTESIAN_POINT('',(0.0608648054078214,0.000698196222191336,0.096266));
#6563=CARTESIAN_POINT('',(0.0608648054078214,0.00660609582506481,0.096266));
#6564=CARTESIAN_POINT('',(0.0504051816436665,0.00660609582506481,0.096266));
#6565=CARTESIAN_POINT('',(0.0399455578795117,0.00660609582506481,0.096266));
#6566=CARTESIAN_POINT('',(0.039805106656315,0.0137151722659251,0.096266));
#6567=CARTESIAN_POINT('',(0.0504051816436665,0.00660609582506481,0.096266));
#6568=CARTESIAN_POINT('',(0.0399455578795117,0.00660609582506481,0.096266));
#6569=CARTESIAN_POINT('',(0.0608648054078214,0.00660609582506481,0.096266));
#6570=CARTESIAN_POINT('',(0.0608648054078214,0.000698196222191336,0.096266));
#6571=CARTESIAN_POINT('',(0.0608648054078214,-0.00520970338068214,0.096266));
#6572=CARTESIAN_POINT('',(0.0504051816436665,-0.00520970338068214,0.096266));
#6573=CARTESIAN_POINT('',(0.0399455578795117,-0.00520970338068213,0.096266));
#6574=CARTESIAN_POINT('',(0.039805106656315,0.0137151722659251,0.096266));
#6575=CARTESIAN_POINT('',(0.039805106656315,-0.0134017273369483,0.096266));
#6576=CARTESIAN_POINT('',(0.0396646554331183,-0.0215937512932146,0.096266));
#6577=CARTESIAN_POINT('',(-1.38777878078145E-17,1.38777878078145E-17,0.096266));
#6578=CARTESIAN_POINT('',(-0.000667274875542044,-0.0278433754800953,0.096266));
#6579=CARTESIAN_POINT('',(0.00310462512445796,-0.0278433754800953,0.096266));
#6580=CARTESIAN_POINT('',(-0.0255944837219254,-0.0216548516903411,0.096266));
#6581=CARTESIAN_POINT('',(-0.010843622876969,-0.0217159520874676,0.096266));
#6582=CARTESIAN_POINT('',(-0.0108436228769691,-0.0276238516903411,0.096266));
#6583=CARTESIAN_POINT('',(-0.0108436228769692,-0.0335317512932146,0.096266));
#6584=CARTESIAN_POINT('',(-0.000383999112814287,-0.0335317512932145,0.096266));
#6585=CARTESIAN_POINT('',(0.0100756246513406,-0.0335317512932145,0.096266));
#6586=CARTESIAN_POINT('',(0.0100756246513407,-0.0276238516903411,0.096266));
#6587=CARTESIAN_POINT('',(0.0100756246513407,-0.0217159520874676,0.096266));
#6588=CARTESIAN_POINT('',(0.0248701400422295,-0.0216548516903411,0.096266));
#6589=CARTESIAN_POINT('',(0.0100756246513407,-0.0276238516903411,0.096266));
#6590=CARTESIAN_POINT('',(0.0100756246513407,-0.0217159520874676,0.096266));
#6591=CARTESIAN_POINT('',(0.0100756246513406,-0.0335317512932145,0.096266));
#6592=CARTESIAN_POINT('',(-0.000383999112814287,-0.0335317512932145,0.096266));
#6593=CARTESIAN_POINT('',(-0.0108436228769692,-0.0335317512932146,0.096266));
#6594=CARTESIAN_POINT('',(-0.0108436228769691,-0.0276238516903411,0.096266));
#6595=CARTESIAN_POINT('',(-0.010843622876969,-0.0217159520874676,0.096266));
#6596=CARTESIAN_POINT('',(0.0248701400422295,-0.0216548516903411,0.096266));
#6597=CARTESIAN_POINT('',(-0.0255944837219254,-0.0216548516903411,0.096266));
#6598=CARTESIAN_POINT('',(-0.0403453445668817,-0.0215937512932145,0.096266));
#6599=CARTESIAN_POINT('',(-1.38777878078145E-17,1.38777878078145E-17,0.096266));
#6600=CARTESIAN_POINT('',(-0.0513628692566365,-0.00180942339262766,0.096266));
#6601=CARTESIAN_POINT('',(-0.0475909692566365,-0.00180942339262766,0.096266));
#6602=CARTESIAN_POINT('',(-0.0406199697297534,0.0125711243533927,0.096266));
#6603=CARTESIAN_POINT('',(-0.0406199697297534,0.004318,0.096266));
#6604=CARTESIAN_POINT('',(-0.0510795934939083,0.004318,0.096266));
#6605=CARTESIAN_POINT('',(-0.0615392172580631,0.004318,0.096266));
#6606=CARTESIAN_POINT('',(-0.0615392172580631,-0.00158989960287346,0.096266));
#6607=CARTESIAN_POINT('',(-0.0615392172580632,-0.00749779920574695,0.096266));
#6608=CARTESIAN_POINT('',(-0.0510795934939083,-0.00749779920574695,0.096266));
#6609=CARTESIAN_POINT('',(-0.0406199697297534,-0.00749779920574695,0.096266));
#6610=CARTESIAN_POINT('',(-0.0404826571483176,-0.0145457752494807,0.096266));
#6611=CARTESIAN_POINT('',(-0.0510795934939083,-0.00749779920574695,0.096266));
#6612=CARTESIAN_POINT('',(-0.0406199697297534,-0.00749779920574695,0.096266));
#6613=CARTESIAN_POINT('',(-0.0615392172580632,-0.00749779920574695,0.096266));
#6614=CARTESIAN_POINT('',(-0.0615392172580631,-0.00158989960287346,0.096266));
#6615=CARTESIAN_POINT('',(-0.0615392172580631,0.004318,0.096266));
#6616=CARTESIAN_POINT('',(-0.0510795934939083,0.004318,0.096266));
#6617=CARTESIAN_POINT('',(-0.0406199697297534,0.004318,0.096266));
#6618=CARTESIAN_POINT('',(-0.0406199697297534,0.0125711243533927,0.096266));
#6619=CARTESIAN_POINT('',(-0.0404826571483176,-0.0145457752494807,0.096266));
#6620=CARTESIAN_POINT('',(-1.38777878078145E-17,1.38777878078145E-17,0.096266));
#6621=CARTESIAN_POINT('',(-0.000573688500156036,0.0265126245199048,0.096266));
#6622=CARTESIAN_POINT('',(0.00319821149984396,0.0265126245199048,0.096266));
#6623=CARTESIAN_POINT('',(0.010169211026727,0.026732148309659,0.096266));
#6624=CARTESIAN_POINT('',(0.010169211026727,0.0326400479125324,0.096266));
#6625=CARTESIAN_POINT('',(-0.000290412737427862,0.0326400479125324,0.096266));
#6626=CARTESIAN_POINT('',(-0.0107500365015827,0.0326400479125324,0.096266));
#6627=CARTESIAN_POINT('',(-0.0107500365015827,0.026732148309659,0.096266));
#6628=CARTESIAN_POINT('',(-0.0107500365015827,0.026732148309659,0.096266));
#6629=CARTESIAN_POINT('',(-0.0107500365015827,0.0326400479125324,0.096266));
#6630=CARTESIAN_POINT('',(0.010169211026727,0.026732148309659,0.096266));
#6631=CARTESIAN_POINT('',(0.010169211026727,0.0326400479125324,0.096266));
#6632=CARTESIAN_POINT('',(-0.000290412737427862,0.0326400479125324,0.096266));
#6633=CARTESIAN_POINT('',(-0.000573688500156036,0.0265126245199048,0.1048512));
#6634=CARTESIAN_POINT('',(-0.000573688500156036,0.0265126245199048,0.1048512));
#6635=CARTESIAN_POINT('',(0.00167421149984396,0.0265126245199048,0.1048512));
#6636=CARTESIAN_POINT('',(-0.000573688500156036,0.0265126245199048,0.096266));
#6637=CARTESIAN_POINT('',(0.00167421149984396,0.0265126245199048,0.096266));
#6638=CARTESIAN_POINT('',(-0.000573688500156036,0.0265126245199048,0.1048512));
#6639=CARTESIAN_POINT('',(-0.000573688500156036,0.0265126245199048,0.1048512));
#6640=CARTESIAN_POINT('',(0.00319821149984396,0.0265126245199048,0.1048512));
#6641=CARTESIAN_POINT('',(-0.000620481687849034,0.000512386216218574,0.1048512));
#6642=CARTESIAN_POINT('',(-1.38777878078145E-17,1.38777878078145E-17,0.096266));
#6643=CARTESIAN_POINT('',(-0.0513628692566365,-0.00180942339262766,0.1048512));
#6644=CARTESIAN_POINT('',(-0.0513628692566365,-0.00180942339262766,0.1048512));
#6645=CARTESIAN_POINT('',(-0.0491149692566365,-0.00180942339262766,0.1048512));
#6646=CARTESIAN_POINT('',(-0.0513628692566365,-0.00180942339262766,0.096266));
#6647=CARTESIAN_POINT('',(-0.0491149692566365,-0.00180942339262766,0.096266));
#6648=CARTESIAN_POINT('',(-0.0513628692566365,-0.00180942339262766,0.1048512));
#6649=CARTESIAN_POINT('',(-0.0513628692566365,-0.00180942339262766,0.1048512));
#6650=CARTESIAN_POINT('',(-0.0475909692566365,-0.00180942339262766,0.1048512));
#6651=CARTESIAN_POINT('',(-0.000620481687849034,0.000512386216218574,0.1048512));
#6652=CARTESIAN_POINT('',(-1.38777878078145E-17,1.38777878078145E-17,0.096266));
#6653=CARTESIAN_POINT('',(-0.000667274875542044,-0.0278433754800953,0.1048512));
#6654=CARTESIAN_POINT('',(-0.000667274875542044,-0.0278433754800953,0.1048512));
#6655=CARTESIAN_POINT('',(0.00158062512445796,-0.0278433754800953,0.1048512));
#6656=CARTESIAN_POINT('',(-0.000667274875542044,-0.0278433754800953,0.096266));
#6657=CARTESIAN_POINT('',(0.00158062512445796,-0.0278433754800953,0.096266));
#6658=CARTESIAN_POINT('',(-0.000667274875542044,-0.0278433754800953,0.1048512));
#6659=CARTESIAN_POINT('',(-0.000667274875542044,-0.0278433754800953,0.1048512));
#6660=CARTESIAN_POINT('',(0.00310462512445796,-0.0278433754800953,0.1048512));
#6661=CARTESIAN_POINT('',(-0.000620481687849034,0.000512386216218574,0.1048512));
#6662=CARTESIAN_POINT('',(-1.38777878078145E-17,1.38777878078145E-17,0.096266));
#6663=CARTESIAN_POINT('',(0.0501219058809384,0.00047867243243714,0.1048512));
#6664=CARTESIAN_POINT('',(0.0501219058809384,0.00047867243243714,0.1048512));
#6665=CARTESIAN_POINT('',(0.0523698058809384,0.00047867243243714,0.1048512));
#6666=CARTESIAN_POINT('',(0.0501219058809384,0.00047867243243714,0.096266));
#6667=CARTESIAN_POINT('',(0.0523698058809384,0.00047867243243714,0.096266));
#6668=CARTESIAN_POINT('',(0.0501219058809384,0.00047867243243714,0.1048512));
#6669=CARTESIAN_POINT('',(0.0501219058809384,0.00047867243243714,0.1048512));
#6670=CARTESIAN_POINT('',(0.0538938058809384,0.00047867243243714,0.1048512));
#6671=CARTESIAN_POINT('',(-0.000620481687849034,0.000512386216218574,0.1048512));
#6672=CARTESIAN_POINT('',(-1.38777878078145E-17,1.38777878078145E-17,0.096266));
#6673=CARTESIAN_POINT('',(0.000392019156269602,-0.0792819985210604,0.0042926));
#6674=CARTESIAN_POINT('',(0.000392019156269602,-0.0792819985210604,0.0042926));
#6675=CARTESIAN_POINT('',(-0.0018558808437304,-0.0792819985210604,0.0042926));
#6676=CARTESIAN_POINT('',(-1.38777878078145E-17,1.38777878078145E-17,0.0042926));
#6677=CARTESIAN_POINT('',(-0.0792279202616355,-1.37644176990167E-19,0.0042926));
#6678=CARTESIAN_POINT('',(-0.0792279202616355,-1.37644176990167E-19,0.0042926));
#6679=CARTESIAN_POINT('',(-0.0814758202616355,-1.37644176990167E-19,0.0042926));
#6680=CARTESIAN_POINT('',(-1.38777878078145E-17,1.38777878078145E-17,0.0042926));
#6681=CARTESIAN_POINT('',(0.0790647932074301,0.000531623998198169,0.0042926));
#6682=CARTESIAN_POINT('',(0.0790647932074301,0.000531623998198169,0.0042926));
#6683=CARTESIAN_POINT('',(0.0768168932074301,0.000531623998198169,0.0042926));
#6684=CARTESIAN_POINT('',(-1.38777878078145E-17,1.38777878078145E-17,0.0042926));
#6685=CARTESIAN_POINT('',(0.,0.0795417981236161,0.0042926));
#6686=CARTESIAN_POINT('',(0.,0.0795417981236161,0.0042926));
#6687=CARTESIAN_POINT('',(-0.0022479,0.0795417981236161,0.0042926));
#6688=CARTESIAN_POINT('',(-1.38777878078145E-17,1.38777878078145E-17,0.0042926));
#6689=CARTESIAN_POINT('',(0.00060802936378689,-0.101598180595386,0.0080381279096382));
#6690=CARTESIAN_POINT('',(0.01336874490851,-0.101521812202679,0.0080381279096382));
#6691=CARTESIAN_POINT('',(-0.0125466918567633,-0.101676906973434,0.0080381279096382));
#6692=MECHANICAL_DESIGN_GEOMETRIC_PRESENTATION_REPRESENTATION('',(#3985),#6694);
#6693=MECHANICAL_DESIGN_GEOMETRIC_PRESENTATION_REPRESENTATION('',(#3986),#6695);
#6694=(
GEOMETRIC_REPRESENTATION_CONTEXT(3)
GLOBAL_UNCERTAINTY_ASSIGNED_CONTEXT((#6696))
GLOBAL_UNIT_ASSIGNED_CONTEXT((#6702,#6700,#6698))
REPRESENTATION_CONTEXT('Part 2','TOP_LEVEL_ASSEMBLY_PART')
);
#6695=(
GEOMETRIC_REPRESENTATION_CONTEXT(3)
GLOBAL_UNCERTAINTY_ASSIGNED_CONTEXT((#6697))
GLOBAL_UNIT_ASSIGNED_CONTEXT((#6703,#6701,#6699))
REPRESENTATION_CONTEXT('Part 1','TOP_LEVEL_ASSEMBLY_PART')
);
#6696=UNCERTAINTY_MEASURE_WITH_UNIT(LENGTH_MEASURE(1.E-08),#6702,'DISTANCE_ACCURACY_VALUE','Maximum Tolerance applied to model');
#6697=UNCERTAINTY_MEASURE_WITH_UNIT(LENGTH_MEASURE(1.E-08),#6703,'DISTANCE_ACCURACY_VALUE','Maximum Tolerance applied to model');
#6698=(
NAMED_UNIT(*)
SI_UNIT($,.STERADIAN.)
SOLID_ANGLE_UNIT()
);
#6699=(
NAMED_UNIT(*)
SI_UNIT($,.STERADIAN.)
SOLID_ANGLE_UNIT()
);
#6700=(
NAMED_UNIT(*)
PLANE_ANGLE_UNIT()
SI_UNIT($,.RADIAN.)
);
#6701=(
NAMED_UNIT(*)
PLANE_ANGLE_UNIT()
SI_UNIT($,.RADIAN.)
);
#6702=(
LENGTH_UNIT()
NAMED_UNIT(*)
SI_UNIT($,.METRE.)
);
#6703=(
LENGTH_UNIT()
NAMED_UNIT(*)
SI_UNIT($,.METRE.)
);
#6704=PRODUCT_DEFINITION_SHAPE('','',#6706);
#6705=PRODUCT_DEFINITION_SHAPE('','',#6707);
#6706=PRODUCT_DEFINITION('','',#6710,#6708);
#6707=PRODUCT_DEFINITION('','',#6711,#6709);
#6708=PRODUCT_DEFINITION_CONTEXT('',#6722,'design');
#6709=PRODUCT_DEFINITION_CONTEXT('',#6723,'design');
#6710=PRODUCT_DEFINITION_FORMATION_WITH_SPECIFIED_SOURCE('','',#6714,.NOT_KNOWN.);
#6711=PRODUCT_DEFINITION_FORMATION_WITH_SPECIFIED_SOURCE('','',#6715,.NOT_KNOWN.);
#6712=PRODUCT_RELATED_PRODUCT_CATEGORY('','',(#6714));
#6713=PRODUCT_RELATED_PRODUCT_CATEGORY('','',(#6715));
#6714=PRODUCT('Part 2','Part 2','Part 2',(#6718));
#6715=PRODUCT('Part 1','Part 1','Part 1',(#6719));
#6716=PRODUCT_CATEGORY('','');
#6717=PRODUCT_CATEGORY('','');
#6718=PRODUCT_CONTEXT('',#6722,'mechanical');
#6719=PRODUCT_CONTEXT('',#6723,'mechanical');
#6720=APPLICATION_PROTOCOL_DEFINITION('international standard','ap242_managed_model_based_3d_engineering',2020,#6722);
#6721=APPLICATION_PROTOCOL_DEFINITION('international standard','ap242_managed_model_based_3d_engineering',2020,#6723);
#6722=APPLICATION_CONTEXT('managed model based 3d engineering');
#6723=APPLICATION_CONTEXT('managed model based 3d engineering');
#6724=COMPOSITE_SHAPE_ASPECT('hole_callout.FjP4D6vRBccArIn_1.JHD.3',$,#6705,$);
#6725=SHAPE_ASPECT('hole_callout.FjP4D6vRBccArIn_1.JHD.3',$,#6705,.T.);
#6726=GEOMETRIC_ITEM_SPECIFIC_USAGE('','',#6725,#18,#3868);
#6727=SHAPE_ASPECT_RELATIONSHIP('','',#6724,#6725);
#6728=SHAPE_ASPECT('hole_callout.FjP4D6vRBccArIn_1.JHD.3',$,#6705,.T.);
#6729=GEOMETRIC_ITEM_SPECIFIC_USAGE('','',#6728,#18,#3866);
#6730=SHAPE_ASPECT_RELATIONSHIP('','',#6724,#6728);
#6731=SHAPE_ASPECT('hole_callout.FjP4D6vRBccArIn_1.JHD.3',$,#6705,.T.);
#6732=GEOMETRIC_ITEM_SPECIFIC_USAGE('','',#6731,#18,#3867);
#6733=SHAPE_ASPECT_RELATIONSHIP('','',#6724,#6731);
#6734=SHAPE_ASPECT('hole_callout.FjP4D6vRBccArIn_1.JHD.3',$,#6705,.T.);
#6735=GEOMETRIC_ITEM_SPECIFIC_USAGE('','',#6734,#18,#3863);
#6736=SHAPE_ASPECT_RELATIONSHIP('','',#6724,#6734);
#6737=SHAPE_ASPECT('hole_callout.FjP4D6vRBccArIn_1.JHD.3',$,#6705,.T.);
#6738=GEOMETRIC_ITEM_SPECIFIC_USAGE('','',#6737,#18,#3865);
#6739=SHAPE_ASPECT_RELATIONSHIP('','',#6724,#6737);
#6740=SHAPE_ASPECT('hole_callout.FjP4D6vRBccArIn_1.JHD.3',$,#6705,.T.);
#6741=GEOMETRIC_ITEM_SPECIFIC_USAGE('','',#6740,#18,#3864);
#6742=SHAPE_ASPECT_RELATIONSHIP('','',#6724,#6740);
#6743=SHAPE_ASPECT('hole_callout.FjP4D6vRBccArIn_1.JHD.3',$,#6705,.T.);
#6744=GEOMETRIC_ITEM_SPECIFIC_USAGE('','',#6743,#18,#3859);
#6745=SHAPE_ASPECT_RELATIONSHIP('','',#6724,#6743);
#6746=SHAPE_ASPECT('hole_callout.FjP4D6vRBccArIn_1.JHD.3',$,#6705,.T.);
#6747=GEOMETRIC_ITEM_SPECIFIC_USAGE('','',#6746,#18,#3857);
#6748=SHAPE_ASPECT_RELATIONSHIP('','',#6724,#6746);
#6749=SHAPE_ASPECT('hole_callout.FjP4D6vRBccArIn_1.JHD.3',$,#6705,.T.);
#6750=GEOMETRIC_ITEM_SPECIFIC_USAGE('','',#6749,#18,#3858);
#6751=SHAPE_ASPECT_RELATIONSHIP('','',#6724,#6749);
#6752=SHAPE_ASPECT('hole_callout.FjP4D6vRBccArIn_1.JHD.3',$,#6705,.T.);
#6753=GEOMETRIC_ITEM_SPECIFIC_USAGE('','',#6752,#18,#3862);
#6754=SHAPE_ASPECT_RELATIONSHIP('','',#6724,#6752);
#6755=SHAPE_ASPECT('hole_callout.FjP4D6vRBccArIn_1.JHD.3',$,#6705,.T.);
#6756=GEOMETRIC_ITEM_SPECIFIC_USAGE('','',#6755,#18,#3860);
#6757=SHAPE_ASPECT_RELATIONSHIP('','',#6724,#6755);
#6758=SHAPE_ASPECT('hole_callout.FjP4D6vRBccArIn_1.JHD.3',$,#6705,.T.);
#6759=GEOMETRIC_ITEM_SPECIFIC_USAGE('','',#6758,#18,#3861);
#6760=SHAPE_ASPECT_RELATIONSHIP('','',#6724,#6758);
#6761=DIMENSIONAL_SIZE(#6724,'diameter');
#6763=(
LENGTH_UNIT()
NAMED_UNIT(*)
SI_UNIT($,.METRE.)
);
#6764=LENGTH_MEASURE_WITH_UNIT(LENGTH_MEASURE(39.3700787401575),#6763);
#6762=(
CONVERSION_BASED_UNIT('INCH',#6764)
LENGTH_UNIT()
NAMED_UNIT($)
);
#6766=PRECISION_QUALIFIER(3);
#6765=(
LENGTH_MEASURE_WITH_UNIT()
MEASURE_REPRESENTATION_ITEM()
MEASURE_WITH_UNIT(POSITIVE_LENGTH_MEASURE(0.079),#6762)
QUALIFIED_REPRESENTATION_ITEM((#6766))
REPRESENTATION_ITEM('nominal value')
);
#6767=COMPOUND_REPRESENTATION_ITEM('modifiers',SET_REPRESENTATION_ITEM((#6768)));
#6768=DESCRIPTIVE_REPRESENTATION_ITEM('dimensional note','diameter');
#6769=SHAPE_DIMENSION_REPRESENTATION('',(#6765,#6767),#6695);
#6770=DIMENSIONAL_CHARACTERISTIC_REPRESENTATION(#6761,#6769);
#6771=DIMENSIONAL_SIZE(#6724,'depth');
#6773=(
LENGTH_UNIT()
NAMED_UNIT(*)
SI_UNIT($,.METRE.)
);
#6774=LENGTH_MEASURE_WITH_UNIT(LENGTH_MEASURE(39.3700787401575),#6773);
#6772=(
CONVERSION_BASED_UNIT('INCH',#6774)
LENGTH_UNIT()
NAMED_UNIT($)
);
#6776=PRECISION_QUALIFIER(3);
#6775=(
LENGTH_MEASURE_WITH_UNIT()
MEASURE_REPRESENTATION_ITEM()
MEASURE_WITH_UNIT(POSITIVE_LENGTH_MEASURE(0.035),#6772)
QUALIFIED_REPRESENTATION_ITEM((#6776))
REPRESENTATION_ITEM('nominal value')
);
#6777=COMPOUND_REPRESENTATION_ITEM('modifiers',SET_REPRESENTATION_ITEM((#6778)));
#6778=DESCRIPTIVE_REPRESENTATION_ITEM('dimensional note','depth');
#6779=SHAPE_DIMENSION_REPRESENTATION('',(#6775,#6777),#6695);
#6780=DIMENSIONAL_CHARACTERISTIC_REPRESENTATION(#6771,#6779);
#6781=DIMENSIONAL_SIZE(#6724,'diameter');
#6783=(
LENGTH_UNIT()
NAMED_UNIT(*)
SI_UNIT($,.METRE.)
);
#6784=LENGTH_MEASURE_WITH_UNIT(LENGTH_MEASURE(39.3700787401575),#6783);
#6782=(
CONVERSION_BASED_UNIT('INCH',#6784)
LENGTH_UNIT()
NAMED_UNIT($)
);
#6786=PRECISION_QUALIFIER(3);
#6785=(
LENGTH_MEASURE_WITH_UNIT()
MEASURE_REPRESENTATION_ITEM()
MEASURE_WITH_UNIT(POSITIVE_LENGTH_MEASURE(0.126),#6782)
QUALIFIED_REPRESENTATION_ITEM((#6786))
REPRESENTATION_ITEM('nominal value')
);
#6787=COMPOUND_REPRESENTATION_ITEM('modifiers',SET_REPRESENTATION_ITEM((#6788,#6789)));
#6788=DESCRIPTIVE_REPRESENTATION_ITEM('dimensional note','counterbore');
#6789=DESCRIPTIVE_REPRESENTATION_ITEM('dimensional note','diameter');
#6790=SHAPE_DIMENSION_REPRESENTATION('',(#6785,#6787),#6695);
#6791=DIMENSIONAL_CHARACTERISTIC_REPRESENTATION(#6781,#6790);
#6792=PRESENTATION_STYLE_ASSIGNMENT((NULL_STYLE(.NULL.)));
#6793=CARTESIAN_POINT('',(0.00315540175684356,0.0957020135180465,0.0572729149767865));
#6794=DIRECTION('',(0.,0.,-1.));
#6795=DIRECTION('',(1.,0.,0.));
#6796=AXIS2_PLACEMENT_3D('',#6793,#6794,#6795);
#6797=PLANE('',#6796);
#6798=ANNOTATION_PLANE('',(#6792),#6797,(#6825));
#6799=CARTESIAN_POINT('',(0.,0.,0.));
#6800=DIRECTION('',(0.,0.,1.));
#6801=DIRECTION('',(1.,0.,0.));
#6802=AXIS2_PLACEMENT_3D('',#6799,#6800,#6801);
#6803=CARTESIAN_POINT('',(0.,0.,0.));
#6804=DIRECTION('',(0.,0.,1.));
#6805=DIRECTION('',(1.,0.,0.));
#6806=AXIS2_PLACEMENT_3D('',#6803,#6804,#6805);
#6807=SHAPE_REPRESENTATION('',(#6806,#4002),#6695);
#6808=REPRESENTATION_MAP(#6802,#6807);
#6809=MAPPED_ITEM('',#6808,#6802);
#6810=PRESENTATION_STYLE_ASSIGNMENT((NULL_STYLE(.NULL.)));
#6811=STYLED_ITEM('',(#6810),#6809);
#6812=DRAUGHTING_MODEL('',(#6798,#6802,#6809,#6811),#6695);
#6813=DRAUGHTING_PRE_DEFINED_CURVE_FONT('continuous');
#6814=COLOUR_RGB('',0.,0.,0.);
#6815=CURVE_STYLE('',#6813,POSITIVE_LENGTH_MEASURE(0.02),#6814);
#6816=PRESENTATION_STYLE_ASSIGNMENT((#6815));
#6817=COORDINATES_LIST('coordinates',6057,((0.0042869,0.0945705,0.0572729),(0.0057011,0.0917421,0.0572729),(0.0071153,0.0931563,0.0572729),(0.0145204,0.0868322,0.0572729),(0.0145204,0.0834190,0.0572729),(0.0145042,0.0833373,0.0572729),(0.0145204,0.0868322,0.0572729),(0.0145042,0.0833373,0.0572729),(0.0144558,0.0832677,0.0572729),(0.0145204,0.0868322,0.0572729),(0.0144558,0.0832677,0.0572729),(0.0143860,0.0832201,0.0572729),(0.0145204,0.0868322,0.0572729),(0.0143860,0.0832201,0.0572729),(0.0143034,0.0832042,0.0572729),(0.0145204,0.0868322,0.0572729),(0.0143034,0.0832042,0.0572729),(0.0142209,0.0832201,0.0572729),(0.0145204,0.0868322,0.0572729),(0.0142209,0.0832201,0.0572729),(0.0141510,0.0832677,0.0572729),(0.0145204,0.0868322,0.0572729),(0.0141510,0.0832677,0.0572729),(0.0141034,0.0833373,0.0572729),(0.0145204,0.0868322,0.0572729),(0.0141034,0.0833373,0.0572729),(0.0140875,0.0834190,0.0572729),(0.0145204,0.0868322,0.0572729),(0.0140875,0.0834190,0.0572729),(0.0140875,0.0870470,0.0572729),(0.0213424,0.0868322,0.0572729),(0.0145204,0.0868322,0.0572729),(0.0140875,0.0870470,0.0572729),(0.0213424,0.0868322,0.0572729),(0.0140875,0.0870470,0.0572729),(0.0141031,0.0871319,0.0572729),(0.0213424,0.0868322,0.0572729),(0.0141031,0.0871319,0.0572729),(0.0141500,0.0872005,0.0572729),(0.0213424,0.0868322,0.0572729),(0.0141500,0.0872005,0.0572729),(0.0142198,0.0872465,0.0572729),(0.0213424,0.0868322,0.0572729),(0.0142198,0.0872465,0.0572729),(0.0143045,0.0872619,0.0572729),(0.0213424,0.0868322,0.0572729),(0.0143045,0.0872619,0.0572729),(0.0215583,0.0872619,0.0572729),(0.0213424,0.0868322,0.0572729),(0.0215583,0.0872619,0.0572729),(0.0216427,0.0872465,0.0572729),(0.0213424,0.0868322,0.0572729),(0.0216427,0.0872465,0.0572729),(0.0217117,0.0872005,0.0572729),(0.0213424,0.0868322,0.0572729),(0.0217117,0.0872005,0.0572729),(0.0217578,0.0871319,0.0572729),(0.0213424,0.0868322,0.0572729),(0.0217578,0.0871319,0.0572729),(0.0217731,0.0870470,0.0572729),(0.0213424,0.0868322,0.0572729),(0.0217731,0.0870470,0.0572729),(0.0217731,0.0834190,0.0572729),(0.0213424,0.0868322,0.0572729),(0.0217731,0.0834190,0.0572729),(0.0217573,0.0833373,0.0572729),(0.0213424,0.0868322,0.0572729),(0.0217573,0.0833373,0.0572729),(0.0217096,0.0832677,0.0572729),(0.0213424,0.0868322,0.0572729),(0.0217096,0.0832677,0.0572729),(0.0216400,0.0832201,0.0572729),(0.0213424,0.0868322,0.0572729),(0.0216400,0.0832201,0.0572729),(0.0215583,0.0832042,0.0572729),(0.0213424,0.0868322,0.0572729),(0.0215583,0.0832042,0.0572729),(0.0214763,0.0832201,0.0572729),(0.0213424,0.0868322,0.0572729),(0.0214763,0.0832201,0.0572729),(0.0214059,0.0832677,0.0572729),(0.0213424,0.0868322,0.0572729),(0.0214059,0.0832677,0.0572729),(0.0213583,0.0833373,0.0572729),(0.0213424,0.0868322,0.0572729),(0.0213583,0.0833373,0.0572729),(0.0213424,0.0834190,0.0572729),(0.0236292,0.0870862,0.0572729),(0.0237262,0.0871268,0.0572729),(0.0238242,0.0871621,0.0572729),(0.0236292,0.0870862,0.0572729),(0.0238242,0.0871621,0.0572729),(0.0239232,0.0871919,0.0572729),(0.0236292,0.0870862,0.0572729),(0.0239232,0.0871919,0.0572729),(0.0240231,0.0872163,0.0572729),(0.0236292,0.0870862,0.0572729),(0.0240231,0.0872163,0.0572729),(0.0241240,0.0872353,0.0572729),(0.0236292,0.0870862,0.0572729),(0.0241240,0.0872353,0.0572729),(0.0242259,0.0872489,0.0572729),(0.0236292,0.0870862,0.0572729),(0.0242259,0.0872489,0.0572729),(0.0243287,0.0872570,0.0572729),(0.0236292,0.0870862,0.0572729),(0.0243287,0.0872570,0.0572729),(0.0244324,0.0872597,0.0572729),(0.0236292,0.0870862,0.0572729),(0.0244324,0.0872597,0.0572729),(0.0245682,0.0872554,0.0572729),(0.0236292,0.0870862,0.0572729),(0.0245682,0.0872554,0.0572729),(0.0247014,0.0872425,0.0572729),(0.0236292,0.0870862,0.0572729),(0.0247014,0.0872425,0.0572729),(0.0248321,0.0872209,0.0572729),(0.0236292,0.0870862,0.0572729),(0.0248321,0.0872209,0.0572729),(0.0249603,0.0871907,0.0572729),(0.0236292,0.0870862,0.0572729),(0.0249603,0.0871907,0.0572729),(0.0250859,0.0871518,0.0572729),(0.0236292,0.0870862,0.0572729),(0.0250859,0.0871518,0.0572729),(0.0252089,0.0871044,0.0572729),(0.0236292,0.0870862,0.0572729),(0.0252089,0.0871044,0.0572729),(0.0253294,0.0870482,0.0572729),(0.0236292,0.0870862,0.0572729),(0.0253294,0.0870482,0.0572729),(0.0254474,0.0869835,0.0572729),(0.0236292,0.0870862,0.0572729),(0.0254474,0.0869835,0.0572729),(0.0255609,0.0869111,0.0572729),(0.0236292,0.0870862,0.0572729),(0.0255609,0.0869111,0.0572729),(0.0256683,0.0868326,0.0572729),(0.0236292,0.0870862,0.0572729),(0.0256683,0.0868326,0.0572729),(0.0257694,0.0867479,0.0572729),(0.0236292,0.0870862,0.0572729),(0.0257694,0.0867479,0.0572729),(0.0258644,0.0866570,0.0572729),(0.0236292,0.0870862,0.0572729),(0.0258644,0.0866570,0.0572729),(0.0259531,0.0865600,0.0572729),(0.0259531,0.0865600,0.0572729),(0.0260355,0.0864569,0.0572729),(0.0261118,0.0863476,0.0572729),(0.0259531,0.0865600,0.0572729),(0.0261118,0.0863476,0.0572729),(0.0261819,0.0862321,0.0572729),(0.0259531,0.0865600,0.0572729),(0.0261819,0.0862321,0.0572729),(0.0262449,0.0861123,0.0572729),(0.0259531,0.0865600,0.0572729),(0.0262449,0.0861123,0.0572729),(0.0262995,0.0859901,0.0572729),(0.0259531,0.0865600,0.0572729),(0.0262995,0.0859901,0.0572729),(0.0263457,0.0858653,0.0572729),(0.0259531,0.0865600,0.0572729),(0.0263457,0.0858653,0.0572729),(0.0263835,0.0857381,0.0572729),(0.0259531,0.0865600,0.0572729),(0.0263835,0.0857381,0.0572729),(0.0264129,0.0856084,0.0572729),(0.0259531,0.0865600,0.0572729),(0.0264129,0.0856084,0.0572729),(0.0264339,0.0854762,0.0572729),(0.0259531,0.0865600,0.0572729),(0.0264339,0.0854762,0.0572729),(0.0264465,0.0853416,0.0572729),(0.0259531,0.0865600,0.0572729),(0.0264465,0.0853416,0.0572729),(0.0264507,0.0852045,0.0572729),(0.0259531,0.0865600,0.0572729),(0.0264507,0.0852045,0.0572729),(0.0264465,0.0850728,0.0572729),(0.0259531,0.0865600,0.0572729),(0.0264465,0.0850728,0.0572729),(0.0264339,0.0849420,0.0572729),(0.0259531,0.0865600,0.0572729),(0.0264339,0.0849420,0.0572729),(0.0264129,0.0848119,0.0572729),(0.0259531,0.0865600,0.0572729),(0.0264129,0.0848119,0.0572729),(0.0263835,0.0846827,0.0572729),(0.0259531,0.0865600,0.0572729),(0.0263835,0.0846827,0.0572729),(0.0263457,0.0845542,0.0572729),(0.0259531,0.0865600,0.0572729),(0.0263457,0.0845542,0.0572729),(0.0262995,0.0844266,0.0572729),(0.0262995,0.0844266,0.0572729),(0.0259077,0.0845681,0.0572729),(0.0259442,0.0846659,0.0572729),(0.0262995,0.0844266,0.0572729),(0.0259442,0.0846659,0.0572729),(0.0259742,0.0847671,0.0572729),(0.0262995,0.0844266,0.0572729),(0.0259742,0.0847671,0.0572729),(0.0259974,0.0848715,0.0572729),(0.0262995,0.0844266,0.0572729),(0.0259974,0.0848715,0.0572729),(0.0260140,0.0849792,0.0572729),(0.0262995,0.0844266,0.0572729),(0.0260140,0.0849792,0.0572729),(0.0260240,0.0850902,0.0572729),(0.0262995,0.0844266,0.0572729),(0.0260240,0.0850902,0.0572729),(0.0260273,0.0852045,0.0572729),(0.0262995,0.0844266,0.0572729),(0.0260273,0.0852045,0.0572729),(0.0260240,0.0853145,0.0572729),(0.0259531,0.0865600,0.0572729),(0.0262995,0.0844266,0.0572729),(0.0260240,0.0853145,0.0572729),(0.0259531,0.0865600,0.0572729),(0.0260240,0.0853145,0.0572729),(0.0260139,0.0854223,0.0572729),(0.0259531,0.0865600,0.0572729),(0.0260139,0.0854223,0.0572729),(0.0259971,0.0855280,0.0572729),(0.0259531,0.0865600,0.0572729),(0.0259971,0.0855280,0.0572729),(0.0259736,0.0856315,0.0572729),(0.0259531,0.0865600,0.0572729),(0.0259736,0.0856315,0.0572729),(0.0259434,0.0857328,0.0572729),(0.0259531,0.0865600,0.0572729),(0.0259434,0.0857328,0.0572729),(0.0259065,0.0858319,0.0572729),(0.0259531,0.0865600,0.0572729),(0.0259065,0.0858319,0.0572729),(0.0258629,0.0859288,0.0572729),(0.0259531,0.0865600,0.0572729),(0.0258629,0.0859288,0.0572729),(0.0258125,0.0860236,0.0572729),(0.0259531,0.0865600,0.0572729),(0.0258125,0.0860236,0.0572729),(0.0257567,0.0861148,0.0572729),(0.0259531,0.0865600,0.0572729),(0.0257567,0.0861148,0.0572729),(0.0256960,0.0862011,0.0572729),(0.0259531,0.0865600,0.0572729),(0.0256960,0.0862011,0.0572729),(0.0256306,0.0862826,0.0572729),(0.0259531,0.0865600,0.0572729),(0.0256306,0.0862826,0.0572729),(0.0255603,0.0863591,0.0572729),(0.0259531,0.0865600,0.0572729),(0.0255603,0.0863591,0.0572729),(0.0254853,0.0864307,0.0572729),(0.0259531,0.0865600,0.0572729),(0.0254853,0.0864307,0.0572729),(0.0254055,0.0864975,0.0572729),(0.0259531,0.0865600,0.0572729),(0.0254055,0.0864975,0.0572729),(0.0253209,0.0865593,0.0572729),(0.0259531,0.0865600,0.0572729),(0.0253209,0.0865593,0.0572729),(0.0252315,0.0866163,0.0572729),(0.0259531,0.0865600,0.0572729),(0.0252315,0.0866163,0.0572729),(0.0251389,0.0866674,0.0572729),(0.0259531,0.0865600,0.0572729),(0.0251389,0.0866674,0.0572729),(0.0250442,0.0867117,0.0572729),(0.0259531,0.0865600,0.0572729),(0.0250442,0.0867117,0.0572729),(0.0249475,0.0867491,0.0572729),(0.0259531,0.0865600,0.0572729),(0.0249475,0.0867491,0.0572729),(0.0248486,0.0867798,0.0572729),(0.0236292,0.0870862,0.0572729),(0.0259531,0.0865600,0.0572729),(0.0248486,0.0867798,0.0572729),(0.0236292,0.0870862,0.0572729),(0.0248486,0.0867798,0.0572729),(0.0247477,0.0868036,0.0572729),(0.0236292,0.0870862,0.0572729),(0.0247477,0.0868036,0.0572729),(0.0246447,0.0868207,0.0572729),(0.0236292,0.0870862,0.0572729),(0.0246447,0.0868207,0.0572729),(0.0245396,0.0868309,0.0572729),(0.0236292,0.0870862,0.0572729),(0.0245396,0.0868309,0.0572729),(0.0244324,0.0868343,0.0572729),(0.0236292,0.0870862,0.0572729),(0.0244324,0.0868343,0.0572729),(0.0242788,0.0868272,0.0572729),(0.0236292,0.0870862,0.0572729),(0.0242788,0.0868272,0.0572729),(0.0241292,0.0868060,0.0572729),(0.0236292,0.0870862,0.0572729),(0.0241292,0.0868060,0.0572729),(0.0239836,0.0867706,0.0572729),(0.0236292,0.0870862,0.0572729),(0.0239836,0.0867706,0.0572729),(0.0238419,0.0867210,0.0572729),(0.0236292,0.0870862,0.0572729),(0.0238419,0.0867210,0.0572729),(0.0254389,0.0839376,0.0572729),(0.0230682,0.0880609,0.0572729),(0.0236292,0.0870862,0.0572729),(0.0254389,0.0839376,0.0572729),(0.0258645,0.0844735,0.0572729),(0.0259077,0.0845681,0.0572729),(0.0262995,0.0844266,0.0572729),(0.0258146,0.0843821,0.0572729),(0.0258645,0.0844735,0.0572729),(0.0262995,0.0844266,0.0572729),(0.0257467,0.0842781,0.0572729),(0.0258146,0.0843821,0.0572729),(0.0262995,0.0844266,0.0572729),(0.0256614,0.0841694,0.0572729),(0.0257467,0.0842781,0.0572729),(0.0262995,0.0844266,0.0572729),(0.0256123,0.0841132,0.0572729),(0.0256614,0.0841694,0.0572729),(0.0262995,0.0844266,0.0572729),(0.0255588,0.0840559,0.0572729),(0.0256123,0.0841132,0.0572729),(0.0262995,0.0844266,0.0572729),(0.0255010,0.0839974,0.0572729),(0.0255588,0.0840559,0.0572729),(0.0262995,0.0844266,0.0572729),(0.0254389,0.0839376,0.0572729),(0.0255010,0.0839974,0.0572729),(0.0262995,0.0844266,0.0572729),(0.0254389,0.0839376,0.0572729),(0.0262995,0.0844266,0.0572729),(0.0262449,0.0842997,0.0572729),(0.0254389,0.0839376,0.0572729),(0.0262449,0.0842997,0.0572729),(0.0261819,0.0841736,0.0572729),(0.0254389,0.0839376,0.0572729),(0.0261819,0.0841736,0.0572729),(0.0261317,0.0840869,0.0572729),(0.0254389,0.0839376,0.0572729),(0.0261317,0.0840869,0.0572729),(0.0260769,0.0840035,0.0572729),(0.0254389,0.0839376,0.0572729),(0.0260769,0.0840035,0.0572729),(0.0260175,0.0839234,0.0572729),(0.0254389,0.0839376,0.0572729),(0.0260175,0.0839234,0.0572729),(0.0259535,0.0838466,0.0572729),(0.0254389,0.0839376,0.0572729),(0.0259535,0.0838466,0.0572729),(0.0258849,0.0837731,0.0572729),(0.0254389,0.0839376,0.0572729),(0.0258849,0.0837731,0.0572729),(0.0258118,0.0837029,0.0572729),(0.0254389,0.0839376,0.0572729),(0.0258118,0.0837029,0.0572729),(0.0257340,0.0836361,0.0572729),(0.0254389,0.0839376,0.0572729),(0.0257340,0.0836361,0.0572729),(0.0256516,0.0835725,0.0572729),(0.0254389,0.0839376,0.0572729),(0.0256516,0.0835725,0.0572729),(0.0261935,0.0826200,0.0572729),(0.0230682,0.0880609,0.0572729),(0.0254389,0.0839376,0.0572729),(0.0261935,0.0826200,0.0572729),(0.0230682,0.0880609,0.0572729),(0.0261935,0.0826200,0.0572729),(0.0262221,0.0825163,0.0572729),(0.0230682,0.0880609,0.0572729),(0.0262221,0.0825163,0.0572729),(0.0262147,0.0824560,0.0572729),(0.0230682,0.0880609,0.0572729),(0.0262147,0.0824560,0.0572729),(0.0261760,0.0823808,0.0572729),(0.0230682,0.0880609,0.0572729),(0.0261760,0.0823808,0.0572729),(0.0261109,0.0823268,0.0572729),(0.0230682,0.0880609,0.0572729),(0.0261109,0.0823268,0.0572729),(0.0260083,0.0822962,0.0572729),(0.0230682,0.0880609,0.0572729),(0.0260083,0.0822962,0.0572729),(0.0259480,0.0823036,0.0572729),(0.0230682,0.0880609,0.0572729),(0.0259480,0.0823036,0.0572729),(0.0258723,0.0823422,0.0572729),(0.0230682,0.0880609,0.0572729),(0.0258723,0.0823422,0.0572729),(0.0258167,0.0824073,0.0572729),(0.0230682,0.0880609,0.0572729),(0.0258167,0.0824073,0.0572729),(0.0252812,0.0833354,0.0572729),(0.0252812,0.0833354,0.0572729),(0.0251806,0.0832910,0.0572729),(0.0250767,0.0832526,0.0572729),(0.0252812,0.0833354,0.0572729),(0.0250767,0.0832526,0.0572729),(0.0249695,0.0832200,0.0572729),(0.0252812,0.0833354,0.0572729),(0.0249695,0.0832200,0.0572729),(0.0248589,0.0831934,0.0572729),(0.0252812,0.0833354,0.0572729),(0.0248589,0.0831934,0.0572729),(0.0247451,0.0831726,0.0572729),(0.0252812,0.0833354,0.0572729),(0.0247451,0.0831726,0.0572729),(0.0246280,0.0831578,0.0572729),(0.0252812,0.0833354,0.0572729),(0.0246280,0.0831578,0.0572729),(0.0245075,0.0831490,0.0572729),(0.0252812,0.0833354,0.0572729),(0.0245075,0.0831490,0.0572729),(0.0243837,0.0831460,0.0572729),(0.0252812,0.0833354,0.0572729),(0.0243837,0.0831460,0.0572729),(0.0242591,0.0831503,0.0572729),(0.0252812,0.0833354,0.0572729),(0.0242591,0.0831503,0.0572729),(0.0241356,0.0831633,0.0572729),(0.0252812,0.0833354,0.0572729),(0.0241356,0.0831633,0.0572729),(0.0240132,0.0831850,0.0572729),(0.0252812,0.0833354,0.0572729),(0.0240132,0.0831850,0.0572729),(0.0238919,0.0832153,0.0572729),(0.0252812,0.0833354,0.0572729),(0.0238919,0.0832153,0.0572729),(0.0237717,0.0832543,0.0572729),(0.0252812,0.0833354,0.0572729),(0.0237717,0.0832543,0.0572729),(0.0236525,0.0833020,0.0572729),(0.0252812,0.0833354,0.0572729),(0.0236525,0.0833020,0.0572729),(0.0235345,0.0833583,0.0572729),(0.0252812,0.0833354,0.0572729),(0.0235345,0.0833583,0.0572729),(0.0234175,0.0834233,0.0572729),(0.0252812,0.0833354,0.0572729),(0.0234175,0.0834233,0.0572729),(0.0233044,0.0834954,0.0572729),(0.0252812,0.0833354,0.0572729),(0.0233044,0.0834954,0.0572729),(0.0231974,0.0835738,0.0572729),(0.0252812,0.0833354,0.0572729),(0.0231974,0.0835738,0.0572729),(0.0230964,0.0836584,0.0572729),(0.0252812,0.0833354,0.0572729),(0.0230964,0.0836584,0.0572729),(0.0230016,0.0837492,0.0572729),(0.0252812,0.0833354,0.0572729),(0.0230016,0.0837492,0.0572729),(0.0229128,0.0838463,0.0572729),(0.0229128,0.0838463,0.0572729),(0.0228301,0.0839495,0.0572729),(0.0227535,0.0840590,0.0572729),(0.0229128,0.0838463,0.0572729),(0.0227535,0.0840590,0.0572729),(0.0226830,0.0841747,0.0572729),(0.0229128,0.0838463,0.0572729),(0.0226830,0.0841747,0.0572729),(0.0226198,0.0842945,0.0572729),(0.0229128,0.0838463,0.0572729),(0.0226198,0.0842945,0.0572729),(0.0225649,0.0844169,0.0572729),(0.0229128,0.0838463,0.0572729),(0.0225649,0.0844169,0.0572729),(0.0225186,0.0845418,0.0572729),(0.0229128,0.0838463,0.0572729),(0.0225186,0.0845418,0.0572729),(0.0224806,0.0846692,0.0572729),(0.0229128,0.0838463,0.0572729),(0.0224806,0.0846692,0.0572729),(0.0224511,0.0847992,0.0572729),(0.0229128,0.0838463,0.0572729),(0.0224511,0.0847992,0.0572729),(0.0224300,0.0849317,0.0572729),(0.0229128,0.0838463,0.0572729),(0.0224300,0.0849317,0.0572729),(0.0224173,0.0850668,0.0572729),(0.0229128,0.0838463,0.0572729),(0.0224173,0.0850668,0.0572729),(0.0224131,0.0852045,0.0572729),(0.0229128,0.0838463,0.0572729),(0.0224131,0.0852045,0.0572729),(0.0224173,0.0853425,0.0572729),(0.0229128,0.0838463,0.0572729),(0.0224173,0.0853425,0.0572729),(0.0224299,0.0854778,0.0572729),(0.0229128,0.0838463,0.0572729),(0.0224299,0.0854778,0.0572729),(0.0224509,0.0856104,0.0572729),(0.0229128,0.0838463,0.0572729),(0.0224509,0.0856104,0.0572729),(0.0224803,0.0857402,0.0572729),(0.0229128,0.0838463,0.0572729),(0.0224803,0.0857402,0.0572729),(0.0225181,0.0858673,0.0572729),(0.0229128,0.0838463,0.0572729),(0.0225181,0.0858673,0.0572729),(0.0225643,0.0859917,0.0572729),(0.0229128,0.0838463,0.0572729),(0.0225643,0.0859917,0.0572729),(0.0226189,0.0861132,0.0572729),(0.0229128,0.0838463,0.0572729),(0.0226189,0.0861132,0.0572729),(0.0226819,0.0862321,0.0572729),(0.0226819,0.0862321,0.0572729),(0.0230502,0.0860236,0.0572729),(0.0230009,0.0859289,0.0572729),(0.0226819,0.0862321,0.0572729),(0.0230009,0.0859289,0.0572729),(0.0229581,0.0858320,0.0572729),(0.0226819,0.0862321,0.0572729),(0.0229581,0.0858320,0.0572729),(0.0229219,0.0857329,0.0572729),(0.0226819,0.0862321,0.0572729),(0.0229219,0.0857329,0.0572729),(0.0228923,0.0856318,0.0572729),(0.0226819,0.0862321,0.0572729),(0.0228923,0.0856318,0.0572729),(0.0228693,0.0855284,0.0572729),(0.0226819,0.0862321,0.0572729),(0.0228693,0.0855284,0.0572729),(0.0228528,0.0854229,0.0572729),(0.0226819,0.0862321,0.0572729),(0.0228528,0.0854229,0.0572729),(0.0228429,0.0853153,0.0572729),(0.0226819,0.0862321,0.0572729),(0.0228429,0.0853153,0.0572729),(0.0228396,0.0852055,0.0572729),(0.0226819,0.0862321,0.0572729),(0.0228396,0.0852055,0.0572729),(0.0228430,0.0850957,0.0572729),(0.0229128,0.0838463,0.0572729),(0.0226819,0.0862321,0.0572729),(0.0228430,0.0850957,0.0572729),(0.0229128,0.0838463,0.0572729),(0.0228430,0.0850957,0.0572729),(0.0228530,0.0849880,0.0572729),(0.0229128,0.0838463,0.0572729),(0.0228530,0.0849880,0.0572729),(0.0228697,0.0848823,0.0572729),(0.0229128,0.0838463,0.0572729),(0.0228697,0.0848823,0.0572729),(0.0228931,0.0847787,0.0572729),(0.0229128,0.0838463,0.0572729),(0.0228931,0.0847787,0.0572729),(0.0229231,0.0846773,0.0572729),(0.0229128,0.0838463,0.0572729),(0.0229231,0.0846773,0.0572729),(0.0229599,0.0845779,0.0572729),(0.0229128,0.0838463,0.0572729),(0.0229599,0.0845779,0.0572729),(0.0230033,0.0844805,0.0572729),(0.0229128,0.0838463,0.0572729),(0.0230033,0.0844805,0.0572729),(0.0230534,0.0843853,0.0572729),(0.0229128,0.0838463,0.0572729),(0.0230534,0.0843853,0.0572729),(0.0231093,0.0842934,0.0572729),(0.0229128,0.0838463,0.0572729),(0.0231093,0.0842934,0.0572729),(0.0231699,0.0842064,0.0572729),(0.0229128,0.0838463,0.0572729),(0.0231699,0.0842064,0.0572729),(0.0232353,0.0841246,0.0572729),(0.0229128,0.0838463,0.0572729),(0.0232353,0.0841246,0.0572729),(0.0233056,0.0840477,0.0572729),(0.0229128,0.0838463,0.0572729),(0.0233056,0.0840477,0.0572729),(0.0233806,0.0839759,0.0572729),(0.0229128,0.0838463,0.0572729),(0.0233806,0.0839759,0.0572729),(0.0234604,0.0839091,0.0572729),(0.0229128,0.0838463,0.0572729),(0.0234604,0.0839091,0.0572729),(0.0235450,0.0838473,0.0572729),(0.0229128,0.0838463,0.0572729),(0.0235450,0.0838473,0.0572729),(0.0236344,0.0837905,0.0572729),(0.0229128,0.0838463,0.0572729),(0.0236344,0.0837905,0.0572729),(0.0237265,0.0837394,0.0572729),(0.0229128,0.0838463,0.0572729),(0.0237265,0.0837394,0.0572729),(0.0238191,0.0836951,0.0572729),(0.0229128,0.0838463,0.0572729),(0.0238191,0.0836951,0.0572729),(0.0239123,0.0836577,0.0572729),(0.0229128,0.0838463,0.0572729),(0.0239123,0.0836577,0.0572729),(0.0240059,0.0836270,0.0572729),(0.0229128,0.0838463,0.0572729),(0.0240059,0.0836270,0.0572729),(0.0241001,0.0836032,0.0572729),(0.0252812,0.0833354,0.0572729),(0.0229128,0.0838463,0.0572729),(0.0241001,0.0836032,0.0572729),(0.0252812,0.0833354,0.0572729),(0.0241001,0.0836032,0.0572729),(0.0241948,0.0835861,0.0572729),(0.0252812,0.0833354,0.0572729),(0.0241948,0.0835861,0.0572729),(0.0242901,0.0835759,0.0572729),(0.0252812,0.0833354,0.0572729),(0.0242901,0.0835759,0.0572729),(0.0243859,0.0835725,0.0572729),(0.0252812,0.0833354,0.0572729),(0.0243859,0.0835725,0.0572729),(0.0243922,0.0835725,0.0572729),(0.0252812,0.0833354,0.0572729),(0.0243922,0.0835725,0.0572729),(0.0244859,0.0835746,0.0572729),(0.0252812,0.0833354,0.0572729),(0.0244859,0.0835746,0.0572729),(0.0245771,0.0835808,0.0572729),(0.0252812,0.0833354,0.0572729),(0.0245771,0.0835808,0.0572729),(0.0246657,0.0835913,0.0572729),(0.0252812,0.0833354,0.0572729),(0.0246657,0.0835913,0.0572729),(0.0247518,0.0836058,0.0572729),(0.0252812,0.0833354,0.0572729),(0.0247518,0.0836058,0.0572729),(0.0248353,0.0836246,0.0572729),(0.0252812,0.0833354,0.0572729),(0.0248353,0.0836246,0.0572729),(0.0249163,0.0836475,0.0572729),(0.0252812,0.0833354,0.0572729),(0.0249163,0.0836475,0.0572729),(0.0249947,0.0836746,0.0572729),(0.0252812,0.0833354,0.0572729),(0.0249947,0.0836746,0.0572729),(0.0250706,0.0837059,0.0572729),(0.0230682,0.0880609,0.0572729),(0.0252812,0.0833354,0.0572729),(0.0250706,0.0837059,0.0572729),(0.0230682,0.0880609,0.0572729),(0.0250706,0.0837059,0.0572729),(0.0234662,0.0865009,0.0572729),(0.0230682,0.0880609,0.0572729),(0.0234662,0.0865009,0.0572729),(0.0233457,0.0863981,0.0572729),(0.0230926,0.0860929,0.0572729),(0.0230502,0.0860236,0.0572729),(0.0226819,0.0862321,0.0572729),(0.0231378,0.0861594,0.0572729),(0.0230926,0.0860929,0.0572729),(0.0226819,0.0862321,0.0572729),(0.0232362,0.0862842,0.0572729),(0.0231378,0.0861594,0.0572729),(0.0226819,0.0862321,0.0572729),(0.0233457,0.0863981,0.0572729),(0.0232362,0.0862842,0.0572729),(0.0226819,0.0862321,0.0572729),(0.0233457,0.0863981,0.0572729),(0.0226819,0.0862321,0.0572729),(0.0227399,0.0863271,0.0572729),(0.0233457,0.0863981,0.0572729),(0.0227399,0.0863271,0.0572729),(0.0228015,0.0864181,0.0572729),(0.0233457,0.0863981,0.0572729),(0.0228015,0.0864181,0.0572729),(0.0228669,0.0865049,0.0572729),(0.0233457,0.0863981,0.0572729),(0.0228669,0.0865049,0.0572729),(0.0229359,0.0865877,0.0572729),(0.0233457,0.0863981,0.0572729),(0.0229359,0.0865877,0.0572729),(0.0230087,0.0866663,0.0572729),(0.0233457,0.0863981,0.0572729),(0.0230087,0.0866663,0.0572729),(0.0230852,0.0867409,0.0572729),(0.0233457,0.0863981,0.0572729),(0.0230852,0.0867409,0.0572729),(0.0231653,0.0868113,0.0572729),(0.0233457,0.0863981,0.0572729),(0.0231653,0.0868113,0.0572729),(0.0232492,0.0868777,0.0572729),(0.0230682,0.0880609,0.0572729),(0.0233457,0.0863981,0.0572729),(0.0232492,0.0868777,0.0572729),(0.0230682,0.0880609,0.0572729),(0.0232492,0.0868777,0.0572729),(0.0226936,0.0878482,0.0572729),(0.0230682,0.0880609,0.0572729),(0.0226936,0.0878482,0.0572729),(0.0226661,0.0879498,0.0572729),(0.0230682,0.0880609,0.0572729),(0.0226661,0.0879498,0.0572729),(0.0226724,0.0880101,0.0572729),(0.0230682,0.0880609,0.0572729),(0.0226724,0.0880101,0.0572729),(0.0227116,0.0880871,0.0572729),(0.0230682,0.0880609,0.0572729),(0.0227116,0.0880871,0.0572729),(0.0227740,0.0881424,0.0572729),(0.0230682,0.0880609,0.0572729),(0.0227740,0.0881424,0.0572729),(0.0228788,0.0881699,0.0572729),(0.0230682,0.0880609,0.0572729),(0.0228788,0.0881699,0.0572729),(0.0229391,0.0881625,0.0572729),(0.0230682,0.0880609,0.0572729),(0.0229391,0.0881625,0.0572729),(0.0230116,0.0881270,0.0572729),(0.0290308,0.0861518,0.0572729),(0.0290362,0.0860194,0.0572729),(0.0290362,0.0843292,0.0572729),(0.0290308,0.0861518,0.0572729),(0.0290362,0.0843292,0.0572729),(0.0290309,0.0841986,0.0572729),(0.0290308,0.0861518,0.0572729),(0.0290309,0.0841986,0.0572729),(0.0290149,0.0840740,0.0572729),(0.0290308,0.0861518,0.0572729),(0.0290149,0.0840740,0.0572729),(0.0289884,0.0839553,0.0572729),(0.0290308,0.0861518,0.0572729),(0.0289884,0.0839553,0.0572729),(0.0289512,0.0838426,0.0572729),(0.0290308,0.0861518,0.0572729),(0.0289512,0.0838426,0.0572729),(0.0289035,0.0837360,0.0572729),(0.0290308,0.0861518,0.0572729),(0.0289035,0.0837360,0.0572729),(0.0288451,0.0836353,0.0572729),(0.0290308,0.0861518,0.0572729),(0.0288451,0.0836353,0.0572729),(0.0287761,0.0835406,0.0572729),(0.0290308,0.0861518,0.0572729),(0.0287761,0.0835406,0.0572729),(0.0286965,0.0834519,0.0572729),(0.0290308,0.0861518,0.0572729),(0.0286965,0.0834519,0.0572729),(0.0286198,0.0833802,0.0572729),(0.0290308,0.0861518,0.0572729),(0.0286198,0.0833802,0.0572729),(0.0285400,0.0833180,0.0572729),(0.0290308,0.0861518,0.0572729),(0.0285400,0.0833180,0.0572729),(0.0284572,0.0832655,0.0572729),(0.0284572,0.0832655,0.0572729),(0.0283713,0.0832225,0.0572729),(0.0282823,0.0831890,0.0572729),(0.0284572,0.0832655,0.0572729),(0.0282823,0.0831890,0.0572729),(0.0281902,0.0831651,0.0572729),(0.0284572,0.0832655,0.0572729),(0.0281902,0.0831651,0.0572729),(0.0280951,0.0831508,0.0572729),(0.0284572,0.0832655,0.0572729),(0.0280951,0.0831508,0.0572729),(0.0279969,0.0831460,0.0572729),(0.0284572,0.0832655,0.0572729),(0.0279969,0.0831460,0.0572729),(0.0278998,0.0831508,0.0572729),(0.0284572,0.0832655,0.0572729),(0.0278998,0.0831508,0.0572729),(0.0278054,0.0831651,0.0572729),(0.0284572,0.0832655,0.0572729),(0.0278054,0.0831651,0.0572729),(0.0277137,0.0831890,0.0572729),(0.0284572,0.0832655,0.0572729),(0.0277137,0.0831890,0.0572729),(0.0276246,0.0832225,0.0572729),(0.0284572,0.0832655,0.0572729),(0.0276246,0.0832225,0.0572729),(0.0275383,0.0832655,0.0572729),(0.0284572,0.0832655,0.0572729),(0.0275383,0.0832655,0.0572729),(0.0274546,0.0833180,0.0572729),(0.0284572,0.0832655,0.0572729),(0.0274546,0.0833180,0.0572729),(0.0273736,0.0833802,0.0572729),(0.0284572,0.0832655,0.0572729),(0.0273736,0.0833802,0.0572729),(0.0272952,0.0834519,0.0572729),(0.0284572,0.0832655,0.0572729),(0.0272952,0.0834519,0.0572729),(0.0272156,0.0835388,0.0572729),(0.0284572,0.0832655,0.0572729),(0.0272156,0.0835388,0.0572729),(0.0271466,0.0836320,0.0572729),(0.0284572,0.0832655,0.0572729),(0.0271466,0.0836320,0.0572729),(0.0270882,0.0837314,0.0572729),(0.0284572,0.0832655,0.0572729),(0.0270882,0.0837314,0.0572729),(0.0270404,0.0838371,0.0572729),(0.0284572,0.0832655,0.0572729),(0.0270404,0.0838371,0.0572729),(0.0270033,0.0839489,0.0572729),(0.0270033,0.0839489,0.0572729),(0.0269767,0.0840670,0.0572729),(0.0269608,0.0841913,0.0572729),(0.0270033,0.0839489,0.0572729),(0.0269608,0.0841913,0.0572729),(0.0269555,0.0843218,0.0572729),(0.0270033,0.0839489,0.0572729),(0.0269555,0.0843218,0.0572729),(0.0269555,0.0843292,0.0572729),(0.0270033,0.0839489,0.0572729),(0.0269555,0.0843292,0.0572729),(0.0269555,0.0860236,0.0572729),(0.0270033,0.0839489,0.0572729),(0.0269555,0.0860236,0.0572729),(0.0269608,0.0861549,0.0572729),(0.0270033,0.0839489,0.0572729),(0.0269608,0.0861549,0.0572729),(0.0269767,0.0862800,0.0572729),(0.0270033,0.0839489,0.0572729),(0.0269767,0.0862800,0.0572729),(0.0270033,0.0863990,0.0572729),(0.0270033,0.0839489,0.0572729),(0.0270033,0.0863990,0.0572729),(0.0270404,0.0865118,0.0572729),(0.0270033,0.0839489,0.0572729),(0.0270404,0.0865118,0.0572729),(0.0270882,0.0866183,0.0572729),(0.0270033,0.0839489,0.0572729),(0.0270882,0.0866183,0.0572729),(0.0271466,0.0867187,0.0572729),(0.0270033,0.0839489,0.0572729),(0.0271466,0.0867187,0.0572729),(0.0272156,0.0868129,0.0572729),(0.0270033,0.0839489,0.0572729),(0.0272156,0.0868129,0.0572729),(0.0272952,0.0869010,0.0572729),(0.0272952,0.0869010,0.0572729),(0.0275990,0.0866046,0.0572729),(0.0275050,0.0864883,0.0572729),(0.0272952,0.0869010,0.0572729),(0.0275050,0.0864883,0.0572729),(0.0274378,0.0863519,0.0572729),(0.0272952,0.0869010,0.0572729),(0.0274378,0.0863519,0.0572729),(0.0273975,0.0861956,0.0572729),(0.0270033,0.0839489,0.0572729),(0.0272952,0.0869010,0.0572729),(0.0273975,0.0861956,0.0572729),(0.0270033,0.0839489,0.0572729),(0.0273975,0.0861956,0.0572729),(0.0273875,0.0861100,0.0572729),(0.0270033,0.0839489,0.0572729),(0.0273875,0.0861100,0.0572729),(0.0273841,0.0860194,0.0572729),(0.0270033,0.0839489,0.0572729),(0.0273841,0.0860194,0.0572729),(0.0273841,0.0843218,0.0572729),(0.0270033,0.0839489,0.0572729),(0.0273841,0.0843218,0.0572729),(0.0273874,0.0842335,0.0572729),(0.0270033,0.0839489,0.0572729),(0.0273874,0.0842335,0.0572729),(0.0273974,0.0841501,0.0572729),(0.0270033,0.0839489,0.0572729),(0.0273974,0.0841501,0.0572729),(0.0274140,0.0840716,0.0572729),(0.0270033,0.0839489,0.0572729),(0.0274140,0.0840716,0.0572729),(0.0274373,0.0839980,0.0572729),(0.0270033,0.0839489,0.0572729),(0.0274373,0.0839980,0.0572729),(0.0275038,0.0838654,0.0572729),(0.0270033,0.0839489,0.0572729),(0.0275038,0.0838654,0.0572729),(0.0275968,0.0837524,0.0572729),(0.0270033,0.0839489,0.0572729),(0.0275968,0.0837524,0.0572729),(0.0276921,0.0836737,0.0572729),(0.0270033,0.0839489,0.0572729),(0.0276921,0.0836737,0.0572729),(0.0277905,0.0836175,0.0572729),(0.0284572,0.0832655,0.0572729),(0.0270033,0.0839489,0.0572729),(0.0277905,0.0836175,0.0572729),(0.0284572,0.0832655,0.0572729),(0.0277905,0.0836175,0.0572729),(0.0278921,0.0835837,0.0572729),(0.0284572,0.0832655,0.0572729),(0.0278921,0.0835837,0.0572729),(0.0279969,0.0835725,0.0572729),(0.0284572,0.0832655,0.0572729),(0.0279969,0.0835725,0.0572729),(0.0281060,0.0835837,0.0572729),(0.0284572,0.0832655,0.0572729),(0.0281060,0.0835837,0.0572729),(0.0282088,0.0836175,0.0572729),(0.0284572,0.0832655,0.0572729),(0.0282088,0.0836175,0.0572729),(0.0283055,0.0836737,0.0572729),(0.0284572,0.0832655,0.0572729),(0.0283055,0.0836737,0.0572729),(0.0283959,0.0837524,0.0572729),(0.0284572,0.0832655,0.0572729),(0.0283959,0.0837524,0.0572729),(0.0284890,0.0838710,0.0572729),(0.0284572,0.0832655,0.0572729),(0.0284890,0.0838710,0.0572729),(0.0285554,0.0840067,0.0572729),(0.0284572,0.0832655,0.0572729),(0.0285554,0.0840067,0.0572729),(0.0285953,0.0841594,0.0572729),(0.0290308,0.0861518,0.0572729),(0.0284572,0.0832655,0.0572729),(0.0285953,0.0841594,0.0572729),(0.0290308,0.0861518,0.0572729),(0.0285953,0.0841594,0.0572729),(0.0286053,0.0842422,0.0572729),(0.0290308,0.0861518,0.0572729),(0.0286053,0.0842422,0.0572729),(0.0286086,0.0843292,0.0572729),(0.0290308,0.0861518,0.0572729),(0.0286086,0.0843292,0.0572729),(0.0286086,0.0860194,0.0572729),(0.0290308,0.0861518,0.0572729),(0.0286086,0.0860194,0.0572729),(0.0286053,0.0861090,0.0572729),(0.0290308,0.0861518,0.0572729),(0.0286053,0.0861090,0.0572729),(0.0285953,0.0861938,0.0572729),(0.0290308,0.0861518,0.0572729),(0.0285953,0.0861938,0.0572729),(0.0285787,0.0862737,0.0572729),(0.0290308,0.0861518,0.0572729),(0.0285787,0.0862737,0.0572729),(0.0285554,0.0863488,0.0572729),(0.0290308,0.0861518,0.0572729),(0.0285554,0.0863488,0.0572729),(0.0284890,0.0864843,0.0572729),(0.0290308,0.0861518,0.0572729),(0.0284890,0.0864843,0.0572729),(0.0283959,0.0866004,0.0572729),(0.0290308,0.0861518,0.0572729),(0.0283959,0.0866004,0.0572729),(0.0283047,0.0866782,0.0572729),(0.0276905,0.0866806,0.0572729),(0.0275990,0.0866046,0.0572729),(0.0272952,0.0869010,0.0572729),(0.0277873,0.0867348,0.0572729),(0.0276905,0.0866806,0.0572729),(0.0272952,0.0869010,0.0572729),(0.0278895,0.0867673,0.0572729),(0.0277873,0.0867348,0.0572729),(0.0272952,0.0869010,0.0572729),(0.0279969,0.0867782,0.0572729),(0.0278895,0.0867673,0.0572729),(0.0272952,0.0869010,0.0572729),(0.0281052,0.0867671,0.0572729),(0.0279969,0.0867782,0.0572729),(0.0272952,0.0869010,0.0572729),(0.0281052,0.0867671,0.0572729),(0.0272952,0.0869010,0.0572729),(0.0273721,0.0869717,0.0572729),(0.0281052,0.0867671,0.0572729),(0.0273721,0.0869717,0.0572729),(0.0274519,0.0870329,0.0572729),(0.0282078,0.0867337,0.0572729),(0.0281052,0.0867671,0.0572729),(0.0274519,0.0870329,0.0572729),(0.0282078,0.0867337,0.0572729),(0.0274519,0.0870329,0.0572729),(0.0275347,0.0870848,0.0572729),(0.0282078,0.0867337,0.0572729),(0.0275347,0.0870848,0.0572729),(0.0276204,0.0871272,0.0572729),(0.0283047,0.0866782,0.0572729),(0.0282078,0.0867337,0.0572729),(0.0276204,0.0871272,0.0572729),(0.0283047,0.0866782,0.0572729),(0.0276204,0.0871272,0.0572729),(0.0277090,0.0871602,0.0572729),(0.0290308,0.0861518,0.0572729),(0.0283047,0.0866782,0.0572729),(0.0277090,0.0871602,0.0572729),(0.0290308,0.0861518,0.0572729),(0.0277090,0.0871602,0.0572729),(0.0278006,0.0871837,0.0572729),(0.0290308,0.0861518,0.0572729),(0.0278006,0.0871837,0.0572729),(0.0278952,0.0871979,0.0572729),(0.0290308,0.0861518,0.0572729),(0.0278952,0.0871979,0.0572729),(0.0279927,0.0872026,0.0572729),(0.0290308,0.0861518,0.0572729),(0.0279927,0.0872026,0.0572729),(0.0280918,0.0871980,0.0572729),(0.0290308,0.0861518,0.0572729),(0.0280918,0.0871980,0.0572729),(0.0281877,0.0871841,0.0572729),(0.0290308,0.0861518,0.0572729),(0.0281877,0.0871841,0.0572729),(0.0282803,0.0871609,0.0572729),(0.0290308,0.0861518,0.0572729),(0.0282803,0.0871609,0.0572729),(0.0283697,0.0871285,0.0572729),(0.0290308,0.0861518,0.0572729),(0.0283697,0.0871285,0.0572729),(0.0284558,0.0870868,0.0572729),(0.0290308,0.0861518,0.0572729),(0.0284558,0.0870868,0.0572729),(0.0285386,0.0870359,0.0572729),(0.0290308,0.0861518,0.0572729),(0.0285386,0.0870359,0.0572729),(0.0286181,0.0869757,0.0572729),(0.0290308,0.0861518,0.0572729),(0.0286181,0.0869757,0.0572729),(0.0286943,0.0869063,0.0572729),(0.0290308,0.0861518,0.0572729),(0.0286943,0.0869063,0.0572729),(0.0287745,0.0868169,0.0572729),(0.0290308,0.0861518,0.0572729),(0.0287745,0.0868169,0.0572729),(0.0288439,0.0867214,0.0572729),(0.0290308,0.0861518,0.0572729),(0.0288439,0.0867214,0.0572729),(0.0289026,0.0866198,0.0572729),(0.0290308,0.0861518,0.0572729),(0.0289026,0.0866198,0.0572729),(0.0289507,0.0865120,0.0572729),(0.0290308,0.0861518,0.0572729),(0.0289507,0.0865120,0.0572729),(0.0289881,0.0863981,0.0572729),(0.0290308,0.0861518,0.0572729),(0.0289881,0.0863981,0.0572729),(0.0290148,0.0862780,0.0572729),(0.0380394,0.0861444,0.0572729),(0.0380447,0.0860098,0.0572729),(0.0380434,0.0859066,0.0572729),(0.0380394,0.0861444,0.0572729),(0.0380434,0.0859066,0.0572729),(0.0380396,0.0858073,0.0572729),(0.0380394,0.0861444,0.0572729),(0.0380396,0.0858073,0.0572729),(0.0380331,0.0857121,0.0572729),(0.0380394,0.0861444,0.0572729),(0.0380331,0.0857121,0.0572729),(0.0380241,0.0856210,0.0572729),(0.0380394,0.0861444,0.0572729),(0.0380241,0.0856210,0.0572729),(0.0380125,0.0855339,0.0572729),(0.0380394,0.0861444,0.0572729),(0.0380125,0.0855339,0.0572729),(0.0379983,0.0854508,0.0572729),(0.0380394,0.0861444,0.0572729),(0.0379983,0.0854508,0.0572729),(0.0379815,0.0853718,0.0572729),(0.0380394,0.0861444,0.0572729),(0.0379815,0.0853718,0.0572729),(0.0379622,0.0852968,0.0572729),(0.0380394,0.0861444,0.0572729),(0.0379622,0.0852968,0.0572729),(0.0379157,0.0851590,0.0572729),(0.0380394,0.0861444,0.0572729),(0.0379157,0.0851590,0.0572729),(0.0378590,0.0850373,0.0572729),(0.0380394,0.0861444,0.0572729),(0.0378590,0.0850373,0.0572729),(0.0377919,0.0849318,0.0572729),(0.0380394,0.0861444,0.0572729),(0.0377919,0.0849318,0.0572729),(0.0377145,0.0848425,0.0572729),(0.0380394,0.0861444,0.0572729),(0.0377145,0.0848425,0.0572729),(0.0376350,0.0847730,0.0572729),(0.0380394,0.0861444,0.0572729),(0.0376350,0.0847730,0.0572729),(0.0375532,0.0847129,0.0572729),(0.0380394,0.0861444,0.0572729),(0.0375532,0.0847129,0.0572729),(0.0374690,0.0846619,0.0572729),(0.0380394,0.0861444,0.0572729),(0.0374690,0.0846619,0.0572729),(0.0373825,0.0846203,0.0572729),(0.0380394,0.0861444,0.0572729),(0.0373825,0.0846203,0.0572729),(0.0372936,0.0845878,0.0572729),(0.0380394,0.0861444,0.0572729),(0.0372936,0.0845878,0.0572729),(0.0372023,0.0845647,0.0572729),(0.0380394,0.0861444,0.0572729),(0.0372023,0.0845647,0.0572729),(0.0371088,0.0845508,0.0572729),(0.0371088,0.0845508,0.0572729),(0.0370128,0.0845462,0.0572729),(0.0369242,0.0845497,0.0572729),(0.0371088,0.0845508,0.0572729),(0.0369242,0.0845497,0.0572729),(0.0368387,0.0845604,0.0572729),(0.0371088,0.0845508,0.0572729),(0.0368387,0.0845604,0.0572729),(0.0367565,0.0845782,0.0572729),(0.0371088,0.0845508,0.0572729),(0.0367565,0.0845782,0.0572729),(0.0366773,0.0846031,0.0572729),(0.0371088,0.0845508,0.0572729),(0.0366773,0.0846031,0.0572729),(0.0366014,0.0846351,0.0572729),(0.0371088,0.0845508,0.0572729),(0.0366014,0.0846351,0.0572729),(0.0365287,0.0846742,0.0572729),(0.0371088,0.0845508,0.0572729),(0.0365287,0.0846742,0.0572729),(0.0364591,0.0847204,0.0572729),(0.0371088,0.0845508,0.0572729),(0.0364591,0.0847204,0.0572729),(0.0363927,0.0847737,0.0572729),(0.0375036,0.0838728,0.0572729),(0.0375706,0.0840117,0.0572729),(0.0376537,0.0841070,0.0572729),(0.0375036,0.0838728,0.0572729),(0.0376537,0.0841070,0.0572729),(0.0377695,0.0841599,0.0572729),(0.0374087,0.0837524,0.0572729),(0.0375036,0.0838728,0.0572729),(0.0377695,0.0841599,0.0572729),(0.0374087,0.0837524,0.0572729),(0.0377695,0.0841599,0.0572729),(0.0378455,0.0841283,0.0572729),(0.0374087,0.0837524,0.0572729),(0.0378455,0.0841283,0.0572729),(0.0379063,0.0840824,0.0572729),(0.0373156,0.0836737,0.0572729),(0.0374087,0.0837524,0.0572729),(0.0379063,0.0840824,0.0572729),(0.0373156,0.0836737,0.0572729),(0.0379063,0.0840824,0.0572729),(0.0379823,0.0839472,0.0572729),(0.0372174,0.0836175,0.0572729),(0.0373156,0.0836737,0.0572729),(0.0379823,0.0839472,0.0572729),(0.0372174,0.0836175,0.0572729),(0.0379823,0.0839472,0.0572729),(0.0379759,0.0838731,0.0572729),(0.0372174,0.0836175,0.0572729),(0.0379759,0.0838731,0.0572729),(0.0379268,0.0837563,0.0572729),(0.0371140,0.0835837,0.0572729),(0.0372174,0.0836175,0.0572729),(0.0379268,0.0837563,0.0572729),(0.0371140,0.0835837,0.0572729),(0.0379268,0.0837563,0.0572729),(0.0378653,0.0836471,0.0572729),(0.0370054,0.0835725,0.0572729),(0.0371140,0.0835837,0.0572729),(0.0378653,0.0836471,0.0572729),(0.0370054,0.0835725,0.0572729),(0.0378653,0.0836471,0.0572729),(0.0377914,0.0835456,0.0572729),(0.0370054,0.0835725,0.0572729),(0.0377914,0.0835456,0.0572729),(0.0377050,0.0834519,0.0572729),(0.0369101,0.0835845,0.0572729),(0.0370054,0.0835725,0.0572729),(0.0377050,0.0834519,0.0572729),(0.0369101,0.0835845,0.0572729),(0.0377050,0.0834519,0.0572729),(0.0376283,0.0833802,0.0572729),(0.0369101,0.0835845,0.0572729),(0.0376283,0.0833802,0.0572729),(0.0375486,0.0833180,0.0572729),(0.0368094,0.0836204,0.0572729),(0.0369101,0.0835845,0.0572729),(0.0375486,0.0833180,0.0572729),(0.0368094,0.0836204,0.0572729),(0.0375486,0.0833180,0.0572729),(0.0374657,0.0832655,0.0572729),(0.0368094,0.0836204,0.0572729),(0.0374657,0.0832655,0.0572729),(0.0373798,0.0832225,0.0572729),(0.0367032,0.0836803,0.0572729),(0.0368094,0.0836204,0.0572729),(0.0373798,0.0832225,0.0572729),(0.0367032,0.0836803,0.0572729),(0.0373798,0.0832225,0.0572729),(0.0372908,0.0831890,0.0572729),(0.0365916,0.0837641,0.0572729),(0.0367032,0.0836803,0.0572729),(0.0372908,0.0831890,0.0572729),(0.0365916,0.0837641,0.0572729),(0.0372908,0.0831890,0.0572729),(0.0371988,0.0831651,0.0572729),(0.0365916,0.0837641,0.0572729),(0.0371988,0.0831651,0.0572729),(0.0371036,0.0831508,0.0572729),(0.0365046,0.0838604,0.0572729),(0.0365916,0.0837641,0.0572729),(0.0371036,0.0831508,0.0572729),(0.0365046,0.0838604,0.0572729),(0.0371036,0.0831508,0.0572729),(0.0370054,0.0831460,0.0572729),(0.0365046,0.0838604,0.0572729),(0.0370054,0.0831460,0.0572729),(0.0369203,0.0831506,0.0572729),(0.0365046,0.0838604,0.0572729),(0.0369203,0.0831506,0.0572729),(0.0368348,0.0831644,0.0572729),(0.0364424,0.0839874,0.0572729),(0.0365046,0.0838604,0.0572729),(0.0368348,0.0831644,0.0572729),(0.0364424,0.0839874,0.0572729),(0.0368348,0.0831644,0.0572729),(0.0367489,0.0831874,0.0572729),(0.0364424,0.0839874,0.0572729),(0.0367489,0.0831874,0.0572729),(0.0366625,0.0832195,0.0572729),(0.0364206,0.0840624,0.0572729),(0.0364424,0.0839874,0.0572729),(0.0366625,0.0832195,0.0572729),(0.0364206,0.0840624,0.0572729),(0.0366625,0.0832195,0.0572729),(0.0365758,0.0832609,0.0572729),(0.0364206,0.0840624,0.0572729),(0.0365758,0.0832609,0.0572729),(0.0364887,0.0833115,0.0572729),(0.0364051,0.0841451,0.0572729),(0.0364206,0.0840624,0.0572729),(0.0364887,0.0833115,0.0572729),(0.0363958,0.0842354,0.0572729),(0.0364051,0.0841451,0.0572729),(0.0364887,0.0833115,0.0572729),(0.0363958,0.0842354,0.0572729),(0.0364887,0.0833115,0.0572729),(0.0364012,0.0833713,0.0572729),(0.0363927,0.0843334,0.0572729),(0.0363958,0.0842354,0.0572729),(0.0364012,0.0833713,0.0572729),(0.0363927,0.0843334,0.0572729),(0.0364012,0.0833713,0.0572729),(0.0363133,0.0834402,0.0572729),(0.0363927,0.0847737,0.0572729),(0.0363927,0.0843334,0.0572729),(0.0363133,0.0834402,0.0572729),(0.0363927,0.0847737,0.0572729),(0.0363133,0.0834402,0.0572729),(0.0362314,0.0835167,0.0572729),(0.0363927,0.0847737,0.0572729),(0.0362314,0.0835167,0.0572729),(0.0361605,0.0836029,0.0572729),(0.0363927,0.0847737,0.0572729),(0.0361605,0.0836029,0.0572729),(0.0361005,0.0836986,0.0572729),(0.0363927,0.0847737,0.0572729),(0.0361005,0.0836986,0.0572729),(0.0360513,0.0838040,0.0572729),(0.0363927,0.0847737,0.0572729),(0.0360513,0.0838040,0.0572729),(0.0360131,0.0839190,0.0572729),(0.0363927,0.0847737,0.0572729),(0.0360131,0.0839190,0.0572729),(0.0359859,0.0840437,0.0572729),(0.0363927,0.0847737,0.0572729),(0.0359859,0.0840437,0.0572729),(0.0359695,0.0841779,0.0572729),(0.0363927,0.0847737,0.0572729),(0.0359695,0.0841779,0.0572729),(0.0359640,0.0843218,0.0572729),(0.0363927,0.0847737,0.0572729),(0.0359640,0.0843218,0.0572729),(0.0359640,0.0856415,0.0572729),(0.0371088,0.0845508,0.0572729),(0.0363927,0.0847737,0.0572729),(0.0359640,0.0856415,0.0572729),(0.0359640,0.0856415,0.0572729),(0.0363598,0.0856352,0.0572729),(0.0363753,0.0855099,0.0572729),(0.0359640,0.0856415,0.0572729),(0.0363753,0.0855099,0.0572729),(0.0364218,0.0853870,0.0572729),(0.0359640,0.0856415,0.0572729),(0.0364218,0.0853870,0.0572729),(0.0364992,0.0852665,0.0572729),(0.0371088,0.0845508,0.0572729),(0.0359640,0.0856415,0.0572729),(0.0364992,0.0852665,0.0572729),(0.0371088,0.0845508,0.0572729),(0.0364992,0.0852665,0.0572729),(0.0366075,0.0851484,0.0572729),(0.0371088,0.0845508,0.0572729),(0.0366075,0.0851484,0.0572729),(0.0367031,0.0850706,0.0572729),(0.0371088,0.0845508,0.0572729),(0.0367031,0.0850706,0.0572729),(0.0368025,0.0850150,0.0572729),(0.0371088,0.0845508,0.0572729),(0.0368025,0.0850150,0.0572729),(0.0369057,0.0849817,0.0572729),(0.0371088,0.0845508,0.0572729),(0.0369057,0.0849817,0.0572729),(0.0370128,0.0849706,0.0572729),(0.0371088,0.0845508,0.0572729),(0.0370128,0.0849706,0.0572729),(0.0371185,0.0849817,0.0572729),(0.0371088,0.0845508,0.0572729),(0.0371185,0.0849817,0.0572729),(0.0372208,0.0850150,0.0572729),(0.0371088,0.0845508,0.0572729),(0.0372208,0.0850150,0.0572729),(0.0373196,0.0850706,0.0572729),(0.0371088,0.0845508,0.0572729),(0.0373196,0.0850706,0.0572729),(0.0374150,0.0851484,0.0572729),(0.0371088,0.0845508,0.0572729),(0.0374150,0.0851484,0.0572729),(0.0375034,0.0852769,0.0572729),(0.0380394,0.0861444,0.0572729),(0.0371088,0.0845508,0.0572729),(0.0375034,0.0852769,0.0572729),(0.0380394,0.0861444,0.0572729),(0.0375034,0.0852769,0.0572729),(0.0375382,0.0853631,0.0572729),(0.0380394,0.0861444,0.0572729),(0.0375382,0.0853631,0.0572729),(0.0375666,0.0854637,0.0572729),(0.0380394,0.0861444,0.0572729),(0.0375666,0.0854637,0.0572729),(0.0375887,0.0855790,0.0572729),(0.0380394,0.0861444,0.0572729),(0.0375887,0.0855790,0.0572729),(0.0376045,0.0857087,0.0572729),(0.0380394,0.0861444,0.0572729),(0.0376045,0.0857087,0.0572729),(0.0376140,0.0858531,0.0572729),(0.0380394,0.0861444,0.0572729),(0.0376140,0.0858531,0.0572729),(0.0376171,0.0860120,0.0572729),(0.0380394,0.0861444,0.0572729),(0.0376171,0.0860120,0.0572729),(0.0376138,0.0861034,0.0572729),(0.0380394,0.0861444,0.0572729),(0.0376138,0.0861034,0.0572729),(0.0376037,0.0861899,0.0572729),(0.0380394,0.0861444,0.0572729),(0.0376037,0.0861899,0.0572729),(0.0375868,0.0862714,0.0572729),(0.0380394,0.0861444,0.0572729),(0.0375868,0.0862714,0.0572729),(0.0375632,0.0863480,0.0572729),(0.0380394,0.0861444,0.0572729),(0.0375632,0.0863480,0.0572729),(0.0374957,0.0864862,0.0572729),(0.0380394,0.0861444,0.0572729),(0.0374957,0.0864862,0.0572729),(0.0374012,0.0866046,0.0572729),(0.0380394,0.0861444,0.0572729),(0.0374012,0.0866046,0.0572729),(0.0373100,0.0866806,0.0572729),(0.0363608,0.0857254,0.0572729),(0.0363598,0.0856352,0.0572729),(0.0359640,0.0856415,0.0572729),(0.0363636,0.0858116,0.0572729),(0.0363608,0.0857254,0.0572729),(0.0359640,0.0856415,0.0572729),(0.0363747,0.0859720,0.0572729),(0.0363636,0.0858116,0.0572729),(0.0359640,0.0856415,0.0572729),(0.0363933,0.0861164,0.0572729),(0.0363747,0.0859720,0.0572729),(0.0359640,0.0856415,0.0572729),(0.0364194,0.0862448,0.0572729),(0.0363933,0.0861164,0.0572729),(0.0359640,0.0856415,0.0572729),(0.0364529,0.0863572,0.0572729),(0.0364194,0.0862448,0.0572729),(0.0359640,0.0856415,0.0572729),(0.0364938,0.0864535,0.0572729),(0.0364529,0.0863572,0.0572729),(0.0359640,0.0856415,0.0572729),(0.0365422,0.0865339,0.0572729),(0.0364938,0.0864535,0.0572729),(0.0359640,0.0856415,0.0572729),(0.0365422,0.0865339,0.0572729),(0.0359640,0.0856415,0.0572729),(0.0359654,0.0857572,0.0572729),(0.0365422,0.0865339,0.0572729),(0.0359654,0.0857572,0.0572729),(0.0359694,0.0858680,0.0572729),(0.0365422,0.0865339,0.0572729),(0.0359694,0.0858680,0.0572729),(0.0359761,0.0859740,0.0572729),(0.0365980,0.0865983,0.0572729),(0.0365422,0.0865339,0.0572729),(0.0359761,0.0859740,0.0572729),(0.0365980,0.0865983,0.0572729),(0.0359761,0.0859740,0.0572729),(0.0359855,0.0860750,0.0572729),(0.0365980,0.0865983,0.0572729),(0.0359855,0.0860750,0.0572729),(0.0359975,0.0861711,0.0572729),(0.0366950,0.0866770,0.0572729),(0.0365980,0.0865983,0.0572729),(0.0359975,0.0861711,0.0572729),(0.0366950,0.0866770,0.0572729),(0.0359975,0.0861711,0.0572729),(0.0360123,0.0862624,0.0572729),(0.0366950,0.0866770,0.0572729),(0.0360123,0.0862624,0.0572729),(0.0360297,0.0863488,0.0572729),(0.0367956,0.0867332,0.0572729),(0.0366950,0.0866770,0.0572729),(0.0360297,0.0863488,0.0572729),(0.0367956,0.0867332,0.0572729),(0.0360297,0.0863488,0.0572729),(0.0360498,0.0864303,0.0572729),(0.0367956,0.0867332,0.0572729),(0.0360498,0.0864303,0.0572729),(0.0360725,0.0865069,0.0572729),(0.0368998,0.0867669,0.0572729),(0.0367956,0.0867332,0.0572729),(0.0360725,0.0865069,0.0572729),(0.0368998,0.0867669,0.0572729),(0.0360725,0.0865069,0.0572729),(0.0360980,0.0865786,0.0572729),(0.0368998,0.0867669,0.0572729),(0.0360980,0.0865786,0.0572729),(0.0361569,0.0867074,0.0572729),(0.0370075,0.0867782,0.0572729),(0.0368998,0.0867669,0.0572729),(0.0361569,0.0867074,0.0572729),(0.0370075,0.0867782,0.0572729),(0.0361569,0.0867074,0.0572729),(0.0362266,0.0868166,0.0572729),(0.0370075,0.0867782,0.0572729),(0.0362266,0.0868166,0.0572729),(0.0363069,0.0869063,0.0572729),(0.0371131,0.0867673,0.0572729),(0.0370075,0.0867782,0.0572729),(0.0363069,0.0869063,0.0572729),(0.0371131,0.0867673,0.0572729),(0.0363069,0.0869063,0.0572729),(0.0363863,0.0869757,0.0572729),(0.0371131,0.0867673,0.0572729),(0.0363863,0.0869757,0.0572729),(0.0364683,0.0870359,0.0572729),(0.0372139,0.0867348,0.0572729),(0.0371131,0.0867673,0.0572729),(0.0364683,0.0870359,0.0572729),(0.0372139,0.0867348,0.0572729),(0.0364683,0.0870359,0.0572729),(0.0365528,0.0870868,0.0572729),(0.0372139,0.0867348,0.0572729),(0.0365528,0.0870868,0.0572729),(0.0366400,0.0871285,0.0572729),(0.0373100,0.0866806,0.0572729),(0.0372139,0.0867348,0.0572729),(0.0366400,0.0871285,0.0572729),(0.0373100,0.0866806,0.0572729),(0.0366400,0.0871285,0.0572729),(0.0367299,0.0871609,0.0572729),(0.0380394,0.0861444,0.0572729),(0.0373100,0.0866806,0.0572729),(0.0367299,0.0871609,0.0572729),(0.0380394,0.0861444,0.0572729),(0.0367299,0.0871609,0.0572729),(0.0368223,0.0871841,0.0572729),(0.0380394,0.0861444,0.0572729),(0.0368223,0.0871841,0.0572729),(0.0369173,0.0871980,0.0572729),(0.0380394,0.0861444,0.0572729),(0.0369173,0.0871980,0.0572729),(0.0370150,0.0872026,0.0572729),(0.0380394,0.0861444,0.0572729),(0.0370150,0.0872026,0.0572729),(0.0371102,0.0871979,0.0572729),(0.0380394,0.0861444,0.0572729),(0.0371102,0.0871979,0.0572729),(0.0372028,0.0871837,0.0572729),(0.0380394,0.0861444,0.0572729),(0.0372028,0.0871837,0.0572729),(0.0372928,0.0871602,0.0572729),(0.0380394,0.0861444,0.0572729),(0.0372928,0.0871602,0.0572729),(0.0373801,0.0871272,0.0572729),(0.0380394,0.0861444,0.0572729),(0.0373801,0.0871272,0.0572729),(0.0374647,0.0870848,0.0572729),(0.0380394,0.0861444,0.0572729),(0.0374647,0.0870848,0.0572729),(0.0375468,0.0870329,0.0572729),(0.0380394,0.0861444,0.0572729),(0.0375468,0.0870329,0.0572729),(0.0376261,0.0869717,0.0572729),(0.0380394,0.0861444,0.0572729),(0.0376261,0.0869717,0.0572729),(0.0377029,0.0869010,0.0572729),(0.0380394,0.0861444,0.0572729),(0.0377029,0.0869010,0.0572729),(0.0377830,0.0868127,0.0572729),(0.0380394,0.0861444,0.0572729),(0.0377830,0.0868127,0.0572729),(0.0378524,0.0867179,0.0572729),(0.0380394,0.0861444,0.0572729),(0.0378524,0.0867179,0.0572729),(0.0379112,0.0866164,0.0572729),(0.0380394,0.0861444,0.0572729),(0.0379112,0.0866164,0.0572729),(0.0379593,0.0865083,0.0572729),(0.0380394,0.0861444,0.0572729),(0.0379593,0.0865083,0.0572729),(0.0379966,0.0863936,0.0572729),(0.0380394,0.0861444,0.0572729),(0.0379966,0.0863936,0.0572729),(0.0380233,0.0862723,0.0572729),(0.0338886,0.0867782,0.0572729),(0.0350602,0.0851875,0.0572729),(0.0351247,0.0850938,0.0572729),(0.0338886,0.0867782,0.0572729),(0.0351247,0.0850938,0.0572729),(0.0351806,0.0849962,0.0572729),(0.0338886,0.0867782,0.0572729),(0.0351806,0.0849962,0.0572729),(0.0352279,0.0848947,0.0572729),(0.0338886,0.0867782,0.0572729),(0.0352279,0.0848947,0.0572729),(0.0352666,0.0847893,0.0572729),(0.0338886,0.0867782,0.0572729),(0.0352666,0.0847893,0.0572729),(0.0352967,0.0846801,0.0572729),(0.0338886,0.0867782,0.0572729),(0.0352967,0.0846801,0.0572729),(0.0353182,0.0845670,0.0572729),(0.0338886,0.0867782,0.0572729),(0.0353182,0.0845670,0.0572729),(0.0353311,0.0844500,0.0572729),(0.0338886,0.0867782,0.0572729),(0.0353311,0.0844500,0.0572729),(0.0353354,0.0843292,0.0572729),(0.0338886,0.0867782,0.0572729),(0.0353354,0.0843292,0.0572729),(0.0353303,0.0842042,0.0572729),(0.0338886,0.0867782,0.0572729),(0.0353303,0.0842042,0.0572729),(0.0353149,0.0840839,0.0572729),(0.0338886,0.0867782,0.0572729),(0.0353149,0.0840839,0.0572729),(0.0352892,0.0839681,0.0572729),(0.0338886,0.0867782,0.0572729),(0.0352892,0.0839681,0.0572729),(0.0352534,0.0838569,0.0572729),(0.0352534,0.0838569,0.0572729),(0.0352072,0.0837504,0.0572729),(0.0351508,0.0836484,0.0572729),(0.0352534,0.0838569,0.0572729),(0.0351508,0.0836484,0.0572729),(0.0350842,0.0835510,0.0572729),(0.0352534,0.0838569,0.0572729),(0.0350842,0.0835510,0.0572729),(0.0350073,0.0834582,0.0572729),(0.0352534,0.0838569,0.0572729),(0.0350073,0.0834582,0.0572729),(0.0349344,0.0833850,0.0572729),(0.0352534,0.0838569,0.0572729),(0.0349344,0.0833850,0.0572729),(0.0348570,0.0833216,0.0572729),(0.0352534,0.0838569,0.0572729),(0.0348570,0.0833216,0.0572729),(0.0347751,0.0832679,0.0572729),(0.0352534,0.0838569,0.0572729),(0.0347751,0.0832679,0.0572729),(0.0346887,0.0832240,0.0572729),(0.0352534,0.0838569,0.0572729),(0.0346887,0.0832240,0.0572729),(0.0345979,0.0831899,0.0572729),(0.0352534,0.0838569,0.0572729),(0.0345979,0.0831899,0.0572729),(0.0345025,0.0831655,0.0572729),(0.0352534,0.0838569,0.0572729),(0.0345025,0.0831655,0.0572729),(0.0344026,0.0831509,0.0572729),(0.0352534,0.0838569,0.0572729),(0.0344026,0.0831509,0.0572729),(0.0342982,0.0831460,0.0572729),(0.0352534,0.0838569,0.0572729),(0.0342982,0.0831460,0.0572729),(0.0341997,0.0831508,0.0572729),(0.0352534,0.0838569,0.0572729),(0.0341997,0.0831508,0.0572729),(0.0341042,0.0831651,0.0572729),(0.0352534,0.0838569,0.0572729),(0.0341042,0.0831651,0.0572729),(0.0340117,0.0831890,0.0572729),(0.0352534,0.0838569,0.0572729),(0.0340117,0.0831890,0.0572729),(0.0339222,0.0832225,0.0572729),(0.0352534,0.0838569,0.0572729),(0.0339222,0.0832225,0.0572729),(0.0338358,0.0832655,0.0572729),(0.0352534,0.0838569,0.0572729),(0.0338358,0.0832655,0.0572729),(0.0337523,0.0833180,0.0572729),(0.0337523,0.0833180,0.0572729),(0.0336719,0.0833802,0.0572729),(0.0335944,0.0834519,0.0572729),(0.0337523,0.0833180,0.0572729),(0.0335944,0.0834519,0.0572729),(0.0335153,0.0835384,0.0572729),(0.0337523,0.0833180,0.0572729),(0.0335153,0.0835384,0.0572729),(0.0334467,0.0836312,0.0572729),(0.0337523,0.0833180,0.0572729),(0.0334467,0.0836312,0.0572729),(0.0333887,0.0837305,0.0572729),(0.0337523,0.0833180,0.0572729),(0.0333887,0.0837305,0.0572729),(0.0333412,0.0838360,0.0572729),(0.0337523,0.0833180,0.0572729),(0.0333412,0.0838360,0.0572729),(0.0333043,0.0839479,0.0572729),(0.0337523,0.0833180,0.0572729),(0.0333043,0.0839479,0.0572729),(0.0332779,0.0840662,0.0572729),(0.0337523,0.0833180,0.0572729),(0.0332779,0.0840662,0.0572729),(0.0332621,0.0841908,0.0572729),(0.0337523,0.0833180,0.0572729),(0.0332621,0.0841908,0.0572729),(0.0332568,0.0843218,0.0572729),(0.0337523,0.0833180,0.0572729),(0.0332568,0.0843218,0.0572729),(0.0332568,0.0843271,0.0572729),(0.0337523,0.0833180,0.0572729),(0.0332568,0.0843271,0.0572729),(0.0332724,0.0844086,0.0572729),(0.0337523,0.0833180,0.0572729),(0.0332724,0.0844086,0.0572729),(0.0333193,0.0844774,0.0572729),(0.0337523,0.0833180,0.0572729),(0.0333193,0.0844774,0.0572729),(0.0333880,0.0845242,0.0572729),(0.0337523,0.0833180,0.0572729),(0.0333880,0.0845242,0.0572729),(0.0334695,0.0845398,0.0572729),(0.0337523,0.0833180,0.0572729),(0.0334695,0.0845398,0.0572729),(0.0335510,0.0845242,0.0572729),(0.0337523,0.0833180,0.0572729),(0.0335510,0.0845242,0.0572729),(0.0336198,0.0844774,0.0572729),(0.0337523,0.0833180,0.0572729),(0.0336198,0.0844774,0.0572729),(0.0336674,0.0844086,0.0572729),(0.0336674,0.0844086,0.0572729),(0.0336833,0.0843271,0.0572729),(0.0336833,0.0843218,0.0572729),(0.0336674,0.0844086,0.0572729),(0.0336833,0.0843218,0.0572729),(0.0336866,0.0842349,0.0572729),(0.0337523,0.0833180,0.0572729),(0.0336674,0.0844086,0.0572729),(0.0336866,0.0842349,0.0572729),(0.0337523,0.0833180,0.0572729),(0.0336866,0.0842349,0.0572729),(0.0336966,0.0841525,0.0572729),(0.0337523,0.0833180,0.0572729),(0.0336966,0.0841525,0.0572729),(0.0337132,0.0840745,0.0572729),(0.0337523,0.0833180,0.0572729),(0.0337132,0.0840745,0.0572729),(0.0337365,0.0840011,0.0572729),(0.0337523,0.0833180,0.0572729),(0.0337365,0.0840011,0.0572729),(0.0338030,0.0838678,0.0572729),(0.0337523,0.0833180,0.0572729),(0.0338030,0.0838678,0.0572729),(0.0338960,0.0837524,0.0572729),(0.0337523,0.0833180,0.0572729),(0.0338960,0.0837524,0.0572729),(0.0339869,0.0836737,0.0572729),(0.0337523,0.0833180,0.0572729),(0.0339869,0.0836737,0.0572729),(0.0340839,0.0836175,0.0572729),(0.0337523,0.0833180,0.0572729),(0.0340839,0.0836175,0.0572729),(0.0341870,0.0835837,0.0572729),(0.0337523,0.0833180,0.0572729),(0.0341870,0.0835837,0.0572729),(0.0342961,0.0835725,0.0572729),(0.0337523,0.0833180,0.0572729),(0.0342961,0.0835725,0.0572729),(0.0344093,0.0835833,0.0572729),(0.0337523,0.0833180,0.0572729),(0.0344093,0.0835833,0.0572729),(0.0345131,0.0836159,0.0572729),(0.0352534,0.0838569,0.0572729),(0.0337523,0.0833180,0.0572729),(0.0345131,0.0836159,0.0572729),(0.0352534,0.0838569,0.0572729),(0.0345131,0.0836159,0.0572729),(0.0346072,0.0836701,0.0572729),(0.0352534,0.0838569,0.0572729),(0.0346072,0.0836701,0.0572729),(0.0346919,0.0837461,0.0572729),(0.0352534,0.0838569,0.0572729),(0.0346919,0.0837461,0.0572729),(0.0347435,0.0838072,0.0572729),(0.0352534,0.0838569,0.0572729),(0.0347435,0.0838072,0.0572729),(0.0347882,0.0838717,0.0572729),(0.0352534,0.0838569,0.0572729),(0.0347882,0.0838717,0.0572729),(0.0348570,0.0840104,0.0572729),(0.0352534,0.0838569,0.0572729),(0.0348570,0.0840104,0.0572729),(0.0348983,0.0841622,0.0572729),(0.0352534,0.0838569,0.0572729),(0.0348983,0.0841622,0.0572729),(0.0349086,0.0842430,0.0572729),(0.0352534,0.0838569,0.0572729),(0.0349086,0.0842430,0.0572729),(0.0349120,0.0843271,0.0572729),(0.0352534,0.0838569,0.0572729),(0.0349120,0.0843271,0.0572729),(0.0349091,0.0844138,0.0572729),(0.0352534,0.0838569,0.0572729),(0.0349091,0.0844138,0.0572729),(0.0349003,0.0844972,0.0572729),(0.0352534,0.0838569,0.0572729),(0.0349003,0.0844972,0.0572729),(0.0348857,0.0845773,0.0572729),(0.0352534,0.0838569,0.0572729),(0.0348857,0.0845773,0.0572729),(0.0348652,0.0846541,0.0572729),(0.0352534,0.0838569,0.0572729),(0.0348652,0.0846541,0.0572729),(0.0348067,0.0847978,0.0572729),(0.0338886,0.0867782,0.0572729),(0.0352534,0.0838569,0.0572729),(0.0348067,0.0847978,0.0572729),(0.0338886,0.0867782,0.0572729),(0.0348067,0.0847978,0.0572729),(0.0347247,0.0849282,0.0572729),(0.0338886,0.0867782,0.0572729),(0.0347247,0.0849282,0.0572729),(0.0333013,0.0868618,0.0572729),(0.0351248,0.0867782,0.0572729),(0.0338886,0.0867782,0.0572729),(0.0333013,0.0868618,0.0572729),(0.0351248,0.0867782,0.0572729),(0.0333013,0.0868618,0.0572729),(0.0332547,0.0869867,0.0572729),(0.0351248,0.0867782,0.0572729),(0.0332547,0.0869867,0.0572729),(0.0332568,0.0870216,0.0572729),(0.0351248,0.0867782,0.0572729),(0.0332568,0.0870216,0.0572729),(0.0332833,0.0871002,0.0572729),(0.0351248,0.0867782,0.0572729),(0.0332833,0.0871002,0.0572729),(0.0333351,0.0871560,0.0572729),(0.0351248,0.0867782,0.0572729),(0.0333351,0.0871560,0.0572729),(0.0334037,0.0871909,0.0572729),(0.0351248,0.0867782,0.0572729),(0.0334037,0.0871909,0.0572729),(0.0334695,0.0872026,0.0572729),(0.0351248,0.0867782,0.0572729),(0.0334695,0.0872026,0.0572729),(0.0351248,0.0872026,0.0572729),(0.0351248,0.0867782,0.0572729),(0.0351248,0.0872026,0.0572729),(0.0352081,0.0871875,0.0572729),(0.0351248,0.0867782,0.0572729),(0.0352081,0.0871875,0.0572729),(0.0352761,0.0871423,0.0572729),(0.0351248,0.0867782,0.0572729),(0.0352761,0.0871423,0.0572729),(0.0353206,0.0870743,0.0572729),(0.0351248,0.0867782,0.0572729),(0.0353206,0.0870743,0.0572729),(0.0353354,0.0869909,0.0572729),(0.0351248,0.0867782,0.0572729),(0.0353354,0.0869909,0.0572729),(0.0353206,0.0869068,0.0572729),(0.0351248,0.0867782,0.0572729),(0.0353206,0.0869068,0.0572729),(0.0352761,0.0868385,0.0572729),(0.0351248,0.0867782,0.0572729),(0.0352761,0.0868385,0.0572729),(0.0352102,0.0867933,0.0572729),(0.0318810,0.0831439,0.0572729),(0.0317635,0.0831904,0.0572729),(0.0311560,0.0836921,0.0572729),(0.0318810,0.0831439,0.0572729),(0.0311560,0.0836921,0.0572729),(0.0310983,0.0837598,0.0572729),(0.0318810,0.0831439,0.0572729),(0.0310983,0.0837598,0.0572729),(0.0310735,0.0838318,0.0572729),(0.0318810,0.0831439,0.0572729),(0.0310735,0.0838318,0.0572729),(0.0310735,0.0838657,0.0572729),(0.0318810,0.0831439,0.0572729),(0.0310735,0.0838657,0.0572729),(0.0311073,0.0839937,0.0572729),(0.0318810,0.0831439,0.0572729),(0.0311073,0.0839937,0.0572729),(0.0311666,0.0840506,0.0572729),(0.0318810,0.0831439,0.0572729),(0.0311666,0.0840506,0.0572729),(0.0312470,0.0840794,0.0572729),(0.0318810,0.0831439,0.0572729),(0.0312470,0.0840794,0.0572729),(0.0312883,0.0840816,0.0572729),(0.0318810,0.0831439,0.0572729),(0.0312883,0.0840816,0.0572729),(0.0314037,0.0840445,0.0572729),(0.0318810,0.0831439,0.0572729),(0.0314037,0.0840445,0.0572729),(0.0316746,0.0838053,0.0572729),(0.0318810,0.0831439,0.0572729),(0.0316746,0.0838053,0.0572729),(0.0316746,0.0869909,0.0572729),(0.0318810,0.0831439,0.0572729),(0.0316746,0.0869909,0.0572729),(0.0316900,0.0870729,0.0572729),(0.0318810,0.0831439,0.0572729),(0.0316900,0.0870729,0.0572729),(0.0317360,0.0871412,0.0572729),(0.0318810,0.0831439,0.0572729),(0.0317360,0.0871412,0.0572729),(0.0318043,0.0871872,0.0572729),(0.0318810,0.0831439,0.0572729),(0.0318043,0.0871872,0.0572729),(0.0318863,0.0872026,0.0572729),(0.0318810,0.0831439,0.0572729),(0.0318863,0.0872026,0.0572729),(0.0319691,0.0871872,0.0572729),(0.0318810,0.0831439,0.0572729),(0.0319691,0.0871872,0.0572729),(0.0320376,0.0871412,0.0572729),(0.0318810,0.0831439,0.0572729),(0.0320376,0.0871412,0.0572729),(0.0320837,0.0870729,0.0572729),(0.0318810,0.0831439,0.0572729),(0.0320837,0.0870729,0.0572729),(0.0320990,0.0869909,0.0572729),(0.0318810,0.0831439,0.0572729),(0.0320990,0.0869909,0.0572729),(0.0320990,0.0833640,0.0572729),(0.0318810,0.0831439,0.0572729),(0.0320990,0.0833640,0.0572729),(0.0320707,0.0832508,0.0572729),(0.0318810,0.0831439,0.0572729),(0.0320707,0.0832508,0.0572729),(0.0319858,0.0831756,0.0572729),(0.0294944,0.0871722,0.0572729),(0.0295675,0.0872788,0.0572729),(0.0296741,0.0873518,0.0572729),(0.0294944,0.0871722,0.0572729),(0.0296741,0.0873518,0.0572729),(0.0297992,0.0873762,0.0572729),(0.0294944,0.0871722,0.0572729),(0.0297992,0.0873762,0.0572729),(0.0299241,0.0873518,0.0572729),(0.0294944,0.0871722,0.0572729),(0.0299241,0.0873518,0.0572729),(0.0300300,0.0872788,0.0572729),(0.0294944,0.0871722,0.0572729),(0.0300300,0.0872788,0.0572729),(0.0301030,0.0871722,0.0572729),(0.0294944,0.0871722,0.0572729),(0.0301030,0.0871722,0.0572729),(0.0301273,0.0870470,0.0572729),(0.0294944,0.0871722,0.0572729),(0.0301273,0.0870470,0.0572729),(0.0301030,0.0869219,0.0572729),(0.0294944,0.0871722,0.0572729),(0.0301030,0.0869219,0.0572729),(0.0300300,0.0868152,0.0572729),(0.0294944,0.0871722,0.0572729),(0.0300300,0.0868152,0.0572729),(0.0299241,0.0867422,0.0572729),(0.0294944,0.0871722,0.0572729),(0.0299241,0.0867422,0.0572729),(0.0297992,0.0867179,0.0572729),(0.0294944,0.0871722,0.0572729),(0.0297992,0.0867179,0.0572729),(0.0296741,0.0867422,0.0572729),(0.0294944,0.0871722,0.0572729),(0.0296741,0.0867422,0.0572729),(0.0295675,0.0868152,0.0572729),(0.0294944,0.0871722,0.0572729),(0.0295675,0.0868152,0.0572729),(0.0294944,0.0869219,0.0572729),(0.0294944,0.0871722,0.0572729),(0.0294944,0.0869219,0.0572729),(0.0294701,0.0870470,0.0572729),(0.0506665,0.0861237,0.0572729),(0.0506719,0.0859913,0.0572729),(0.0506719,0.0843012,0.0572729),(0.0506665,0.0861237,0.0572729),(0.0506719,0.0843012,0.0572729),(0.0506666,0.0841705,0.0572729),(0.0506665,0.0861237,0.0572729),(0.0506666,0.0841705,0.0572729),(0.0506506,0.0840459,0.0572729),(0.0506665,0.0861237,0.0572729),(0.0506506,0.0840459,0.0572729),(0.0506241,0.0839273,0.0572729),(0.0506665,0.0861237,0.0572729),(0.0506241,0.0839273,0.0572729),(0.0505869,0.0838146,0.0572729),(0.0506665,0.0861237,0.0572729),(0.0505869,0.0838146,0.0572729),(0.0505392,0.0837079,0.0572729),(0.0506665,0.0861237,0.0572729),(0.0505392,0.0837079,0.0572729),(0.0504808,0.0836072,0.0572729),(0.0506665,0.0861237,0.0572729),(0.0504808,0.0836072,0.0572729),(0.0504118,0.0835125,0.0572729),(0.0506665,0.0861237,0.0572729),(0.0504118,0.0835125,0.0572729),(0.0503321,0.0834238,0.0572729),(0.0506665,0.0861237,0.0572729),(0.0503321,0.0834238,0.0572729),(0.0502555,0.0833521,0.0572729),(0.0506665,0.0861237,0.0572729),(0.0502555,0.0833521,0.0572729),(0.0501757,0.0832900,0.0572729),(0.0506665,0.0861237,0.0572729),(0.0501757,0.0832900,0.0572729),(0.0500929,0.0832374,0.0572729),(0.0500929,0.0832374,0.0572729),(0.0500070,0.0831944,0.0572729),(0.0499180,0.0831610,0.0572729),(0.0500929,0.0832374,0.0572729),(0.0499180,0.0831610,0.0572729),(0.0498259,0.0831371,0.0572729),(0.0500929,0.0832374,0.0572729),(0.0498259,0.0831371,0.0572729),(0.0497308,0.0831227,0.0572729),(0.0500929,0.0832374,0.0572729),(0.0497308,0.0831227,0.0572729),(0.0496326,0.0831179,0.0572729),(0.0500929,0.0832374,0.0572729),(0.0496326,0.0831179,0.0572729),(0.0495355,0.0831227,0.0572729),(0.0500929,0.0832374,0.0572729),(0.0495355,0.0831227,0.0572729),(0.0494411,0.0831371,0.0572729),(0.0500929,0.0832374,0.0572729),(0.0494411,0.0831371,0.0572729),(0.0493494,0.0831610,0.0572729),(0.0500929,0.0832374,0.0572729),(0.0493494,0.0831610,0.0572729),(0.0492603,0.0831944,0.0572729),(0.0500929,0.0832374,0.0572729),(0.0492603,0.0831944,0.0572729),(0.0491740,0.0832374,0.0572729),(0.0500929,0.0832374,0.0572729),(0.0491740,0.0832374,0.0572729),(0.0490903,0.0832900,0.0572729),(0.0500929,0.0832374,0.0572729),(0.0490903,0.0832900,0.0572729),(0.0490092,0.0833521,0.0572729),(0.0500929,0.0832374,0.0572729),(0.0490092,0.0833521,0.0572729),(0.0489309,0.0834238,0.0572729),(0.0500929,0.0832374,0.0572729),(0.0489309,0.0834238,0.0572729),(0.0488513,0.0835108,0.0572729),(0.0500929,0.0832374,0.0572729),(0.0488513,0.0835108,0.0572729),(0.0487823,0.0836040,0.0572729),(0.0500929,0.0832374,0.0572729),(0.0487823,0.0836040,0.0572729),(0.0487239,0.0837034,0.0572729),(0.0500929,0.0832374,0.0572729),(0.0487239,0.0837034,0.0572729),(0.0486761,0.0838090,0.0572729),(0.0500929,0.0832374,0.0572729),(0.0486761,0.0838090,0.0572729),(0.0486390,0.0839209,0.0572729),(0.0486390,0.0839209,0.0572729),(0.0486124,0.0840390,0.0572729),(0.0485965,0.0841632,0.0572729),(0.0486390,0.0839209,0.0572729),(0.0485965,0.0841632,0.0572729),(0.0485912,0.0842938,0.0572729),(0.0486390,0.0839209,0.0572729),(0.0485912,0.0842938,0.0572729),(0.0485912,0.0843012,0.0572729),(0.0486390,0.0839209,0.0572729),(0.0485912,0.0843012,0.0572729),(0.0485912,0.0859956,0.0572729),(0.0486390,0.0839209,0.0572729),(0.0485912,0.0859956,0.0572729),(0.0485965,0.0861269,0.0572729),(0.0486390,0.0839209,0.0572729),(0.0485965,0.0861269,0.0572729),(0.0486124,0.0862520,0.0572729),(0.0486390,0.0839209,0.0572729),(0.0486124,0.0862520,0.0572729),(0.0486390,0.0863709,0.0572729),(0.0486390,0.0839209,0.0572729),(0.0486390,0.0863709,0.0572729),(0.0486761,0.0864837,0.0572729),(0.0486390,0.0839209,0.0572729),(0.0486761,0.0864837,0.0572729),(0.0487239,0.0865903,0.0572729),(0.0486390,0.0839209,0.0572729),(0.0487239,0.0865903,0.0572729),(0.0487823,0.0866907,0.0572729),(0.0486390,0.0839209,0.0572729),(0.0487823,0.0866907,0.0572729),(0.0488513,0.0867849,0.0572729),(0.0486390,0.0839209,0.0572729),(0.0488513,0.0867849,0.0572729),(0.0489309,0.0868729,0.0572729),(0.0489309,0.0868729,0.0572729),(0.0492347,0.0865766,0.0572729),(0.0491407,0.0864602,0.0572729),(0.0489309,0.0868729,0.0572729),(0.0491407,0.0864602,0.0572729),(0.0490735,0.0863239,0.0572729),(0.0489309,0.0868729,0.0572729),(0.0490735,0.0863239,0.0572729),(0.0490332,0.0861676,0.0572729),(0.0486390,0.0839209,0.0572729),(0.0489309,0.0868729,0.0572729),(0.0490332,0.0861676,0.0572729),(0.0486390,0.0839209,0.0572729),(0.0490332,0.0861676,0.0572729),(0.0490232,0.0860820,0.0572729),(0.0486390,0.0839209,0.0572729),(0.0490232,0.0860820,0.0572729),(0.0490198,0.0859913,0.0572729),(0.0486390,0.0839209,0.0572729),(0.0490198,0.0859913,0.0572729),(0.0490198,0.0842938,0.0572729),(0.0486390,0.0839209,0.0572729),(0.0490198,0.0842938,0.0572729),(0.0490231,0.0842055,0.0572729),(0.0486390,0.0839209,0.0572729),(0.0490231,0.0842055,0.0572729),(0.0490331,0.0841220,0.0572729),(0.0486390,0.0839209,0.0572729),(0.0490331,0.0841220,0.0572729),(0.0490497,0.0840435,0.0572729),(0.0486390,0.0839209,0.0572729),(0.0490497,0.0840435,0.0572729),(0.0490730,0.0839699,0.0572729),(0.0486390,0.0839209,0.0572729),(0.0490730,0.0839699,0.0572729),(0.0491395,0.0838373,0.0572729),(0.0486390,0.0839209,0.0572729),(0.0491395,0.0838373,0.0572729),(0.0492325,0.0837244,0.0572729),(0.0486390,0.0839209,0.0572729),(0.0492325,0.0837244,0.0572729),(0.0493278,0.0836457,0.0572729),(0.0486390,0.0839209,0.0572729),(0.0493278,0.0836457,0.0572729),(0.0494262,0.0835894,0.0572729),(0.0500929,0.0832374,0.0572729),(0.0486390,0.0839209,0.0572729),(0.0494262,0.0835894,0.0572729),(0.0500929,0.0832374,0.0572729),(0.0494262,0.0835894,0.0572729),(0.0495278,0.0835557,0.0572729),(0.0500929,0.0832374,0.0572729),(0.0495278,0.0835557,0.0572729),(0.0496326,0.0835445,0.0572729),(0.0500929,0.0832374,0.0572729),(0.0496326,0.0835445,0.0572729),(0.0497417,0.0835557,0.0572729),(0.0500929,0.0832374,0.0572729),(0.0497417,0.0835557,0.0572729),(0.0498445,0.0835894,0.0572729),(0.0500929,0.0832374,0.0572729),(0.0498445,0.0835894,0.0572729),(0.0499412,0.0836457,0.0572729),(0.0500929,0.0832374,0.0572729),(0.0499412,0.0836457,0.0572729),(0.0500316,0.0837244,0.0572729),(0.0500929,0.0832374,0.0572729),(0.0500316,0.0837244,0.0572729),(0.0501246,0.0838430,0.0572729),(0.0500929,0.0832374,0.0572729),(0.0501246,0.0838430,0.0572729),(0.0501911,0.0839786,0.0572729),(0.0500929,0.0832374,0.0572729),(0.0501911,0.0839786,0.0572729),(0.0502310,0.0841314,0.0572729),(0.0506665,0.0861237,0.0572729),(0.0500929,0.0832374,0.0572729),(0.0502310,0.0841314,0.0572729),(0.0506665,0.0861237,0.0572729),(0.0502310,0.0841314,0.0572729),(0.0502410,0.0842141,0.0572729),(0.0506665,0.0861237,0.0572729),(0.0502410,0.0842141,0.0572729),(0.0502443,0.0843012,0.0572729),(0.0506665,0.0861237,0.0572729),(0.0502443,0.0843012,0.0572729),(0.0502443,0.0859913,0.0572729),(0.0506665,0.0861237,0.0572729),(0.0502443,0.0859913,0.0572729),(0.0502410,0.0860810,0.0572729),(0.0506665,0.0861237,0.0572729),(0.0502410,0.0860810,0.0572729),(0.0502310,0.0861657,0.0572729),(0.0506665,0.0861237,0.0572729),(0.0502310,0.0861657,0.0572729),(0.0502144,0.0862457,0.0572729),(0.0506665,0.0861237,0.0572729),(0.0502144,0.0862457,0.0572729),(0.0501911,0.0863207,0.0572729),(0.0506665,0.0861237,0.0572729),(0.0501911,0.0863207,0.0572729),(0.0501246,0.0864563,0.0572729),(0.0506665,0.0861237,0.0572729),(0.0501246,0.0864563,0.0572729),(0.0500316,0.0865723,0.0572729),(0.0506665,0.0861237,0.0572729),(0.0500316,0.0865723,0.0572729),(0.0499404,0.0866501,0.0572729),(0.0493262,0.0866525,0.0572729),(0.0492347,0.0865766,0.0572729),(0.0489309,0.0868729,0.0572729),(0.0494230,0.0867068,0.0572729),(0.0493262,0.0866525,0.0572729),(0.0489309,0.0868729,0.0572729),(0.0495252,0.0867393,0.0572729),(0.0494230,0.0867068,0.0572729),(0.0489309,0.0868729,0.0572729),(0.0496326,0.0867501,0.0572729),(0.0495252,0.0867393,0.0572729),(0.0489309,0.0868729,0.0572729),(0.0497409,0.0867390,0.0572729),(0.0496326,0.0867501,0.0572729),(0.0489309,0.0868729,0.0572729),(0.0497409,0.0867390,0.0572729),(0.0489309,0.0868729,0.0572729),(0.0490078,0.0869436,0.0572729),(0.0497409,0.0867390,0.0572729),(0.0490078,0.0869436,0.0572729),(0.0490876,0.0870049,0.0572729),(0.0498435,0.0867057,0.0572729),(0.0497409,0.0867390,0.0572729),(0.0490876,0.0870049,0.0572729),(0.0498435,0.0867057,0.0572729),(0.0490876,0.0870049,0.0572729),(0.0491704,0.0870567,0.0572729),(0.0498435,0.0867057,0.0572729),(0.0491704,0.0870567,0.0572729),(0.0492561,0.0870991,0.0572729),(0.0499404,0.0866501,0.0572729),(0.0498435,0.0867057,0.0572729),(0.0492561,0.0870991,0.0572729),(0.0499404,0.0866501,0.0572729),(0.0492561,0.0870991,0.0572729),(0.0493447,0.0871321,0.0572729),(0.0506665,0.0861237,0.0572729),(0.0499404,0.0866501,0.0572729),(0.0493447,0.0871321,0.0572729),(0.0506665,0.0861237,0.0572729),(0.0493447,0.0871321,0.0572729),(0.0494363,0.0871557,0.0572729),(0.0506665,0.0861237,0.0572729),(0.0494363,0.0871557,0.0572729),(0.0495309,0.0871698,0.0572729),(0.0506665,0.0861237,0.0572729),(0.0495309,0.0871698,0.0572729),(0.0496284,0.0871745,0.0572729),(0.0506665,0.0861237,0.0572729),(0.0496284,0.0871745,0.0572729),(0.0497275,0.0871699,0.0572729),(0.0506665,0.0861237,0.0572729),(0.0497275,0.0871699,0.0572729),(0.0498234,0.0871560,0.0572729),(0.0506665,0.0861237,0.0572729),(0.0498234,0.0871560,0.0572729),(0.0499160,0.0871329,0.0572729),(0.0506665,0.0861237,0.0572729),(0.0499160,0.0871329,0.0572729),(0.0500054,0.0871005,0.0572729),(0.0506665,0.0861237,0.0572729),(0.0500054,0.0871005,0.0572729),(0.0500915,0.0870588,0.0572729),(0.0506665,0.0861237,0.0572729),(0.0500915,0.0870588,0.0572729),(0.0501743,0.0870079,0.0572729),(0.0506665,0.0861237,0.0572729),(0.0501743,0.0870079,0.0572729),(0.0502538,0.0869477,0.0572729),(0.0506665,0.0861237,0.0572729),(0.0502538,0.0869477,0.0572729),(0.0503300,0.0868782,0.0572729),(0.0506665,0.0861237,0.0572729),(0.0503300,0.0868782,0.0572729),(0.0504101,0.0867889,0.0572729),(0.0506665,0.0861237,0.0572729),(0.0504101,0.0867889,0.0572729),(0.0504796,0.0866934,0.0572729),(0.0506665,0.0861237,0.0572729),(0.0504796,0.0866934,0.0572729),(0.0505383,0.0865918,0.0572729),(0.0506665,0.0861237,0.0572729),(0.0505383,0.0865918,0.0572729),(0.0505864,0.0864840,0.0572729),(0.0506665,0.0861237,0.0572729),(0.0505864,0.0864840,0.0572729),(0.0506238,0.0863700,0.0572729),(0.0506665,0.0861237,0.0572729),(0.0506238,0.0863700,0.0572729),(0.0506505,0.0862500,0.0572729),(0.0470767,0.0861237,0.0572729),(0.0470820,0.0859913,0.0572729),(0.0470820,0.0843012,0.0572729),(0.0470767,0.0861237,0.0572729),(0.0470820,0.0843012,0.0572729),(0.0470767,0.0841705,0.0572729),(0.0470767,0.0861237,0.0572729),(0.0470767,0.0841705,0.0572729),(0.0470608,0.0840459,0.0572729),(0.0470767,0.0861237,0.0572729),(0.0470608,0.0840459,0.0572729),(0.0470342,0.0839273,0.0572729),(0.0470767,0.0861237,0.0572729),(0.0470342,0.0839273,0.0572729),(0.0469971,0.0838146,0.0572729),(0.0470767,0.0861237,0.0572729),(0.0469971,0.0838146,0.0572729),(0.0469493,0.0837079,0.0572729),(0.0470767,0.0861237,0.0572729),(0.0469493,0.0837079,0.0572729),(0.0468909,0.0836072,0.0572729),(0.0470767,0.0861237,0.0572729),(0.0468909,0.0836072,0.0572729),(0.0468219,0.0835125,0.0572729),(0.0470767,0.0861237,0.0572729),(0.0468219,0.0835125,0.0572729),(0.0467423,0.0834238,0.0572729),(0.0470767,0.0861237,0.0572729),(0.0467423,0.0834238,0.0572729),(0.0466656,0.0833521,0.0572729),(0.0470767,0.0861237,0.0572729),(0.0466656,0.0833521,0.0572729),(0.0465858,0.0832900,0.0572729),(0.0470767,0.0861237,0.0572729),(0.0465858,0.0832900,0.0572729),(0.0465030,0.0832374,0.0572729),(0.0465030,0.0832374,0.0572729),(0.0464171,0.0831944,0.0572729),(0.0463281,0.0831610,0.0572729),(0.0465030,0.0832374,0.0572729),(0.0463281,0.0831610,0.0572729),(0.0462361,0.0831371,0.0572729),(0.0465030,0.0832374,0.0572729),(0.0462361,0.0831371,0.0572729),(0.0461409,0.0831227,0.0572729),(0.0465030,0.0832374,0.0572729),(0.0461409,0.0831227,0.0572729),(0.0460427,0.0831179,0.0572729),(0.0465030,0.0832374,0.0572729),(0.0460427,0.0831179,0.0572729),(0.0459456,0.0831227,0.0572729),(0.0465030,0.0832374,0.0572729),(0.0459456,0.0831227,0.0572729),(0.0458512,0.0831371,0.0572729),(0.0465030,0.0832374,0.0572729),(0.0458512,0.0831371,0.0572729),(0.0457595,0.0831610,0.0572729),(0.0465030,0.0832374,0.0572729),(0.0457595,0.0831610,0.0572729),(0.0456705,0.0831944,0.0572729),(0.0465030,0.0832374,0.0572729),(0.0456705,0.0831944,0.0572729),(0.0455841,0.0832374,0.0572729),(0.0465030,0.0832374,0.0572729),(0.0455841,0.0832374,0.0572729),(0.0455004,0.0832900,0.0572729),(0.0465030,0.0832374,0.0572729),(0.0455004,0.0832900,0.0572729),(0.0454194,0.0833521,0.0572729),(0.0465030,0.0832374,0.0572729),(0.0454194,0.0833521,0.0572729),(0.0453410,0.0834238,0.0572729),(0.0465030,0.0832374,0.0572729),(0.0453410,0.0834238,0.0572729),(0.0452614,0.0835108,0.0572729),(0.0465030,0.0832374,0.0572729),(0.0452614,0.0835108,0.0572729),(0.0451924,0.0836040,0.0572729),(0.0465030,0.0832374,0.0572729),(0.0451924,0.0836040,0.0572729),(0.0451340,0.0837034,0.0572729),(0.0465030,0.0832374,0.0572729),(0.0451340,0.0837034,0.0572729),(0.0450863,0.0838090,0.0572729),(0.0465030,0.0832374,0.0572729),(0.0450863,0.0838090,0.0572729),(0.0450491,0.0839209,0.0572729),(0.0450491,0.0839209,0.0572729),(0.0450226,0.0840390,0.0572729),(0.0450066,0.0841632,0.0572729),(0.0450491,0.0839209,0.0572729),(0.0450066,0.0841632,0.0572729),(0.0450013,0.0842938,0.0572729),(0.0450491,0.0839209,0.0572729),(0.0450013,0.0842938,0.0572729),(0.0450013,0.0843012,0.0572729),(0.0450491,0.0839209,0.0572729),(0.0450013,0.0843012,0.0572729),(0.0450013,0.0859956,0.0572729),(0.0450491,0.0839209,0.0572729),(0.0450013,0.0859956,0.0572729),(0.0450066,0.0861269,0.0572729),(0.0450491,0.0839209,0.0572729),(0.0450066,0.0861269,0.0572729),(0.0450226,0.0862520,0.0572729),(0.0450491,0.0839209,0.0572729),(0.0450226,0.0862520,0.0572729),(0.0450491,0.0863709,0.0572729),(0.0450491,0.0839209,0.0572729),(0.0450491,0.0863709,0.0572729),(0.0450863,0.0864837,0.0572729),(0.0450491,0.0839209,0.0572729),(0.0450863,0.0864837,0.0572729),(0.0451340,0.0865903,0.0572729),(0.0450491,0.0839209,0.0572729),(0.0451340,0.0865903,0.0572729),(0.0451924,0.0866907,0.0572729),(0.0450491,0.0839209,0.0572729),(0.0451924,0.0866907,0.0572729),(0.0452614,0.0867849,0.0572729),(0.0450491,0.0839209,0.0572729),(0.0452614,0.0867849,0.0572729),(0.0453410,0.0868729,0.0572729),(0.0453410,0.0868729,0.0572729),(0.0456448,0.0865766,0.0572729),(0.0455508,0.0864602,0.0572729),(0.0453410,0.0868729,0.0572729),(0.0455508,0.0864602,0.0572729),(0.0454837,0.0863239,0.0572729),(0.0453410,0.0868729,0.0572729),(0.0454837,0.0863239,0.0572729),(0.0454434,0.0861676,0.0572729),(0.0450491,0.0839209,0.0572729),(0.0453410,0.0868729,0.0572729),(0.0454434,0.0861676,0.0572729),(0.0450491,0.0839209,0.0572729),(0.0454434,0.0861676,0.0572729),(0.0454333,0.0860820,0.0572729),(0.0450491,0.0839209,0.0572729),(0.0454333,0.0860820,0.0572729),(0.0454299,0.0859913,0.0572729),(0.0450491,0.0839209,0.0572729),(0.0454299,0.0859913,0.0572729),(0.0454299,0.0842938,0.0572729),(0.0450491,0.0839209,0.0572729),(0.0454299,0.0842938,0.0572729),(0.0454333,0.0842055,0.0572729),(0.0450491,0.0839209,0.0572729),(0.0454333,0.0842055,0.0572729),(0.0454432,0.0841220,0.0572729),(0.0450491,0.0839209,0.0572729),(0.0454432,0.0841220,0.0572729),(0.0454599,0.0840435,0.0572729),(0.0450491,0.0839209,0.0572729),(0.0454599,0.0840435,0.0572729),(0.0454831,0.0839699,0.0572729),(0.0450491,0.0839209,0.0572729),(0.0454831,0.0839699,0.0572729),(0.0455496,0.0838373,0.0572729),(0.0450491,0.0839209,0.0572729),(0.0455496,0.0838373,0.0572729),(0.0456427,0.0837244,0.0572729),(0.0450491,0.0839209,0.0572729),(0.0456427,0.0837244,0.0572729),(0.0457379,0.0836457,0.0572729),(0.0450491,0.0839209,0.0572729),(0.0457379,0.0836457,0.0572729),(0.0458363,0.0835894,0.0572729),(0.0465030,0.0832374,0.0572729),(0.0450491,0.0839209,0.0572729),(0.0458363,0.0835894,0.0572729),(0.0465030,0.0832374,0.0572729),(0.0458363,0.0835894,0.0572729),(0.0459379,0.0835557,0.0572729),(0.0465030,0.0832374,0.0572729),(0.0459379,0.0835557,0.0572729),(0.0460427,0.0835445,0.0572729),(0.0465030,0.0832374,0.0572729),(0.0460427,0.0835445,0.0572729),(0.0461518,0.0835557,0.0572729),(0.0465030,0.0832374,0.0572729),(0.0461518,0.0835557,0.0572729),(0.0462547,0.0835894,0.0572729),(0.0465030,0.0832374,0.0572729),(0.0462547,0.0835894,0.0572729),(0.0463513,0.0836457,0.0572729),(0.0465030,0.0832374,0.0572729),(0.0463513,0.0836457,0.0572729),(0.0464417,0.0837244,0.0572729),(0.0465030,0.0832374,0.0572729),(0.0464417,0.0837244,0.0572729),(0.0465348,0.0838430,0.0572729),(0.0465030,0.0832374,0.0572729),(0.0465348,0.0838430,0.0572729),(0.0466013,0.0839786,0.0572729),(0.0465030,0.0832374,0.0572729),(0.0466013,0.0839786,0.0572729),(0.0466411,0.0841314,0.0572729),(0.0470767,0.0861237,0.0572729),(0.0465030,0.0832374,0.0572729),(0.0466411,0.0841314,0.0572729),(0.0470767,0.0861237,0.0572729),(0.0466411,0.0841314,0.0572729),(0.0466511,0.0842141,0.0572729),(0.0470767,0.0861237,0.0572729),(0.0466511,0.0842141,0.0572729),(0.0466544,0.0843012,0.0572729),(0.0470767,0.0861237,0.0572729),(0.0466544,0.0843012,0.0572729),(0.0466544,0.0859913,0.0572729),(0.0470767,0.0861237,0.0572729),(0.0466544,0.0859913,0.0572729),(0.0466511,0.0860810,0.0572729),(0.0470767,0.0861237,0.0572729),(0.0466511,0.0860810,0.0572729),(0.0466411,0.0861657,0.0572729),(0.0470767,0.0861237,0.0572729),(0.0466411,0.0861657,0.0572729),(0.0466245,0.0862457,0.0572729),(0.0470767,0.0861237,0.0572729),(0.0466245,0.0862457,0.0572729),(0.0466013,0.0863207,0.0572729),(0.0470767,0.0861237,0.0572729),(0.0466013,0.0863207,0.0572729),(0.0465348,0.0864563,0.0572729),(0.0470767,0.0861237,0.0572729),(0.0465348,0.0864563,0.0572729),(0.0464417,0.0865723,0.0572729),(0.0470767,0.0861237,0.0572729),(0.0464417,0.0865723,0.0572729),(0.0463505,0.0866501,0.0572729),(0.0457363,0.0866525,0.0572729),(0.0456448,0.0865766,0.0572729),(0.0453410,0.0868729,0.0572729),(0.0458332,0.0867068,0.0572729),(0.0457363,0.0866525,0.0572729),(0.0453410,0.0868729,0.0572729),(0.0459353,0.0867393,0.0572729),(0.0458332,0.0867068,0.0572729),(0.0453410,0.0868729,0.0572729),(0.0460427,0.0867501,0.0572729),(0.0459353,0.0867393,0.0572729),(0.0453410,0.0868729,0.0572729),(0.0461510,0.0867390,0.0572729),(0.0460427,0.0867501,0.0572729),(0.0453410,0.0868729,0.0572729),(0.0461510,0.0867390,0.0572729),(0.0453410,0.0868729,0.0572729),(0.0454179,0.0869436,0.0572729),(0.0461510,0.0867390,0.0572729),(0.0454179,0.0869436,0.0572729),(0.0454977,0.0870049,0.0572729),(0.0462536,0.0867057,0.0572729),(0.0461510,0.0867390,0.0572729),(0.0454977,0.0870049,0.0572729),(0.0462536,0.0867057,0.0572729),(0.0454977,0.0870049,0.0572729),(0.0455805,0.0870567,0.0572729),(0.0462536,0.0867057,0.0572729),(0.0455805,0.0870567,0.0572729),(0.0456662,0.0870991,0.0572729),(0.0463505,0.0866501,0.0572729),(0.0462536,0.0867057,0.0572729),(0.0456662,0.0870991,0.0572729),(0.0463505,0.0866501,0.0572729),(0.0456662,0.0870991,0.0572729),(0.0457549,0.0871321,0.0572729),(0.0470767,0.0861237,0.0572729),(0.0463505,0.0866501,0.0572729),(0.0457549,0.0871321,0.0572729),(0.0470767,0.0861237,0.0572729),(0.0457549,0.0871321,0.0572729),(0.0458465,0.0871557,0.0572729),(0.0470767,0.0861237,0.0572729),(0.0458465,0.0871557,0.0572729),(0.0459410,0.0871698,0.0572729),(0.0470767,0.0861237,0.0572729),(0.0459410,0.0871698,0.0572729),(0.0460385,0.0871745,0.0572729),(0.0470767,0.0861237,0.0572729),(0.0460385,0.0871745,0.0572729),(0.0461377,0.0871699,0.0572729),(0.0470767,0.0861237,0.0572729),(0.0461377,0.0871699,0.0572729),(0.0462336,0.0871560,0.0572729),(0.0470767,0.0861237,0.0572729),(0.0462336,0.0871560,0.0572729),(0.0463262,0.0871329,0.0572729),(0.0470767,0.0861237,0.0572729),(0.0463262,0.0871329,0.0572729),(0.0464155,0.0871005,0.0572729),(0.0470767,0.0861237,0.0572729),(0.0464155,0.0871005,0.0572729),(0.0465016,0.0870588,0.0572729),(0.0470767,0.0861237,0.0572729),(0.0465016,0.0870588,0.0572729),(0.0465844,0.0870079,0.0572729),(0.0470767,0.0861237,0.0572729),(0.0465844,0.0870079,0.0572729),(0.0466639,0.0869477,0.0572729),(0.0470767,0.0861237,0.0572729),(0.0466639,0.0869477,0.0572729),(0.0467402,0.0868782,0.0572729),(0.0470767,0.0861237,0.0572729),(0.0467402,0.0868782,0.0572729),(0.0468203,0.0867889,0.0572729),(0.0470767,0.0861237,0.0572729),(0.0468203,0.0867889,0.0572729),(0.0468897,0.0866934,0.0572729),(0.0470767,0.0861237,0.0572729),(0.0468897,0.0866934,0.0572729),(0.0469485,0.0865918,0.0572729),(0.0470767,0.0861237,0.0572729),(0.0469485,0.0865918,0.0572729),(0.0469965,0.0864840,0.0572729),(0.0470767,0.0861237,0.0572729),(0.0469965,0.0864840,0.0572729),(0.0470339,0.0863700,0.0572729),(0.0470767,0.0861237,0.0572729),(0.0470339,0.0863700,0.0572729),(0.0470606,0.0862500,0.0572729),(0.0417776,0.0870973,0.0572729),(0.0418771,0.0872063,0.0572729),(0.0419904,0.0872338,0.0572729),(0.0417776,0.0870973,0.0572729),(0.0419904,0.0872338,0.0572729),(0.0420914,0.0872084,0.0572729),(0.0417776,0.0870973,0.0572729),(0.0420914,0.0872084,0.0572729),(0.0421682,0.0871322,0.0572729),(0.0417776,0.0870973,0.0572729),(0.0421682,0.0871322,0.0572729),(0.0421756,0.0871259,0.0572729),(0.0417776,0.0870973,0.0572729),(0.0421756,0.0871259,0.0572729),(0.0434212,0.0849584,0.0572729),(0.0417776,0.0870973,0.0572729),(0.0434212,0.0849584,0.0572729),(0.0434487,0.0848515,0.0572729),(0.0417776,0.0870973,0.0572729),(0.0434487,0.0848515,0.0572729),(0.0434210,0.0847422,0.0572729),(0.0417776,0.0870973,0.0572729),(0.0434210,0.0847422,0.0572729),(0.0433376,0.0846642,0.0572729),(0.0417776,0.0870973,0.0572729),(0.0433376,0.0846642,0.0572729),(0.0432307,0.0846345,0.0572729),(0.0417776,0.0870973,0.0572729),(0.0432307,0.0846345,0.0572729),(0.0431220,0.0846623,0.0572729),(0.0417776,0.0870973,0.0572729),(0.0431220,0.0846623,0.0572729),(0.0430455,0.0847457,0.0572729),(0.0417776,0.0870973,0.0572729),(0.0430455,0.0847457,0.0572729),(0.0422031,0.0862115,0.0572729),(0.0417776,0.0870973,0.0572729),(0.0422031,0.0862115,0.0572729),(0.0422031,0.0836037,0.0572729),(0.0422031,0.0836037,0.0572729),(0.0437895,0.0836037,0.0572729),(0.0438745,0.0835878,0.0572729),(0.0422031,0.0836037,0.0572729),(0.0438745,0.0835878,0.0572729),(0.0439451,0.0835402,0.0572729),(0.0422031,0.0836037,0.0572729),(0.0439451,0.0835402,0.0572729),(0.0439927,0.0834706,0.0572729),(0.0422031,0.0836037,0.0572729),(0.0439927,0.0834706,0.0572729),(0.0440086,0.0833889,0.0572729),(0.0422031,0.0836037,0.0572729),(0.0440086,0.0833889,0.0572729),(0.0439927,0.0833069,0.0572729),(0.0422031,0.0836037,0.0572729),(0.0439927,0.0833069,0.0572729),(0.0439451,0.0832365,0.0572729),(0.0422031,0.0836037,0.0572729),(0.0439451,0.0832365,0.0572729),(0.0438745,0.0831873,0.0572729),(0.0422031,0.0836037,0.0572729),(0.0438745,0.0831873,0.0572729),(0.0437895,0.0831709,0.0572729),(0.0422031,0.0836037,0.0572729),(0.0437895,0.0831709,0.0572729),(0.0419830,0.0831709,0.0572729),(0.0417776,0.0870973,0.0572729),(0.0422031,0.0836037,0.0572729),(0.0419830,0.0831709,0.0572729),(0.0419830,0.0831709,0.0572729),(0.0401774,0.0831709,0.0572729),(0.0400946,0.0831873,0.0572729),(0.0419830,0.0831709,0.0572729),(0.0400946,0.0831873,0.0572729),(0.0400261,0.0832365,0.0572729),(0.0419830,0.0831709,0.0572729),(0.0400261,0.0832365,0.0572729),(0.0399801,0.0833069,0.0572729),(0.0419830,0.0831709,0.0572729),(0.0399801,0.0833069,0.0572729),(0.0399647,0.0833889,0.0572729),(0.0419830,0.0831709,0.0572729),(0.0399647,0.0833889,0.0572729),(0.0399801,0.0834706,0.0572729),(0.0419830,0.0831709,0.0572729),(0.0399801,0.0834706,0.0572729),(0.0400261,0.0835402,0.0572729),(0.0419830,0.0831709,0.0572729),(0.0400261,0.0835402,0.0572729),(0.0400946,0.0835878,0.0572729),(0.0419830,0.0831709,0.0572729),(0.0400946,0.0835878,0.0572729),(0.0401774,0.0836037,0.0572729),(0.0419830,0.0831709,0.0572729),(0.0401774,0.0836037,0.0572729),(0.0417702,0.0836037,0.0572729),(0.0417776,0.0870973,0.0572729),(0.0419830,0.0831709,0.0572729),(0.0417702,0.0836037,0.0572729),(0.0417776,0.0870973,0.0572729),(0.0417702,0.0836037,0.0572729),(0.0417702,0.0862157,0.0572729),(0.0417776,0.0870973,0.0572729),(0.0417702,0.0862157,0.0572729),(0.0409140,0.0847266,0.0572729),(0.0417776,0.0870973,0.0572729),(0.0409140,0.0847266,0.0572729),(0.0408344,0.0846472,0.0572729),(0.0417776,0.0870973,0.0572729),(0.0408344,0.0846472,0.0572729),(0.0407267,0.0846208,0.0572729),(0.0417776,0.0870973,0.0572729),(0.0407267,0.0846208,0.0572729),(0.0406156,0.0846483,0.0572729),(0.0417776,0.0870973,0.0572729),(0.0406156,0.0846483,0.0572729),(0.0405338,0.0847279,0.0572729),(0.0417776,0.0870973,0.0572729),(0.0405338,0.0847279,0.0572729),(0.0405066,0.0848377,0.0572729),(0.0417776,0.0870973,0.0572729),(0.0405066,0.0848377,0.0572729),(0.0405383,0.0849467,0.0572729),(0.0540490,0.0862548,0.0572729),(0.0540511,0.0863035,0.0572729),(0.0540751,0.0863956,0.0572729),(0.0540490,0.0862548,0.0572729),(0.0540751,0.0863956,0.0572729),(0.0541029,0.0864819,0.0572729),(0.0540490,0.0862548,0.0572729),(0.0541029,0.0864819,0.0572729),(0.0541347,0.0865624,0.0572729),(0.0540490,0.0862548,0.0572729),(0.0541347,0.0865624,0.0572729),(0.0541705,0.0866372,0.0572729),(0.0540490,0.0862548,0.0572729),(0.0541705,0.0866372,0.0572729),(0.0542101,0.0867061,0.0572729),(0.0540490,0.0862548,0.0572729),(0.0542101,0.0867061,0.0572729),(0.0542537,0.0867693,0.0572729),(0.0540490,0.0862548,0.0572729),(0.0542537,0.0867693,0.0572729),(0.0543528,0.0868782,0.0572729),(0.0540490,0.0862548,0.0572729),(0.0543528,0.0868782,0.0572729),(0.0544337,0.0869477,0.0572729),(0.0540490,0.0862548,0.0572729),(0.0544337,0.0869477,0.0572729),(0.0545169,0.0870079,0.0572729),(0.0540490,0.0862548,0.0572729),(0.0545169,0.0870079,0.0572729),(0.0546021,0.0870588,0.0572729),(0.0540490,0.0862548,0.0572729),(0.0546021,0.0870588,0.0572729),(0.0546896,0.0871005,0.0572729),(0.0540490,0.0862548,0.0572729),(0.0546896,0.0871005,0.0572729),(0.0547791,0.0871329,0.0572729),(0.0540490,0.0862548,0.0572729),(0.0547791,0.0871329,0.0572729),(0.0548709,0.0871560,0.0572729),(0.0540490,0.0862548,0.0572729),(0.0548709,0.0871560,0.0572729),(0.0549648,0.0871699,0.0572729),(0.0540490,0.0862548,0.0572729),(0.0549648,0.0871699,0.0572729),(0.0550608,0.0871745,0.0572729),(0.0540490,0.0862548,0.0572729),(0.0550608,0.0871745,0.0572729),(0.0551560,0.0871698,0.0572729),(0.0540490,0.0862548,0.0572729),(0.0551560,0.0871698,0.0572729),(0.0552486,0.0871557,0.0572729),(0.0540490,0.0862548,0.0572729),(0.0552486,0.0871557,0.0572729),(0.0553386,0.0871321,0.0572729),(0.0540490,0.0862548,0.0572729),(0.0553386,0.0871321,0.0572729),(0.0554259,0.0870991,0.0572729),(0.0554259,0.0870991,0.0572729),(0.0555106,0.0870567,0.0572729),(0.0555926,0.0870049,0.0572729),(0.0554259,0.0870991,0.0572729),(0.0555926,0.0870049,0.0572729),(0.0556720,0.0869436,0.0572729),(0.0554259,0.0870991,0.0572729),(0.0556720,0.0869436,0.0572729),(0.0557487,0.0868729,0.0572729),(0.0554259,0.0870991,0.0572729),(0.0557487,0.0868729,0.0572729),(0.0558288,0.0867847,0.0572729),(0.0554259,0.0870991,0.0572729),(0.0558288,0.0867847,0.0572729),(0.0558983,0.0866898,0.0572729),(0.0554259,0.0870991,0.0572729),(0.0558983,0.0866898,0.0572729),(0.0559570,0.0865884,0.0572729),(0.0554259,0.0870991,0.0572729),(0.0559570,0.0865884,0.0572729),(0.0560051,0.0864803,0.0572729),(0.0554259,0.0870991,0.0572729),(0.0560051,0.0864803,0.0572729),(0.0560425,0.0863656,0.0572729),(0.0554259,0.0870991,0.0572729),(0.0560425,0.0863656,0.0572729),(0.0560692,0.0862443,0.0572729),(0.0554259,0.0870991,0.0572729),(0.0560692,0.0862443,0.0572729),(0.0560852,0.0861163,0.0572729),(0.0554259,0.0870991,0.0572729),(0.0560852,0.0861163,0.0572729),(0.0560905,0.0859818,0.0572729),(0.0554259,0.0870991,0.0572729),(0.0560905,0.0859818,0.0572729),(0.0560892,0.0858785,0.0572729),(0.0554259,0.0870991,0.0572729),(0.0560892,0.0858785,0.0572729),(0.0560854,0.0857793,0.0572729),(0.0554259,0.0870991,0.0572729),(0.0560854,0.0857793,0.0572729),(0.0560789,0.0856841,0.0572729),(0.0554259,0.0870991,0.0572729),(0.0560789,0.0856841,0.0572729),(0.0560699,0.0855929,0.0572729),(0.0554259,0.0870991,0.0572729),(0.0560699,0.0855929,0.0572729),(0.0560583,0.0855058,0.0572729),(0.0554259,0.0870991,0.0572729),(0.0560583,0.0855058,0.0572729),(0.0560441,0.0854227,0.0572729),(0.0554259,0.0870991,0.0572729),(0.0560441,0.0854227,0.0572729),(0.0560273,0.0853437,0.0572729),(0.0554259,0.0870991,0.0572729),(0.0560273,0.0853437,0.0572729),(0.0560080,0.0852687,0.0572729),(0.0554259,0.0870991,0.0572729),(0.0560080,0.0852687,0.0572729),(0.0559616,0.0851309,0.0572729),(0.0559616,0.0851309,0.0572729),(0.0559048,0.0850093,0.0572729),(0.0558377,0.0849038,0.0572729),(0.0559616,0.0851309,0.0572729),(0.0558377,0.0849038,0.0572729),(0.0557603,0.0848145,0.0572729),(0.0559616,0.0851309,0.0572729),(0.0557603,0.0848145,0.0572729),(0.0556808,0.0847450,0.0572729),(0.0559616,0.0851309,0.0572729),(0.0556808,0.0847450,0.0572729),(0.0555990,0.0846848,0.0572729),(0.0559616,0.0851309,0.0572729),(0.0555990,0.0846848,0.0572729),(0.0555148,0.0846339,0.0572729),(0.0559616,0.0851309,0.0572729),(0.0555148,0.0846339,0.0572729),(0.0554283,0.0845922,0.0572729),(0.0559616,0.0851309,0.0572729),(0.0554283,0.0845922,0.0572729),(0.0553394,0.0845598,0.0572729),(0.0559616,0.0851309,0.0572729),(0.0553394,0.0845598,0.0572729),(0.0552482,0.0845366,0.0572729),(0.0559616,0.0851309,0.0572729),(0.0552482,0.0845366,0.0572729),(0.0551546,0.0845228,0.0572729),(0.0559616,0.0851309,0.0572729),(0.0551546,0.0845228,0.0572729),(0.0550587,0.0845181,0.0572729),(0.0559616,0.0851309,0.0572729),(0.0550587,0.0845181,0.0572729),(0.0549734,0.0845214,0.0572729),(0.0559616,0.0851309,0.0572729),(0.0549734,0.0845214,0.0572729),(0.0548910,0.0845312,0.0572729),(0.0559616,0.0851309,0.0572729),(0.0548910,0.0845312,0.0572729),(0.0548116,0.0845474,0.0572729),(0.0559616,0.0851309,0.0572729),(0.0548116,0.0845474,0.0572729),(0.0547351,0.0845702,0.0572729),(0.0559616,0.0851309,0.0572729),(0.0547351,0.0845702,0.0572729),(0.0545909,0.0846354,0.0572729),(0.0559616,0.0851309,0.0572729),(0.0545909,0.0846354,0.0572729),(0.0544586,0.0847266,0.0572729),(0.0545009,0.0835487,0.0572729),(0.0557762,0.0835487,0.0572729),(0.0558577,0.0835328,0.0572729),(0.0545009,0.0835487,0.0572729),(0.0558577,0.0835328,0.0572729),(0.0559265,0.0834852,0.0572729),(0.0545009,0.0835487,0.0572729),(0.0559265,0.0834852,0.0572729),(0.0559733,0.0834159,0.0572729),(0.0545009,0.0835487,0.0572729),(0.0559733,0.0834159,0.0572729),(0.0559889,0.0833349,0.0572729),(0.0545009,0.0835487,0.0572729),(0.0559889,0.0833349,0.0572729),(0.0559733,0.0832542,0.0572729),(0.0545009,0.0835487,0.0572729),(0.0559733,0.0832542,0.0572729),(0.0559265,0.0831857,0.0572729),(0.0545009,0.0835487,0.0572729),(0.0559265,0.0831857,0.0572729),(0.0558577,0.0831381,0.0572729),(0.0545009,0.0835487,0.0572729),(0.0558577,0.0831381,0.0572729),(0.0557762,0.0831222,0.0572729),(0.0545009,0.0835487,0.0572729),(0.0557762,0.0831222,0.0572729),(0.0543041,0.0831222,0.0572729),(0.0544586,0.0847266,0.0572729),(0.0545009,0.0835487,0.0572729),(0.0543041,0.0831222,0.0572729),(0.0544586,0.0847266,0.0572729),(0.0543041,0.0831222,0.0572729),(0.0542236,0.0831362,0.0572729),(0.0544586,0.0847266,0.0572729),(0.0542236,0.0831362,0.0572729),(0.0541538,0.0831783,0.0572729),(0.0544586,0.0847266,0.0572729),(0.0541538,0.0831783,0.0572729),(0.0541062,0.0832434,0.0572729),(0.0544586,0.0847266,0.0572729),(0.0541062,0.0832434,0.0572729),(0.0540903,0.0833222,0.0572729),(0.0544586,0.0847266,0.0572729),(0.0540903,0.0833222,0.0572729),(0.0540099,0.0853870,0.0572729),(0.0544586,0.0847266,0.0572729),(0.0540099,0.0853870,0.0572729),(0.0540231,0.0854664,0.0572729),(0.0544586,0.0847266,0.0572729),(0.0540231,0.0854664,0.0572729),(0.0540628,0.0855373,0.0572729),(0.0544586,0.0847266,0.0572729),(0.0540628,0.0855373,0.0572729),(0.0541279,0.0855913,0.0572729),(0.0544586,0.0847266,0.0572729),(0.0541279,0.0855913,0.0572729),(0.0542109,0.0856093,0.0572729),(0.0544586,0.0847266,0.0572729),(0.0542109,0.0856093,0.0572729),(0.0542922,0.0855958,0.0572729),(0.0544586,0.0847266,0.0572729),(0.0542922,0.0855958,0.0572729),(0.0543644,0.0855553,0.0572729),(0.0544586,0.0847266,0.0572729),(0.0543644,0.0855553,0.0572729),(0.0544268,0.0854537,0.0572729),(0.0544586,0.0847266,0.0572729),(0.0544268,0.0854537,0.0572729),(0.0544608,0.0853686,0.0572729),(0.0544586,0.0847266,0.0572729),(0.0544608,0.0853686,0.0572729),(0.0545099,0.0852846,0.0572729),(0.0544586,0.0847266,0.0572729),(0.0545099,0.0852846,0.0572729),(0.0545741,0.0852019,0.0572729),(0.0544586,0.0847266,0.0572729),(0.0545741,0.0852019,0.0572729),(0.0546533,0.0851203,0.0572729),(0.0544586,0.0847266,0.0572729),(0.0546533,0.0851203,0.0572729),(0.0547489,0.0850425,0.0572729),(0.0544586,0.0847266,0.0572729),(0.0547489,0.0850425,0.0572729),(0.0548483,0.0849870,0.0572729),(0.0544586,0.0847266,0.0572729),(0.0548483,0.0849870,0.0572729),(0.0549516,0.0849536,0.0572729),(0.0544586,0.0847266,0.0572729),(0.0549516,0.0849536,0.0572729),(0.0550587,0.0849425,0.0572729),(0.0544586,0.0847266,0.0572729),(0.0550587,0.0849425,0.0572729),(0.0551652,0.0849536,0.0572729),(0.0559616,0.0851309,0.0572729),(0.0544586,0.0847266,0.0572729),(0.0551652,0.0849536,0.0572729),(0.0559616,0.0851309,0.0572729),(0.0551652,0.0849536,0.0572729),(0.0552677,0.0849870,0.0572729),(0.0559616,0.0851309,0.0572729),(0.0552677,0.0849870,0.0572729),(0.0553662,0.0850425,0.0572729),(0.0559616,0.0851309,0.0572729),(0.0553662,0.0850425,0.0572729),(0.0554608,0.0851203,0.0572729),(0.0559616,0.0851309,0.0572729),(0.0554608,0.0851203,0.0572729),(0.0555511,0.0852489,0.0572729),(0.0559616,0.0851309,0.0572729),(0.0555511,0.0852489,0.0572729),(0.0555866,0.0853350,0.0572729),(0.0559616,0.0851309,0.0572729),(0.0555866,0.0853350,0.0572729),(0.0556156,0.0854357,0.0572729),(0.0559616,0.0851309,0.0572729),(0.0556156,0.0854357,0.0572729),(0.0556382,0.0855509,0.0572729),(0.0559616,0.0851309,0.0572729),(0.0556382,0.0855509,0.0572729),(0.0556543,0.0856807,0.0572729),(0.0559616,0.0851309,0.0572729),(0.0556543,0.0856807,0.0572729),(0.0556640,0.0858250,0.0572729),(0.0559616,0.0851309,0.0572729),(0.0556640,0.0858250,0.0572729),(0.0556672,0.0859839,0.0572729),(0.0559616,0.0851309,0.0572729),(0.0556672,0.0859839,0.0572729),(0.0556638,0.0860754,0.0572729),(0.0559616,0.0851309,0.0572729),(0.0556638,0.0860754,0.0572729),(0.0556534,0.0861618,0.0572729),(0.0559616,0.0851309,0.0572729),(0.0556534,0.0861618,0.0572729),(0.0556362,0.0862434,0.0572729),(0.0554259,0.0870991,0.0572729),(0.0559616,0.0851309,0.0572729),(0.0556362,0.0862434,0.0572729),(0.0554259,0.0870991,0.0572729),(0.0556362,0.0862434,0.0572729),(0.0556122,0.0863199,0.0572729),(0.0554259,0.0870991,0.0572729),(0.0556122,0.0863199,0.0572729),(0.0555434,0.0864582,0.0572729),(0.0554259,0.0870991,0.0572729),(0.0555434,0.0864582,0.0572729),(0.0554471,0.0865766,0.0572729),(0.0554259,0.0870991,0.0572729),(0.0554471,0.0865766,0.0572729),(0.0553558,0.0866525,0.0572729),(0.0554259,0.0870991,0.0572729),(0.0553558,0.0866525,0.0572729),(0.0552597,0.0867068,0.0572729),(0.0554259,0.0870991,0.0572729),(0.0552597,0.0867068,0.0572729),(0.0551589,0.0867393,0.0572729),(0.0554259,0.0870991,0.0572729),(0.0551589,0.0867393,0.0572729),(0.0550534,0.0867501,0.0572729),(0.0554259,0.0870991,0.0572729),(0.0550534,0.0867501,0.0572729),(0.0549508,0.0867389,0.0572729),(0.0554259,0.0870991,0.0572729),(0.0549508,0.0867389,0.0572729),(0.0548483,0.0867052,0.0572729),(0.0554259,0.0870991,0.0572729),(0.0548483,0.0867052,0.0572729),(0.0547460,0.0866489,0.0572729),(0.0540490,0.0862548,0.0572729),(0.0554259,0.0870991,0.0572729),(0.0547460,0.0866489,0.0572729),(0.0540490,0.0862548,0.0572729),(0.0547460,0.0866489,0.0572729),(0.0546438,0.0865702,0.0572729),(0.0540490,0.0862548,0.0572729),(0.0546438,0.0865702,0.0572729),(0.0545417,0.0864274,0.0572729),(0.0540490,0.0862548,0.0572729),(0.0545417,0.0864274,0.0572729),(0.0545021,0.0863273,0.0572729),(0.0540490,0.0862548,0.0572729),(0.0545021,0.0863273,0.0572729),(0.0544702,0.0862083,0.0572729),(0.0540490,0.0862548,0.0572729),(0.0544702,0.0862083,0.0572729),(0.0544262,0.0861356,0.0572729),(0.0540490,0.0862548,0.0572729),(0.0544262,0.0861356,0.0572729),(0.0543776,0.0860837,0.0572729),(0.0540490,0.0862548,0.0572729),(0.0543776,0.0860837,0.0572729),(0.0542670,0.0860421,0.0572729),(0.0540490,0.0862548,0.0572729),(0.0542670,0.0860421,0.0572729),(0.0542596,0.0860421,0.0572729),(0.0540490,0.0862548,0.0572729),(0.0542596,0.0860421,0.0572729),(0.0541857,0.0860578,0.0572729),(0.0540490,0.0862548,0.0572729),(0.0541857,0.0860578,0.0572729),(0.0541260,0.0860985,0.0572729),(0.0529261,0.0848864,0.0572729),(0.0529737,0.0848377,0.0572729),(0.0530298,0.0847602,0.0572729),(0.0529261,0.0848864,0.0572729),(0.0530298,0.0847602,0.0572729),(0.0530784,0.0846788,0.0572729),(0.0529261,0.0848864,0.0572729),(0.0530784,0.0846788,0.0572729),(0.0531195,0.0845936,0.0572729),(0.0529261,0.0848864,0.0572729),(0.0531195,0.0845936,0.0572729),(0.0531531,0.0845046,0.0572729),(0.0529261,0.0848864,0.0572729),(0.0531531,0.0845046,0.0572729),(0.0531793,0.0844118,0.0572729),(0.0529261,0.0848864,0.0572729),(0.0531793,0.0844118,0.0572729),(0.0531980,0.0843153,0.0572729),(0.0529261,0.0848864,0.0572729),(0.0531980,0.0843153,0.0572729),(0.0532092,0.0842149,0.0572729),(0.0529261,0.0848864,0.0572729),(0.0532092,0.0842149,0.0572729),(0.0532129,0.0841107,0.0572729),(0.0529261,0.0848864,0.0572729),(0.0532129,0.0841107,0.0572729),(0.0532092,0.0840066,0.0572729),(0.0529261,0.0848864,0.0572729),(0.0532092,0.0840066,0.0572729),(0.0531980,0.0839069,0.0572729),(0.0529261,0.0848864,0.0572729),(0.0531980,0.0839069,0.0572729),(0.0531794,0.0838118,0.0572729),(0.0529261,0.0848864,0.0572729),(0.0531794,0.0838118,0.0572729),(0.0531534,0.0837212,0.0572729),(0.0529261,0.0848864,0.0572729),(0.0531534,0.0837212,0.0572729),(0.0531199,0.0836351,0.0572729),(0.0529261,0.0848864,0.0572729),(0.0531199,0.0836351,0.0572729),(0.0530790,0.0835535,0.0572729),(0.0529261,0.0848864,0.0572729),(0.0530790,0.0835535,0.0572729),(0.0530306,0.0834763,0.0572729),(0.0529261,0.0848864,0.0572729),(0.0530306,0.0834763,0.0572729),(0.0529748,0.0834037,0.0572729),(0.0529261,0.0848864,0.0572729),(0.0529748,0.0834037,0.0572729),(0.0529131,0.0833377,0.0572729),(0.0529261,0.0848864,0.0572729),(0.0529131,0.0833377,0.0572729),(0.0528464,0.0832805,0.0572729),(0.0529261,0.0848864,0.0572729),(0.0528464,0.0832805,0.0572729),(0.0527747,0.0832321,0.0572729),(0.0529261,0.0848864,0.0572729),(0.0527747,0.0832321,0.0572729),(0.0526981,0.0831926,0.0572729),(0.0526981,0.0831926,0.0572729),(0.0526165,0.0831618,0.0572729),(0.0525299,0.0831398,0.0572729),(0.0526981,0.0831926,0.0572729),(0.0525299,0.0831398,0.0572729),(0.0524384,0.0831266,0.0572729),(0.0526981,0.0831926,0.0572729),(0.0524384,0.0831266,0.0572729),(0.0523419,0.0831222,0.0572729),(0.0526981,0.0831926,0.0572729),(0.0523419,0.0831222,0.0572729),(0.0522464,0.0831266,0.0572729),(0.0526981,0.0831926,0.0572729),(0.0522464,0.0831266,0.0572729),(0.0521551,0.0831397,0.0572729),(0.0526981,0.0831926,0.0572729),(0.0521551,0.0831397,0.0572729),(0.0520681,0.0831616,0.0572729),(0.0526981,0.0831926,0.0572729),(0.0520681,0.0831616,0.0572729),(0.0519853,0.0831923,0.0572729),(0.0526981,0.0831926,0.0572729),(0.0519853,0.0831923,0.0572729),(0.0519067,0.0832317,0.0572729),(0.0526981,0.0831926,0.0572729),(0.0519067,0.0832317,0.0572729),(0.0518323,0.0832799,0.0572729),(0.0526981,0.0831926,0.0572729),(0.0518323,0.0832799,0.0572729),(0.0517622,0.0833369,0.0572729),(0.0526981,0.0831926,0.0572729),(0.0517622,0.0833369,0.0572729),(0.0516963,0.0834026,0.0572729),(0.0526981,0.0831926,0.0572729),(0.0516963,0.0834026,0.0572729),(0.0516366,0.0834751,0.0572729),(0.0526981,0.0831926,0.0572729),(0.0516366,0.0834751,0.0572729),(0.0515848,0.0835521,0.0572729),(0.0526981,0.0831926,0.0572729),(0.0515848,0.0835521,0.0572729),(0.0515409,0.0836337,0.0572729),(0.0526981,0.0831926,0.0572729),(0.0515409,0.0836337,0.0572729),(0.0515050,0.0837199,0.0572729),(0.0526981,0.0831926,0.0572729),(0.0515050,0.0837199,0.0572729),(0.0514771,0.0838107,0.0572729),(0.0526981,0.0831926,0.0572729),(0.0514771,0.0838107,0.0572729),(0.0514572,0.0839061,0.0572729),(0.0526981,0.0831926,0.0572729),(0.0514572,0.0839061,0.0572729),(0.0514453,0.0840061,0.0572729),(0.0514453,0.0840061,0.0572729),(0.0514413,0.0841107,0.0572729),(0.0514566,0.0841929,0.0572729),(0.0514453,0.0840061,0.0572729),(0.0514566,0.0841929,0.0572729),(0.0515027,0.0842620,0.0572729),(0.0514453,0.0840061,0.0572729),(0.0515027,0.0842620,0.0572729),(0.0515709,0.0843088,0.0572729),(0.0514453,0.0840061,0.0572729),(0.0515709,0.0843088,0.0572729),(0.0516529,0.0843244,0.0572729),(0.0514453,0.0840061,0.0572729),(0.0516529,0.0843244,0.0572729),(0.0517358,0.0843088,0.0572729),(0.0514453,0.0840061,0.0572729),(0.0517358,0.0843088,0.0572729),(0.0518043,0.0842620,0.0572729),(0.0514453,0.0840061,0.0572729),(0.0518043,0.0842620,0.0572729),(0.0518503,0.0841929,0.0572729),(0.0514453,0.0840061,0.0572729),(0.0518503,0.0841929,0.0572729),(0.0518657,0.0841107,0.0572729),(0.0514453,0.0840061,0.0572729),(0.0518657,0.0841107,0.0572729),(0.0518743,0.0839844,0.0572729),(0.0514453,0.0840061,0.0572729),(0.0518743,0.0839844,0.0572729),(0.0519003,0.0838733,0.0572729),(0.0514453,0.0840061,0.0572729),(0.0519003,0.0838733,0.0572729),(0.0519437,0.0837775,0.0572729),(0.0514453,0.0840061,0.0572729),(0.0519437,0.0837775,0.0572729),(0.0520043,0.0836969,0.0572729),(0.0514453,0.0840061,0.0572729),(0.0520043,0.0836969,0.0572729),(0.0520758,0.0836320,0.0572729),(0.0526981,0.0831926,0.0572729),(0.0514453,0.0840061,0.0572729),(0.0520758,0.0836320,0.0572729),(0.0526981,0.0831926,0.0572729),(0.0520758,0.0836320,0.0572729),(0.0521559,0.0835857,0.0572729),(0.0526981,0.0831926,0.0572729),(0.0521559,0.0835857,0.0572729),(0.0522446,0.0835579,0.0572729),(0.0526981,0.0831926,0.0572729),(0.0522446,0.0835579,0.0572729),(0.0523419,0.0835487,0.0572729),(0.0526981,0.0831926,0.0572729),(0.0523419,0.0835487,0.0572729),(0.0524358,0.0835579,0.0572729),(0.0526981,0.0831926,0.0572729),(0.0524358,0.0835579,0.0572729),(0.0525205,0.0835855,0.0572729),(0.0526981,0.0831926,0.0572729),(0.0525205,0.0835855,0.0572729),(0.0525961,0.0836314,0.0572729),(0.0526981,0.0831926,0.0572729),(0.0525961,0.0836314,0.0572729),(0.0526626,0.0836958,0.0572729),(0.0526981,0.0831926,0.0572729),(0.0526626,0.0836958,0.0572729),(0.0527168,0.0837769,0.0572729),(0.0526981,0.0831926,0.0572729),(0.0527168,0.0837769,0.0572729),(0.0527555,0.0838731,0.0572729),(0.0526981,0.0831926,0.0572729),(0.0527555,0.0838731,0.0572729),(0.0527787,0.0839843,0.0572729),(0.0529261,0.0848864,0.0572729),(0.0526981,0.0831926,0.0572729),(0.0527787,0.0839843,0.0572729),(0.0529261,0.0848864,0.0572729),(0.0527787,0.0839843,0.0572729),(0.0527864,0.0841107,0.0572729),(0.0529261,0.0848864,0.0572729),(0.0527864,0.0841107,0.0572729),(0.0527787,0.0842387,0.0572729),(0.0529261,0.0848864,0.0572729),(0.0527787,0.0842387,0.0572729),(0.0527557,0.0843541,0.0572729),(0.0529261,0.0848864,0.0572729),(0.0527557,0.0843541,0.0572729),(0.0527174,0.0844567,0.0572729),(0.0529261,0.0848864,0.0572729),(0.0527174,0.0844567,0.0572729),(0.0526637,0.0845467,0.0572729),(0.0529261,0.0848864,0.0572729),(0.0526637,0.0845467,0.0572729),(0.0526014,0.0846115,0.0572729),(0.0530105,0.0849626,0.0572729),(0.0529261,0.0848864,0.0572729),(0.0526014,0.0846115,0.0572729),(0.0530105,0.0849626,0.0572729),(0.0526014,0.0846115,0.0572729),(0.0525322,0.0846578,0.0572729),(0.0530105,0.0849626,0.0572729),(0.0525322,0.0846578,0.0572729),(0.0524559,0.0846856,0.0572729),(0.0530105,0.0849626,0.0572729),(0.0524559,0.0846856,0.0572729),(0.0523726,0.0846949,0.0572729),(0.0530105,0.0849626,0.0572729),(0.0523726,0.0846949,0.0572729),(0.0523303,0.0846949,0.0572729),(0.0530105,0.0849626,0.0572729),(0.0523303,0.0846949,0.0572729),(0.0522636,0.0846949,0.0572729),(0.0530105,0.0849626,0.0572729),(0.0522636,0.0846949,0.0572729),(0.0521821,0.0847105,0.0572729),(0.0530105,0.0849626,0.0572729),(0.0521821,0.0847105,0.0572729),(0.0521133,0.0847573,0.0572729),(0.0530105,0.0849626,0.0572729),(0.0521133,0.0847573,0.0572729),(0.0520665,0.0848258,0.0572729),(0.0530105,0.0849626,0.0572729),(0.0520665,0.0848258,0.0572729),(0.0520509,0.0849065,0.0572729),(0.0530105,0.0849626,0.0572729),(0.0520509,0.0849065,0.0572729),(0.0520665,0.0849875,0.0572729),(0.0530105,0.0849626,0.0572729),(0.0520665,0.0849875,0.0572729),(0.0521133,0.0850568,0.0572729),(0.0530105,0.0849626,0.0572729),(0.0521133,0.0850568,0.0572729),(0.0521821,0.0851044,0.0572729),(0.0530105,0.0849626,0.0572729),(0.0521821,0.0851044,0.0572729),(0.0522636,0.0851203,0.0572729),(0.0530105,0.0849626,0.0572729),(0.0522636,0.0851203,0.0572729),(0.0523303,0.0851203,0.0572729),(0.0530105,0.0849626,0.0572729),(0.0523303,0.0851203,0.0572729),(0.0524607,0.0851343,0.0572729),(0.0530105,0.0849626,0.0572729),(0.0524607,0.0851343,0.0572729),(0.0525787,0.0851761,0.0572729),(0.0530105,0.0849626,0.0572729),(0.0525787,0.0851761,0.0572729),(0.0526845,0.0852459,0.0572729),(0.0530105,0.0849626,0.0572729),(0.0526845,0.0852459,0.0572729),(0.0527780,0.0853436,0.0572729),(0.0530105,0.0849626,0.0572729),(0.0527780,0.0853436,0.0572729),(0.0528548,0.0854648,0.0572729),(0.0530105,0.0849626,0.0572729),(0.0528548,0.0854648,0.0572729),(0.0529097,0.0856050,0.0572729),(0.0530105,0.0849626,0.0572729),(0.0529097,0.0856050,0.0572729),(0.0529427,0.0857643,0.0572729),(0.0530105,0.0849626,0.0572729),(0.0529427,0.0857643,0.0572729),(0.0529509,0.0858511,0.0572729),(0.0530105,0.0849626,0.0572729),(0.0529509,0.0858511,0.0572729),(0.0529536,0.0859426,0.0572729),(0.0530105,0.0849626,0.0572729),(0.0529536,0.0859426,0.0572729),(0.0529509,0.0860333,0.0572729),(0.0517319,0.0859781,0.0572729),(0.0517291,0.0858781,0.0572729),(0.0517133,0.0857961,0.0572729),(0.0517400,0.0860725,0.0572729),(0.0517319,0.0859781,0.0572729),(0.0517133,0.0857961,0.0572729),(0.0517400,0.0860725,0.0572729),(0.0517133,0.0857961,0.0572729),(0.0516656,0.0857278,0.0572729),(0.0517536,0.0861611,0.0572729),(0.0517400,0.0860725,0.0572729),(0.0516656,0.0857278,0.0572729),(0.0517536,0.0861611,0.0572729),(0.0516656,0.0857278,0.0572729),(0.0515963,0.0856818,0.0572729),(0.0517725,0.0862440,0.0572729),(0.0517536,0.0861611,0.0572729),(0.0515963,0.0856818,0.0572729),(0.0517725,0.0862440,0.0572729),(0.0515963,0.0856818,0.0572729),(0.0515132,0.0856664,0.0572729),(0.0518268,0.0863926,0.0572729),(0.0517725,0.0862440,0.0572729),(0.0515132,0.0856664,0.0572729),(0.0518268,0.0863926,0.0572729),(0.0515132,0.0856664,0.0572729),(0.0514304,0.0856818,0.0572729),(0.0518268,0.0863926,0.0572729),(0.0514304,0.0856818,0.0572729),(0.0513619,0.0857278,0.0572729),(0.0519027,0.0865184,0.0572729),(0.0518268,0.0863926,0.0572729),(0.0513619,0.0857278,0.0572729),(0.0519027,0.0865184,0.0572729),(0.0513619,0.0857278,0.0572729),(0.0513159,0.0857961,0.0572729),(0.0519027,0.0865184,0.0572729),(0.0513159,0.0857961,0.0572729),(0.0513005,0.0858781,0.0572729),(0.0519933,0.0866179,0.0572729),(0.0519027,0.0865184,0.0572729),(0.0513005,0.0858781,0.0572729),(0.0519933,0.0866179,0.0572729),(0.0513005,0.0858781,0.0572729),(0.0513049,0.0860151,0.0572729),(0.0519933,0.0866179,0.0572729),(0.0513049,0.0860151,0.0572729),(0.0513182,0.0861460,0.0572729),(0.0519933,0.0866179,0.0572729),(0.0513182,0.0861460,0.0572729),(0.0513403,0.0862710,0.0572729),(0.0520967,0.0866890,0.0572729),(0.0519933,0.0866179,0.0572729),(0.0513403,0.0862710,0.0572729),(0.0520967,0.0866890,0.0572729),(0.0513403,0.0862710,0.0572729),(0.0513712,0.0863900,0.0572729),(0.0520967,0.0866890,0.0572729),(0.0513712,0.0863900,0.0572729),(0.0514109,0.0865031,0.0572729),(0.0522129,0.0867317,0.0572729),(0.0520967,0.0866890,0.0572729),(0.0514109,0.0865031,0.0572729),(0.0522129,0.0867317,0.0572729),(0.0514109,0.0865031,0.0572729),(0.0514595,0.0866101,0.0572729),(0.0522129,0.0867317,0.0572729),(0.0514595,0.0866101,0.0572729),(0.0515169,0.0867112,0.0572729),(0.0523419,0.0867459,0.0572729),(0.0522129,0.0867317,0.0572729),(0.0515169,0.0867112,0.0572729),(0.0523419,0.0867459,0.0572729),(0.0515169,0.0867112,0.0572729),(0.0515831,0.0868062,0.0572729),(0.0523419,0.0867459,0.0572729),(0.0515831,0.0868062,0.0572729),(0.0516551,0.0868918,0.0572729),(0.0524655,0.0867325,0.0572729),(0.0523419,0.0867459,0.0572729),(0.0516551,0.0868918,0.0572729),(0.0524655,0.0867325,0.0572729),(0.0516551,0.0868918,0.0572729),(0.0517337,0.0869660,0.0572729),(0.0524655,0.0867325,0.0572729),(0.0517337,0.0869660,0.0572729),(0.0518188,0.0870287,0.0572729),(0.0525790,0.0866922,0.0572729),(0.0524655,0.0867325,0.0572729),(0.0518188,0.0870287,0.0572729),(0.0525790,0.0866922,0.0572729),(0.0518188,0.0870287,0.0572729),(0.0519104,0.0870801,0.0572729),(0.0525790,0.0866922,0.0572729),(0.0519104,0.0870801,0.0572729),(0.0520085,0.0871200,0.0572729),(0.0526824,0.0866251,0.0572729),(0.0525790,0.0866922,0.0572729),(0.0520085,0.0871200,0.0572729),(0.0526824,0.0866251,0.0572729),(0.0520085,0.0871200,0.0572729),(0.0521131,0.0871485,0.0572729),(0.0526824,0.0866251,0.0572729),(0.0521131,0.0871485,0.0572729),(0.0522243,0.0871657,0.0572729),(0.0527758,0.0865311,0.0572729),(0.0526824,0.0866251,0.0572729),(0.0522243,0.0871657,0.0572729),(0.0527758,0.0865311,0.0572729),(0.0522243,0.0871657,0.0572729),(0.0523419,0.0871714,0.0572729),(0.0527758,0.0865311,0.0572729),(0.0523419,0.0871714,0.0572729),(0.0524550,0.0871659,0.0572729),(0.0528536,0.0864133,0.0572729),(0.0527758,0.0865311,0.0572729),(0.0524550,0.0871659,0.0572729),(0.0528536,0.0864133,0.0572729),(0.0524550,0.0871659,0.0572729),(0.0525627,0.0871494,0.0572729),(0.0529092,0.0862760,0.0572729),(0.0528536,0.0864133,0.0572729),(0.0525627,0.0871494,0.0572729),(0.0529092,0.0862760,0.0572729),(0.0525627,0.0871494,0.0572729),(0.0526647,0.0871220,0.0572729),(0.0529092,0.0862760,0.0572729),(0.0526647,0.0871220,0.0572729),(0.0527613,0.0870835,0.0572729),(0.0529286,0.0862000,0.0572729),(0.0529092,0.0862760,0.0572729),(0.0527613,0.0870835,0.0572729),(0.0529286,0.0862000,0.0572729),(0.0527613,0.0870835,0.0572729),(0.0528523,0.0870341,0.0572729),(0.0529425,0.0861191,0.0572729),(0.0529286,0.0862000,0.0572729),(0.0528523,0.0870341,0.0572729),(0.0529425,0.0861191,0.0572729),(0.0528523,0.0870341,0.0572729),(0.0529378,0.0869737,0.0572729),(0.0529509,0.0860333,0.0572729),(0.0529425,0.0861191,0.0572729),(0.0529378,0.0869737,0.0572729),(0.0530105,0.0849626,0.0572729),(0.0529509,0.0860333,0.0572729),(0.0529378,0.0869737,0.0572729),(0.0530105,0.0849626,0.0572729),(0.0529378,0.0869737,0.0572729),(0.0530178,0.0869023,0.0572729),(0.0530105,0.0849626,0.0572729),(0.0530178,0.0869023,0.0572729),(0.0530923,0.0868200,0.0572729),(0.0530105,0.0849626,0.0572729),(0.0530923,0.0868200,0.0572729),(0.0531600,0.0867287,0.0572729),(0.0530105,0.0849626,0.0572729),(0.0531600,0.0867287,0.0572729),(0.0532187,0.0866322,0.0572729),(0.0530105,0.0849626,0.0572729),(0.0532187,0.0866322,0.0572729),(0.0532683,0.0865304,0.0572729),(0.0530105,0.0849626,0.0572729),(0.0532683,0.0865304,0.0572729),(0.0533090,0.0864234,0.0572729),(0.0530105,0.0849626,0.0572729),(0.0533090,0.0864234,0.0572729),(0.0533406,0.0863111,0.0572729),(0.0530105,0.0849626,0.0572729),(0.0533406,0.0863111,0.0572729),(0.0533631,0.0861935,0.0572729),(0.0530105,0.0849626,0.0572729),(0.0533631,0.0861935,0.0572729),(0.0533767,0.0860707,0.0572729),(0.0530105,0.0849626,0.0572729),(0.0533767,0.0860707,0.0572729),(0.0533812,0.0859426,0.0572729),(0.0530105,0.0849626,0.0572729),(0.0533812,0.0859426,0.0572729),(0.0533767,0.0858133,0.0572729),(0.0530105,0.0849626,0.0572729),(0.0533767,0.0858133,0.0572729),(0.0533633,0.0856892,0.0572729),(0.0530105,0.0849626,0.0572729),(0.0533633,0.0856892,0.0572729),(0.0533409,0.0855704,0.0572729),(0.0530105,0.0849626,0.0572729),(0.0533409,0.0855704,0.0572729),(0.0533095,0.0854569,0.0572729),(0.0530105,0.0849626,0.0572729),(0.0533095,0.0854569,0.0572729),(0.0532692,0.0853486,0.0572729),(0.0530105,0.0849626,0.0572729),(0.0532692,0.0853486,0.0572729),(0.0532199,0.0852457,0.0572729),(0.0530105,0.0849626,0.0572729),(0.0532199,0.0852457,0.0572729),(0.0531616,0.0851481,0.0572729),(0.0530105,0.0849626,0.0572729),(0.0531616,0.0851481,0.0572729),(0.0530944,0.0850558,0.0572729),(0.0475403,0.0871441,0.0572729),(0.0476133,0.0872507,0.0572729),(0.0477199,0.0873238,0.0572729),(0.0475403,0.0871441,0.0572729),(0.0477199,0.0873238,0.0572729),(0.0478451,0.0873481,0.0572729),(0.0475403,0.0871441,0.0572729),(0.0478451,0.0873481,0.0572729),(0.0479699,0.0873238,0.0572729),(0.0475403,0.0871441,0.0572729),(0.0479699,0.0873238,0.0572729),(0.0480758,0.0872507,0.0572729),(0.0475403,0.0871441,0.0572729),(0.0480758,0.0872507,0.0572729),(0.0481488,0.0871441,0.0572729),(0.0475403,0.0871441,0.0572729),(0.0481488,0.0871441,0.0572729),(0.0481731,0.0870190,0.0572729),(0.0475403,0.0871441,0.0572729),(0.0481731,0.0870190,0.0572729),(0.0481488,0.0868938,0.0572729),(0.0475403,0.0871441,0.0572729),(0.0481488,0.0868938,0.0572729),(0.0480758,0.0867872,0.0572729),(0.0475403,0.0871441,0.0572729),(0.0480758,0.0867872,0.0572729),(0.0479699,0.0867142,0.0572729),(0.0475403,0.0871441,0.0572729),(0.0479699,0.0867142,0.0572729),(0.0478451,0.0866898,0.0572729),(0.0475403,0.0871441,0.0572729),(0.0478451,0.0866898,0.0572729),(0.0477199,0.0867142,0.0572729),(0.0475403,0.0871441,0.0572729),(0.0477199,0.0867142,0.0572729),(0.0476133,0.0867872,0.0572729),(0.0475403,0.0871441,0.0572729),(0.0476133,0.0867872,0.0572729),(0.0475403,0.0868938,0.0572729),(0.0475403,0.0871441,0.0572729),(0.0475403,0.0868938,0.0572729),(0.0475159,0.0870190,0.0572729),(0.0209410,0.0804124,0.0572729),(0.0210380,0.0804531,0.0572729),(0.0211361,0.0804884,0.0572729),(0.0209410,0.0804124,0.0572729),(0.0211361,0.0804884,0.0572729),(0.0212350,0.0805182,0.0572729),(0.0209410,0.0804124,0.0572729),(0.0212350,0.0805182,0.0572729),(0.0213350,0.0805426,0.0572729),(0.0209410,0.0804124,0.0572729),(0.0213350,0.0805426,0.0572729),(0.0214358,0.0805616,0.0572729),(0.0209410,0.0804124,0.0572729),(0.0214358,0.0805616,0.0572729),(0.0215377,0.0805751,0.0572729),(0.0209410,0.0804124,0.0572729),(0.0215377,0.0805751,0.0572729),(0.0216405,0.0805833,0.0572729),(0.0209410,0.0804124,0.0572729),(0.0216405,0.0805833,0.0572729),(0.0217443,0.0805860,0.0572729),(0.0209410,0.0804124,0.0572729),(0.0217443,0.0805860,0.0572729),(0.0218800,0.0805817,0.0572729),(0.0209410,0.0804124,0.0572729),(0.0218800,0.0805817,0.0572729),(0.0220133,0.0805687,0.0572729),(0.0209410,0.0804124,0.0572729),(0.0220133,0.0805687,0.0572729),(0.0221440,0.0805471,0.0572729),(0.0209410,0.0804124,0.0572729),(0.0221440,0.0805471,0.0572729),(0.0222721,0.0805169,0.0572729),(0.0209410,0.0804124,0.0572729),(0.0222721,0.0805169,0.0572729),(0.0223977,0.0804781,0.0572729),(0.0209410,0.0804124,0.0572729),(0.0223977,0.0804781,0.0572729),(0.0225207,0.0804306,0.0572729),(0.0209410,0.0804124,0.0572729),(0.0225207,0.0804306,0.0572729),(0.0226413,0.0803745,0.0572729),(0.0209410,0.0804124,0.0572729),(0.0226413,0.0803745,0.0572729),(0.0227592,0.0803098,0.0572729),(0.0209410,0.0804124,0.0572729),(0.0227592,0.0803098,0.0572729),(0.0228728,0.0802374,0.0572729),(0.0209410,0.0804124,0.0572729),(0.0228728,0.0802374,0.0572729),(0.0229801,0.0801588,0.0572729),(0.0209410,0.0804124,0.0572729),(0.0229801,0.0801588,0.0572729),(0.0230813,0.0800741,0.0572729),(0.0209410,0.0804124,0.0572729),(0.0230813,0.0800741,0.0572729),(0.0231762,0.0799833,0.0572729),(0.0209410,0.0804124,0.0572729),(0.0231762,0.0799833,0.0572729),(0.0232649,0.0798863,0.0572729),(0.0232649,0.0798863,0.0572729),(0.0233474,0.0797831,0.0572729),(0.0234236,0.0796738,0.0572729),(0.0232649,0.0798863,0.0572729),(0.0234236,0.0796738,0.0572729),(0.0234937,0.0795583,0.0572729),(0.0232649,0.0798863,0.0572729),(0.0234937,0.0795583,0.0572729),(0.0235567,0.0794386,0.0572729),(0.0232649,0.0798863,0.0572729),(0.0235567,0.0794386,0.0572729),(0.0236113,0.0793163,0.0572729),(0.0232649,0.0798863,0.0572729),(0.0236113,0.0793163,0.0572729),(0.0236575,0.0791916,0.0572729),(0.0232649,0.0798863,0.0572729),(0.0236575,0.0791916,0.0572729),(0.0236953,0.0790644,0.0572729),(0.0232649,0.0798863,0.0572729),(0.0236953,0.0790644,0.0572729),(0.0237247,0.0789347,0.0572729),(0.0232649,0.0798863,0.0572729),(0.0237247,0.0789347,0.0572729),(0.0237457,0.0788025,0.0572729),(0.0232649,0.0798863,0.0572729),(0.0237457,0.0788025,0.0572729),(0.0237583,0.0786678,0.0572729),(0.0232649,0.0798863,0.0572729),(0.0237583,0.0786678,0.0572729),(0.0237625,0.0785307,0.0572729),(0.0232649,0.0798863,0.0572729),(0.0237625,0.0785307,0.0572729),(0.0237583,0.0783991,0.0572729),(0.0232649,0.0798863,0.0572729),(0.0237583,0.0783991,0.0572729),(0.0237457,0.0782682,0.0572729),(0.0232649,0.0798863,0.0572729),(0.0237457,0.0782682,0.0572729),(0.0237247,0.0781382,0.0572729),(0.0232649,0.0798863,0.0572729),(0.0237247,0.0781382,0.0572729),(0.0236953,0.0780089,0.0572729),(0.0232649,0.0798863,0.0572729),(0.0236953,0.0780089,0.0572729),(0.0236575,0.0778805,0.0572729),(0.0232649,0.0798863,0.0572729),(0.0236575,0.0778805,0.0572729),(0.0236113,0.0777528,0.0572729),(0.0236113,0.0777528,0.0572729),(0.0232195,0.0778943,0.0572729),(0.0232561,0.0779922,0.0572729),(0.0236113,0.0777528,0.0572729),(0.0232561,0.0779922,0.0572729),(0.0232860,0.0780933,0.0572729),(0.0236113,0.0777528,0.0572729),(0.0232860,0.0780933,0.0572729),(0.0233093,0.0781978,0.0572729),(0.0236113,0.0777528,0.0572729),(0.0233093,0.0781978,0.0572729),(0.0233259,0.0783055,0.0572729),(0.0236113,0.0777528,0.0572729),(0.0233259,0.0783055,0.0572729),(0.0233358,0.0784165,0.0572729),(0.0236113,0.0777528,0.0572729),(0.0233358,0.0784165,0.0572729),(0.0233392,0.0785307,0.0572729),(0.0236113,0.0777528,0.0572729),(0.0233392,0.0785307,0.0572729),(0.0233358,0.0786407,0.0572729),(0.0232649,0.0798863,0.0572729),(0.0236113,0.0777528,0.0572729),(0.0233358,0.0786407,0.0572729),(0.0232649,0.0798863,0.0572729),(0.0233358,0.0786407,0.0572729),(0.0233257,0.0787486,0.0572729),(0.0232649,0.0798863,0.0572729),(0.0233257,0.0787486,0.0572729),(0.0233090,0.0788543,0.0572729),(0.0232649,0.0798863,0.0572729),(0.0233090,0.0788543,0.0572729),(0.0232855,0.0789577,0.0572729),(0.0232649,0.0798863,0.0572729),(0.0232855,0.0789577,0.0572729),(0.0232552,0.0790590,0.0572729),(0.0232649,0.0798863,0.0572729),(0.0232552,0.0790590,0.0572729),(0.0232183,0.0791582,0.0572729),(0.0232649,0.0798863,0.0572729),(0.0232183,0.0791582,0.0572729),(0.0231747,0.0792551,0.0572729),(0.0232649,0.0798863,0.0572729),(0.0231747,0.0792551,0.0572729),(0.0231243,0.0793499,0.0572729),(0.0232649,0.0798863,0.0572729),(0.0231243,0.0793499,0.0572729),(0.0230685,0.0794411,0.0572729),(0.0232649,0.0798863,0.0572729),(0.0230685,0.0794411,0.0572729),(0.0230078,0.0795274,0.0572729),(0.0232649,0.0798863,0.0572729),(0.0230078,0.0795274,0.0572729),(0.0229424,0.0796088,0.0572729),(0.0232649,0.0798863,0.0572729),(0.0229424,0.0796088,0.0572729),(0.0228722,0.0796853,0.0572729),(0.0232649,0.0798863,0.0572729),(0.0228722,0.0796853,0.0572729),(0.0227972,0.0797570,0.0572729),(0.0232649,0.0798863,0.0572729),(0.0227972,0.0797570,0.0572729),(0.0227173,0.0798237,0.0572729),(0.0232649,0.0798863,0.0572729),(0.0227173,0.0798237,0.0572729),(0.0226327,0.0798856,0.0572729),(0.0232649,0.0798863,0.0572729),(0.0226327,0.0798856,0.0572729),(0.0225433,0.0799425,0.0572729),(0.0232649,0.0798863,0.0572729),(0.0225433,0.0799425,0.0572729),(0.0224507,0.0799936,0.0572729),(0.0232649,0.0798863,0.0572729),(0.0224507,0.0799936,0.0572729),(0.0223560,0.0800379,0.0572729),(0.0232649,0.0798863,0.0572729),(0.0223560,0.0800379,0.0572729),(0.0222593,0.0800754,0.0572729),(0.0232649,0.0798863,0.0572729),(0.0222593,0.0800754,0.0572729),(0.0221605,0.0801060,0.0572729),(0.0209410,0.0804124,0.0572729),(0.0232649,0.0798863,0.0572729),(0.0221605,0.0801060,0.0572729),(0.0209410,0.0804124,0.0572729),(0.0221605,0.0801060,0.0572729),(0.0220595,0.0801299,0.0572729),(0.0209410,0.0804124,0.0572729),(0.0220595,0.0801299,0.0572729),(0.0219565,0.0801469,0.0572729),(0.0209410,0.0804124,0.0572729),(0.0219565,0.0801469,0.0572729),(0.0218514,0.0801571,0.0572729),(0.0209410,0.0804124,0.0572729),(0.0218514,0.0801571,0.0572729),(0.0217443,0.0801605,0.0572729),(0.0209410,0.0804124,0.0572729),(0.0217443,0.0801605,0.0572729),(0.0215907,0.0801535,0.0572729),(0.0209410,0.0804124,0.0572729),(0.0215907,0.0801535,0.0572729),(0.0214411,0.0801322,0.0572729),(0.0209410,0.0804124,0.0572729),(0.0214411,0.0801322,0.0572729),(0.0212954,0.0800968,0.0572729),(0.0209410,0.0804124,0.0572729),(0.0212954,0.0800968,0.0572729),(0.0211537,0.0800473,0.0572729),(0.0209410,0.0804124,0.0572729),(0.0211537,0.0800473,0.0572729),(0.0227507,0.0772639,0.0572729),(0.0203801,0.0813871,0.0572729),(0.0209410,0.0804124,0.0572729),(0.0227507,0.0772639,0.0572729),(0.0231763,0.0777997,0.0572729),(0.0232195,0.0778943,0.0572729),(0.0236113,0.0777528,0.0572729),(0.0231264,0.0777084,0.0572729),(0.0231763,0.0777997,0.0572729),(0.0236113,0.0777528,0.0572729),(0.0230585,0.0776044,0.0572729),(0.0231264,0.0777084,0.0572729),(0.0236113,0.0777528,0.0572729),(0.0229733,0.0774957,0.0572729),(0.0230585,0.0776044,0.0572729),(0.0236113,0.0777528,0.0572729),(0.0229241,0.0774395,0.0572729),(0.0229733,0.0774957,0.0572729),(0.0236113,0.0777528,0.0572729),(0.0228707,0.0773821,0.0572729),(0.0229241,0.0774395,0.0572729),(0.0236113,0.0777528,0.0572729),(0.0228129,0.0773236,0.0572729),(0.0228707,0.0773821,0.0572729),(0.0236113,0.0777528,0.0572729),(0.0227507,0.0772639,0.0572729),(0.0228129,0.0773236,0.0572729),(0.0236113,0.0777528,0.0572729),(0.0227507,0.0772639,0.0572729),(0.0236113,0.0777528,0.0572729),(0.0235567,0.0776260,0.0572729),(0.0227507,0.0772639,0.0572729),(0.0235567,0.0776260,0.0572729),(0.0234937,0.0774999,0.0572729),(0.0227507,0.0772639,0.0572729),(0.0234937,0.0774999,0.0572729),(0.0234435,0.0774132,0.0572729),(0.0227507,0.0772639,0.0572729),(0.0234435,0.0774132,0.0572729),(0.0233887,0.0773298,0.0572729),(0.0227507,0.0772639,0.0572729),(0.0233887,0.0773298,0.0572729),(0.0233293,0.0772497,0.0572729),(0.0227507,0.0772639,0.0572729),(0.0233293,0.0772497,0.0572729),(0.0232654,0.0771729,0.0572729),(0.0227507,0.0772639,0.0572729),(0.0232654,0.0771729,0.0572729),(0.0231968,0.0770994,0.0572729),(0.0227507,0.0772639,0.0572729),(0.0231968,0.0770994,0.0572729),(0.0231236,0.0770292,0.0572729),(0.0227507,0.0772639,0.0572729),(0.0231236,0.0770292,0.0572729),(0.0230458,0.0769623,0.0572729),(0.0227507,0.0772639,0.0572729),(0.0230458,0.0769623,0.0572729),(0.0229635,0.0768988,0.0572729),(0.0227507,0.0772639,0.0572729),(0.0229635,0.0768988,0.0572729),(0.0235053,0.0759463,0.0572729),(0.0203801,0.0813871,0.0572729),(0.0227507,0.0772639,0.0572729),(0.0235053,0.0759463,0.0572729),(0.0203801,0.0813871,0.0572729),(0.0235053,0.0759463,0.0572729),(0.0235339,0.0758425,0.0572729),(0.0203801,0.0813871,0.0572729),(0.0235339,0.0758425,0.0572729),(0.0235265,0.0757822,0.0572729),(0.0203801,0.0813871,0.0572729),(0.0235265,0.0757822,0.0572729),(0.0234879,0.0757071,0.0572729),(0.0203801,0.0813871,0.0572729),(0.0234879,0.0757071,0.0572729),(0.0234228,0.0756531,0.0572729),(0.0203801,0.0813871,0.0572729),(0.0234228,0.0756531,0.0572729),(0.0233201,0.0756224,0.0572729),(0.0203801,0.0813871,0.0572729),(0.0233201,0.0756224,0.0572729),(0.0232598,0.0756298,0.0572729),(0.0203801,0.0813871,0.0572729),(0.0232598,0.0756298,0.0572729),(0.0231841,0.0756684,0.0572729),(0.0203801,0.0813871,0.0572729),(0.0231841,0.0756684,0.0572729),(0.0231286,0.0757335,0.0572729),(0.0203801,0.0813871,0.0572729),(0.0231286,0.0757335,0.0572729),(0.0225930,0.0766617,0.0572729),(0.0225930,0.0766617,0.0572729),(0.0224924,0.0766173,0.0572729),(0.0223885,0.0765788,0.0572729),(0.0225930,0.0766617,0.0572729),(0.0223885,0.0765788,0.0572729),(0.0222813,0.0765462,0.0572729),(0.0225930,0.0766617,0.0572729),(0.0222813,0.0765462,0.0572729),(0.0221708,0.0765196,0.0572729),(0.0225930,0.0766617,0.0572729),(0.0221708,0.0765196,0.0572729),(0.0220569,0.0764989,0.0572729),(0.0225930,0.0766617,0.0572729),(0.0220569,0.0764989,0.0572729),(0.0219398,0.0764841,0.0572729),(0.0225930,0.0766617,0.0572729),(0.0219398,0.0764841,0.0572729),(0.0218193,0.0764752,0.0572729),(0.0225930,0.0766617,0.0572729),(0.0218193,0.0764752,0.0572729),(0.0216956,0.0764722,0.0572729),(0.0225930,0.0766617,0.0572729),(0.0216956,0.0764722,0.0572729),(0.0215710,0.0764766,0.0572729),(0.0225930,0.0766617,0.0572729),(0.0215710,0.0764766,0.0572729),(0.0214475,0.0764896,0.0572729),(0.0225930,0.0766617,0.0572729),(0.0214475,0.0764896,0.0572729),(0.0213250,0.0765112,0.0572729),(0.0225930,0.0766617,0.0572729),(0.0213250,0.0765112,0.0572729),(0.0212037,0.0765416,0.0572729),(0.0225930,0.0766617,0.0572729),(0.0212037,0.0765416,0.0572729),(0.0210835,0.0765806,0.0572729),(0.0225930,0.0766617,0.0572729),(0.0210835,0.0765806,0.0572729),(0.0209643,0.0766282,0.0572729),(0.0225930,0.0766617,0.0572729),(0.0209643,0.0766282,0.0572729),(0.0208463,0.0766845,0.0572729),(0.0225930,0.0766617,0.0572729),(0.0208463,0.0766845,0.0572729),(0.0207293,0.0767495,0.0572729),(0.0225930,0.0766617,0.0572729),(0.0207293,0.0767495,0.0572729),(0.0206162,0.0768217,0.0572729),(0.0225930,0.0766617,0.0572729),(0.0206162,0.0768217,0.0572729),(0.0205092,0.0769001,0.0572729),(0.0225930,0.0766617,0.0572729),(0.0205092,0.0769001,0.0572729),(0.0204083,0.0769847,0.0572729),(0.0225930,0.0766617,0.0572729),(0.0204083,0.0769847,0.0572729),(0.0203134,0.0770755,0.0572729),(0.0225930,0.0766617,0.0572729),(0.0203134,0.0770755,0.0572729),(0.0202246,0.0771725,0.0572729),(0.0202246,0.0771725,0.0572729),(0.0201419,0.0772758,0.0572729),(0.0200654,0.0773853,0.0572729),(0.0202246,0.0771725,0.0572729),(0.0200654,0.0773853,0.0572729),(0.0199948,0.0775009,0.0572729),(0.0202246,0.0771725,0.0572729),(0.0199948,0.0775009,0.0572729),(0.0199316,0.0776207,0.0572729),(0.0202246,0.0771725,0.0572729),(0.0199316,0.0776207,0.0572729),(0.0198768,0.0777431,0.0572729),(0.0202246,0.0771725,0.0572729),(0.0198768,0.0777431,0.0572729),(0.0198304,0.0778680,0.0572729),(0.0202246,0.0771725,0.0572729),(0.0198304,0.0778680,0.0572729),(0.0197924,0.0779954,0.0572729),(0.0202246,0.0771725,0.0572729),(0.0197924,0.0779954,0.0572729),(0.0197629,0.0781254,0.0572729),(0.0202246,0.0771725,0.0572729),(0.0197629,0.0781254,0.0572729),(0.0197418,0.0782580,0.0572729),(0.0202246,0.0771725,0.0572729),(0.0197418,0.0782580,0.0572729),(0.0197292,0.0783931,0.0572729),(0.0202246,0.0771725,0.0572729),(0.0197292,0.0783931,0.0572729),(0.0197250,0.0785307,0.0572729),(0.0202246,0.0771725,0.0572729),(0.0197250,0.0785307,0.0572729),(0.0197292,0.0786688,0.0572729),(0.0202246,0.0771725,0.0572729),(0.0197292,0.0786688,0.0572729),(0.0197418,0.0788041,0.0572729),(0.0202246,0.0771725,0.0572729),(0.0197418,0.0788041,0.0572729),(0.0197628,0.0789367,0.0572729),(0.0202246,0.0771725,0.0572729),(0.0197628,0.0789367,0.0572729),(0.0197922,0.0790665,0.0572729),(0.0202246,0.0771725,0.0572729),(0.0197922,0.0790665,0.0572729),(0.0198300,0.0791936,0.0572729),(0.0202246,0.0771725,0.0572729),(0.0198300,0.0791936,0.0572729),(0.0198762,0.0793179,0.0572729),(0.0202246,0.0771725,0.0572729),(0.0198762,0.0793179,0.0572729),(0.0199308,0.0794395,0.0572729),(0.0202246,0.0771725,0.0572729),(0.0199308,0.0794395,0.0572729),(0.0199938,0.0795583,0.0572729),(0.0199938,0.0795583,0.0572729),(0.0203621,0.0793499,0.0572729),(0.0203127,0.0792551,0.0572729),(0.0199938,0.0795583,0.0572729),(0.0203127,0.0792551,0.0572729),(0.0202699,0.0791582,0.0572729),(0.0199938,0.0795583,0.0572729),(0.0202699,0.0791582,0.0572729),(0.0202337,0.0790592,0.0572729),(0.0199938,0.0795583,0.0572729),(0.0202337,0.0790592,0.0572729),(0.0202041,0.0789580,0.0572729),(0.0199938,0.0795583,0.0572729),(0.0202041,0.0789580,0.0572729),(0.0201811,0.0788547,0.0572729),(0.0199938,0.0795583,0.0572729),(0.0201811,0.0788547,0.0572729),(0.0201646,0.0787492,0.0572729),(0.0199938,0.0795583,0.0572729),(0.0201646,0.0787492,0.0572729),(0.0201548,0.0786415,0.0572729),(0.0199938,0.0795583,0.0572729),(0.0201548,0.0786415,0.0572729),(0.0201515,0.0785318,0.0572729),(0.0199938,0.0795583,0.0572729),(0.0201515,0.0785318,0.0572729),(0.0201548,0.0784219,0.0572729),(0.0202246,0.0771725,0.0572729),(0.0199938,0.0795583,0.0572729),(0.0201548,0.0784219,0.0572729),(0.0202246,0.0771725,0.0572729),(0.0201548,0.0784219,0.0572729),(0.0201648,0.0783142,0.0572729),(0.0202246,0.0771725,0.0572729),(0.0201648,0.0783142,0.0572729),(0.0201815,0.0782086,0.0572729),(0.0202246,0.0771725,0.0572729),(0.0201815,0.0782086,0.0572729),(0.0202049,0.0781050,0.0572729),(0.0202246,0.0771725,0.0572729),(0.0202049,0.0781050,0.0572729),(0.0202350,0.0780035,0.0572729),(0.0202246,0.0771725,0.0572729),(0.0202350,0.0780035,0.0572729),(0.0202717,0.0779041,0.0572729),(0.0202246,0.0771725,0.0572729),(0.0202717,0.0779041,0.0572729),(0.0203152,0.0778068,0.0572729),(0.0202246,0.0771725,0.0572729),(0.0203152,0.0778068,0.0572729),(0.0203653,0.0777116,0.0572729),(0.0202246,0.0771725,0.0572729),(0.0203653,0.0777116,0.0572729),(0.0204211,0.0776196,0.0572729),(0.0202246,0.0771725,0.0572729),(0.0204211,0.0776196,0.0572729),(0.0204817,0.0775327,0.0572729),(0.0202246,0.0771725,0.0572729),(0.0204817,0.0775327,0.0572729),(0.0205472,0.0774508,0.0572729),(0.0202246,0.0771725,0.0572729),(0.0205472,0.0774508,0.0572729),(0.0206174,0.0773739,0.0572729),(0.0202246,0.0771725,0.0572729),(0.0206174,0.0773739,0.0572729),(0.0206924,0.0773021,0.0572729),(0.0202246,0.0771725,0.0572729),(0.0206924,0.0773021,0.0572729),(0.0207723,0.0772353,0.0572729),(0.0202246,0.0771725,0.0572729),(0.0207723,0.0772353,0.0572729),(0.0208569,0.0771735,0.0572729),(0.0202246,0.0771725,0.0572729),(0.0208569,0.0771735,0.0572729),(0.0209463,0.0771168,0.0572729),(0.0202246,0.0771725,0.0572729),(0.0209463,0.0771168,0.0572729),(0.0210384,0.0770657,0.0572729),(0.0202246,0.0771725,0.0572729),(0.0210384,0.0770657,0.0572729),(0.0211310,0.0770214,0.0572729),(0.0202246,0.0771725,0.0572729),(0.0211310,0.0770214,0.0572729),(0.0212241,0.0769839,0.0572729),(0.0202246,0.0771725,0.0572729),(0.0212241,0.0769839,0.0572729),(0.0213178,0.0769533,0.0572729),(0.0202246,0.0771725,0.0572729),(0.0213178,0.0769533,0.0572729),(0.0214119,0.0769294,0.0572729),(0.0225930,0.0766617,0.0572729),(0.0202246,0.0771725,0.0572729),(0.0214119,0.0769294,0.0572729),(0.0225930,0.0766617,0.0572729),(0.0214119,0.0769294,0.0572729),(0.0215067,0.0769124,0.0572729),(0.0225930,0.0766617,0.0572729),(0.0215067,0.0769124,0.0572729),(0.0216019,0.0769022,0.0572729),(0.0225930,0.0766617,0.0572729),(0.0216019,0.0769022,0.0572729),(0.0216977,0.0768988,0.0572729),(0.0225930,0.0766617,0.0572729),(0.0216977,0.0768988,0.0572729),(0.0217040,0.0768988,0.0572729),(0.0225930,0.0766617,0.0572729),(0.0217040,0.0768988,0.0572729),(0.0217978,0.0769008,0.0572729),(0.0225930,0.0766617,0.0572729),(0.0217978,0.0769008,0.0572729),(0.0218889,0.0769071,0.0572729),(0.0225930,0.0766617,0.0572729),(0.0218889,0.0769071,0.0572729),(0.0219775,0.0769175,0.0572729),(0.0225930,0.0766617,0.0572729),(0.0219775,0.0769175,0.0572729),(0.0220636,0.0769321,0.0572729),(0.0225930,0.0766617,0.0572729),(0.0220636,0.0769321,0.0572729),(0.0221471,0.0769508,0.0572729),(0.0225930,0.0766617,0.0572729),(0.0221471,0.0769508,0.0572729),(0.0222281,0.0769738,0.0572729),(0.0225930,0.0766617,0.0572729),(0.0222281,0.0769738,0.0572729),(0.0223066,0.0770008,0.0572729),(0.0225930,0.0766617,0.0572729),(0.0223066,0.0770008,0.0572729),(0.0223824,0.0770321,0.0572729),(0.0203801,0.0813871,0.0572729),(0.0225930,0.0766617,0.0572729),(0.0223824,0.0770321,0.0572729),(0.0203801,0.0813871,0.0572729),(0.0223824,0.0770321,0.0572729),(0.0207780,0.0798272,0.0572729),(0.0203801,0.0813871,0.0572729),(0.0207780,0.0798272,0.0572729),(0.0206576,0.0797243,0.0572729),(0.0204045,0.0794191,0.0572729),(0.0203621,0.0793499,0.0572729),(0.0199938,0.0795583,0.0572729),(0.0204496,0.0794856,0.0572729),(0.0204045,0.0794191,0.0572729),(0.0199938,0.0795583,0.0572729),(0.0205481,0.0796105,0.0572729),(0.0204496,0.0794856,0.0572729),(0.0199938,0.0795583,0.0572729),(0.0206576,0.0797243,0.0572729),(0.0205481,0.0796105,0.0572729),(0.0199938,0.0795583,0.0572729),(0.0206576,0.0797243,0.0572729),(0.0199938,0.0795583,0.0572729),(0.0200517,0.0796534,0.0572729),(0.0206576,0.0797243,0.0572729),(0.0200517,0.0796534,0.0572729),(0.0201134,0.0797443,0.0572729),(0.0206576,0.0797243,0.0572729),(0.0201134,0.0797443,0.0572729),(0.0201787,0.0798312,0.0572729),(0.0206576,0.0797243,0.0572729),(0.0201787,0.0798312,0.0572729),(0.0202478,0.0799139,0.0572729),(0.0206576,0.0797243,0.0572729),(0.0202478,0.0799139,0.0572729),(0.0203205,0.0799926,0.0572729),(0.0206576,0.0797243,0.0572729),(0.0203205,0.0799926,0.0572729),(0.0203970,0.0800671,0.0572729),(0.0206576,0.0797243,0.0572729),(0.0203970,0.0800671,0.0572729),(0.0204772,0.0801376,0.0572729),(0.0206576,0.0797243,0.0572729),(0.0204772,0.0801376,0.0572729),(0.0205610,0.0802039,0.0572729),(0.0203801,0.0813871,0.0572729),(0.0206576,0.0797243,0.0572729),(0.0205610,0.0802039,0.0572729),(0.0203801,0.0813871,0.0572729),(0.0205610,0.0802039,0.0572729),(0.0200054,0.0811744,0.0572729),(0.0203801,0.0813871,0.0572729),(0.0200054,0.0811744,0.0572729),(0.0199779,0.0812760,0.0572729),(0.0203801,0.0813871,0.0572729),(0.0199779,0.0812760,0.0572729),(0.0199843,0.0813363,0.0572729),(0.0203801,0.0813871,0.0572729),(0.0199843,0.0813363,0.0572729),(0.0200234,0.0814133,0.0572729),(0.0203801,0.0813871,0.0572729),(0.0200234,0.0814133,0.0572729),(0.0200859,0.0814686,0.0572729),(0.0203801,0.0813871,0.0572729),(0.0200859,0.0814686,0.0572729),(0.0201906,0.0814962,0.0572729),(0.0203801,0.0813871,0.0572729),(0.0201906,0.0814962,0.0572729),(0.0202510,0.0814887,0.0572729),(0.0203801,0.0813871,0.0572729),(0.0202510,0.0814887,0.0572729),(0.0203235,0.0814533,0.0572729),(0.0299325,0.0794780,0.0572729),(0.0299379,0.0793456,0.0572729),(0.0299379,0.0776555,0.0572729),(0.0299325,0.0794780,0.0572729),(0.0299379,0.0776555,0.0572729),(0.0299326,0.0775248,0.0572729),(0.0299325,0.0794780,0.0572729),(0.0299326,0.0775248,0.0572729),(0.0299166,0.0774002,0.0572729),(0.0299325,0.0794780,0.0572729),(0.0299166,0.0774002,0.0572729),(0.0298901,0.0772816,0.0572729),(0.0299325,0.0794780,0.0572729),(0.0298901,0.0772816,0.0572729),(0.0298529,0.0771689,0.0572729),(0.0299325,0.0794780,0.0572729),(0.0298529,0.0771689,0.0572729),(0.0298052,0.0770622,0.0572729),(0.0299325,0.0794780,0.0572729),(0.0298052,0.0770622,0.0572729),(0.0297468,0.0769615,0.0572729),(0.0299325,0.0794780,0.0572729),(0.0297468,0.0769615,0.0572729),(0.0296778,0.0768668,0.0572729),(0.0299325,0.0794780,0.0572729),(0.0296778,0.0768668,0.0572729),(0.0295982,0.0767781,0.0572729),(0.0299325,0.0794780,0.0572729),(0.0295982,0.0767781,0.0572729),(0.0295215,0.0767064,0.0572729),(0.0299325,0.0794780,0.0572729),(0.0295215,0.0767064,0.0572729),(0.0294417,0.0766443,0.0572729),(0.0299325,0.0794780,0.0572729),(0.0294417,0.0766443,0.0572729),(0.0293589,0.0765917,0.0572729),(0.0293589,0.0765917,0.0572729),(0.0292730,0.0765487,0.0572729),(0.0291840,0.0765153,0.0572729),(0.0293589,0.0765917,0.0572729),(0.0291840,0.0765153,0.0572729),(0.0290919,0.0764914,0.0572729),(0.0293589,0.0765917,0.0572729),(0.0290919,0.0764914,0.0572729),(0.0289968,0.0764770,0.0572729),(0.0293589,0.0765917,0.0572729),(0.0289968,0.0764770,0.0572729),(0.0288986,0.0764722,0.0572729),(0.0293589,0.0765917,0.0572729),(0.0288986,0.0764722,0.0572729),(0.0288015,0.0764770,0.0572729),(0.0293589,0.0765917,0.0572729),(0.0288015,0.0764770,0.0572729),(0.0287071,0.0764914,0.0572729),(0.0293589,0.0765917,0.0572729),(0.0287071,0.0764914,0.0572729),(0.0286154,0.0765153,0.0572729),(0.0293589,0.0765917,0.0572729),(0.0286154,0.0765153,0.0572729),(0.0285263,0.0765487,0.0572729),(0.0293589,0.0765917,0.0572729),(0.0285263,0.0765487,0.0572729),(0.0284400,0.0765917,0.0572729),(0.0293589,0.0765917,0.0572729),(0.0284400,0.0765917,0.0572729),(0.0283563,0.0766443,0.0572729),(0.0293589,0.0765917,0.0572729),(0.0283563,0.0766443,0.0572729),(0.0282753,0.0767064,0.0572729),(0.0293589,0.0765917,0.0572729),(0.0282753,0.0767064,0.0572729),(0.0281969,0.0767781,0.0572729),(0.0293589,0.0765917,0.0572729),(0.0281969,0.0767781,0.0572729),(0.0281173,0.0768651,0.0572729),(0.0293589,0.0765917,0.0572729),(0.0281173,0.0768651,0.0572729),(0.0280483,0.0769583,0.0572729),(0.0293589,0.0765917,0.0572729),(0.0280483,0.0769583,0.0572729),(0.0279899,0.0770577,0.0572729),(0.0293589,0.0765917,0.0572729),(0.0279899,0.0770577,0.0572729),(0.0279421,0.0771633,0.0572729),(0.0293589,0.0765917,0.0572729),(0.0279421,0.0771633,0.0572729),(0.0279050,0.0772752,0.0572729),(0.0279050,0.0772752,0.0572729),(0.0278784,0.0773933,0.0572729),(0.0278625,0.0775175,0.0572729),(0.0279050,0.0772752,0.0572729),(0.0278625,0.0775175,0.0572729),(0.0278572,0.0776481,0.0572729),(0.0279050,0.0772752,0.0572729),(0.0278572,0.0776481,0.0572729),(0.0278572,0.0776555,0.0572729),(0.0279050,0.0772752,0.0572729),(0.0278572,0.0776555,0.0572729),(0.0278572,0.0793499,0.0572729),(0.0279050,0.0772752,0.0572729),(0.0278572,0.0793499,0.0572729),(0.0278625,0.0794812,0.0572729),(0.0279050,0.0772752,0.0572729),(0.0278625,0.0794812,0.0572729),(0.0278784,0.0796063,0.0572729),(0.0279050,0.0772752,0.0572729),(0.0278784,0.0796063,0.0572729),(0.0279050,0.0797252,0.0572729),(0.0279050,0.0772752,0.0572729),(0.0279050,0.0797252,0.0572729),(0.0279421,0.0798380,0.0572729),(0.0279050,0.0772752,0.0572729),(0.0279421,0.0798380,0.0572729),(0.0279899,0.0799446,0.0572729),(0.0279050,0.0772752,0.0572729),(0.0279899,0.0799446,0.0572729),(0.0280483,0.0800450,0.0572729),(0.0279050,0.0772752,0.0572729),(0.0280483,0.0800450,0.0572729),(0.0281173,0.0801392,0.0572729),(0.0279050,0.0772752,0.0572729),(0.0281173,0.0801392,0.0572729),(0.0281969,0.0802272,0.0572729),(0.0281969,0.0802272,0.0572729),(0.0285007,0.0799309,0.0572729),(0.0284067,0.0798145,0.0572729),(0.0281969,0.0802272,0.0572729),(0.0284067,0.0798145,0.0572729),(0.0283395,0.0796782,0.0572729),(0.0281969,0.0802272,0.0572729),(0.0283395,0.0796782,0.0572729),(0.0282992,0.0795219,0.0572729),(0.0279050,0.0772752,0.0572729),(0.0281969,0.0802272,0.0572729),(0.0282992,0.0795219,0.0572729),(0.0279050,0.0772752,0.0572729),(0.0282992,0.0795219,0.0572729),(0.0282892,0.0794363,0.0572729),(0.0279050,0.0772752,0.0572729),(0.0282892,0.0794363,0.0572729),(0.0282858,0.0793456,0.0572729),(0.0279050,0.0772752,0.0572729),(0.0282858,0.0793456,0.0572729),(0.0282858,0.0776481,0.0572729),(0.0279050,0.0772752,0.0572729),(0.0282858,0.0776481,0.0572729),(0.0282891,0.0775597,0.0572729),(0.0279050,0.0772752,0.0572729),(0.0282891,0.0775597,0.0572729),(0.0282991,0.0774763,0.0572729),(0.0279050,0.0772752,0.0572729),(0.0282991,0.0774763,0.0572729),(0.0283157,0.0773978,0.0572729),(0.0279050,0.0772752,0.0572729),(0.0283157,0.0773978,0.0572729),(0.0283390,0.0773242,0.0572729),(0.0279050,0.0772752,0.0572729),(0.0283390,0.0773242,0.0572729),(0.0284055,0.0771916,0.0572729),(0.0279050,0.0772752,0.0572729),(0.0284055,0.0771916,0.0572729),(0.0284985,0.0770787,0.0572729),(0.0279050,0.0772752,0.0572729),(0.0284985,0.0770787,0.0572729),(0.0285938,0.0770000,0.0572729),(0.0279050,0.0772752,0.0572729),(0.0285938,0.0770000,0.0572729),(0.0286922,0.0769437,0.0572729),(0.0293589,0.0765917,0.0572729),(0.0279050,0.0772752,0.0572729),(0.0286922,0.0769437,0.0572729),(0.0293589,0.0765917,0.0572729),(0.0286922,0.0769437,0.0572729),(0.0287938,0.0769100,0.0572729),(0.0293589,0.0765917,0.0572729),(0.0287938,0.0769100,0.0572729),(0.0288986,0.0768988,0.0572729),(0.0293589,0.0765917,0.0572729),(0.0288986,0.0768988,0.0572729),(0.0290077,0.0769100,0.0572729),(0.0293589,0.0765917,0.0572729),(0.0290077,0.0769100,0.0572729),(0.0291105,0.0769437,0.0572729),(0.0293589,0.0765917,0.0572729),(0.0291105,0.0769437,0.0572729),(0.0292072,0.0770000,0.0572729),(0.0293589,0.0765917,0.0572729),(0.0292072,0.0770000,0.0572729),(0.0292976,0.0770787,0.0572729),(0.0293589,0.0765917,0.0572729),(0.0292976,0.0770787,0.0572729),(0.0293907,0.0771973,0.0572729),(0.0293589,0.0765917,0.0572729),(0.0293907,0.0771973,0.0572729),(0.0294571,0.0773329,0.0572729),(0.0293589,0.0765917,0.0572729),(0.0294571,0.0773329,0.0572729),(0.0294970,0.0774857,0.0572729),(0.0299325,0.0794780,0.0572729),(0.0293589,0.0765917,0.0572729),(0.0294970,0.0774857,0.0572729),(0.0299325,0.0794780,0.0572729),(0.0294970,0.0774857,0.0572729),(0.0295070,0.0775684,0.0572729),(0.0299325,0.0794780,0.0572729),(0.0295070,0.0775684,0.0572729),(0.0295103,0.0776555,0.0572729),(0.0299325,0.0794780,0.0572729),(0.0295103,0.0776555,0.0572729),(0.0295103,0.0793456,0.0572729),(0.0299325,0.0794780,0.0572729),(0.0295103,0.0793456,0.0572729),(0.0295070,0.0794353,0.0572729),(0.0299325,0.0794780,0.0572729),(0.0295070,0.0794353,0.0572729),(0.0294970,0.0795200,0.0572729),(0.0299325,0.0794780,0.0572729),(0.0294970,0.0795200,0.0572729),(0.0294804,0.0796000,0.0572729),(0.0299325,0.0794780,0.0572729),(0.0294804,0.0796000,0.0572729),(0.0294571,0.0796750,0.0572729),(0.0299325,0.0794780,0.0572729),(0.0294571,0.0796750,0.0572729),(0.0293907,0.0798106,0.0572729),(0.0299325,0.0794780,0.0572729),(0.0293907,0.0798106,0.0572729),(0.0292976,0.0799266,0.0572729),(0.0299325,0.0794780,0.0572729),(0.0292976,0.0799266,0.0572729),(0.0292064,0.0800044,0.0572729),(0.0285922,0.0800068,0.0572729),(0.0285007,0.0799309,0.0572729),(0.0281969,0.0802272,0.0572729),(0.0286890,0.0800611,0.0572729),(0.0285922,0.0800068,0.0572729),(0.0281969,0.0802272,0.0572729),(0.0287912,0.0800936,0.0572729),(0.0286890,0.0800611,0.0572729),(0.0281969,0.0802272,0.0572729),(0.0288986,0.0801044,0.0572729),(0.0287912,0.0800936,0.0572729),(0.0281969,0.0802272,0.0572729),(0.0290069,0.0800933,0.0572729),(0.0288986,0.0801044,0.0572729),(0.0281969,0.0802272,0.0572729),(0.0290069,0.0800933,0.0572729),(0.0281969,0.0802272,0.0572729),(0.0282738,0.0802979,0.0572729),(0.0290069,0.0800933,0.0572729),(0.0282738,0.0802979,0.0572729),(0.0283536,0.0803592,0.0572729),(0.0291095,0.0800600,0.0572729),(0.0290069,0.0800933,0.0572729),(0.0283536,0.0803592,0.0572729),(0.0291095,0.0800600,0.0572729),(0.0283536,0.0803592,0.0572729),(0.0284364,0.0804110,0.0572729),(0.0291095,0.0800600,0.0572729),(0.0284364,0.0804110,0.0572729),(0.0285221,0.0804534,0.0572729),(0.0292064,0.0800044,0.0572729),(0.0291095,0.0800600,0.0572729),(0.0285221,0.0804534,0.0572729),(0.0292064,0.0800044,0.0572729),(0.0285221,0.0804534,0.0572729),(0.0286107,0.0804864,0.0572729),(0.0299325,0.0794780,0.0572729),(0.0292064,0.0800044,0.0572729),(0.0286107,0.0804864,0.0572729),(0.0299325,0.0794780,0.0572729),(0.0286107,0.0804864,0.0572729),(0.0287023,0.0805100,0.0572729),(0.0299325,0.0794780,0.0572729),(0.0287023,0.0805100,0.0572729),(0.0287969,0.0805241,0.0572729),(0.0299325,0.0794780,0.0572729),(0.0287969,0.0805241,0.0572729),(0.0288944,0.0805288,0.0572729),(0.0299325,0.0794780,0.0572729),(0.0288944,0.0805288,0.0572729),(0.0289935,0.0805242,0.0572729),(0.0299325,0.0794780,0.0572729),(0.0289935,0.0805242,0.0572729),(0.0290894,0.0805103,0.0572729),(0.0299325,0.0794780,0.0572729),(0.0290894,0.0805103,0.0572729),(0.0291820,0.0804872,0.0572729),(0.0299325,0.0794780,0.0572729),(0.0291820,0.0804872,0.0572729),(0.0292714,0.0804548,0.0572729),(0.0299325,0.0794780,0.0572729),(0.0292714,0.0804548,0.0572729),(0.0293575,0.0804131,0.0572729),(0.0299325,0.0794780,0.0572729),(0.0293575,0.0804131,0.0572729),(0.0294403,0.0803621,0.0572729),(0.0299325,0.0794780,0.0572729),(0.0294403,0.0803621,0.0572729),(0.0295198,0.0803020,0.0572729),(0.0299325,0.0794780,0.0572729),(0.0295198,0.0803020,0.0572729),(0.0295960,0.0802325,0.0572729),(0.0299325,0.0794780,0.0572729),(0.0295960,0.0802325,0.0572729),(0.0296762,0.0801432,0.0572729),(0.0299325,0.0794780,0.0572729),(0.0296762,0.0801432,0.0572729),(0.0297456,0.0800477,0.0572729),(0.0299325,0.0794780,0.0572729),(0.0297456,0.0800477,0.0572729),(0.0298043,0.0799461,0.0572729),(0.0299325,0.0794780,0.0572729),(0.0298043,0.0799461,0.0572729),(0.0298524,0.0798383,0.0572729),(0.0299325,0.0794780,0.0572729),(0.0298524,0.0798383,0.0572729),(0.0298898,0.0797243,0.0572729),(0.0299325,0.0794780,0.0572729),(0.0298898,0.0797243,0.0572729),(0.0299165,0.0796042,0.0572729),(0.0263427,0.0794780,0.0572729),(0.0263480,0.0793456,0.0572729),(0.0263480,0.0776555,0.0572729),(0.0263427,0.0794780,0.0572729),(0.0263480,0.0776555,0.0572729),(0.0263427,0.0775248,0.0572729),(0.0263427,0.0794780,0.0572729),(0.0263427,0.0775248,0.0572729),(0.0263268,0.0774002,0.0572729),(0.0263427,0.0794780,0.0572729),(0.0263268,0.0774002,0.0572729),(0.0263002,0.0772816,0.0572729),(0.0263427,0.0794780,0.0572729),(0.0263002,0.0772816,0.0572729),(0.0262631,0.0771689,0.0572729),(0.0263427,0.0794780,0.0572729),(0.0262631,0.0771689,0.0572729),(0.0262153,0.0770622,0.0572729),(0.0263427,0.0794780,0.0572729),(0.0262153,0.0770622,0.0572729),(0.0261569,0.0769615,0.0572729),(0.0263427,0.0794780,0.0572729),(0.0261569,0.0769615,0.0572729),(0.0260879,0.0768668,0.0572729),(0.0263427,0.0794780,0.0572729),(0.0260879,0.0768668,0.0572729),(0.0260083,0.0767781,0.0572729),(0.0263427,0.0794780,0.0572729),(0.0260083,0.0767781,0.0572729),(0.0259316,0.0767064,0.0572729),(0.0263427,0.0794780,0.0572729),(0.0259316,0.0767064,0.0572729),(0.0258519,0.0766443,0.0572729),(0.0263427,0.0794780,0.0572729),(0.0258519,0.0766443,0.0572729),(0.0257690,0.0765917,0.0572729),(0.0257690,0.0765917,0.0572729),(0.0256831,0.0765487,0.0572729),(0.0255941,0.0765153,0.0572729),(0.0257690,0.0765917,0.0572729),(0.0255941,0.0765153,0.0572729),(0.0255021,0.0764914,0.0572729),(0.0257690,0.0765917,0.0572729),(0.0255021,0.0764914,0.0572729),(0.0254069,0.0764770,0.0572729),(0.0257690,0.0765917,0.0572729),(0.0254069,0.0764770,0.0572729),(0.0253087,0.0764722,0.0572729),(0.0257690,0.0765917,0.0572729),(0.0253087,0.0764722,0.0572729),(0.0252116,0.0764770,0.0572729),(0.0257690,0.0765917,0.0572729),(0.0252116,0.0764770,0.0572729),(0.0251172,0.0764914,0.0572729),(0.0257690,0.0765917,0.0572729),(0.0251172,0.0764914,0.0572729),(0.0250255,0.0765153,0.0572729),(0.0257690,0.0765917,0.0572729),(0.0250255,0.0765153,0.0572729),(0.0249365,0.0765487,0.0572729),(0.0257690,0.0765917,0.0572729),(0.0249365,0.0765487,0.0572729),(0.0248501,0.0765917,0.0572729),(0.0257690,0.0765917,0.0572729),(0.0248501,0.0765917,0.0572729),(0.0247664,0.0766443,0.0572729),(0.0257690,0.0765917,0.0572729),(0.0247664,0.0766443,0.0572729),(0.0246854,0.0767064,0.0572729),(0.0257690,0.0765917,0.0572729),(0.0246854,0.0767064,0.0572729),(0.0246071,0.0767781,0.0572729),(0.0257690,0.0765917,0.0572729),(0.0246071,0.0767781,0.0572729),(0.0245274,0.0768651,0.0572729),(0.0257690,0.0765917,0.0572729),(0.0245274,0.0768651,0.0572729),(0.0244584,0.0769583,0.0572729),(0.0257690,0.0765917,0.0572729),(0.0244584,0.0769583,0.0572729),(0.0244000,0.0770577,0.0572729),(0.0257690,0.0765917,0.0572729),(0.0244000,0.0770577,0.0572729),(0.0243523,0.0771633,0.0572729),(0.0257690,0.0765917,0.0572729),(0.0243523,0.0771633,0.0572729),(0.0243151,0.0772752,0.0572729),(0.0243151,0.0772752,0.0572729),(0.0242886,0.0773933,0.0572729),(0.0242726,0.0775175,0.0572729),(0.0243151,0.0772752,0.0572729),(0.0242726,0.0775175,0.0572729),(0.0242673,0.0776481,0.0572729),(0.0243151,0.0772752,0.0572729),(0.0242673,0.0776481,0.0572729),(0.0242673,0.0776555,0.0572729),(0.0243151,0.0772752,0.0572729),(0.0242673,0.0776555,0.0572729),(0.0242673,0.0793499,0.0572729),(0.0243151,0.0772752,0.0572729),(0.0242673,0.0793499,0.0572729),(0.0242726,0.0794812,0.0572729),(0.0243151,0.0772752,0.0572729),(0.0242726,0.0794812,0.0572729),(0.0242886,0.0796063,0.0572729),(0.0243151,0.0772752,0.0572729),(0.0242886,0.0796063,0.0572729),(0.0243151,0.0797252,0.0572729),(0.0243151,0.0772752,0.0572729),(0.0243151,0.0797252,0.0572729),(0.0243523,0.0798380,0.0572729),(0.0243151,0.0772752,0.0572729),(0.0243523,0.0798380,0.0572729),(0.0244000,0.0799446,0.0572729),(0.0243151,0.0772752,0.0572729),(0.0244000,0.0799446,0.0572729),(0.0244584,0.0800450,0.0572729),(0.0243151,0.0772752,0.0572729),(0.0244584,0.0800450,0.0572729),(0.0245274,0.0801392,0.0572729),(0.0243151,0.0772752,0.0572729),(0.0245274,0.0801392,0.0572729),(0.0246071,0.0802272,0.0572729),(0.0246071,0.0802272,0.0572729),(0.0249108,0.0799309,0.0572729),(0.0248168,0.0798145,0.0572729),(0.0246071,0.0802272,0.0572729),(0.0248168,0.0798145,0.0572729),(0.0247497,0.0796782,0.0572729),(0.0246071,0.0802272,0.0572729),(0.0247497,0.0796782,0.0572729),(0.0247094,0.0795219,0.0572729),(0.0243151,0.0772752,0.0572729),(0.0246071,0.0802272,0.0572729),(0.0247094,0.0795219,0.0572729),(0.0243151,0.0772752,0.0572729),(0.0247094,0.0795219,0.0572729),(0.0246993,0.0794363,0.0572729),(0.0243151,0.0772752,0.0572729),(0.0246993,0.0794363,0.0572729),(0.0246960,0.0793456,0.0572729),(0.0243151,0.0772752,0.0572729),(0.0246960,0.0793456,0.0572729),(0.0246960,0.0776481,0.0572729),(0.0243151,0.0772752,0.0572729),(0.0246960,0.0776481,0.0572729),(0.0246993,0.0775597,0.0572729),(0.0243151,0.0772752,0.0572729),(0.0246993,0.0775597,0.0572729),(0.0247093,0.0774763,0.0572729),(0.0243151,0.0772752,0.0572729),(0.0247093,0.0774763,0.0572729),(0.0247259,0.0773978,0.0572729),(0.0243151,0.0772752,0.0572729),(0.0247259,0.0773978,0.0572729),(0.0247491,0.0773242,0.0572729),(0.0243151,0.0772752,0.0572729),(0.0247491,0.0773242,0.0572729),(0.0248156,0.0771916,0.0572729),(0.0243151,0.0772752,0.0572729),(0.0248156,0.0771916,0.0572729),(0.0249087,0.0770787,0.0572729),(0.0243151,0.0772752,0.0572729),(0.0249087,0.0770787,0.0572729),(0.0250039,0.0770000,0.0572729),(0.0243151,0.0772752,0.0572729),(0.0250039,0.0770000,0.0572729),(0.0251024,0.0769437,0.0572729),(0.0257690,0.0765917,0.0572729),(0.0243151,0.0772752,0.0572729),(0.0251024,0.0769437,0.0572729),(0.0257690,0.0765917,0.0572729),(0.0251024,0.0769437,0.0572729),(0.0252040,0.0769100,0.0572729),(0.0257690,0.0765917,0.0572729),(0.0252040,0.0769100,0.0572729),(0.0253087,0.0768988,0.0572729),(0.0257690,0.0765917,0.0572729),(0.0253087,0.0768988,0.0572729),(0.0254178,0.0769100,0.0572729),(0.0257690,0.0765917,0.0572729),(0.0254178,0.0769100,0.0572729),(0.0255207,0.0769437,0.0572729),(0.0257690,0.0765917,0.0572729),(0.0255207,0.0769437,0.0572729),(0.0256173,0.0770000,0.0572729),(0.0257690,0.0765917,0.0572729),(0.0256173,0.0770000,0.0572729),(0.0257077,0.0770787,0.0572729),(0.0257690,0.0765917,0.0572729),(0.0257077,0.0770787,0.0572729),(0.0258008,0.0771973,0.0572729),(0.0257690,0.0765917,0.0572729),(0.0258008,0.0771973,0.0572729),(0.0258673,0.0773329,0.0572729),(0.0257690,0.0765917,0.0572729),(0.0258673,0.0773329,0.0572729),(0.0259072,0.0774857,0.0572729),(0.0263427,0.0794780,0.0572729),(0.0257690,0.0765917,0.0572729),(0.0259072,0.0774857,0.0572729),(0.0263427,0.0794780,0.0572729),(0.0259072,0.0774857,0.0572729),(0.0259171,0.0775684,0.0572729),(0.0263427,0.0794780,0.0572729),(0.0259171,0.0775684,0.0572729),(0.0259204,0.0776555,0.0572729),(0.0263427,0.0794780,0.0572729),(0.0259204,0.0776555,0.0572729),(0.0259204,0.0793456,0.0572729),(0.0263427,0.0794780,0.0572729),(0.0259204,0.0793456,0.0572729),(0.0259171,0.0794353,0.0572729),(0.0263427,0.0794780,0.0572729),(0.0259171,0.0794353,0.0572729),(0.0259072,0.0795200,0.0572729),(0.0263427,0.0794780,0.0572729),(0.0259072,0.0795200,0.0572729),(0.0258905,0.0796000,0.0572729),(0.0263427,0.0794780,0.0572729),(0.0258905,0.0796000,0.0572729),(0.0258673,0.0796750,0.0572729),(0.0263427,0.0794780,0.0572729),(0.0258673,0.0796750,0.0572729),(0.0258008,0.0798106,0.0572729),(0.0263427,0.0794780,0.0572729),(0.0258008,0.0798106,0.0572729),(0.0257077,0.0799266,0.0572729),(0.0263427,0.0794780,0.0572729),(0.0257077,0.0799266,0.0572729),(0.0256165,0.0800044,0.0572729),(0.0250023,0.0800068,0.0572729),(0.0249108,0.0799309,0.0572729),(0.0246071,0.0802272,0.0572729),(0.0250992,0.0800611,0.0572729),(0.0250023,0.0800068,0.0572729),(0.0246071,0.0802272,0.0572729),(0.0252013,0.0800936,0.0572729),(0.0250992,0.0800611,0.0572729),(0.0246071,0.0802272,0.0572729),(0.0253087,0.0801044,0.0572729),(0.0252013,0.0800936,0.0572729),(0.0246071,0.0802272,0.0572729),(0.0254170,0.0800933,0.0572729),(0.0253087,0.0801044,0.0572729),(0.0246071,0.0802272,0.0572729),(0.0254170,0.0800933,0.0572729),(0.0246071,0.0802272,0.0572729),(0.0246839,0.0802979,0.0572729),(0.0254170,0.0800933,0.0572729),(0.0246839,0.0802979,0.0572729),(0.0247638,0.0803592,0.0572729),(0.0255196,0.0800600,0.0572729),(0.0254170,0.0800933,0.0572729),(0.0247638,0.0803592,0.0572729),(0.0255196,0.0800600,0.0572729),(0.0247638,0.0803592,0.0572729),(0.0248465,0.0804110,0.0572729),(0.0255196,0.0800600,0.0572729),(0.0248465,0.0804110,0.0572729),(0.0249322,0.0804534,0.0572729),(0.0256165,0.0800044,0.0572729),(0.0255196,0.0800600,0.0572729),(0.0249322,0.0804534,0.0572729),(0.0256165,0.0800044,0.0572729),(0.0249322,0.0804534,0.0572729),(0.0250209,0.0804864,0.0572729),(0.0263427,0.0794780,0.0572729),(0.0256165,0.0800044,0.0572729),(0.0250209,0.0804864,0.0572729),(0.0263427,0.0794780,0.0572729),(0.0250209,0.0804864,0.0572729),(0.0251125,0.0805100,0.0572729),(0.0263427,0.0794780,0.0572729),(0.0251125,0.0805100,0.0572729),(0.0252070,0.0805241,0.0572729),(0.0263427,0.0794780,0.0572729),(0.0252070,0.0805241,0.0572729),(0.0253045,0.0805288,0.0572729),(0.0263427,0.0794780,0.0572729),(0.0253045,0.0805288,0.0572729),(0.0254037,0.0805242,0.0572729),(0.0263427,0.0794780,0.0572729),(0.0254037,0.0805242,0.0572729),(0.0254996,0.0805103,0.0572729),(0.0263427,0.0794780,0.0572729),(0.0254996,0.0805103,0.0572729),(0.0255922,0.0804872,0.0572729),(0.0263427,0.0794780,0.0572729),(0.0255922,0.0804872,0.0572729),(0.0256815,0.0804548,0.0572729),(0.0263427,0.0794780,0.0572729),(0.0256815,0.0804548,0.0572729),(0.0257676,0.0804131,0.0572729),(0.0263427,0.0794780,0.0572729),(0.0257676,0.0804131,0.0572729),(0.0258504,0.0803621,0.0572729),(0.0263427,0.0794780,0.0572729),(0.0258504,0.0803621,0.0572729),(0.0259299,0.0803020,0.0572729),(0.0263427,0.0794780,0.0572729),(0.0259299,0.0803020,0.0572729),(0.0260062,0.0802325,0.0572729),(0.0263427,0.0794780,0.0572729),(0.0260062,0.0802325,0.0572729),(0.0260863,0.0801432,0.0572729),(0.0263427,0.0794780,0.0572729),(0.0260863,0.0801432,0.0572729),(0.0261557,0.0800477,0.0572729),(0.0263427,0.0794780,0.0572729),(0.0261557,0.0800477,0.0572729),(0.0262145,0.0799461,0.0572729),(0.0263427,0.0794780,0.0572729),(0.0262145,0.0799461,0.0572729),(0.0262626,0.0798383,0.0572729),(0.0263427,0.0794780,0.0572729),(0.0262626,0.0798383,0.0572729),(0.0262999,0.0797243,0.0572729),(0.0263427,0.0794780,0.0572729),(0.0262999,0.0797243,0.0572729),(0.0263266,0.0796042,0.0572729),(0.0332812,0.0775321,0.0572729),(0.0332759,0.0776671,0.0572729),(0.0332772,0.0777704,0.0572729),(0.0332812,0.0775321,0.0572729),(0.0332772,0.0777704,0.0572729),(0.0332811,0.0778696,0.0572729),(0.0332812,0.0775321,0.0572729),(0.0332811,0.0778696,0.0572729),(0.0332877,0.0779647,0.0572729),(0.0332812,0.0775321,0.0572729),(0.0332877,0.0779647,0.0572729),(0.0332968,0.0780558,0.0572729),(0.0332812,0.0775321,0.0572729),(0.0332968,0.0780558,0.0572729),(0.0333086,0.0781428,0.0572729),(0.0332812,0.0775321,0.0572729),(0.0333086,0.0781428,0.0572729),(0.0333230,0.0782257,0.0572729),(0.0332812,0.0775321,0.0572729),(0.0333230,0.0782257,0.0572729),(0.0333401,0.0783046,0.0572729),(0.0332812,0.0775321,0.0572729),(0.0333401,0.0783046,0.0572729),(0.0333597,0.0783794,0.0572729),(0.0332812,0.0775321,0.0572729),(0.0333597,0.0783794,0.0572729),(0.0334069,0.0785167,0.0572729),(0.0332812,0.0775321,0.0572729),(0.0334069,0.0785167,0.0572729),(0.0334646,0.0786379,0.0572729),(0.0332812,0.0775321,0.0572729),(0.0334646,0.0786379,0.0572729),(0.0335327,0.0787427,0.0572729),(0.0332812,0.0775321,0.0572729),(0.0335327,0.0787427,0.0572729),(0.0336114,0.0788313,0.0572729),(0.0332812,0.0775321,0.0572729),(0.0336114,0.0788313,0.0572729),(0.0336896,0.0789017,0.0572729),(0.0332812,0.0775321,0.0572729),(0.0336896,0.0789017,0.0572729),(0.0337704,0.0789628,0.0572729),(0.0332812,0.0775321,0.0572729),(0.0337704,0.0789628,0.0572729),(0.0338538,0.0790144,0.0572729),(0.0332812,0.0775321,0.0572729),(0.0338538,0.0790144,0.0572729),(0.0339397,0.0790567,0.0572729),(0.0332812,0.0775321,0.0572729),(0.0339397,0.0790567,0.0572729),(0.0340282,0.0790896,0.0572729),(0.0332812,0.0775321,0.0572729),(0.0340282,0.0790896,0.0572729),(0.0341192,0.0791130,0.0572729),(0.0332812,0.0775321,0.0572729),(0.0341192,0.0791130,0.0572729),(0.0342127,0.0791271,0.0572729),(0.0342127,0.0791271,0.0572729),(0.0343088,0.0791318,0.0572729),(0.0343979,0.0791283,0.0572729),(0.0342127,0.0791271,0.0572729),(0.0343979,0.0791283,0.0572729),(0.0344837,0.0791178,0.0572729),(0.0342127,0.0791271,0.0572729),(0.0344837,0.0791178,0.0572729),(0.0345662,0.0791003,0.0572729),(0.0342127,0.0791271,0.0572729),(0.0345662,0.0791003,0.0572729),(0.0346453,0.0790757,0.0572729),(0.0342127,0.0791271,0.0572729),(0.0346453,0.0790757,0.0572729),(0.0347212,0.0790442,0.0572729),(0.0342127,0.0791271,0.0572729),(0.0347212,0.0790442,0.0572729),(0.0347938,0.0790056,0.0572729),(0.0342127,0.0791271,0.0572729),(0.0347938,0.0790056,0.0572729),(0.0348630,0.0789601,0.0572729),(0.0342127,0.0791271,0.0572729),(0.0348630,0.0789601,0.0572729),(0.0349290,0.0789075,0.0572729),(0.0338175,0.0798068,0.0572729),(0.0337500,0.0796652,0.0572729),(0.0336669,0.0795716,0.0572729),(0.0338175,0.0798068,0.0572729),(0.0336669,0.0795716,0.0572729),(0.0335510,0.0795192,0.0572729),(0.0339119,0.0799266,0.0572729),(0.0338175,0.0798068,0.0572729),(0.0335510,0.0795192,0.0572729),(0.0339119,0.0799266,0.0572729),(0.0335510,0.0795192,0.0572729),(0.0334754,0.0795499,0.0572729),(0.0339119,0.0799266,0.0572729),(0.0334754,0.0795499,0.0572729),(0.0334148,0.0795956,0.0572729),(0.0340051,0.0800044,0.0572729),(0.0339119,0.0799266,0.0572729),(0.0334148,0.0795956,0.0572729),(0.0340051,0.0800044,0.0572729),(0.0334148,0.0795956,0.0572729),(0.0333383,0.0797319,0.0572729),(0.0341037,0.0800600,0.0572729),(0.0340051,0.0800044,0.0572729),(0.0333383,0.0797319,0.0572729),(0.0341037,0.0800600,0.0572729),(0.0333383,0.0797319,0.0572729),(0.0333457,0.0798039,0.0572729),(0.0341037,0.0800600,0.0572729),(0.0333457,0.0798039,0.0572729),(0.0333943,0.0799216,0.0572729),(0.0342078,0.0800933,0.0572729),(0.0341037,0.0800600,0.0572729),(0.0333943,0.0799216,0.0572729),(0.0342078,0.0800933,0.0572729),(0.0333943,0.0799216,0.0572729),(0.0334555,0.0800314,0.0572729),(0.0343173,0.0801044,0.0572729),(0.0342078,0.0800933,0.0572729),(0.0334555,0.0800314,0.0572729),(0.0343173,0.0801044,0.0572729),(0.0334555,0.0800314,0.0572729),(0.0335293,0.0801333,0.0572729),(0.0343173,0.0801044,0.0572729),(0.0335293,0.0801333,0.0572729),(0.0336156,0.0802272,0.0572729),(0.0344119,0.0800927,0.0572729),(0.0343173,0.0801044,0.0572729),(0.0336156,0.0802272,0.0572729),(0.0344119,0.0800927,0.0572729),(0.0336156,0.0802272,0.0572729),(0.0336925,0.0802979,0.0572729),(0.0344119,0.0800927,0.0572729),(0.0336925,0.0802979,0.0572729),(0.0337726,0.0803592,0.0572729),(0.0345125,0.0800576,0.0572729),(0.0344119,0.0800927,0.0572729),(0.0337726,0.0803592,0.0572729),(0.0345125,0.0800576,0.0572729),(0.0337726,0.0803592,0.0572729),(0.0338556,0.0804110,0.0572729),(0.0345125,0.0800576,0.0572729),(0.0338556,0.0804110,0.0572729),(0.0339418,0.0804534,0.0572729),(0.0346193,0.0799991,0.0572729),(0.0345125,0.0800576,0.0572729),(0.0339418,0.0804534,0.0572729),(0.0346193,0.0799991,0.0572729),(0.0339418,0.0804534,0.0572729),(0.0340311,0.0804864,0.0572729),(0.0347321,0.0799171,0.0572729),(0.0346193,0.0799991,0.0572729),(0.0340311,0.0804864,0.0572729),(0.0347321,0.0799171,0.0572729),(0.0340311,0.0804864,0.0572729),(0.0341234,0.0805100,0.0572729),(0.0347321,0.0799171,0.0572729),(0.0341234,0.0805100,0.0572729),(0.0342188,0.0805241,0.0572729),(0.0348183,0.0798191,0.0572729),(0.0347321,0.0799171,0.0572729),(0.0342188,0.0805241,0.0572729),(0.0348183,0.0798191,0.0572729),(0.0342188,0.0805241,0.0572729),(0.0343173,0.0805288,0.0572729),(0.0348183,0.0798191,0.0572729),(0.0343173,0.0805288,0.0572729),(0.0344021,0.0805243,0.0572729),(0.0348183,0.0798191,0.0572729),(0.0344021,0.0805243,0.0572729),(0.0344874,0.0805107,0.0572729),(0.0348798,0.0796912,0.0572729),(0.0348183,0.0798191,0.0572729),(0.0344874,0.0805107,0.0572729),(0.0348798,0.0796912,0.0572729),(0.0344874,0.0805107,0.0572729),(0.0345730,0.0804881,0.0572729),(0.0348798,0.0796912,0.0572729),(0.0345730,0.0804881,0.0572729),(0.0346591,0.0804563,0.0572729),(0.0348798,0.0796912,0.0572729),(0.0346591,0.0804563,0.0572729),(0.0347456,0.0804156,0.0572729),(0.0349013,0.0796160,0.0572729),(0.0348798,0.0796912,0.0572729),(0.0347456,0.0804156,0.0572729),(0.0349013,0.0796160,0.0572729),(0.0347456,0.0804156,0.0572729),(0.0348324,0.0803657,0.0572729),(0.0349167,0.0795333,0.0572729),(0.0349013,0.0796160,0.0572729),(0.0348324,0.0803657,0.0572729),(0.0349259,0.0794432,0.0572729),(0.0349167,0.0795333,0.0572729),(0.0348324,0.0803657,0.0572729),(0.0349259,0.0794432,0.0572729),(0.0348324,0.0803657,0.0572729),(0.0349197,0.0803068,0.0572729),(0.0349290,0.0793456,0.0572729),(0.0349259,0.0794432,0.0572729),(0.0349197,0.0803068,0.0572729),(0.0349290,0.0793456,0.0572729),(0.0349197,0.0803068,0.0572729),(0.0350073,0.0802389,0.0572729),(0.0349290,0.0789075,0.0572729),(0.0349290,0.0793456,0.0572729),(0.0350073,0.0802389,0.0572729),(0.0349290,0.0789075,0.0572729),(0.0350073,0.0802389,0.0572729),(0.0350892,0.0801611,0.0572729),(0.0349290,0.0789075,0.0572729),(0.0350892,0.0801611,0.0572729),(0.0351601,0.0800739,0.0572729),(0.0349290,0.0789075,0.0572729),(0.0351601,0.0800739,0.0572729),(0.0352201,0.0799772,0.0572729),(0.0349290,0.0789075,0.0572729),(0.0352201,0.0799772,0.0572729),(0.0352692,0.0798711,0.0572729),(0.0349290,0.0789075,0.0572729),(0.0352692,0.0798711,0.0572729),(0.0353074,0.0797555,0.0572729),(0.0349290,0.0789075,0.0572729),(0.0353074,0.0797555,0.0572729),(0.0353347,0.0796304,0.0572729),(0.0349290,0.0789075,0.0572729),(0.0353347,0.0796304,0.0572729),(0.0353511,0.0794959,0.0572729),(0.0349290,0.0789075,0.0572729),(0.0353511,0.0794959,0.0572729),(0.0353565,0.0793520,0.0572729),(0.0349290,0.0789075,0.0572729),(0.0353565,0.0793520,0.0572729),(0.0353565,0.0780354,0.0572729),(0.0342127,0.0791271,0.0572729),(0.0349290,0.0789075,0.0572729),(0.0353565,0.0780354,0.0572729),(0.0353565,0.0780354,0.0572729),(0.0349607,0.0780470,0.0572729),(0.0349453,0.0781700,0.0572729),(0.0353565,0.0780354,0.0572729),(0.0349453,0.0781700,0.0572729),(0.0348988,0.0782913,0.0572729),(0.0353565,0.0780354,0.0572729),(0.0348988,0.0782913,0.0572729),(0.0348214,0.0784108,0.0572729),(0.0342127,0.0791271,0.0572729),(0.0353565,0.0780354,0.0572729),(0.0348214,0.0784108,0.0572729),(0.0342127,0.0791271,0.0572729),(0.0348214,0.0784108,0.0572729),(0.0347131,0.0785286,0.0572729),(0.0342127,0.0791271,0.0572729),(0.0347131,0.0785286,0.0572729),(0.0346176,0.0786073,0.0572729),(0.0342127,0.0791271,0.0572729),(0.0346176,0.0786073,0.0572729),(0.0345183,0.0786635,0.0572729),(0.0342127,0.0791271,0.0572729),(0.0345183,0.0786635,0.0572729),(0.0344154,0.0786973,0.0572729),(0.0342127,0.0791271,0.0572729),(0.0344154,0.0786973,0.0572729),(0.0343088,0.0787085,0.0572729),(0.0342127,0.0791271,0.0572729),(0.0343088,0.0787085,0.0572729),(0.0342026,0.0786973,0.0572729),(0.0342127,0.0791271,0.0572729),(0.0342026,0.0786973,0.0572729),(0.0341000,0.0786635,0.0572729),(0.0342127,0.0791271,0.0572729),(0.0341000,0.0786635,0.0572729),(0.0340010,0.0786073,0.0572729),(0.0342127,0.0791271,0.0572729),(0.0340010,0.0786073,0.0572729),(0.0339056,0.0785286,0.0572729),(0.0342127,0.0791271,0.0572729),(0.0339056,0.0785286,0.0572729),(0.0338176,0.0783997,0.0572729),(0.0332812,0.0775321,0.0572729),(0.0342127,0.0791271,0.0572729),(0.0338176,0.0783997,0.0572729),(0.0332812,0.0775321,0.0572729),(0.0338176,0.0783997,0.0572729),(0.0337830,0.0783137,0.0572729),(0.0332812,0.0775321,0.0572729),(0.0337830,0.0783137,0.0572729),(0.0337548,0.0782132,0.0572729),(0.0332812,0.0775321,0.0572729),(0.0337548,0.0782132,0.0572729),(0.0337328,0.0780983,0.0572729),(0.0332812,0.0775321,0.0572729),(0.0337328,0.0780983,0.0572729),(0.0337171,0.0779690,0.0572729),(0.0332812,0.0775321,0.0572729),(0.0337171,0.0779690,0.0572729),(0.0337076,0.0778253,0.0572729),(0.0332812,0.0775321,0.0572729),(0.0337076,0.0778253,0.0572729),(0.0337045,0.0776671,0.0572729),(0.0332812,0.0775321,0.0572729),(0.0337045,0.0776671,0.0572729),(0.0337078,0.0775757,0.0572729),(0.0332812,0.0775321,0.0572729),(0.0337078,0.0775757,0.0572729),(0.0337179,0.0774893,0.0572729),(0.0332812,0.0775321,0.0572729),(0.0337179,0.0774893,0.0572729),(0.0337347,0.0774079,0.0572729),(0.0332812,0.0775321,0.0572729),(0.0337347,0.0774079,0.0572729),(0.0337582,0.0773316,0.0572729),(0.0332812,0.0775321,0.0572729),(0.0337582,0.0773316,0.0572729),(0.0338253,0.0771940,0.0572729),(0.0332812,0.0775321,0.0572729),(0.0338253,0.0771940,0.0572729),(0.0339193,0.0770766,0.0572729),(0.0332812,0.0775321,0.0572729),(0.0339193,0.0770766,0.0572729),(0.0340106,0.0769988,0.0572729),(0.0349598,0.0779558,0.0572729),(0.0349607,0.0780470,0.0572729),(0.0353565,0.0780354,0.0572729),(0.0349570,0.0778687,0.0572729),(0.0349598,0.0779558,0.0572729),(0.0353565,0.0780354,0.0572729),(0.0349458,0.0777067,0.0572729),(0.0349570,0.0778687,0.0572729),(0.0353565,0.0780354,0.0572729),(0.0349272,0.0775611,0.0572729),(0.0349458,0.0777067,0.0572729),(0.0353565,0.0780354,0.0572729),(0.0349012,0.0774319,0.0572729),(0.0349272,0.0775611,0.0572729),(0.0353565,0.0780354,0.0572729),(0.0348677,0.0773190,0.0572729),(0.0349012,0.0774319,0.0572729),(0.0353565,0.0780354,0.0572729),(0.0348268,0.0772225,0.0572729),(0.0348677,0.0773190,0.0572729),(0.0353565,0.0780354,0.0572729),(0.0347784,0.0771424,0.0572729),(0.0348268,0.0772225,0.0572729),(0.0353565,0.0780354,0.0572729),(0.0347784,0.0771424,0.0572729),(0.0353565,0.0780354,0.0572729),(0.0353552,0.0779200,0.0572729),(0.0347784,0.0771424,0.0572729),(0.0353552,0.0779200,0.0572729),(0.0353512,0.0778094,0.0572729),(0.0347784,0.0771424,0.0572729),(0.0353512,0.0778094,0.0572729),(0.0353445,0.0777036,0.0572729),(0.0347226,0.0770787,0.0572729),(0.0347784,0.0771424,0.0572729),(0.0353445,0.0777036,0.0572729),(0.0347226,0.0770787,0.0572729),(0.0353445,0.0777036,0.0572729),(0.0353352,0.0776027,0.0572729),(0.0347226,0.0770787,0.0572729),(0.0353352,0.0776027,0.0572729),(0.0353232,0.0775067,0.0572729),(0.0346260,0.0770000,0.0572729),(0.0347226,0.0770787,0.0572729),(0.0353232,0.0775067,0.0572729),(0.0346260,0.0770000,0.0572729),(0.0353232,0.0775067,0.0572729),(0.0353085,0.0774155,0.0572729),(0.0346260,0.0770000,0.0572729),(0.0353085,0.0774155,0.0572729),(0.0352911,0.0773292,0.0572729),(0.0345255,0.0769437,0.0572729),(0.0346260,0.0770000,0.0572729),(0.0352911,0.0773292,0.0572729),(0.0345255,0.0769437,0.0572729),(0.0352911,0.0773292,0.0572729),(0.0352711,0.0772477,0.0572729),(0.0345255,0.0769437,0.0572729),(0.0352711,0.0772477,0.0572729),(0.0352484,0.0771711,0.0572729),(0.0344212,0.0769100,0.0572729),(0.0345255,0.0769437,0.0572729),(0.0352484,0.0771711,0.0572729),(0.0344212,0.0769100,0.0572729),(0.0352484,0.0771711,0.0572729),(0.0352230,0.0770994,0.0572729),(0.0344212,0.0769100,0.0572729),(0.0352230,0.0770994,0.0572729),(0.0351643,0.0769704,0.0572729),(0.0343130,0.0768988,0.0572729),(0.0344212,0.0769100,0.0572729),(0.0351643,0.0769704,0.0572729),(0.0343130,0.0768988,0.0572729),(0.0351643,0.0769704,0.0572729),(0.0350948,0.0768608,0.0572729),(0.0343130,0.0768988,0.0572729),(0.0350948,0.0768608,0.0572729),(0.0350147,0.0767707,0.0572729),(0.0342075,0.0769099,0.0572729),(0.0343130,0.0768988,0.0572729),(0.0350147,0.0767707,0.0572729),(0.0342075,0.0769099,0.0572729),(0.0350147,0.0767707,0.0572729),(0.0349351,0.0767007,0.0572729),(0.0342075,0.0769099,0.0572729),(0.0349351,0.0767007,0.0572729),(0.0348529,0.0766401,0.0572729),(0.0341067,0.0769432,0.0572729),(0.0342075,0.0769099,0.0572729),(0.0348529,0.0766401,0.0572729),(0.0341067,0.0769432,0.0572729),(0.0348529,0.0766401,0.0572729),(0.0347681,0.0765888,0.0572729),(0.0341067,0.0769432,0.0572729),(0.0347681,0.0765888,0.0572729),(0.0346808,0.0765469,0.0572729),(0.0340106,0.0769988,0.0572729),(0.0341067,0.0769432,0.0572729),(0.0346808,0.0765469,0.0572729),(0.0340106,0.0769988,0.0572729),(0.0346808,0.0765469,0.0572729),(0.0345909,0.0765142,0.0572729),(0.0332812,0.0775321,0.0572729),(0.0340106,0.0769988,0.0572729),(0.0345909,0.0765142,0.0572729),(0.0332812,0.0775321,0.0572729),(0.0345909,0.0765142,0.0572729),(0.0344984,0.0764909,0.0572729),(0.0332812,0.0775321,0.0572729),(0.0344984,0.0764909,0.0572729),(0.0344033,0.0764769,0.0572729),(0.0332812,0.0775321,0.0572729),(0.0344033,0.0764769,0.0572729),(0.0343056,0.0764722,0.0572729),(0.0332812,0.0775321,0.0572729),(0.0343056,0.0764722,0.0572729),(0.0342104,0.0764770,0.0572729),(0.0332812,0.0775321,0.0572729),(0.0342104,0.0764770,0.0572729),(0.0341178,0.0764912,0.0572729),(0.0332812,0.0775321,0.0572729),(0.0341178,0.0764912,0.0572729),(0.0340280,0.0765150,0.0572729),(0.0332812,0.0775321,0.0572729),(0.0340280,0.0765150,0.0572729),(0.0339408,0.0765482,0.0572729),(0.0332812,0.0775321,0.0572729),(0.0339408,0.0765482,0.0572729),(0.0338562,0.0765909,0.0572729),(0.0332812,0.0775321,0.0572729),(0.0338562,0.0765909,0.0572729),(0.0337744,0.0766431,0.0572729),(0.0332812,0.0775321,0.0572729),(0.0337744,0.0766431,0.0572729),(0.0336952,0.0767048,0.0572729),(0.0332812,0.0775321,0.0572729),(0.0336952,0.0767048,0.0572729),(0.0336188,0.0767760,0.0572729),(0.0332812,0.0775321,0.0572729),(0.0336188,0.0767760,0.0572729),(0.0335384,0.0768638,0.0572729),(0.0332812,0.0775321,0.0572729),(0.0335384,0.0768638,0.0572729),(0.0334687,0.0769583,0.0572729),(0.0332812,0.0775321,0.0572729),(0.0334687,0.0769583,0.0572729),(0.0334098,0.0770596,0.0572729),(0.0332812,0.0775321,0.0572729),(0.0334098,0.0770596,0.0572729),(0.0333616,0.0771676,0.0572729),(0.0332812,0.0775321,0.0572729),(0.0333616,0.0771676,0.0572729),(0.0333241,0.0772823,0.0572729),(0.0332812,0.0775321,0.0572729),(0.0333241,0.0772823,0.0572729),(0.0332973,0.0774038,0.0572729),(0.0321657,0.0769030,0.0572729),(0.0313973,0.0802717,0.0572729),(0.0313952,0.0803203,0.0572729),(0.0321657,0.0769030,0.0572729),(0.0313952,0.0803203,0.0572729),(0.0314248,0.0804294,0.0572729),(0.0321657,0.0769030,0.0572729),(0.0314248,0.0804294,0.0572729),(0.0314812,0.0804915,0.0572729),(0.0321657,0.0769030,0.0572729),(0.0314812,0.0804915,0.0572729),(0.0315571,0.0805257,0.0572729),(0.0321657,0.0769030,0.0572729),(0.0315571,0.0805257,0.0572729),(0.0316079,0.0805288,0.0572729),(0.0321657,0.0769030,0.0572729),(0.0316079,0.0805288,0.0572729),(0.0317191,0.0804981,0.0572729),(0.0321657,0.0769030,0.0572729),(0.0317191,0.0804981,0.0572729),(0.0317804,0.0804407,0.0572729),(0.0321657,0.0769030,0.0572729),(0.0317804,0.0804407,0.0572729),(0.0318122,0.0803616,0.0572729),(0.0321657,0.0769030,0.0572729),(0.0318122,0.0803616,0.0572729),(0.0326409,0.0767358,0.0572729),(0.0307814,0.0769030,0.0572729),(0.0321657,0.0769030,0.0572729),(0.0326409,0.0767358,0.0572729),(0.0307814,0.0769030,0.0572729),(0.0326409,0.0767358,0.0572729),(0.0326451,0.0766850,0.0572729),(0.0307814,0.0769030,0.0572729),(0.0326451,0.0766850,0.0572729),(0.0325996,0.0765559,0.0572729),(0.0307814,0.0769030,0.0572729),(0.0325996,0.0765559,0.0572729),(0.0325250,0.0764963,0.0572729),(0.0307814,0.0769030,0.0572729),(0.0325250,0.0764963,0.0572729),(0.0324324,0.0764765,0.0572729),(0.0307814,0.0769030,0.0572729),(0.0324324,0.0764765,0.0572729),(0.0307814,0.0764765,0.0572729),(0.0307814,0.0769030,0.0572729),(0.0307814,0.0764765,0.0572729),(0.0306999,0.0764924,0.0572729),(0.0307814,0.0769030,0.0572729),(0.0306999,0.0764924,0.0572729),(0.0306311,0.0765400,0.0572729),(0.0307814,0.0769030,0.0572729),(0.0306311,0.0765400,0.0572729),(0.0305843,0.0766085,0.0572729),(0.0307814,0.0769030,0.0572729),(0.0305843,0.0766085,0.0572729),(0.0305686,0.0766892,0.0572729),(0.0307814,0.0769030,0.0572729),(0.0305686,0.0766892,0.0572729),(0.0305843,0.0767702,0.0572729),(0.0307814,0.0769030,0.0572729),(0.0305843,0.0767702,0.0572729),(0.0306311,0.0768395,0.0572729),(0.0307814,0.0769030,0.0572729),(0.0306311,0.0768395,0.0572729),(0.0306999,0.0768871,0.0572729),(0.0268063,0.0804984,0.0572729),(0.0268793,0.0806050,0.0572729),(0.0269859,0.0806781,0.0572729),(0.0268063,0.0804984,0.0572729),(0.0269859,0.0806781,0.0572729),(0.0271111,0.0807024,0.0572729),(0.0268063,0.0804984,0.0572729),(0.0271111,0.0807024,0.0572729),(0.0272360,0.0806781,0.0572729),(0.0268063,0.0804984,0.0572729),(0.0272360,0.0806781,0.0572729),(0.0273418,0.0806050,0.0572729),(0.0268063,0.0804984,0.0572729),(0.0273418,0.0806050,0.0572729),(0.0274148,0.0804984,0.0572729),(0.0268063,0.0804984,0.0572729),(0.0274148,0.0804984,0.0572729),(0.0274392,0.0803733,0.0572729),(0.0268063,0.0804984,0.0572729),(0.0274392,0.0803733,0.0572729),(0.0274148,0.0802481,0.0572729),(0.0268063,0.0804984,0.0572729),(0.0274148,0.0802481,0.0572729),(0.0273418,0.0801415,0.0572729),(0.0268063,0.0804984,0.0572729),(0.0273418,0.0801415,0.0572729),(0.0272360,0.0800685,0.0572729),(0.0268063,0.0804984,0.0572729),(0.0272360,0.0800685,0.0572729),(0.0271111,0.0800441,0.0572729),(0.0268063,0.0804984,0.0572729),(0.0271111,0.0800441,0.0572729),(0.0269859,0.0800685,0.0572729),(0.0268063,0.0804984,0.0572729),(0.0269859,0.0800685,0.0572729),(0.0268793,0.0801415,0.0572729),(0.0268063,0.0804984,0.0572729),(0.0268793,0.0801415,0.0572729),(0.0268063,0.0802481,0.0572729),(0.0268063,0.0804984,0.0572729),(0.0268063,0.0802481,0.0572729),(0.0267819,0.0803733,0.0572729),(0.0457443,0.0787461,0.0572729),(0.0471265,0.0805357,0.0572729),(0.0471987,0.0805976,0.0572729),(0.0457443,0.0787461,0.0572729),(0.0471987,0.0805976,0.0572729),(0.0472905,0.0806183,0.0572729),(0.0457443,0.0787461,0.0572729),(0.0472905,0.0806183,0.0572729),(0.0474228,0.0805728,0.0572729),(0.0457443,0.0787461,0.0572729),(0.0474228,0.0805728,0.0572729),(0.0474871,0.0804992,0.0572729),(0.0457443,0.0787461,0.0572729),(0.0474871,0.0804992,0.0572729),(0.0475085,0.0804034,0.0572729),(0.0457443,0.0787461,0.0572729),(0.0475085,0.0804034,0.0572729),(0.0474641,0.0802711,0.0572729),(0.0457443,0.0787461,0.0572729),(0.0474641,0.0802711,0.0572729),(0.0462883,0.0787461,0.0572729),(0.0462883,0.0787461,0.0572729),(0.0463740,0.0787461,0.0572729),(0.0464932,0.0787410,0.0572729),(0.0457443,0.0787461,0.0572729),(0.0462883,0.0787461,0.0572729),(0.0464932,0.0787410,0.0572729),(0.0448807,0.0787461,0.0572729),(0.0457443,0.0787461,0.0572729),(0.0464932,0.0787410,0.0572729),(0.0448807,0.0787461,0.0572729),(0.0464932,0.0787410,0.0572729),(0.0466070,0.0787256,0.0572729),(0.0448807,0.0787461,0.0572729),(0.0466070,0.0787256,0.0572729),(0.0467153,0.0787001,0.0572729),(0.0448807,0.0787461,0.0572729),(0.0467153,0.0787001,0.0572729),(0.0468182,0.0786643,0.0572729),(0.0448807,0.0787461,0.0572729),(0.0468182,0.0786643,0.0572729),(0.0469156,0.0786183,0.0572729),(0.0448807,0.0787461,0.0572729),(0.0469156,0.0786183,0.0572729),(0.0470076,0.0785621,0.0572729),(0.0448807,0.0787461,0.0572729),(0.0470076,0.0785621,0.0572729),(0.0470941,0.0784957,0.0572729),(0.0448807,0.0787461,0.0572729),(0.0470941,0.0784957,0.0572729),(0.0471751,0.0784190,0.0572729),(0.0448807,0.0787461,0.0572729),(0.0471751,0.0784190,0.0572729),(0.0472515,0.0783293,0.0572729),(0.0448807,0.0787461,0.0572729),(0.0472515,0.0783293,0.0572729),(0.0473177,0.0782369,0.0572729),(0.0448807,0.0787461,0.0572729),(0.0473177,0.0782369,0.0572729),(0.0473738,0.0781417,0.0572729),(0.0473738,0.0781417,0.0572729),(0.0474196,0.0780439,0.0572729),(0.0470241,0.0778946,0.0572729),(0.0473738,0.0781417,0.0572729),(0.0470241,0.0778946,0.0572729),(0.0469596,0.0780123,0.0572729),(0.0473738,0.0781417,0.0572729),(0.0469596,0.0780123,0.0572729),(0.0468693,0.0781185,0.0572729),(0.0473738,0.0781417,0.0572729),(0.0468693,0.0781185,0.0572729),(0.0467593,0.0782065,0.0572729),(0.0473738,0.0781417,0.0572729),(0.0467593,0.0782065,0.0572729),(0.0466402,0.0782693,0.0572729),(0.0473738,0.0781417,0.0572729),(0.0466402,0.0782693,0.0572729),(0.0465117,0.0783070,0.0572729),(0.0448807,0.0787461,0.0572729),(0.0473738,0.0781417,0.0572729),(0.0465117,0.0783070,0.0572729),(0.0448807,0.0787461,0.0572729),(0.0465117,0.0783070,0.0572729),(0.0463740,0.0783196,0.0572729),(0.0448807,0.0787461,0.0572729),(0.0463740,0.0783196,0.0572729),(0.0448807,0.0783196,0.0572729),(0.0470628,0.0777657,0.0572729),(0.0470241,0.0778946,0.0572729),(0.0474196,0.0780439,0.0572729),(0.0470757,0.0776253,0.0572729),(0.0470628,0.0777657,0.0572729),(0.0474196,0.0780439,0.0572729),(0.0470628,0.0774863,0.0572729),(0.0470757,0.0776253,0.0572729),(0.0474196,0.0780439,0.0572729),(0.0470241,0.0773581,0.0572729),(0.0470628,0.0774863,0.0572729),(0.0474196,0.0780439,0.0572729),(0.0469596,0.0772407,0.0572729),(0.0470241,0.0773581,0.0572729),(0.0474196,0.0780439,0.0572729),(0.0469596,0.0772407,0.0572729),(0.0474196,0.0780439,0.0572729),(0.0474553,0.0779433,0.0572729),(0.0469596,0.0772407,0.0572729),(0.0474553,0.0779433,0.0572729),(0.0474807,0.0778400,0.0572729),(0.0468693,0.0771342,0.0572729),(0.0469596,0.0772407,0.0572729),(0.0474807,0.0778400,0.0572729),(0.0468693,0.0771342,0.0572729),(0.0474807,0.0778400,0.0572729),(0.0474960,0.0777340,0.0572729),(0.0468693,0.0771342,0.0572729),(0.0474960,0.0777340,0.0572729),(0.0475011,0.0776253,0.0572729),(0.0467621,0.0770463,0.0572729),(0.0468693,0.0771342,0.0572729),(0.0475011,0.0776253,0.0572729),(0.0467621,0.0770463,0.0572729),(0.0475011,0.0776253,0.0572729),(0.0474960,0.0775127,0.0572729),(0.0467621,0.0770463,0.0572729),(0.0474960,0.0775127,0.0572729),(0.0474807,0.0774040,0.0572729),(0.0466449,0.0769834,0.0572729),(0.0467621,0.0770463,0.0572729),(0.0474807,0.0774040,0.0572729),(0.0466449,0.0769834,0.0572729),(0.0474807,0.0774040,0.0572729),(0.0474553,0.0772992,0.0572729),(0.0466449,0.0769834,0.0572729),(0.0474553,0.0772992,0.0572729),(0.0474196,0.0771983,0.0572729),(0.0465176,0.0769457,0.0572729),(0.0466449,0.0769834,0.0572729),(0.0474196,0.0771983,0.0572729),(0.0465176,0.0769457,0.0572729),(0.0474196,0.0771983,0.0572729),(0.0473738,0.0771013,0.0572729),(0.0465176,0.0769457,0.0572729),(0.0473738,0.0771013,0.0572729),(0.0473177,0.0770082,0.0572729),(0.0463803,0.0769331,0.0572729),(0.0465176,0.0769457,0.0572729),(0.0473177,0.0770082,0.0572729),(0.0463803,0.0769331,0.0572729),(0.0473177,0.0770082,0.0572729),(0.0472515,0.0769190,0.0572729),(0.0448807,0.0769331,0.0572729),(0.0463803,0.0769331,0.0572729),(0.0472515,0.0769190,0.0572729),(0.0448807,0.0769331,0.0572729),(0.0472515,0.0769190,0.0572729),(0.0471751,0.0768337,0.0572729),(0.0448807,0.0769331,0.0572729),(0.0471751,0.0768337,0.0572729),(0.0470881,0.0767555,0.0572729),(0.0448807,0.0769331,0.0572729),(0.0470881,0.0767555,0.0572729),(0.0469973,0.0766878,0.0572729),(0.0448807,0.0769331,0.0572729),(0.0469973,0.0766878,0.0572729),(0.0469027,0.0766305,0.0572729),(0.0448807,0.0769331,0.0572729),(0.0469027,0.0766305,0.0572729),(0.0468045,0.0765836,0.0572729),(0.0448807,0.0769331,0.0572729),(0.0468045,0.0765836,0.0572729),(0.0467024,0.0765472,0.0572729),(0.0448807,0.0769331,0.0572729),(0.0467024,0.0765472,0.0572729),(0.0465967,0.0765211,0.0572729),(0.0448807,0.0769331,0.0572729),(0.0465967,0.0765211,0.0572729),(0.0464872,0.0765055,0.0572729),(0.0448807,0.0769331,0.0572729),(0.0464872,0.0765055,0.0572729),(0.0463740,0.0765003,0.0572729),(0.0448807,0.0769331,0.0572729),(0.0463740,0.0765003,0.0572729),(0.0446679,0.0765003,0.0572729),(0.0448807,0.0783196,0.0572729),(0.0448807,0.0769331,0.0572729),(0.0446679,0.0765003,0.0572729),(0.0448807,0.0787461,0.0572729),(0.0448807,0.0783196,0.0572729),(0.0446679,0.0765003,0.0572729),(0.0448807,0.0787461,0.0572729),(0.0446679,0.0765003,0.0572729),(0.0445820,0.0765170,0.0572729),(0.0448807,0.0787461,0.0572729),(0.0445820,0.0765170,0.0572729),(0.0445103,0.0765670,0.0572729),(0.0448807,0.0787461,0.0572729),(0.0445103,0.0765670,0.0572729),(0.0444682,0.0766413,0.0572729),(0.0448807,0.0787461,0.0572729),(0.0444682,0.0766413,0.0572729),(0.0444542,0.0767204,0.0572729),(0.0448807,0.0787461,0.0572729),(0.0444542,0.0767204,0.0572729),(0.0444542,0.0803473,0.0572729),(0.0448807,0.0787461,0.0572729),(0.0444542,0.0803473,0.0572729),(0.0444771,0.0804307,0.0572729),(0.0448807,0.0787461,0.0572729),(0.0444771,0.0804307,0.0572729),(0.0445203,0.0804902,0.0572729),(0.0448807,0.0787461,0.0572729),(0.0445203,0.0804902,0.0572729),(0.0446679,0.0805378,0.0572729),(0.0448807,0.0787461,0.0572729),(0.0446679,0.0805378,0.0572729),(0.0447420,0.0805259,0.0572729),(0.0448807,0.0787461,0.0572729),(0.0447420,0.0805259,0.0572729),(0.0448021,0.0804902,0.0572729),(0.0448807,0.0787461,0.0572729),(0.0448021,0.0804902,0.0572729),(0.0448807,0.0803473,0.0572729),(0.0434921,0.0787408,0.0572729),(0.0434900,0.0803473,0.0572729),(0.0435062,0.0804294,0.0572729),(0.0434921,0.0787408,0.0572729),(0.0435062,0.0804294,0.0572729),(0.0435546,0.0804976,0.0572729),(0.0434921,0.0787408,0.0572729),(0.0435546,0.0804976,0.0572729),(0.0436234,0.0805437,0.0572729),(0.0434921,0.0787408,0.0572729),(0.0436234,0.0805437,0.0572729),(0.0437006,0.0805590,0.0572729),(0.0434921,0.0787408,0.0572729),(0.0437006,0.0805590,0.0572729),(0.0437834,0.0805437,0.0572729),(0.0434921,0.0787408,0.0572729),(0.0437834,0.0805437,0.0572729),(0.0438520,0.0804976,0.0572729),(0.0434921,0.0787408,0.0572729),(0.0438520,0.0804976,0.0572729),(0.0438980,0.0804294,0.0572729),(0.0434921,0.0787408,0.0572729),(0.0438980,0.0804294,0.0572729),(0.0439134,0.0803473,0.0572729),(0.0434921,0.0787408,0.0572729),(0.0439134,0.0803473,0.0572729),(0.0439134,0.0767204,0.0572729),(0.0434921,0.0787408,0.0572729),(0.0439134,0.0767204,0.0572729),(0.0438980,0.0766389,0.0572729),(0.0434921,0.0787408,0.0572729),(0.0438980,0.0766389,0.0572729),(0.0438520,0.0765701,0.0572729),(0.0434921,0.0787408,0.0572729),(0.0438520,0.0765701,0.0572729),(0.0437845,0.0765225,0.0572729),(0.0434921,0.0787408,0.0572729),(0.0437845,0.0765225,0.0572729),(0.0437049,0.0765066,0.0572729),(0.0434921,0.0787408,0.0572729),(0.0437049,0.0765066,0.0572729),(0.0436228,0.0765230,0.0572729),(0.0434921,0.0787408,0.0572729),(0.0436228,0.0765230,0.0572729),(0.0435525,0.0765723,0.0572729),(0.0434921,0.0787408,0.0572729),(0.0435525,0.0765723,0.0572729),(0.0435056,0.0766368,0.0572729),(0.0434921,0.0787408,0.0572729),(0.0435056,0.0766368,0.0572729),(0.0434900,0.0767204,0.0572729),(0.0434921,0.0787408,0.0572729),(0.0434900,0.0767204,0.0572729),(0.0434900,0.0783196,0.0572729),(0.0412908,0.0787408,0.0572729),(0.0434921,0.0787408,0.0572729),(0.0434900,0.0783196,0.0572729),(0.0412908,0.0787408,0.0572729),(0.0434900,0.0783196,0.0572729),(0.0412972,0.0783196,0.0572729),(0.0412908,0.0787408,0.0572729),(0.0412972,0.0783196,0.0572729),(0.0412972,0.0767204,0.0572729),(0.0412908,0.0787408,0.0572729),(0.0412972,0.0767204,0.0572729),(0.0412808,0.0766389,0.0572729),(0.0412908,0.0787408,0.0572729),(0.0412808,0.0766389,0.0572729),(0.0412315,0.0765701,0.0572729),(0.0412908,0.0787408,0.0572729),(0.0412315,0.0765701,0.0572729),(0.0411620,0.0765225,0.0572729),(0.0412908,0.0787408,0.0572729),(0.0411620,0.0765225,0.0572729),(0.0410844,0.0765066,0.0572729),(0.0412908,0.0787408,0.0572729),(0.0410844,0.0765066,0.0572729),(0.0410021,0.0765225,0.0572729),(0.0412908,0.0787408,0.0572729),(0.0410021,0.0765225,0.0572729),(0.0409310,0.0765701,0.0572729),(0.0412908,0.0787408,0.0572729),(0.0409310,0.0765701,0.0572729),(0.0408826,0.0766389,0.0572729),(0.0412908,0.0787408,0.0572729),(0.0408826,0.0766389,0.0572729),(0.0408664,0.0767204,0.0572729),(0.0412908,0.0787408,0.0572729),(0.0408664,0.0767204,0.0572729),(0.0408664,0.0803473,0.0572729),(0.0412908,0.0787408,0.0572729),(0.0408664,0.0803473,0.0572729),(0.0408820,0.0804294,0.0572729),(0.0412908,0.0787408,0.0572729),(0.0408820,0.0804294,0.0572729),(0.0409289,0.0804976,0.0572729),(0.0412908,0.0787408,0.0572729),(0.0409289,0.0804976,0.0572729),(0.0409984,0.0805437,0.0572729),(0.0412908,0.0787408,0.0572729),(0.0409984,0.0805437,0.0572729),(0.0410802,0.0805590,0.0572729),(0.0412908,0.0787408,0.0572729),(0.0410802,0.0805590,0.0572729),(0.0411580,0.0805439,0.0572729),(0.0412908,0.0787408,0.0572729),(0.0411580,0.0805439,0.0572729),(0.0412305,0.0804987,0.0572729),(0.0412908,0.0787408,0.0572729),(0.0412305,0.0804987,0.0572729),(0.0412757,0.0804338,0.0572729),(0.0412908,0.0787408,0.0572729),(0.0412757,0.0804338,0.0572729),(0.0412908,0.0803473,0.0572729),(0.0484727,0.0790286,0.0572729),(0.0484727,0.0767204,0.0572729),(0.0484573,0.0766389,0.0572729),(0.0484727,0.0790286,0.0572729),(0.0484573,0.0766389,0.0572729),(0.0484113,0.0765701,0.0572729),(0.0484727,0.0790286,0.0572729),(0.0484113,0.0765701,0.0572729),(0.0483438,0.0765225,0.0572729),(0.0484776,0.0791411,0.0572729),(0.0484727,0.0790286,0.0572729),(0.0483438,0.0765225,0.0572729),(0.0484776,0.0791411,0.0572729),(0.0483438,0.0765225,0.0572729),(0.0482642,0.0765066,0.0572729),(0.0484776,0.0791411,0.0572729),(0.0482642,0.0765066,0.0572729),(0.0481808,0.0765230,0.0572729),(0.0484776,0.0791411,0.0572729),(0.0481808,0.0765230,0.0572729),(0.0481065,0.0765723,0.0572729),(0.0484776,0.0791411,0.0572729),(0.0481065,0.0765723,0.0572729),(0.0480612,0.0766368,0.0572729),(0.0484776,0.0791411,0.0572729),(0.0480612,0.0766368,0.0572729),(0.0480461,0.0767204,0.0572729),(0.0484776,0.0791411,0.0572729),(0.0480461,0.0767204,0.0572729),(0.0480461,0.0790286,0.0572729),(0.0484776,0.0791411,0.0572729),(0.0480461,0.0790286,0.0572729),(0.0480531,0.0791837,0.0572729),(0.0484776,0.0791411,0.0572729),(0.0480531,0.0791837,0.0572729),(0.0480739,0.0793331,0.0572729),(0.0484776,0.0791411,0.0572729),(0.0480739,0.0793331,0.0572729),(0.0481087,0.0794768,0.0572729),(0.0484776,0.0791411,0.0572729),(0.0481087,0.0794768,0.0572729),(0.0481573,0.0796147,0.0572729),(0.0484776,0.0791411,0.0572729),(0.0481573,0.0796147,0.0572729),(0.0482198,0.0797469,0.0572729),(0.0484776,0.0791411,0.0572729),(0.0482198,0.0797469,0.0572729),(0.0482962,0.0798734,0.0572729),(0.0484776,0.0791411,0.0572729),(0.0482962,0.0798734,0.0572729),(0.0483865,0.0799942,0.0572729),(0.0484776,0.0791411,0.0572729),(0.0483865,0.0799942,0.0572729),(0.0484906,0.0801092,0.0572729),(0.0484776,0.0791411,0.0572729),(0.0484906,0.0801092,0.0572729),(0.0486032,0.0802146,0.0572729),(0.0486032,0.0802146,0.0572729),(0.0487219,0.0803060,0.0572729),(0.0488466,0.0803833,0.0572729),(0.0486032,0.0802146,0.0572729),(0.0488466,0.0803833,0.0572729),(0.0489775,0.0804465,0.0572729),(0.0486032,0.0802146,0.0572729),(0.0489775,0.0804465,0.0572729),(0.0491144,0.0804957,0.0572729),(0.0486032,0.0802146,0.0572729),(0.0491144,0.0804957,0.0572729),(0.0492574,0.0805309,0.0572729),(0.0486032,0.0802146,0.0572729),(0.0492574,0.0805309,0.0572729),(0.0494065,0.0805520,0.0572729),(0.0486032,0.0802146,0.0572729),(0.0494065,0.0805520,0.0572729),(0.0495617,0.0805590,0.0572729),(0.0486032,0.0802146,0.0572729),(0.0495617,0.0805590,0.0572729),(0.0497171,0.0805520,0.0572729),(0.0486032,0.0802146,0.0572729),(0.0497171,0.0805520,0.0572729),(0.0498668,0.0805309,0.0572729),(0.0486032,0.0802146,0.0572729),(0.0498668,0.0805309,0.0572729),(0.0500109,0.0804957,0.0572729),(0.0486032,0.0802146,0.0572729),(0.0500109,0.0804957,0.0572729),(0.0501493,0.0804465,0.0572729),(0.0486032,0.0802146,0.0572729),(0.0501493,0.0804465,0.0572729),(0.0502821,0.0803833,0.0572729),(0.0486032,0.0802146,0.0572729),(0.0502821,0.0803833,0.0572729),(0.0504092,0.0803060,0.0572729),(0.0486032,0.0802146,0.0572729),(0.0504092,0.0803060,0.0572729),(0.0505307,0.0802146,0.0572729),(0.0486032,0.0802146,0.0572729),(0.0505307,0.0802146,0.0572729),(0.0506465,0.0801092,0.0572729),(0.0506465,0.0801092,0.0572729),(0.0507511,0.0799955,0.0572729),(0.0508419,0.0798756,0.0572729),(0.0506465,0.0801092,0.0572729),(0.0508419,0.0798756,0.0572729),(0.0509186,0.0797494,0.0572729),(0.0506465,0.0801092,0.0572729),(0.0509186,0.0797494,0.0572729),(0.0509814,0.0796171,0.0572729),(0.0506465,0.0801092,0.0572729),(0.0509814,0.0796171,0.0572729),(0.0510303,0.0794785,0.0572729),(0.0506465,0.0801092,0.0572729),(0.0510303,0.0794785,0.0572729),(0.0510652,0.0793337,0.0572729),(0.0506465,0.0801092,0.0572729),(0.0510652,0.0793337,0.0572729),(0.0510861,0.0791827,0.0572729),(0.0506465,0.0801092,0.0572729),(0.0510861,0.0791827,0.0572729),(0.0510931,0.0790255,0.0572729),(0.0506465,0.0801092,0.0572729),(0.0510931,0.0790255,0.0572729),(0.0510931,0.0767204,0.0572729),(0.0506465,0.0801092,0.0572729),(0.0510931,0.0767204,0.0572729),(0.0510777,0.0766389,0.0572729),(0.0506465,0.0801092,0.0572729),(0.0510777,0.0766389,0.0572729),(0.0510317,0.0765701,0.0572729),(0.0506465,0.0801092,0.0572729),(0.0510317,0.0765701,0.0572729),(0.0509634,0.0765225,0.0572729),(0.0506465,0.0801092,0.0572729),(0.0509634,0.0765225,0.0572729),(0.0508814,0.0765066,0.0572729),(0.0506465,0.0801092,0.0572729),(0.0508814,0.0765066,0.0572729),(0.0507994,0.0765225,0.0572729),(0.0506465,0.0801092,0.0572729),(0.0507994,0.0765225,0.0572729),(0.0507311,0.0765701,0.0572729),(0.0507311,0.0765701,0.0572729),(0.0506851,0.0766389,0.0572729),(0.0506698,0.0767204,0.0572729),(0.0507311,0.0765701,0.0572729),(0.0506698,0.0767204,0.0572729),(0.0506698,0.0790255,0.0572729),(0.0506465,0.0801092,0.0572729),(0.0507311,0.0765701,0.0572729),(0.0506698,0.0790255,0.0572729),(0.0506465,0.0801092,0.0572729),(0.0506698,0.0790255,0.0572729),(0.0506646,0.0791375,0.0572729),(0.0506465,0.0801092,0.0572729),(0.0506646,0.0791375,0.0572729),(0.0506493,0.0792455,0.0572729),(0.0506465,0.0801092,0.0572729),(0.0506493,0.0792455,0.0572729),(0.0506238,0.0793494,0.0572729),(0.0506465,0.0801092,0.0572729),(0.0506238,0.0793494,0.0572729),(0.0505880,0.0794493,0.0572729),(0.0506465,0.0801092,0.0572729),(0.0505880,0.0794493,0.0572729),(0.0505420,0.0795452,0.0572729),(0.0506465,0.0801092,0.0572729),(0.0505420,0.0795452,0.0572729),(0.0504858,0.0796371,0.0572729),(0.0506465,0.0801092,0.0572729),(0.0504858,0.0796371,0.0572729),(0.0504194,0.0797249,0.0572729),(0.0506465,0.0801092,0.0572729),(0.0504194,0.0797249,0.0572729),(0.0503427,0.0798086,0.0572729),(0.0506465,0.0801092,0.0572729),(0.0503427,0.0798086,0.0572729),(0.0502609,0.0798850,0.0572729),(0.0506465,0.0801092,0.0572729),(0.0502609,0.0798850,0.0572729),(0.0501745,0.0799512,0.0572729),(0.0506465,0.0801092,0.0572729),(0.0501745,0.0799512,0.0572729),(0.0500837,0.0800073,0.0572729),(0.0506465,0.0801092,0.0572729),(0.0500837,0.0800073,0.0572729),(0.0499885,0.0800531,0.0572729),(0.0506465,0.0801092,0.0572729),(0.0499885,0.0800531,0.0572729),(0.0498887,0.0800888,0.0572729),(0.0506465,0.0801092,0.0572729),(0.0498887,0.0800888,0.0572729),(0.0497845,0.0801142,0.0572729),(0.0506465,0.0801092,0.0572729),(0.0497845,0.0801142,0.0572729),(0.0496759,0.0801295,0.0572729),(0.0486032,0.0802146,0.0572729),(0.0506465,0.0801092,0.0572729),(0.0496759,0.0801295,0.0572729),(0.0486032,0.0802146,0.0572729),(0.0496759,0.0801295,0.0572729),(0.0495627,0.0801346,0.0572729),(0.0486032,0.0802146,0.0572729),(0.0495627,0.0801346,0.0572729),(0.0494516,0.0801295,0.0572729),(0.0486032,0.0802146,0.0572729),(0.0494516,0.0801295,0.0572729),(0.0493447,0.0801144,0.0572729),(0.0486032,0.0802146,0.0572729),(0.0493447,0.0801144,0.0572729),(0.0492419,0.0800891,0.0572729),(0.0486032,0.0802146,0.0572729),(0.0492419,0.0800891,0.0572729),(0.0491434,0.0800536,0.0572729),(0.0486032,0.0802146,0.0572729),(0.0491434,0.0800536,0.0572729),(0.0490490,0.0800081,0.0572729),(0.0486032,0.0802146,0.0572729),(0.0490490,0.0800081,0.0572729),(0.0489589,0.0799524,0.0572729),(0.0486032,0.0802146,0.0572729),(0.0489589,0.0799524,0.0572729),(0.0488730,0.0798867,0.0572729),(0.0486032,0.0802146,0.0572729),(0.0488730,0.0798867,0.0572729),(0.0487912,0.0798108,0.0572729),(0.0486032,0.0802146,0.0572729),(0.0487912,0.0798108,0.0572729),(0.0487166,0.0797277,0.0572729),(0.0486032,0.0802146,0.0572729),(0.0487166,0.0797277,0.0572729),(0.0486518,0.0796404,0.0572729),(0.0486032,0.0802146,0.0572729),(0.0486518,0.0796404,0.0572729),(0.0485971,0.0795490,0.0572729),(0.0486032,0.0802146,0.0572729),(0.0485971,0.0795490,0.0572729),(0.0485523,0.0794533,0.0572729),(0.0486032,0.0802146,0.0572729),(0.0485523,0.0794533,0.0572729),(0.0485175,0.0793534,0.0572729),(0.0486032,0.0802146,0.0572729),(0.0485175,0.0793534,0.0572729),(0.0484926,0.0792494,0.0572729),(0.0484776,0.0791411,0.0572729),(0.0486032,0.0802146,0.0572729),(0.0484926,0.0792494,0.0572729),(0.0402703,0.0768800,0.0572729),(0.0403235,0.0767204,0.0572729),(0.0403084,0.0766405,0.0572729),(0.0402703,0.0768800,0.0572729),(0.0403084,0.0766405,0.0572729),(0.0402632,0.0765723,0.0572729),(0.0402703,0.0768800,0.0572729),(0.0402632,0.0765723,0.0572729),(0.0401949,0.0765230,0.0572729),(0.0402703,0.0768800,0.0572729),(0.0401949,0.0765230,0.0572729),(0.0401108,0.0765066,0.0572729),(0.0402703,0.0768800,0.0572729),(0.0401108,0.0765066,0.0572729),(0.0374903,0.0765066,0.0572729),(0.0402703,0.0768800,0.0572729),(0.0374903,0.0765066,0.0572729),(0.0373972,0.0765270,0.0572729),(0.0402703,0.0768800,0.0572729),(0.0373972,0.0765270,0.0572729),(0.0373231,0.0765881,0.0572729),(0.0402703,0.0768800,0.0572729),(0.0373231,0.0765881,0.0572729),(0.0372765,0.0767204,0.0572729),(0.0402703,0.0768800,0.0572729),(0.0372765,0.0767204,0.0572729),(0.0372765,0.0767363,0.0572729),(0.0402703,0.0768800,0.0572729),(0.0372765,0.0767363,0.0572729),(0.0373369,0.0768654,0.0572729),(0.0402703,0.0768800,0.0572729),(0.0373369,0.0768654,0.0572729),(0.0374080,0.0769162,0.0572729),(0.0402703,0.0768800,0.0572729),(0.0374080,0.0769162,0.0572729),(0.0374903,0.0769331,0.0572729),(0.0402703,0.0768800,0.0572729),(0.0374903,0.0769331,0.0572729),(0.0385899,0.0769331,0.0572729),(0.0385899,0.0769331,0.0572729),(0.0385899,0.0803473,0.0572729),(0.0386053,0.0804294,0.0572729),(0.0385899,0.0769331,0.0572729),(0.0386053,0.0804294,0.0572729),(0.0386513,0.0804976,0.0572729),(0.0385899,0.0769331,0.0572729),(0.0386513,0.0804976,0.0572729),(0.0387196,0.0805437,0.0572729),(0.0385899,0.0769331,0.0572729),(0.0387196,0.0805437,0.0572729),(0.0388016,0.0805590,0.0572729),(0.0385899,0.0769331,0.0572729),(0.0388016,0.0805590,0.0572729),(0.0388836,0.0805437,0.0572729),(0.0385899,0.0769331,0.0572729),(0.0388836,0.0805437,0.0572729),(0.0389519,0.0804976,0.0572729),(0.0385899,0.0769331,0.0572729),(0.0389519,0.0804976,0.0572729),(0.0389979,0.0804294,0.0572729),(0.0385899,0.0769331,0.0572729),(0.0389979,0.0804294,0.0572729),(0.0390133,0.0803473,0.0572729),(0.0385899,0.0769331,0.0572729),(0.0390133,0.0803473,0.0572729),(0.0390133,0.0769331,0.0572729),(0.0402703,0.0768800,0.0572729),(0.0385899,0.0769331,0.0572729),(0.0390133,0.0769331,0.0572729),(0.0402703,0.0768800,0.0572729),(0.0390133,0.0769331,0.0572729),(0.0401108,0.0769331,0.0572729),(0.0402703,0.0768800,0.0572729),(0.0401108,0.0769331,0.0572729),(0.0402038,0.0769199,0.0572729)));
#6818=COMPLEX_TRIANGULATED_SURFACE_SET('surface set',#6817,6057,(),(),(),((1,2,3),(4,5,6),(7,8,9),(10,11,12),(13,14,15),(16,17,18),(19,20,21),(22,23,24),(25,26,27),(28,29,30),(31,32,33),(34,35,36),(37,38,39),(40,41,42),(43,44,45),(46,47,48),(49,50,51),(52,53,54),(55,56,57),(58,59,60),(61,62,63),(64,65,66),(67,68,69),(70,71,72),(73,74,75),(76,77,78),(79,80,81),(82,83,84),(85,86,87),(88,89,90),(91,92,93),(94,95,96),(97,98,99),(100,101,102),(103,104,105),(106,107,108),(109,110,111),(112,113,114),(115,116,117),(118,119,120),(121,122,123),(124,125,126),(127,128,129),(130,131,132),(133,134,135),(136,137,138),(139,140,141),(142,143,144),(145,146,147),(148,149,150),(151,152,153),(154,155,156),(157,158,159),(160,161,162),(163,164,165),(166,167,168),(169,170,171),(172,173,174),(175,176,177),(178,179,180),(181,182,183),(184,185,186),(187,188,189),(190,191,192),(193,194,195),(196,197,198),(199,200,201),(202,203,204),(205,206,207),(208,209,210),(211,212,213),(214,215,216),(217,218,219),(220,221,222),(223,224,225),(226,227,228),(229,230,231),(232,233,234),(235,236,237),(238,239,240),(241,242,243),(244,245,246),(247,248,249),(250,251,252),(253,254,255),(256,257,258),(259,260,261),(262,263,264),(265,266,267),(268,269,270),(271,272,273),(274,275,276),(277,278,279),(280,281,282),(283,284,285),(286,287,288),(289,290,291),(292,293,294),(295,296,297),(298,299,300),(301,302,303),(304,305,306),(307,308,309),(310,311,312),(313,314,315),(316,317,318),(319,320,321),(322,323,324),(325,326,327),(328,329,330),(331,332,333),(334,335,336),(337,338,339),(340,341,342),(343,344,345),(346,347,348),(349,350,351),(352,353,354),(355,356,357),(358,359,360),(361,362,363),(364,365,366),(367,368,369),(370,371,372),(373,374,375),(376,377,378),(379,380,381),(382,383,384),(385,386,387),(388,389,390),(391,392,393),(394,395,396),(397,398,399),(400,401,402),(403,404,405),(406,407,408),(409,410,411),(412,413,414),(415,416,417),(418,419,420),(421,422,423),(424,425,426),(427,428,429),(430,431,432),(433,434,435),(436,437,438),(439,440,441),(442,443,444),(445,446,447),(448,449,450),(451,452,453),(454,455,456),(457,458,459),(460,461,462),(463,464,465),(466,467,468),(469,470,471),(472,473,474),(475,476,477),(478,479,480),(481,482,483),(484,485,486),(487,488,489),(490,491,492),(493,494,495),(496,497,498),(499,500,501),(502,503,504),(505,506,507),(508,509,510),(511,512,513),(514,515,516),(517,518,519),(520,521,522),(523,524,525),(526,527,528),(529,530,531),(532,533,534),(535,536,537),(538,539,540),(541,542,543),(544,545,546),(547,548,549),(550,551,552),(553,554,555),(556,557,558),(559,560,561),(562,563,564),(565,566,567),(568,569,570),(571,572,573),(574,575,576),(577,578,579),(580,581,582),(583,584,585),(586,587,588),(589,590,591),(592,593,594),(595,596,597),(598,599,600),(601,602,603),(604,605,606),(607,608,609),(610,611,612),(613,614,615),(616,617,618),(619,620,621),(622,623,624),(625,626,627),(628,629,630),(631,632,633),(634,635,636),(637,638,639),(640,641,642),(643,644,645),(646,647,648),(649,650,651),(652,653,654),(655,656,657),(658,659,660),(661,662,663),(664,665,666),(667,668,669),(670,671,672),(673,674,675),(676,677,678),(679,680,681),(682,683,684),(685,686,687),(688,689,690),(691,692,693),(694,695,696),(697,698,699),(700,701,702),(703,704,705),(706,707,708),(709,710,711),(712,713,714),(715,716,717),(718,719,720),(721,722,723),(724,725,726),(727,728,729),(730,731,732),(733,734,735),(736,737,738),(739,740,741),(742,743,744),(745,746,747),(748,749,750),(751,752,753),(754,755,756),(757,758,759),(760,761,762),(763,764,765),(766,767,768),(769,770,771),(772,773,774),(775,776,777),(778,779,780),(781,782,783),(784,785,786),(787,788,789),(790,791,792),(793,794,795),(796,797,798),(799,800,801),(802,803,804),(805,806,807),(808,809,810),(811,812,813),(814,815,816),(817,818,819),(820,821,822),(823,824,825),(826,827,828),(829,830,831),(832,833,834),(835,836,837),(838,839,840),(841,842,843),(844,845,846),(847,848,849),(850,851,852),(853,854,855),(856,857,858),(859,860,861),(862,863,864),(865,866,867),(868,869,870),(871,872,873),(874,875,876),(877,878,879),(880,881,882),(883,884,885),(886,887,888),(889,890,891),(892,893,894),(895,896,897),(898,899,900),(901,902,903),(904,905,906),(907,908,909),(910,911,912),(913,914,915),(916,917,918),(919,920,921),(922,923,924),(925,926,927),(928,929,930),(931,932,933),(934,935,936),(937,938,939),(940,941,942),(943,944,945),(946,947,948),(949,950,951),(952,953,954),(955,956,957),(958,959,960),(961,962,963),(964,965,966),(967,968,969),(970,971,972),(973,974,975),(976,977,978),(979,980,981),(982,983,984),(985,986,987),(988,989,990),(991,992,993),(994,995,996),(997,998,999),(1000,1001,1002),(1003,1004,1005),(1006,1007,1008),(1009,1010,1011),(1012,1013,1014),(1015,1016,1017),(1018,1019,1020),(1021,1022,1023),(1024,1025,1026),(1027,1028,1029),(1030,1031,1032),(1033,1034,1035),(1036,1037,1038),(1039,1040,1041),(1042,1043,1044),(1045,1046,1047),(1048,1049,1050),(1051,1052,1053),(1054,1055,1056),(1057,1058,1059),(1060,1061,1062),(1063,1064,1065),(1066,1067,1068),(1069,1070,1071),(1072,1073,1074),(1075,1076,1077),(1078,1079,1080),(1081,1082,1083),(1084,1085,1086),(1087,1088,1089),(1090,1091,1092),(1093,1094,1095),(1096,1097,1098),(1099,1100,1101),(1102,1103,1104),(1105,1106,1107),(1108,1109,1110),(1111,1112,1113),(1114,1115,1116),(1117,1118,1119),(1120,1121,1122),(1123,1124,1125),(1126,1127,1128),(1129,1130,1131),(1132,1133,1134),(1135,1136,1137),(1138,1139,1140),(1141,1142,1143),(1144,1145,1146),(1147,1148,1149),(1150,1151,1152),(1153,1154,1155),(1156,1157,1158),(1159,1160,1161),(1162,1163,1164),(1165,1166,1167),(1168,1169,1170),(1171,1172,1173),(1174,1175,1176),(1177,1178,1179),(1180,1181,1182),(1183,1184,1185),(1186,1187,1188),(1189,1190,1191),(1192,1193,1194),(1195,1196,1197),(1198,1199,1200),(1201,1202,1203),(1204,1205,1206),(1207,1208,1209),(1210,1211,1212),(1213,1214,1215),(1216,1217,1218),(1219,1220,1221),(1222,1223,1224),(1225,1226,1227),(1228,1229,1230),(1231,1232,1233),(1234,1235,1236),(1237,1238,1239),(1240,1241,1242),(1243,1244,1245),(1246,1247,1248),(1249,1250,1251),(1252,1253,1254),(1255,1256,1257),(1258,1259,1260),(1261,1262,1263),(1264,1265,1266),(1267,1268,1269),(1270,1271,1272),(1273,1274,1275),(1276,1277,1278),(1279,1280,1281),(1282,1283,1284),(1285,1286,1287),(1288,1289,1290),(1291,1292,1293),(1294,1295,1296),(1297,1298,1299),(1300,1301,1302),(1303,1304,1305),(1306,1307,1308),(1309,1310,1311),(1312,1313,1314),(1315,1316,1317),(1318,1319,1320),(1321,1322,1323),(1324,1325,1326),(1327,1328,1329),(1330,1331,1332),(1333,1334,1335),(1336,1337,1338),(1339,1340,1341),(1342,1343,1344),(1345,1346,1347),(1348,1349,1350),(1351,1352,1353),(1354,1355,1356),(1357,1358,1359),(1360,1361,1362),(1363,1364,1365),(1366,1367,1368),(1369,1370,1371),(1372,1373,1374),(1375,1376,1377),(1378,1379,1380),(1381,1382,1383),(1384,1385,1386),(1387,1388,1389),(1390,1391,1392),(1393,1394,1395),(1396,1397,1398),(1399,1400,1401),(1402,1403,1404),(1405,1406,1407),(1408,1409,1410),(1411,1412,1413),(1414,1415,1416),(1417,1418,1419),(1420,1421,1422),(1423,1424,1425),(1426,1427,1428),(1429,1430,1431),(1432,1433,1434),(1435,1436,1437),(1438,1439,1440),(1441,1442,1443),(1444,1445,1446),(1447,1448,1449),(1450,1451,1452),(1453,1454,1455),(1456,1457,1458),(1459,1460,1461),(1462,1463,1464),(1465,1466,1467),(1468,1469,1470),(1471,1472,1473),(1474,1475,1476),(1477,1478,1479),(1480,1481,1482),(1483,1484,1485),(1486,1487,1488),(1489,1490,1491),(1492,1493,1494),(1495,1496,1497),(1498,1499,1500),(1501,1502,1503),(1504,1505,1506),(1507,1508,1509),(1510,1511,1512),(1513,1514,1515),(1516,1517,1518),(1519,1520,1521),(1522,1523,1524),(1525,1526,1527),(1528,1529,1530),(1531,1532,1533),(1534,1535,1536),(1537,1538,1539),(1540,1541,1542),(1543,1544,1545),(1546,1547,1548),(1549,1550,1551),(1552,1553,1554),(1555,1556,1557),(1558,1559,1560),(1561,1562,1563),(1564,1565,1566),(1567,1568,1569),(1570,1571,1572),(1573,1574,1575),(1576,1577,1578),(1579,1580,1581),(1582,1583,1584),(1585,1586,1587),(1588,1589,1590),(1591,1592,1593),(1594,1595,1596),(1597,1598,1599),(1600,1601,1602),(1603,1604,1605),(1606,1607,1608),(1609,1610,1611),(1612,1613,1614),(1615,1616,1617),(1618,1619,1620),(1621,1622,1623),(1624,1625,1626),(1627,1628,1629),(1630,1631,1632),(1633,1634,1635),(1636,1637,1638),(1639,1640,1641),(1642,1643,1644),(1645,1646,1647),(1648,1649,1650),(1651,1652,1653),(1654,1655,1656),(1657,1658,1659),(1660,1661,1662),(1663,1664,1665),(1666,1667,1668),(1669,1670,1671),(1672,1673,1674),(1675,1676,1677),(1678,1679,1680),(1681,1682,1683),(1684,1685,1686),(1687,1688,1689),(1690,1691,1692),(1693,1694,1695),(1696,1697,1698),(1699,1700,1701),(1702,1703,1704),(1705,1706,1707),(1708,1709,1710),(1711,1712,1713),(1714,1715,1716),(1717,1718,1719),(1720,1721,1722),(1723,1724,1725),(1726,1727,1728),(1729,1730,1731),(1732,1733,1734),(1735,1736,1737),(1738,1739,1740),(1741,1742,1743),(1744,1745,1746),(1747,1748,1749),(1750,1751,1752),(1753,1754,1755),(1756,1757,1758),(1759,1760,1761),(1762,1763,1764),(1765,1766,1767),(1768,1769,1770),(1771,1772,1773),(1774,1775,1776),(1777,1778,1779),(1780,1781,1782),(1783,1784,1785),(1786,1787,1788),(1789,1790,1791),(1792,1793,1794),(1795,1796,1797),(1798,1799,1800),(1801,1802,1803),(1804,1805,1806),(1807,1808,1809),(1810,1811,1812),(1813,1814,1815),(1816,1817,1818),(1819,1820,1821),(1822,1823,1824),(1825,1826,1827),(1828,1829,1830),(1831,1832,1833),(1834,1835,1836),(1837,1838,1839),(1840,1841,1842),(1843,1844,1845),(1846,1847,1848),(1849,1850,1851),(1852,1853,1854),(1855,1856,1857),(1858,1859,1860),(1861,1862,1863),(1864,1865,1866),(1867,1868,1869),(1870,1871,1872),(1873,1874,1875),(1876,1877,1878),(1879,1880,1881),(1882,1883,1884),(1885,1886,1887),(1888,1889,1890),(1891,1892,1893),(1894,1895,1896),(1897,1898,1899),(1900,1901,1902),(1903,1904,1905),(1906,1907,1908),(1909,1910,1911),(1912,1913,1914),(1915,1916,1917),(1918,1919,1920),(1921,1922,1923),(1924,1925,1926),(1927,1928,1929),(1930,1931,1932),(1933,1934,1935),(1936,1937,1938),(1939,1940,1941),(1942,1943,1944),(1945,1946,1947),(1948,1949,1950),(1951,1952,1953),(1954,1955,1956),(1957,1958,1959),(1960,1961,1962),(1963,1964,1965),(1966,1967,1968),(1969,1970,1971),(1972,1973,1974),(1975,1976,1977),(1978,1979,1980),(1981,1982,1983),(1984,1985,1986),(1987,1988,1989),(1990,1991,1992),(1993,1994,1995),(1996,1997,1998),(1999,2000,2001),(2002,2003,2004),(2005,2006,2007),(2008,2009,2010),(2011,2012,2013),(2014,2015,2016),(2017,2018,2019),(2020,2021,2022),(2023,2024,2025),(2026,2027,2028),(2029,2030,2031),(2032,2033,2034),(2035,2036,2037),(2038,2039,2040),(2041,2042,2043),(2044,2045,2046),(2047,2048,2049),(2050,2051,2052),(2053,2054,2055),(2056,2057,2058),(2059,2060,2061),(2062,2063,2064),(2065,2066,2067),(2068,2069,2070),(2071,2072,2073),(2074,2075,2076),(2077,2078,2079),(2080,2081,2082),(2083,2084,2085),(2086,2087,2088),(2089,2090,2091),(2092,2093,2094),(2095,2096,2097),(2098,2099,2100),(2101,2102,2103),(2104,2105,2106),(2107,2108,2109),(2110,2111,2112),(2113,2114,2115),(2116,2117,2118),(2119,2120,2121),(2122,2123,2124),(2125,2126,2127),(2128,2129,2130),(2131,2132,2133),(2134,2135,2136),(2137,2138,2139),(2140,2141,2142),(2143,2144,2145),(2146,2147,2148),(2149,2150,2151),(2152,2153,2154),(2155,2156,2157),(2158,2159,2160),(2161,2162,2163),(2164,2165,2166),(2167,2168,2169),(2170,2171,2172),(2173,2174,2175),(2176,2177,2178),(2179,2180,2181),(2182,2183,2184),(2185,2186,2187),(2188,2189,2190),(2191,2192,2193),(2194,2195,2196),(2197,2198,2199),(2200,2201,2202),(2203,2204,2205),(2206,2207,2208),(2209,2210,2211),(2212,2213,2214),(2215,2216,2217),(2218,2219,2220),(2221,2222,2223),(2224,2225,2226),(2227,2228,2229),(2230,2231,2232),(2233,2234,2235),(2236,2237,2238),(2239,2240,2241),(2242,2243,2244),(2245,2246,2247),(2248,2249,2250),(2251,2252,2253),(2254,2255,2256),(2257,2258,2259),(2260,2261,2262),(2263,2264,2265),(2266,2267,2268),(2269,2270,2271),(2272,2273,2274),(2275,2276,2277),(2278,2279,2280),(2281,2282,2283),(2284,2285,2286),(2287,2288,2289),(2290,2291,2292),(2293,2294,2295),(2296,2297,2298),(2299,2300,2301),(2302,2303,2304),(2305,2306,2307),(2308,2309,2310),(2311,2312,2313),(2314,2315,2316),(2317,2318,2319),(2320,2321,2322),(2323,2324,2325),(2326,2327,2328),(2329,2330,2331),(2332,2333,2334),(2335,2336,2337),(2338,2339,2340),(2341,2342,2343),(2344,2345,2346),(2347,2348,2349),(2350,2351,2352),(2353,2354,2355),(2356,2357,2358),(2359,2360,2361),(2362,2363,2364),(2365,2366,2367),(2368,2369,2370),(2371,2372,2373),(2374,2375,2376),(2377,2378,2379),(2380,2381,2382),(2383,2384,2385),(2386,2387,2388),(2389,2390,2391),(2392,2393,2394),(2395,2396,2397),(2398,2399,2400),(2401,2402,2403),(2404,2405,2406),(2407,2408,2409),(2410,2411,2412),(2413,2414,2415),(2416,2417,2418),(2419,2420,2421),(2422,2423,2424),(2425,2426,2427),(2428,2429,2430),(2431,2432,2433),(2434,2435,2436),(2437,2438,2439),(2440,2441,2442),(2443,2444,2445),(2446,2447,2448),(2449,2450,2451),(2452,2453,2454),(2455,2456,2457),(2458,2459,2460),(2461,2462,2463),(2464,2465,2466),(2467,2468,2469),(2470,2471,2472),(2473,2474,2475),(2476,2477,2478),(2479,2480,2481),(2482,2483,2484),(2485,2486,2487),(2488,2489,2490),(2491,2492,2493),(2494,2495,2496),(2497,2498,2499),(2500,2501,2502),(2503,2504,2505),(2506,2507,2508),(2509,2510,2511),(2512,2513,2514),(2515,2516,2517),(2518,2519,2520),(2521,2522,2523),(2524,2525,2526),(2527,2528,2529),(2530,2531,2532),(2533,2534,2535),(2536,2537,2538),(2539,2540,2541),(2542,2543,2544),(2545,2546,2547),(2548,2549,2550),(2551,2552,2553),(2554,2555,2556),(2557,2558,2559),(2560,2561,2562),(2563,2564,2565),(2566,2567,2568),(2569,2570,2571),(2572,2573,2574),(2575,2576,2577),(2578,2579,2580),(2581,2582,2583),(2584,2585,2586),(2587,2588,2589),(2590,2591,2592),(2593,2594,2595),(2596,2597,2598),(2599,2600,2601),(2602,2603,2604),(2605,2606,2607),(2608,2609,2610),(2611,2612,2613),(2614,2615,2616),(2617,2618,2619),(2620,2621,2622),(2623,2624,2625),(2626,2627,2628),(2629,2630,2631),(2632,2633,2634),(2635,2636,2637),(2638,2639,2640),(2641,2642,2643),(2644,2645,2646),(2647,2648,2649),(2650,2651,2652),(2653,2654,2655),(2656,2657,2658),(2659,2660,2661),(2662,2663,2664),(2665,2666,2667),(2668,2669,2670),(2671,2672,2673),(2674,2675,2676),(2677,2678,2679),(2680,2681,2682),(2683,2684,2685),(2686,2687,2688),(2689,2690,2691),(2692,2693,2694),(2695,2696,2697),(2698,2699,2700),(2701,2702,2703),(2704,2705,2706),(2707,2708,2709),(2710,2711,2712),(2713,2714,2715),(2716,2717,2718),(2719,2720,2721),(2722,2723,2724),(2725,2726,2727),(2728,2729,2730),(2731,2732,2733),(2734,2735,2736),(2737,2738,2739),(2740,2741,2742),(2743,2744,2745),(2746,2747,2748),(2749,2750,2751),(2752,2753,2754),(2755,2756,2757),(2758,2759,2760),(2761,2762,2763),(2764,2765,2766),(2767,2768,2769),(2770,2771,2772),(2773,2774,2775),(2776,2777,2778),(2779,2780,2781),(2782,2783,2784),(2785,2786,2787),(2788,2789,2790),(2791,2792,2793),(2794,2795,2796),(2797,2798,2799),(2800,2801,2802),(2803,2804,2805),(2806,2807,2808),(2809,2810,2811),(2812,2813,2814),(2815,2816,2817),(2818,2819,2820),(2821,2822,2823),(2824,2825,2826),(2827,2828,2829),(2830,2831,2832),(2833,2834,2835),(2836,2837,2838),(2839,2840,2841),(2842,2843,2844),(2845,2846,2847),(2848,2849,2850),(2851,2852,2853),(2854,2855,2856),(2857,2858,2859),(2860,2861,2862),(2863,2864,2865),(2866,2867,2868),(2869,2870,2871),(2872,2873,2874),(2875,2876,2877),(2878,2879,2880),(2881,2882,2883),(2884,2885,2886),(2887,2888,2889),(2890,2891,2892),(2893,2894,2895),(2896,2897,2898),(2899,2900,2901),(2902,2903,2904),(2905,2906,2907),(2908,2909,2910),(2911,2912,2913),(2914,2915,2916),(2917,2918,2919),(2920,2921,2922),(2923,2924,2925),(2926,2927,2928),(2929,2930,2931),(2932,2933,2934),(2935,2936,2937),(2938,2939,2940),(2941,2942,2943),(2944,2945,2946),(2947,2948,2949),(2950,2951,2952),(2953,2954,2955),(2956,2957,2958),(2959,2960,2961),(2962,2963,2964),(2965,2966,2967),(2968,2969,2970),(2971,2972,2973),(2974,2975,2976),(2977,2978,2979),(2980,2981,2982),(2983,2984,2985),(2986,2987,2988),(2989,2990,2991),(2992,2993,2994),(2995,2996,2997),(2998,2999,3000),(3001,3002,3003),(3004,3005,3006),(3007,3008,3009),(3010,3011,3012),(3013,3014,3015),(3016,3017,3018),(3019,3020,3021),(3022,3023,3024),(3025,3026,3027),(3028,3029,3030),(3031,3032,3033),(3034,3035,3036),(3037,3038,3039),(3040,3041,3042),(3043,3044,3045),(3046,3047,3048),(3049,3050,3051),(3052,3053,3054),(3055,3056,3057),(3058,3059,3060),(3061,3062,3063),(3064,3065,3066),(3067,3068,3069),(3070,3071,3072),(3073,3074,3075),(3076,3077,3078),(3079,3080,3081),(3082,3083,3084),(3085,3086,3087),(3088,3089,3090),(3091,3092,3093),(3094,3095,3096),(3097,3098,3099),(3100,3101,3102),(3103,3104,3105),(3106,3107,3108),(3109,3110,3111),(3112,3113,3114),(3115,3116,3117),(3118,3119,3120),(3121,3122,3123),(3124,3125,3126),(3127,3128,3129),(3130,3131,3132),(3133,3134,3135),(3136,3137,3138),(3139,3140,3141),(3142,3143,3144),(3145,3146,3147),(3148,3149,3150),(3151,3152,3153),(3154,3155,3156),(3157,3158,3159),(3160,3161,3162),(3163,3164,3165),(3166,3167,3168),(3169,3170,3171),(3172,3173,3174),(3175,3176,3177),(3178,3179,3180),(3181,3182,3183),(3184,3185,3186),(3187,3188,3189),(3190,3191,3192),(3193,3194,3195),(3196,3197,3198),(3199,3200,3201),(3202,3203,3204),(3205,3206,3207),(3208,3209,3210),(3211,3212,3213),(3214,3215,3216),(3217,3218,3219),(3220,3221,3222),(3223,3224,3225),(3226,3227,3228),(3229,3230,3231),(3232,3233,3234),(3235,3236,3237),(3238,3239,3240),(3241,3242,3243),(3244,3245,3246),(3247,3248,3249),(3250,3251,3252),(3253,3254,3255),(3256,3257,3258),(3259,3260,3261),(3262,3263,3264),(3265,3266,3267),(3268,3269,3270),(3271,3272,3273),(3274,3275,3276),(3277,3278,3279),(3280,3281,3282),(3283,3284,3285),(3286,3287,3288),(3289,3290,3291),(3292,3293,3294),(3295,3296,3297),(3298,3299,3300),(3301,3302,3303),(3304,3305,3306),(3307,3308,3309),(3310,3311,3312),(3313,3314,3315),(3316,3317,3318),(3319,3320,3321),(3322,3323,3324),(3325,3326,3327),(3328,3329,3330),(3331,3332,3333),(3334,3335,3336),(3337,3338,3339),(3340,3341,3342),(3343,3344,3345),(3346,3347,3348),(3349,3350,3351),(3352,3353,3354),(3355,3356,3357),(3358,3359,3360),(3361,3362,3363),(3364,3365,3366),(3367,3368,3369),(3370,3371,3372),(3373,3374,3375),(3376,3377,3378),(3379,3380,3381),(3382,3383,3384),(3385,3386,3387),(3388,3389,3390),(3391,3392,3393),(3394,3395,3396),(3397,3398,3399),(3400,3401,3402),(3403,3404,3405),(3406,3407,3408),(3409,3410,3411),(3412,3413,3414),(3415,3416,3417),(3418,3419,3420),(3421,3422,3423),(3424,3425,3426),(3427,3428,3429),(3430,3431,3432),(3433,3434,3435),(3436,3437,3438),(3439,3440,3441),(3442,3443,3444),(3445,3446,3447),(3448,3449,3450),(3451,3452,3453),(3454,3455,3456),(3457,3458,3459),(3460,3461,3462),(3463,3464,3465),(3466,3467,3468),(3469,3470,3471),(3472,3473,3474),(3475,3476,3477),(3478,3479,3480),(3481,3482,3483),(3484,3485,3486),(3487,3488,3489),(3490,3491,3492),(3493,3494,3495),(3496,3497,3498),(3499,3500,3501),(3502,3503,3504),(3505,3506,3507),(3508,3509,3510),(3511,3512,3513),(3514,3515,3516),(3517,3518,3519),(3520,3521,3522),(3523,3524,3525),(3526,3527,3528),(3529,3530,3531),(3532,3533,3534),(3535,3536,3537),(3538,3539,3540),(3541,3542,3543),(3544,3545,3546),(3547,3548,3549),(3550,3551,3552),(3553,3554,3555),(3556,3557,3558),(3559,3560,3561),(3562,3563,3564),(3565,3566,3567),(3568,3569,3570),(3571,3572,3573),(3574,3575,3576),(3577,3578,3579),(3580,3581,3582),(3583,3584,3585),(3586,3587,3588),(3589,3590,3591),(3592,3593,3594),(3595,3596,3597),(3598,3599,3600),(3601,3602,3603),(3604,3605,3606),(3607,3608,3609),(3610,3611,3612),(3613,3614,3615),(3616,3617,3618),(3619,3620,3621),(3622,3623,3624),(3625,3626,3627),(3628,3629,3630),(3631,3632,3633),(3634,3635,3636),(3637,3638,3639),(3640,3641,3642),(3643,3644,3645),(3646,3647,3648),(3649,3650,3651),(3652,3653,3654),(3655,3656,3657),(3658,3659,3660),(3661,3662,3663),(3664,3665,3666),(3667,3668,3669),(3670,3671,3672),(3673,3674,3675),(3676,3677,3678),(3679,3680,3681),(3682,3683,3684),(3685,3686,3687),(3688,3689,3690),(3691,3692,3693),(3694,3695,3696),(3697,3698,3699),(3700,3701,3702),(3703,3704,3705),(3706,3707,3708),(3709,3710,3711),(3712,3713,3714),(3715,3716,3717),(3718,3719,3720),(3721,3722,3723),(3724,3725,3726),(3727,3728,3729),(3730,3731,3732),(3733,3734,3735),(3736,3737,3738),(3739,3740,3741),(3742,3743,3744),(3745,3746,3747),(3748,3749,3750),(3751,3752,3753),(3754,3755,3756),(3757,3758,3759),(3760,3761,3762),(3763,3764,3765),(3766,3767,3768),(3769,3770,3771),(3772,3773,3774),(3775,3776,3777),(3778,3779,3780),(3781,3782,3783),(3784,3785,3786),(3787,3788,3789),(3790,3791,3792),(3793,3794,3795),(3796,3797,3798),(3799,3800,3801),(3802,3803,3804),(3805,3806,3807),(3808,3809,3810),(3811,3812,3813),(3814,3815,3816),(3817,3818,3819),(3820,3821,3822),(3823,3824,3825),(3826,3827,3828),(3829,3830,3831),(3832,3833,3834),(3835,3836,3837),(3838,3839,3840),(3841,3842,3843),(3844,3845,3846),(3847,3848,3849),(3850,3851,3852),(3853,3854,3855),(3856,3857,3858),(3859,3860,3861),(3862,3863,3864),(3865,3866,3867),(3868,3869,3870),(3871,3872,3873),(3874,3875,3876),(3877,3878,3879),(3880,3881,3882),(3883,3884,3885),(3886,3887,3888),(3889,3890,3891),(3892,3893,3894),(3895,3896,3897),(3898,3899,3900),(3901,3902,3903),(3904,3905,3906),(3907,3908,3909),(3910,3911,3912),(3913,3914,3915),(3916,3917,3918),(3919,3920,3921),(3922,3923,3924),(3925,3926,3927),(3928,3929,3930),(3931,3932,3933),(3934,3935,3936),(3937,3938,3939),(3940,3941,3942),(3943,3944,3945),(3946,3947,3948),(3949,3950,3951),(3952,3953,3954),(3955,3956,3957),(3958,3959,3960),(3961,3962,3963),(3964,3965,3966),(3967,3968,3969),(3970,3971,3972),(3973,3974,3975),(3976,3977,3978),(3979,3980,3981),(3982,3983,3984),(3985,3986,3987),(3988,3989,3990),(3991,3992,3993),(3994,3995,3996),(3997,3998,3999),(4000,4001,4002),(4003,4004,4005),(4006,4007,4008),(4009,4010,4011),(4012,4013,4014),(4015,4016,4017),(4018,4019,4020),(4021,4022,4023),(4024,4025,4026),(4027,4028,4029),(4030,4031,4032),(4033,4034,4035),(4036,4037,4038),(4039,4040,4041),(4042,4043,4044),(4045,4046,4047),(4048,4049,4050),(4051,4052,4053),(4054,4055,4056),(4057,4058,4059),(4060,4061,4062),(4063,4064,4065),(4066,4067,4068),(4069,4070,4071),(4072,4073,4074),(4075,4076,4077),(4078,4079,4080),(4081,4082,4083),(4084,4085,4086),(4087,4088,4089),(4090,4091,4092),(4093,4094,4095),(4096,4097,4098),(4099,4100,4101),(4102,4103,4104),(4105,4106,4107),(4108,4109,4110),(4111,4112,4113),(4114,4115,4116),(4117,4118,4119),(4120,4121,4122),(4123,4124,4125),(4126,4127,4128),(4129,4130,4131),(4132,4133,4134),(4135,4136,4137),(4138,4139,4140),(4141,4142,4143),(4144,4145,4146),(4147,4148,4149),(4150,4151,4152),(4153,4154,4155),(4156,4157,4158),(4159,4160,4161),(4162,4163,4164),(4165,4166,4167),(4168,4169,4170),(4171,4172,4173),(4174,4175,4176),(4177,4178,4179),(4180,4181,4182),(4183,4184,4185),(4186,4187,4188),(4189,4190,4191),(4192,4193,4194),(4195,4196,4197),(4198,4199,4200),(4201,4202,4203),(4204,4205,4206),(4207,4208,4209),(4210,4211,4212),(4213,4214,4215),(4216,4217,4218),(4219,4220,4221),(4222,4223,4224),(4225,4226,4227),(4228,4229,4230),(4231,4232,4233),(4234,4235,4236),(4237,4238,4239),(4240,4241,4242),(4243,4244,4245),(4246,4247,4248),(4249,4250,4251),(4252,4253,4254),(4255,4256,4257),(4258,4259,4260),(4261,4262,4263),(4264,4265,4266),(4267,4268,4269),(4270,4271,4272),(4273,4274,4275),(4276,4277,4278),(4279,4280,4281),(4282,4283,4284),(4285,4286,4287),(4288,4289,4290),(4291,4292,4293),(4294,4295,4296),(4297,4298,4299),(4300,4301,4302),(4303,4304,4305),(4306,4307,4308),(4309,4310,4311),(4312,4313,4314),(4315,4316,4317),(4318,4319,4320),(4321,4322,4323),(4324,4325,4326),(4327,4328,4329),(4330,4331,4332),(4333,4334,4335),(4336,4337,4338),(4339,4340,4341),(4342,4343,4344),(4345,4346,4347),(4348,4349,4350),(4351,4352,4353),(4354,4355,4356),(4357,4358,4359),(4360,4361,4362),(4363,4364,4365),(4366,4367,4368),(4369,4370,4371),(4372,4373,4374),(4375,4376,4377),(4378,4379,4380),(4381,4382,4383),(4384,4385,4386),(4387,4388,4389),(4390,4391,4392),(4393,4394,4395),(4396,4397,4398),(4399,4400,4401),(4402,4403,4404),(4405,4406,4407),(4408,4409,4410),(4411,4412,4413),(4414,4415,4416),(4417,4418,4419),(4420,4421,4422),(4423,4424,4425),(4426,4427,4428),(4429,4430,4431),(4432,4433,4434),(4435,4436,4437),(4438,4439,4440),(4441,4442,4443),(4444,4445,4446),(4447,4448,4449),(4450,4451,4452),(4453,4454,4455),(4456,4457,4458),(4459,4460,4461),(4462,4463,4464),(4465,4466,4467),(4468,4469,4470),(4471,4472,4473),(4474,4475,4476),(4477,4478,4479),(4480,4481,4482),(4483,4484,4485),(4486,4487,4488),(4489,4490,4491),(4492,4493,4494),(4495,4496,4497),(4498,4499,4500),(4501,4502,4503),(4504,4505,4506),(4507,4508,4509),(4510,4511,4512),(4513,4514,4515),(4516,4517,4518),(4519,4520,4521),(4522,4523,4524),(4525,4526,4527),(4528,4529,4530),(4531,4532,4533),(4534,4535,4536),(4537,4538,4539),(4540,4541,4542),(4543,4544,4545),(4546,4547,4548),(4549,4550,4551),(4552,4553,4554),(4555,4556,4557),(4558,4559,4560),(4561,4562,4563),(4564,4565,4566),(4567,4568,4569),(4570,4571,4572),(4573,4574,4575),(4576,4577,4578),(4579,4580,4581),(4582,4583,4584),(4585,4586,4587),(4588,4589,4590),(4591,4592,4593),(4594,4595,4596),(4597,4598,4599),(4600,4601,4602),(4603,4604,4605),(4606,4607,4608),(4609,4610,4611),(4612,4613,4614),(4615,4616,4617),(4618,4619,4620),(4621,4622,4623),(4624,4625,4626),(4627,4628,4629),(4630,4631,4632),(4633,4634,4635),(4636,4637,4638),(4639,4640,4641),(4642,4643,4644),(4645,4646,4647),(4648,4649,4650),(4651,4652,4653),(4654,4655,4656),(4657,4658,4659),(4660,4661,4662),(4663,4664,4665),(4666,4667,4668),(4669,4670,4671),(4672,4673,4674),(4675,4676,4677),(4678,4679,4680),(4681,4682,4683),(4684,4685,4686),(4687,4688,4689),(4690,4691,4692),(4693,4694,4695),(4696,4697,4698),(4699,4700,4701),(4702,4703,4704),(4705,4706,4707),(4708,4709,4710),(4711,4712,4713),(4714,4715,4716),(4717,4718,4719),(4720,4721,4722),(4723,4724,4725),(4726,4727,4728),(4729,4730,4731),(4732,4733,4734),(4735,4736,4737),(4738,4739,4740),(4741,4742,4743),(4744,4745,4746),(4747,4748,4749),(4750,4751,4752),(4753,4754,4755),(4756,4757,4758),(4759,4760,4761),(4762,4763,4764),(4765,4766,4767),(4768,4769,4770),(4771,4772,4773),(4774,4775,4776),(4777,4778,4779),(4780,4781,4782),(4783,4784,4785),(4786,4787,4788),(4789,4790,4791),(4792,4793,4794),(4795,4796,4797),(4798,4799,4800),(4801,4802,4803),(4804,4805,4806),(4807,4808,4809),(4810,4811,4812),(4813,4814,4815),(4816,4817,4818),(4819,4820,4821),(4822,4823,4824),(4825,4826,4827),(4828,4829,4830),(4831,4832,4833),(4834,4835,4836),(4837,4838,4839),(4840,4841,4842),(4843,4844,4845),(4846,4847,4848),(4849,4850,4851),(4852,4853,4854),(4855,4856,4857),(4858,4859,4860),(4861,4862,4863),(4864,4865,4866),(4867,4868,4869),(4870,4871,4872),(4873,4874,4875),(4876,4877,4878),(4879,4880,4881),(4882,4883,4884),(4885,4886,4887),(4888,4889,4890),(4891,4892,4893),(4894,4895,4896),(4897,4898,4899),(4900,4901,4902),(4903,4904,4905),(4906,4907,4908),(4909,4910,4911),(4912,4913,4914),(4915,4916,4917),(4918,4919,4920),(4921,4922,4923),(4924,4925,4926),(4927,4928,4929),(4930,4931,4932),(4933,4934,4935),(4936,4937,4938),(4939,4940,4941),(4942,4943,4944),(4945,4946,4947),(4948,4949,4950),(4951,4952,4953),(4954,4955,4956),(4957,4958,4959),(4960,4961,4962),(4963,4964,4965),(4966,4967,4968),(4969,4970,4971),(4972,4973,4974),(4975,4976,4977),(4978,4979,4980),(4981,4982,4983),(4984,4985,4986),(4987,4988,4989),(4990,4991,4992),(4993,4994,4995),(4996,4997,4998),(4999,5000,5001),(5002,5003,5004),(5005,5006,5007),(5008,5009,5010),(5011,5012,5013),(5014,5015,5016),(5017,5018,5019),(5020,5021,5022),(5023,5024,5025),(5026,5027,5028),(5029,5030,5031),(5032,5033,5034),(5035,5036,5037),(5038,5039,5040),(5041,5042,5043),(5044,5045,5046),(5047,5048,5049),(5050,5051,5052),(5053,5054,5055),(5056,5057,5058),(5059,5060,5061),(5062,5063,5064),(5065,5066,5067),(5068,5069,5070),(5071,5072,5073),(5074,5075,5076),(5077,5078,5079),(5080,5081,5082),(5083,5084,5085),(5086,5087,5088),(5089,5090,5091),(5092,5093,5094),(5095,5096,5097),(5098,5099,5100),(5101,5102,5103),(5104,5105,5106),(5107,5108,5109),(5110,5111,5112),(5113,5114,5115),(5116,5117,5118),(5119,5120,5121),(5122,5123,5124),(5125,5126,5127),(5128,5129,5130),(5131,5132,5133),(5134,5135,5136),(5137,5138,5139),(5140,5141,5142),(5143,5144,5145),(5146,5147,5148),(5149,5150,5151),(5152,5153,5154),(5155,5156,5157),(5158,5159,5160),(5161,5162,5163),(5164,5165,5166),(5167,5168,5169),(5170,5171,5172),(5173,5174,5175),(5176,5177,5178),(5179,5180,5181),(5182,5183,5184),(5185,5186,5187),(5188,5189,5190),(5191,5192,5193),(5194,5195,5196),(5197,5198,5199),(5200,5201,5202),(5203,5204,5205),(5206,5207,5208),(5209,5210,5211),(5212,5213,5214),(5215,5216,5217),(5218,5219,5220),(5221,5222,5223),(5224,5225,5226),(5227,5228,5229),(5230,5231,5232),(5233,5234,5235),(5236,5237,5238),(5239,5240,5241),(5242,5243,5244),(5245,5246,5247),(5248,5249,5250),(5251,5252,5253),(5254,5255,5256),(5257,5258,5259),(5260,5261,5262),(5263,5264,5265),(5266,5267,5268),(5269,5270,5271),(5272,5273,5274),(5275,5276,5277),(5278,5279,5280),(5281,5282,5283),(5284,5285,5286),(5287,5288,5289),(5290,5291,5292),(5293,5294,5295),(5296,5297,5298),(5299,5300,5301),(5302,5303,5304),(5305,5306,5307),(5308,5309,5310),(5311,5312,5313),(5314,5315,5316),(5317,5318,5319),(5320,5321,5322),(5323,5324,5325),(5326,5327,5328),(5329,5330,5331),(5332,5333,5334),(5335,5336,5337),(5338,5339,5340),(5341,5342,5343),(5344,5345,5346),(5347,5348,5349),(5350,5351,5352),(5353,5354,5355),(5356,5357,5358),(5359,5360,5361),(5362,5363,5364),(5365,5366,5367),(5368,5369,5370),(5371,5372,5373),(5374,5375,5376),(5377,5378,5379),(5380,5381,5382),(5383,5384,5385),(5386,5387,5388),(5389,5390,5391),(5392,5393,5394),(5395,5396,5397),(5398,5399,5400),(5401,5402,5403),(5404,5405,5406),(5407,5408,5409),(5410,5411,5412),(5413,5414,5415),(5416,5417,5418),(5419,5420,5421),(5422,5423,5424),(5425,5426,5427),(5428,5429,5430),(5431,5432,5433),(5434,5435,5436),(5437,5438,5439),(5440,5441,5442),(5443,5444,5445),(5446,5447,5448),(5449,5450,5451),(5452,5453,5454),(5455,5456,5457),(5458,5459,5460),(5461,5462,5463),(5464,5465,5466),(5467,5468,5469),(5470,5471,5472),(5473,5474,5475),(5476,5477,5478),(5479,5480,5481),(5482,5483,5484),(5485,5486,5487),(5488,5489,5490),(5491,5492,5493),(5494,5495,5496),(5497,5498,5499),(5500,5501,5502),(5503,5504,5505),(5506,5507,5508),(5509,5510,5511),(5512,5513,5514),(5515,5516,5517),(5518,5519,5520),(5521,5522,5523),(5524,5525,5526),(5527,5528,5529),(5530,5531,5532),(5533,5534,5535),(5536,5537,5538),(5539,5540,5541),(5542,5543,5544),(5545,5546,5547),(5548,5549,5550),(5551,5552,5553),(5554,5555,5556),(5557,5558,5559),(5560,5561,5562),(5563,5564,5565),(5566,5567,5568),(5569,5570,5571),(5572,5573,5574),(5575,5576,5577),(5578,5579,5580),(5581,5582,5583),(5584,5585,5586),(5587,5588,5589),(5590,5591,5592),(5593,5594,5595),(5596,5597,5598),(5599,5600,5601),(5602,5603,5604),(5605,5606,5607),(5608,5609,5610),(5611,5612,5613),(5614,5615,5616),(5617,5618,5619),(5620,5621,5622),(5623,5624,5625),(5626,5627,5628),(5629,5630,5631),(5632,5633,5634),(5635,5636,5637),(5638,5639,5640),(5641,5642,5643),(5644,5645,5646),(5647,5648,5649),(5650,5651,5652),(5653,5654,5655),(5656,5657,5658),(5659,5660,5661),(5662,5663,5664),(5665,5666,5667),(5668,5669,5670),(5671,5672,5673),(5674,5675,5676),(5677,5678,5679),(5680,5681,5682),(5683,5684,5685),(5686,5687,5688),(5689,5690,5691),(5692,5693,5694),(5695,5696,5697),(5698,5699,5700),(5701,5702,5703),(5704,5705,5706),(5707,5708,5709),(5710,5711,5712),(5713,5714,5715),(5716,5717,5718),(5719,5720,5721),(5722,5723,5724),(5725,5726,5727),(5728,5729,5730),(5731,5732,5733),(5734,5735,5736),(5737,5738,5739),(5740,5741,5742),(5743,5744,5745),(5746,5747,5748),(5749,5750,5751),(5752,5753,5754),(5755,5756,5757),(5758,5759,5760),(5761,5762,5763),(5764,5765,5766),(5767,5768,5769),(5770,5771,5772),(5773,5774,5775),(5776,5777,5778),(5779,5780,5781),(5782,5783,5784),(5785,5786,5787),(5788,5789,5790),(5791,5792,5793),(5794,5795,5796),(5797,5798,5799),(5800,5801,5802),(5803,5804,5805),(5806,5807,5808),(5809,5810,5811),(5812,5813,5814),(5815,5816,5817),(5818,5819,5820),(5821,5822,5823),(5824,5825,5826),(5827,5828,5829),(5830,5831,5832),(5833,5834,5835),(5836,5837,5838),(5839,5840,5841),(5842,5843,5844),(5845,5846,5847),(5848,5849,5850),(5851,5852,5853),(5854,5855,5856),(5857,5858,5859),(5860,5861,5862),(5863,5864,5865),(5866,5867,5868),(5869,5870,5871),(5872,5873,5874),(5875,5876,5877),(5878,5879,5880),(5881,5882,5883),(5884,5885,5886),(5887,5888,5889),(5890,5891,5892),(5893,5894,5895),(5896,5897,5898),(5899,5900,5901),(5902,5903,5904),(5905,5906,5907),(5908,5909,5910),(5911,5912,5913),(5914,5915,5916),(5917,5918,5919),(5920,5921,5922),(5923,5924,5925),(5926,5927,5928),(5929,5930,5931),(5932,5933,5934),(5935,5936,5937),(5938,5939,5940),(5941,5942,5943),(5944,5945,5946),(5947,5948,5949),(5950,5951,5952),(5953,5954,5955),(5956,5957,5958),(5959,5960,5961),(5962,5963,5964),(5965,5966,5967),(5968,5969,5970),(5971,5972,5973),(5974,5975,5976),(5977,5978,5979),(5980,5981,5982),(5983,5984,5985),(5986,5987,5988),(5989,5990,5991),(5992,5993,5994),(5995,5996,5997),(5998,5999,6000),(6001,6002,6003),(6004,6005,6006),(6007,6008,6009),(6010,6011,6012),(6013,6014,6015),(6016,6017,6018),(6019,6020,6021),(6022,6023,6024),(6025,6026,6027),(6028,6029,6030),(6031,6032,6033),(6034,6035,6036),(6037,6038,6039),(6040,6041,6042),(6043,6044,6045),(6046,6047,6048),(6049,6050,6051),(6052,6053,6054),(6055,6056,6057)));
#6819=TESSELLATED_GEOMETRIC_SET('hole callout',(#6818));
#6820=COORDINATES_LIST('coordinates',5,((0.0140875,0.0897699,0.0572729),(0.0567305,0.0897699,0.0572729),(0.0042869,0.0945705,0.0572729),(0.0090875,0.0897699,0.0572729),(0.0140875,0.0897699,0.0572729)));
#6821=TESSELLATED_CURVE_SET('curve set',#6820,((1,2),(3,4,5)));
#6822=TESSELLATED_GEOMETRIC_SET('hole callout',(#6821));
#6823=TESSELLATED_ANNOTATION_OCCURRENCE('hole callout',(#6816),#6819);
#6824=TESSELLATED_ANNOTATION_OCCURRENCE('hole callout',(#6816),#6822);
#6825=DRAUGHTING_CALLOUT('hole callout',(#6823,#6824));
#6826=DRAUGHTING_MODEL_ITEM_ASSOCIATION('','',#6761,#6812,#6825);
#6827=DRAUGHTING_MODEL_ITEM_ASSOCIATION('','',#6771,#6812,#6825);
#6828=DRAUGHTING_MODEL_ITEM_ASSOCIATION('','',#6781,#6812,#6825);
#6829=DRAUGHTING_MODEL_ITEM_ASSOCIATION('','',#6724,#6812,#6825);
ENDSEC;
END-ISO-10303-21;
