ISO-10303-21;
HEADER;
/* Generated by software containing ST-Developer
 * from STEP Tools, Inc. (www.steptools.com) 
 */

FILE_DESCRIPTION(
/* description */ ('',
'CAx-IF Rec.Pracs.---Representation and Presentation of Product Manufa
cturing Information (PMI)---4.0---2014-10-13'),
/* implementation_level */ '2;1');

FILE_NAME(
/* name */ 'Feetech SCS0009 v9.step',
/* time_stamp */ '2025-02-27T20:57:56-08:00',
/* author */ (''),
/* organization */ (''),
/* preprocessor_version */ 'ST-DEVELOPER v20',
/* originating_system */ 'Autodesk Translation Framework v13.20.0.188',

/* authorisation */ '');

FILE_SCHEMA (('AP242_MANAGED_MODEL_BASED_3D_ENGINEERING_MIM_LF { 1 0 10303 442 1 1 4 }'));
ENDSEC;

DATA;
#10=MECHANICAL_DESIGN_GEOMETRIC_PRESENTATION_REPRESENTATION('',(#55,#56,
#57,#58,#59,#60),#11335);
#11=ITEM_DEFINED_TRANSFORMATION($,$,#5324,#5940);
#12=ITEM_DEFINED_TRANSFORMATION($,$,#5324,#5941);
#13=ITEM_DEFINED_TRANSFORMATION($,$,#5324,#5942);
#14=ITEM_DEFINED_TRANSFORMATION($,$,#5324,#5943);
#15=(
REPRESENTATION_RELATIONSHIP($,$,#11349,#11348)
REPRESENTATION_RELATIONSHIP_WITH_TRANSFORMATION(#11)
SHAPE_REPRESENTATION_RELATIONSHIP()
);
#16=(
REPRESENTATION_RELATIONSHIP($,$,#11349,#11348)
REPRESENTATION_RELATIONSHIP_WITH_TRANSFORMATION(#12)
SHAPE_REPRESENTATION_RELATIONSHIP()
);
#17=(
REPRESENTATION_RELATIONSHIP($,$,#11349,#11348)
REPRESENTATION_RELATIONSHIP_WITH_TRANSFORMATION(#13)
SHAPE_REPRESENTATION_RELATIONSHIP()
);
#18=(
REPRESENTATION_RELATIONSHIP($,$,#11349,#11348)
REPRESENTATION_RELATIONSHIP_WITH_TRANSFORMATION(#14)
SHAPE_REPRESENTATION_RELATIONSHIP()
);
#19=CONTEXT_DEPENDENT_SHAPE_REPRESENTATION(#15,#11344);
#20=CONTEXT_DEPENDENT_SHAPE_REPRESENTATION(#16,#11345);
#21=CONTEXT_DEPENDENT_SHAPE_REPRESENTATION(#17,#11346);
#22=CONTEXT_DEPENDENT_SHAPE_REPRESENTATION(#18,#11347);
#23=NEXT_ASSEMBLY_USAGE_OCCURRENCE('servo screw:1','servo screw:1',
'servo screw:1',#11351,#11352,'servo screw:1');
#24=NEXT_ASSEMBLY_USAGE_OCCURRENCE('servo screw:2','servo screw:2',
'servo screw:2',#11351,#11352,'servo screw:2');
#25=NEXT_ASSEMBLY_USAGE_OCCURRENCE('servo screw:3','servo screw:3',
'servo screw:3',#11351,#11352,'servo screw:3');
#26=NEXT_ASSEMBLY_USAGE_OCCURRENCE('servo screw:4','servo screw:4',
'servo screw:4',#11351,#11352,'servo screw:4');
#27=B_SPLINE_SURFACE_WITH_KNOTS('',3,3,((#8444,#8445,#8446,#8447,#8448,
#8449,#8450,#8451,#8452,#8453,#8454),(#8455,#8456,#8457,#8458,#8459,#8460,
#8461,#8462,#8463,#8464,#8465),(#8466,#8467,#8468,#8469,#8470,#8471,#8472,
#8473,#8474,#8475,#8476),(#8477,#8478,#8479,#8480,#8481,#8482,#8483,#8484,
#8485,#8486,#8487),(#8488,#8489,#8490,#8491,#8492,#8493,#8494,#8495,#8496,
#8497,#8498),(#8499,#8500,#8501,#8502,#8503,#8504,#8505,#8506,#8507,#8508,
#8509)),.UNSPECIFIED.,.F.,.F.,.F.,(4,1,1,4),(4,1,1,1,1,1,1,1,4),(0.,0.333333333333333,
0.666666666666667,1.),(0.,0.125,0.25,0.375,0.5,0.625,0.75,0.875,1.),
 .UNSPECIFIED.);
#28=B_SPLINE_SURFACE_WITH_KNOTS('',3,3,((#8533,#8534,#8535,#8536,#8537,
#8538),(#8539,#8540,#8541,#8542,#8543,#8544),(#8545,#8546,#8547,#8548,#8549,
#8550),(#8551,#8552,#8553,#8554,#8555,#8556),(#8557,#8558,#8559,#8560,#8561,
#8562),(#8563,#8564,#8565,#8566,#8567,#8568),(#8569,#8570,#8571,#8572,#8573,
#8574),(#8575,#8576,#8577,#8578,#8579,#8580),(#8581,#8582,#8583,#8584,#8585,
#8586),(#8587,#8588,#8589,#8590,#8591,#8592),(#8593,#8594,#8595,#8596,#8597,
#8598)),.UNSPECIFIED.,.F.,.F.,.F.,(4,1,1,1,1,1,1,1,4),(4,1,1,4),(0.,0.125,
0.25,0.375,0.5,0.625,0.75,0.875,1.),(0.,0.333333333333333,0.666666666666667,
1.),.UNSPECIFIED.);
#29=B_SPLINE_SURFACE_WITH_KNOTS('',3,3,((#8614,#8615,#8616,#8617,#8618,
#8619,#8620,#8621,#8622,#8623,#8624),(#8625,#8626,#8627,#8628,#8629,#8630,
#8631,#8632,#8633,#8634,#8635),(#8636,#8637,#8638,#8639,#8640,#8641,#8642,
#8643,#8644,#8645,#8646),(#8647,#8648,#8649,#8650,#8651,#8652,#8653,#8654,
#8655,#8656,#8657),(#8658,#8659,#8660,#8661,#8662,#8663,#8664,#8665,#8666,
#8667,#8668),(#8669,#8670,#8671,#8672,#8673,#8674,#8675,#8676,#8677,#8678,
#8679)),.UNSPECIFIED.,.F.,.F.,.F.,(4,1,1,4),(4,1,1,1,1,1,1,1,4),(0.,0.333333333333333,
0.666666666666667,1.),(0.,0.125,0.25,0.375,0.5,0.625,0.75,0.875,1.),
 .UNSPECIFIED.);
#30=B_SPLINE_SURFACE_WITH_KNOTS('',3,3,((#8711,#8712,#8713,#8714,#8715,
#8716),(#8717,#8718,#8719,#8720,#8721,#8722),(#8723,#8724,#8725,#8726,#8727,
#8728),(#8729,#8730,#8731,#8732,#8733,#8734),(#8735,#8736,#8737,#8738,#8739,
#8740),(#8741,#8742,#8743,#8744,#8745,#8746),(#8747,#8748,#8749,#8750,#8751,
#8752),(#8753,#8754,#8755,#8756,#8757,#8758),(#8759,#8760,#8761,#8762,#8763,
#8764),(#8765,#8766,#8767,#8768,#8769,#8770),(#8771,#8772,#8773,#8774,#8775,
#8776)),.UNSPECIFIED.,.F.,.F.,.F.,(4,1,1,1,1,1,1,1,4),(4,1,1,4),(0.,0.125,
0.25,0.375,0.5,0.625,0.75,0.875,1.),(0.,0.333333333333333,0.666666666666667,
1.),.UNSPECIFIED.);
#31=B_SPLINE_SURFACE_WITH_KNOTS('',3,3,((#8813,#8814,#8815,#8816,#8817,
#8818,#8819,#8820,#8821,#8822,#8823),(#8824,#8825,#8826,#8827,#8828,#8829,
#8830,#8831,#8832,#8833,#8834),(#8835,#8836,#8837,#8838,#8839,#8840,#8841,
#8842,#8843,#8844,#8845),(#8846,#8847,#8848,#8849,#8850,#8851,#8852,#8853,
#8854,#8855,#8856),(#8857,#8858,#8859,#8860,#8861,#8862,#8863,#8864,#8865,
#8866,#8867),(#8868,#8869,#8870,#8871,#8872,#8873,#8874,#8875,#8876,#8877,
#8878)),.UNSPECIFIED.,.F.,.F.,.F.,(4,1,1,4),(4,1,1,1,1,1,1,1,4),(0.,0.333333333333333,
0.666666666666667,1.),(0.,0.125,0.25,0.375,0.5,0.625,0.75,0.875,1.),
 .UNSPECIFIED.);
#32=B_SPLINE_SURFACE_WITH_KNOTS('',3,3,((#8904,#8905,#8906,#8907,#8908,
#8909),(#8910,#8911,#8912,#8913,#8914,#8915),(#8916,#8917,#8918,#8919,#8920,
#8921),(#8922,#8923,#8924,#8925,#8926,#8927),(#8928,#8929,#8930,#8931,#8932,
#8933),(#8934,#8935,#8936,#8937,#8938,#8939),(#8940,#8941,#8942,#8943,#8944,
#8945),(#8946,#8947,#8948,#8949,#8950,#8951),(#8952,#8953,#8954,#8955,#8956,
#8957),(#8958,#8959,#8960,#8961,#8962,#8963),(#8964,#8965,#8966,#8967,#8968,
#8969)),.UNSPECIFIED.,.F.,.F.,.F.,(4,1,1,1,1,1,1,1,4),(4,1,1,4),(0.,0.125,
0.25,0.375,0.5,0.625,0.75,0.875,1.),(0.,0.333333333333333,0.666666666666667,
1.),.UNSPECIFIED.);
#33=B_SPLINE_SURFACE_WITH_KNOTS('',3,3,((#9000,#9001,#9002,#9003,#9004,
#9005,#9006,#9007,#9008,#9009,#9010),(#9011,#9012,#9013,#9014,#9015,#9016,
#9017,#9018,#9019,#9020,#9021),(#9022,#9023,#9024,#9025,#9026,#9027,#9028,
#9029,#9030,#9031,#9032),(#9033,#9034,#9035,#9036,#9037,#9038,#9039,#9040,
#9041,#9042,#9043),(#9044,#9045,#9046,#9047,#9048,#9049,#9050,#9051,#9052,
#9053,#9054),(#9055,#9056,#9057,#9058,#9059,#9060,#9061,#9062,#9063,#9064,
#9065)),.UNSPECIFIED.,.F.,.F.,.F.,(4,1,1,4),(4,1,1,1,1,1,1,1,4),(0.,0.333333333333333,
0.666666666666667,1.),(0.,0.125,0.25,0.375,0.5,0.625,0.75,0.875,1.),
 .UNSPECIFIED.);
#34=B_SPLINE_SURFACE_WITH_KNOTS('',3,3,((#9097,#9098,#9099,#9100,#9101,
#9102,#9103,#9104,#9105,#9106,#9107),(#9108,#9109,#9110,#9111,#9112,#9113,
#9114,#9115,#9116,#9117,#9118),(#9119,#9120,#9121,#9122,#9123,#9124,#9125,
#9126,#9127,#9128,#9129),(#9130,#9131,#9132,#9133,#9134,#9135,#9136,#9137,
#9138,#9139,#9140),(#9141,#9142,#9143,#9144,#9145,#9146,#9147,#9148,#9149,
#9150,#9151),(#9152,#9153,#9154,#9155,#9156,#9157,#9158,#9159,#9160,#9161,
#9162)),.UNSPECIFIED.,.F.,.F.,.F.,(4,1,1,4),(4,1,1,1,1,1,1,1,4),(0.,0.333333333333333,
0.666666666666667,1.),(0.,0.125,0.25,0.375,0.5,0.625,0.75,0.875,1.),
 .UNSPECIFIED.);
#35=B_SPLINE_SURFACE_WITH_KNOTS('',3,3,((#9201,#9202,#9203,#9204,#9205,
#9206),(#9207,#9208,#9209,#9210,#9211,#9212),(#9213,#9214,#9215,#9216,#9217,
#9218),(#9219,#9220,#9221,#9222,#9223,#9224),(#9225,#9226,#9227,#9228,#9229,
#9230),(#9231,#9232,#9233,#9234,#9235,#9236),(#9237,#9238,#9239,#9240,#9241,
#9242),(#9243,#9244,#9245,#9246,#9247,#9248),(#9249,#9250,#9251,#9252,#9253,
#9254),(#9255,#9256,#9257,#9258,#9259,#9260),(#9261,#9262,#9263,#9264,#9265,
#9266)),.UNSPECIFIED.,.F.,.F.,.F.,(4,1,1,1,1,1,1,1,4),(4,1,1,4),(0.,0.125,
0.25,0.375,0.5,0.625,0.75,0.875,1.),(0.,0.333333333333333,0.666666666666667,
1.),.UNSPECIFIED.);
#36=B_SPLINE_SURFACE_WITH_KNOTS('',3,3,((#9297,#9298,#9299,#9300,#9301,
#9302,#9303,#9304,#9305,#9306,#9307),(#9308,#9309,#9310,#9311,#9312,#9313,
#9314,#9315,#9316,#9317,#9318),(#9319,#9320,#9321,#9322,#9323,#9324,#9325,
#9326,#9327,#9328,#9329),(#9330,#9331,#9332,#9333,#9334,#9335,#9336,#9337,
#9338,#9339,#9340),(#9341,#9342,#9343,#9344,#9345,#9346,#9347,#9348,#9349,
#9350,#9351),(#9352,#9353,#9354,#9355,#9356,#9357,#9358,#9359,#9360,#9361,
#9362)),.UNSPECIFIED.,.F.,.F.,.F.,(4,1,1,4),(4,1,1,1,1,1,1,1,4),(0.,0.333333333333333,
0.666666666666667,1.),(0.,0.125,0.25,0.375,0.5,0.625,0.75,0.875,1.),
 .UNSPECIFIED.);
#37=B_SPLINE_SURFACE_WITH_KNOTS('',3,3,((#9394,#9395,#9396,#9397,#9398,
#9399),(#9400,#9401,#9402,#9403,#9404,#9405),(#9406,#9407,#9408,#9409,#9410,
#9411),(#9412,#9413,#9414,#9415,#9416,#9417),(#9418,#9419,#9420,#9421,#9422,
#9423),(#9424,#9425,#9426,#9427,#9428,#9429)),.UNSPECIFIED.,.F.,.F.,.F.,
(4,1,1,4),(4,1,1,4),(0.,0.333333333333333,0.666666666666667,1.),(0.,0.333333333333333,
0.666666666666667,1.),.UNSPECIFIED.);
#38=B_SPLINE_SURFACE_WITH_KNOTS('',3,3,((#9461,#9462,#9463,#9464,#9465,
#9466),(#9467,#9468,#9469,#9470,#9471,#9472),(#9473,#9474,#9475,#9476,#9477,
#9478),(#9479,#9480,#9481,#9482,#9483,#9484),(#9485,#9486,#9487,#9488,#9489,
#9490),(#9491,#9492,#9493,#9494,#9495,#9496)),.UNSPECIFIED.,.F.,.F.,.F.,
(4,1,1,4),(4,1,1,4),(0.,0.333333333333333,0.666666666666667,1.),(0.,0.333333333333333,
0.666666666666667,1.),.UNSPECIFIED.);
#39=B_SPLINE_SURFACE_WITH_KNOTS('',3,3,((#9507,#9508,#9509,#9510,#9511,
#9512),(#9513,#9514,#9515,#9516,#9517,#9518),(#9519,#9520,#9521,#9522,#9523,
#9524),(#9525,#9526,#9527,#9528,#9529,#9530),(#9531,#9532,#9533,#9534,#9535,
#9536),(#9537,#9538,#9539,#9540,#9541,#9542)),.UNSPECIFIED.,.F.,.F.,.F.,
(4,1,1,4),(4,1,1,4),(0.,0.333333333333333,0.666666666666667,1.),(0.,0.333333333333333,
0.666666666666667,1.),.UNSPECIFIED.);
#40=B_SPLINE_SURFACE_WITH_KNOTS('',3,3,((#9553,#9554,#9555,#9556,#9557,
#9558),(#9559,#9560,#9561,#9562,#9563,#9564),(#9565,#9566,#9567,#9568,#9569,
#9570),(#9571,#9572,#9573,#9574,#9575,#9576),(#9577,#9578,#9579,#9580,#9581,
#9582),(#9583,#9584,#9585,#9586,#9587,#9588)),.UNSPECIFIED.,.F.,.F.,.F.,
(4,1,1,4),(4,1,1,4),(0.,0.333333333333333,0.666666666666667,1.),(0.,0.333333333333333,
0.666666666666667,1.),.UNSPECIFIED.);
#41=B_SPLINE_SURFACE_WITH_KNOTS('',3,3,((#9620,#9621,#9622,#9623,#9624,
#9625,#9626,#9627,#9628,#9629,#9630),(#9631,#9632,#9633,#9634,#9635,#9636,
#9637,#9638,#9639,#9640,#9641),(#9642,#9643,#9644,#9645,#9646,#9647,#9648,
#9649,#9650,#9651,#9652),(#9653,#9654,#9655,#9656,#9657,#9658,#9659,#9660,
#9661,#9662,#9663),(#9664,#9665,#9666,#9667,#9668,#9669,#9670,#9671,#9672,
#9673,#9674),(#9675,#9676,#9677,#9678,#9679,#9680,#9681,#9682,#9683,#9684,
#9685)),.UNSPECIFIED.,.F.,.F.,.F.,(4,1,1,4),(4,1,1,1,1,1,1,1,4),(0.,0.333333333333333,
0.666666666666667,1.),(0.,0.125,0.25,0.375,0.5,0.625,0.75,0.875,1.),
 .UNSPECIFIED.);
#42=B_SPLINE_SURFACE_WITH_KNOTS('',3,3,((#9724,#9725,#9726,#9727,#9728,
#9729),(#9730,#9731,#9732,#9733,#9734,#9735),(#9736,#9737,#9738,#9739,#9740,
#9741),(#9742,#9743,#9744,#9745,#9746,#9747),(#9748,#9749,#9750,#9751,#9752,
#9753),(#9754,#9755,#9756,#9757,#9758,#9759),(#9760,#9761,#9762,#9763,#9764,
#9765),(#9766,#9767,#9768,#9769,#9770,#9771),(#9772,#9773,#9774,#9775,#9776,
#9777),(#9778,#9779,#9780,#9781,#9782,#9783),(#9784,#9785,#9786,#9787,#9788,
#9789)),.UNSPECIFIED.,.F.,.F.,.F.,(4,1,1,1,1,1,1,1,4),(4,1,1,4),(0.,0.125,
0.25,0.375,0.5,0.625,0.75,0.875,1.),(0.,0.333333333333333,0.666666666666667,
1.),.UNSPECIFIED.);
#43=B_SPLINE_SURFACE_WITH_KNOTS('',3,3,((#9820,#9821,#9822,#9823,#9824,
#9825,#9826,#9827,#9828,#9829,#9830),(#9831,#9832,#9833,#9834,#9835,#9836,
#9837,#9838,#9839,#9840,#9841),(#9842,#9843,#9844,#9845,#9846,#9847,#9848,
#9849,#9850,#9851,#9852),(#9853,#9854,#9855,#9856,#9857,#9858,#9859,#9860,
#9861,#9862,#9863),(#9864,#9865,#9866,#9867,#9868,#9869,#9870,#9871,#9872,
#9873,#9874),(#9875,#9876,#9877,#9878,#9879,#9880,#9881,#9882,#9883,#9884,
#9885)),.UNSPECIFIED.,.F.,.F.,.F.,(4,1,1,4),(4,1,1,1,1,1,1,1,4),(0.,0.333333333333333,
0.666666666666667,1.),(0.,0.125,0.25,0.375,0.5,0.625,0.75,0.875,1.),
 .UNSPECIFIED.);
#44=B_SPLINE_SURFACE_WITH_KNOTS('',3,3,((#9917,#9918,#9919,#9920,#9921,
#9922),(#9923,#9924,#9925,#9926,#9927,#9928),(#9929,#9930,#9931,#9932,#9933,
#9934),(#9935,#9936,#9937,#9938,#9939,#9940),(#9941,#9942,#9943,#9944,#9945,
#9946),(#9947,#9948,#9949,#9950,#9951,#9952)),.UNSPECIFIED.,.F.,.F.,.F.,
(4,1,1,4),(4,1,1,4),(0.,0.333333333333333,0.666666666666667,1.),(0.,0.333333333333333,
0.666666666666667,1.),.UNSPECIFIED.);
#45=B_SPLINE_SURFACE_WITH_KNOTS('',3,3,((#9984,#9985,#9986,#9987,#9988,
#9989),(#9990,#9991,#9992,#9993,#9994,#9995),(#9996,#9997,#9998,#9999,#10000,
#10001),(#10002,#10003,#10004,#10005,#10006,#10007),(#10008,#10009,#10010,
#10011,#10012,#10013),(#10014,#10015,#10016,#10017,#10018,#10019)),
 .UNSPECIFIED.,.F.,.F.,.F.,(4,1,1,4),(4,1,1,4),(0.,0.333333333333333,0.666666666666667,
1.),(0.,0.333333333333333,0.666666666666667,1.),.UNSPECIFIED.);
#46=B_SPLINE_SURFACE_WITH_KNOTS('',3,3,((#10030,#10031,#10032,#10033,#10034,
#10035),(#10036,#10037,#10038,#10039,#10040,#10041),(#10042,#10043,#10044,
#10045,#10046,#10047),(#10048,#10049,#10050,#10051,#10052,#10053),(#10054,
#10055,#10056,#10057,#10058,#10059),(#10060,#10061,#10062,#10063,#10064,
#10065)),.UNSPECIFIED.,.F.,.F.,.F.,(4,1,1,4),(4,1,1,4),(0.,0.333333333333333,
0.666666666666667,1.),(0.,0.333333333333333,0.666666666666667,1.),
 .UNSPECIFIED.);
#47=B_SPLINE_SURFACE_WITH_KNOTS('',3,3,((#10076,#10077,#10078,#10079,#10080,
#10081),(#10082,#10083,#10084,#10085,#10086,#10087),(#10088,#10089,#10090,
#10091,#10092,#10093),(#10094,#10095,#10096,#10097,#10098,#10099),(#10100,
#10101,#10102,#10103,#10104,#10105),(#10106,#10107,#10108,#10109,#10110,
#10111)),.UNSPECIFIED.,.F.,.F.,.F.,(4,1,1,4),(4,1,1,4),(0.,0.333333333333333,
0.666666666666667,1.),(0.,0.333333333333333,0.666666666666667,1.),
 .UNSPECIFIED.);
#48=B_SPLINE_SURFACE_WITH_KNOTS('',3,3,((#10322,#10323,#10324,#10325,#10326,
#10327),(#10328,#10329,#10330,#10331,#10332,#10333),(#10334,#10335,#10336,
#10337,#10338,#10339),(#10340,#10341,#10342,#10343,#10344,#10345),(#10346,
#10347,#10348,#10349,#10350,#10351),(#10352,#10353,#10354,#10355,#10356,
#10357),(#10358,#10359,#10360,#10361,#10362,#10363),(#10364,#10365,#10366,
#10367,#10368,#10369),(#10370,#10371,#10372,#10373,#10374,#10375),(#10376,
#10377,#10378,#10379,#10380,#10381),(#10382,#10383,#10384,#10385,#10386,
#10387)),.UNSPECIFIED.,.F.,.F.,.F.,(4,1,1,1,1,1,1,1,4),(4,1,1,4),(0.,0.125,
0.25,0.375,0.5,0.625,0.75,0.875,1.),(0.,0.333333333333333,0.666666666666667,
1.),.UNSPECIFIED.);
#49=B_SPLINE_SURFACE_WITH_KNOTS('',3,3,((#10415,#10416,#10417,#10418,#10419,
#10420),(#10421,#10422,#10423,#10424,#10425,#10426),(#10427,#10428,#10429,
#10430,#10431,#10432),(#10433,#10434,#10435,#10436,#10437,#10438),(#10439,
#10440,#10441,#10442,#10443,#10444),(#10445,#10446,#10447,#10448,#10449,
#10450),(#10451,#10452,#10453,#10454,#10455,#10456),(#10457,#10458,#10459,
#10460,#10461,#10462),(#10463,#10464,#10465,#10466,#10467,#10468),(#10469,
#10470,#10471,#10472,#10473,#10474),(#10475,#10476,#10477,#10478,#10479,
#10480)),.UNSPECIFIED.,.F.,.F.,.F.,(4,1,1,1,1,1,1,1,4),(4,1,1,4),(0.,0.125,
0.25,0.375,0.5,0.625,0.75,0.875,1.),(0.,0.333333333333333,0.666666666666667,
1.),.UNSPECIFIED.);
#50=B_SPLINE_SURFACE_WITH_KNOTS('',3,3,((#10505,#10506,#10507,#10508,#10509,
#10510),(#10511,#10512,#10513,#10514,#10515,#10516),(#10517,#10518,#10519,
#10520,#10521,#10522),(#10523,#10524,#10525,#10526,#10527,#10528),(#10529,
#10530,#10531,#10532,#10533,#10534),(#10535,#10536,#10537,#10538,#10539,
#10540),(#10541,#10542,#10543,#10544,#10545,#10546),(#10547,#10548,#10549,
#10550,#10551,#10552),(#10553,#10554,#10555,#10556,#10557,#10558),(#10559,
#10560,#10561,#10562,#10563,#10564),(#10565,#10566,#10567,#10568,#10569,
#10570)),.UNSPECIFIED.,.F.,.F.,.F.,(4,1,1,1,1,1,1,1,4),(4,1,1,4),(0.,0.125,
0.25,0.375,0.5,0.625,0.75,0.875,1.),(0.,0.333333333333333,0.666666666666667,
1.),.UNSPECIFIED.);
#51=SHAPE_REPRESENTATION_RELATIONSHIP('SRR','None',#11349,#53);
#52=SHAPE_REPRESENTATION_RELATIONSHIP('SRR','None',#11348,#54);
#53=ADVANCED_BREP_SHAPE_REPRESENTATION('',(#61),#11334);
#54=ADVANCED_BREP_SHAPE_REPRESENTATION('',(#62,#63,#64,#65,#66),#11333);
#55=STYLED_ITEM('',(#11362),#61);
#56=STYLED_ITEM('',(#11363),#62);
#57=STYLED_ITEM('',(#11363),#63);
#58=STYLED_ITEM('',(#11363),#64);
#59=STYLED_ITEM('',(#11364),#65);
#60=STYLED_ITEM('',(#11362),#66);
#61=MANIFOLD_SOLID_BREP('Body1',#5305);
#62=MANIFOLD_SOLID_BREP('Base',#5306);
#63=MANIFOLD_SOLID_BREP('Body',#5307);
#64=MANIFOLD_SOLID_BREP('Cap',#5308);
#65=MANIFOLD_SOLID_BREP('Horn',#5309);
#66=MANIFOLD_SOLID_BREP('Body5',#5310);
#67=TOROIDAL_SURFACE('',#5428,0.8662416,0.1649984);
#68=TOROIDAL_SURFACE('',#5433,0.8662416,0.164998400000001);
#69=TOROIDAL_SURFACE('',#5441,2.2,0.2);
#70=TOROIDAL_SURFACE('',#5455,1.45,0.2);
#71=TOROIDAL_SURFACE('',#5461,1.45,0.2);
#72=TOROIDAL_SURFACE('',#5470,1.45,0.2);
#73=TOROIDAL_SURFACE('',#5479,1.45,0.2);
#74=TOROIDAL_SURFACE('',#5615,0.4,0.2);
#75=TOROIDAL_SURFACE('',#5620,0.4,0.2);
#76=TOROIDAL_SURFACE('',#5627,0.3,0.2);
#77=TOROIDAL_SURFACE('',#5633,0.3,0.2);
#78=TOROIDAL_SURFACE('',#5669,0.4,0.2);
#79=TOROIDAL_SURFACE('',#5674,0.4,0.2);
#80=TOROIDAL_SURFACE('',#5681,0.3,0.2);
#81=TOROIDAL_SURFACE('',#5687,0.3,0.2);
#82=TOROIDAL_SURFACE('',#5699,6.25,0.2);
#83=TOROIDAL_SURFACE('',#5702,6.25,0.2);
#84=TOROIDAL_SURFACE('',#5708,3.175,0.2);
#85=TOROIDAL_SURFACE('',#5714,6.25,0.2);
#86=TOROIDAL_SURFACE('',#5718,6.25,0.2);
#87=TOROIDAL_SURFACE('',#5756,2.775,0.2);
#88=TOROIDAL_SURFACE('',#5758,5.85,0.2);
#89=TOROIDAL_SURFACE('',#5795,2.975,0.75);
#90=TOROIDAL_SURFACE('',#5798,6.05,0.75);
#91=TOROIDAL_SURFACE('',#5801,6.05,0.75);
#92=TOROIDAL_SURFACE('',#5804,6.05,0.75);
#93=TOROIDAL_SURFACE('',#5811,2.975,0.75);
#94=TOROIDAL_SURFACE('',#5818,6.05,0.75);
#95=TOROIDAL_SURFACE('',#5821,6.05,0.75);
#96=TOROIDAL_SURFACE('',#5825,6.05,0.75);
#97=TOROIDAL_SURFACE('',#5828,2.975,0.75);
#98=TOROIDAL_SURFACE('',#5832,0.925,0.75);
#99=TOROIDAL_SURFACE('',#5836,2.9,0.75);
#100=TOROIDAL_SURFACE('',#5840,2.,0.75);
#101=TOROIDAL_SURFACE('',#5911,1.5,0.5);
#102=FACE_BOUND('',#734,.T.);
#103=FACE_BOUND('',#741,.T.);
#104=FACE_BOUND('',#744,.T.);
#105=FACE_BOUND('',#768,.T.);
#106=FACE_BOUND('',#772,.T.);
#107=FACE_BOUND('',#776,.T.);
#108=FACE_BOUND('',#777,.T.);
#109=FACE_BOUND('',#778,.T.);
#110=FACE_BOUND('',#779,.T.);
#111=FACE_BOUND('',#791,.T.);
#112=FACE_BOUND('',#796,.T.);
#113=FACE_BOUND('',#804,.T.);
#114=FACE_BOUND('',#809,.T.);
#115=FACE_BOUND('',#810,.T.);
#116=FACE_BOUND('',#811,.T.);
#117=FACE_BOUND('',#812,.T.);
#118=FACE_BOUND('',#825,.T.);
#119=FACE_BOUND('',#826,.T.);
#120=FACE_BOUND('',#827,.T.);
#121=FACE_BOUND('',#828,.T.);
#122=FACE_BOUND('',#914,.T.);
#123=FACE_BOUND('',#916,.T.);
#124=FACE_BOUND('',#922,.T.);
#125=FACE_BOUND('',#926,.T.);
#126=FACE_BOUND('',#927,.T.);
#127=FACE_BOUND('',#928,.T.);
#128=FACE_BOUND('',#929,.T.);
#129=FACE_BOUND('',#933,.T.);
#130=FACE_BOUND('',#934,.T.);
#131=FACE_BOUND('',#968,.T.);
#132=FACE_BOUND('',#969,.T.);
#133=FACE_BOUND('',#970,.T.);
#134=FACE_BOUND('',#971,.T.);
#135=FACE_BOUND('',#996,.T.);
#136=FACE_BOUND('',#997,.T.);
#137=FACE_BOUND('',#1001,.T.);
#138=FACE_BOUND('',#1002,.T.);
#139=FACE_BOUND('',#1003,.T.);
#140=FACE_BOUND('',#1006,.T.);
#141=FACE_BOUND('',#1007,.T.);
#142=FACE_BOUND('',#1008,.T.);
#143=FACE_BOUND('',#1013,.T.);
#144=FACE_BOUND('',#1027,.T.);
#145=FACE_BOUND('',#1030,.T.);
#146=SPHERICAL_SURFACE('',#5426,1.26548325463744);
#147=SPHERICAL_SURFACE('',#5638,0.2);
#148=SPHERICAL_SURFACE('',#5642,0.2);
#149=SPHERICAL_SURFACE('',#5648,0.200000000000002);
#150=SPHERICAL_SURFACE('',#5653,0.2);
#151=SPHERICAL_SURFACE('',#5661,0.2);
#152=SPHERICAL_SURFACE('',#5665,0.2);
#153=SPHERICAL_SURFACE('',#5781,0.75);
#154=SPHERICAL_SURFACE('',#5785,0.75);
#155=ELLIPSE('',#5351,0.0159390015054718,0.0150261237198552);
#156=ELLIPSE('',#5365,0.0159387819333397,0.0150258786890245);
#157=ELLIPSE('',#5370,0.0159390015055703,0.0150261237201524);
#158=ELLIPSE('',#5384,0.0159387819333192,0.0150258786890011);
#159=ELLIPSE('',#5389,0.0159390015055382,0.0150261237201123);
#160=ELLIPSE('',#5403,0.015938781933271,0.0150258786889406);
#161=ELLIPSE('',#5408,0.0159390015050553,0.0150261237185712);
#162=ELLIPSE('',#5422,0.0159387819328796,0.0150258786876992);
#163=ELLIPSE('',#5454,0.282842712474619,0.2);
#164=ELLIPSE('',#5458,0.282842712474619,0.2);
#165=ELLIPSE('',#5465,0.282842712474619,0.2);
#166=ELLIPSE('',#5467,0.282842712474619,0.2);
#167=ELLIPSE('',#5474,0.282842712474619,0.2);
#168=ELLIPSE('',#5476,0.282842712474619,0.2);
#169=(
BOUNDED_SURFACE()
B_SPLINE_SURFACE(3,2,((#7706,#7707,#7708),(#7709,#7710,#7711),(#7712,#7713,
#7714),(#7715,#7716,#7717)),.UNSPECIFIED.,.F.,.F.,.F.)
B_SPLINE_SURFACE_WITH_KNOTS((4,4),(3,3),(0.000559687271498551,0.00103122393642081),
(0.,1.),.UNSPECIFIED.)
GEOMETRIC_REPRESENTATION_ITEM()
RATIONAL_B_SPLINE_SURFACE(((1.,0.754035831262321,1.),(1.,0.747851097051681,
1.),(1.,0.741194934509736,1.),(1.,0.733934966407099,1.)))
REPRESENTATION_ITEM('')
SURFACE()
);
#170=(
BOUNDED_SURFACE()
B_SPLINE_SURFACE(3,2,((#7764,#7765,#7766),(#7767,#7768,#7769),(#7770,#7771,
#7772),(#7773,#7774,#7775)),.UNSPECIFIED.,.F.,.F.,.F.)
B_SPLINE_SURFACE_WITH_KNOTS((4,4),(3,3),(0.00055968727149855,0.00103122393642081),
(0.,1.),.UNSPECIFIED.)
GEOMETRIC_REPRESENTATION_ITEM()
RATIONAL_B_SPLINE_SURFACE(((1.,0.754035831262323,1.),(1.,0.747851097051683,
1.),(1.,0.74119493450974,1.),(1.,0.733934966407101,1.)))
REPRESENTATION_ITEM('')
SURFACE()
);
#171=(
BOUNDED_SURFACE()
B_SPLINE_SURFACE(3,2,((#7783,#7784,#7785),(#7786,#7787,#7788),(#7789,#7790,
#7791),(#7792,#7793,#7794)),.UNSPECIFIED.,.F.,.F.,.F.)
B_SPLINE_SURFACE_WITH_KNOTS((4,4),(3,3),(0.000567150558702638,0.00103868717689084),
(0.,1.),.UNSPECIFIED.)
GEOMETRIC_REPRESENTATION_ITEM()
RATIONAL_B_SPLINE_SURFACE(((1.,0.754035831258328,1.),(1.,0.747851097462058,
1.),(1.,0.741194933689114,1.),(1.,0.733934966420143,1.)))
REPRESENTATION_ITEM('')
SURFACE()
);
#172=(
BOUNDED_SURFACE()
B_SPLINE_SURFACE(3,2,((#7839,#7840,#7841),(#7842,#7843,#7844),(#7845,#7846,
#7847),(#7848,#7849,#7850)),.UNSPECIFIED.,.F.,.F.,.F.)
B_SPLINE_SURFACE_WITH_KNOTS((4,4),(3,3),(0.000559687271498548,0.00103122393642081),
(0.,1.),.UNSPECIFIED.)
GEOMETRIC_REPRESENTATION_ITEM()
RATIONAL_B_SPLINE_SURFACE(((1.,0.754035831262323,1.),(1.,0.747851097051684,
1.),(1.,0.741194934509738,1.),(1.,0.733934966407103,1.)))
REPRESENTATION_ITEM('')
SURFACE()
);
#173=(
BOUNDED_SURFACE()
B_SPLINE_SURFACE(3,2,((#7858,#7859,#7860),(#7861,#7862,#7863),(#7864,#7865,
#7866),(#7867,#7868,#7869)),.UNSPECIFIED.,.F.,.F.,.F.)
B_SPLINE_SURFACE_WITH_KNOTS((4,4),(3,3),(0.000567150558702636,0.00103868717689084),
(0.,1.),.UNSPECIFIED.)
GEOMETRIC_REPRESENTATION_ITEM()
RATIONAL_B_SPLINE_SURFACE(((1.,0.754035831258331,1.),(1.,0.747851097462055,
1.),(1.,0.741194933689118,1.),(1.,0.733934966420142,1.)))
REPRESENTATION_ITEM('')
SURFACE()
);
#174=(
BOUNDED_SURFACE()
B_SPLINE_SURFACE(3,2,((#7914,#7915,#7916),(#7917,#7918,#7919),(#7920,#7921,
#7922),(#7923,#7924,#7925)),.UNSPECIFIED.,.F.,.F.,.F.)
B_SPLINE_SURFACE_WITH_KNOTS((4,4),(3,3),(0.00055968727149855,0.00103122393642081),
(0.,1.),.UNSPECIFIED.)
GEOMETRIC_REPRESENTATION_ITEM()
RATIONAL_B_SPLINE_SURFACE(((1.,0.754035831262322,1.),(1.,0.747851097051684,
1.),(1.,0.741194934509737,1.),(1.,0.733934966407102,1.)))
REPRESENTATION_ITEM('')
SURFACE()
);
#175=(
BOUNDED_SURFACE()
B_SPLINE_SURFACE(3,2,((#7933,#7934,#7935),(#7936,#7937,#7938),(#7939,#7940,
#7941),(#7942,#7943,#7944)),.UNSPECIFIED.,.F.,.F.,.F.)
B_SPLINE_SURFACE_WITH_KNOTS((4,4),(3,3),(0.000526775960131125,0.000998312825030349),
(0.,1.),.UNSPECIFIED.)
GEOMETRIC_REPRESENTATION_ITEM()
RATIONAL_B_SPLINE_SURFACE(((1.,0.754035831280221,1.),(1.,0.747851095225327,
1.),(1.,0.741194938097132,1.),(1.,0.733934966350105,1.)))
REPRESENTATION_ITEM('')
SURFACE()
);
#176=(
BOUNDED_SURFACE()
B_SPLINE_SURFACE(3,2,((#7989,#7990,#7991),(#7992,#7993,#7994),(#7995,#7996,
#7997),(#7998,#7999,#8000)),.UNSPECIFIED.,.F.,.F.,.F.)
B_SPLINE_SURFACE_WITH_KNOTS((4,4),(3,3),(0.000526775960131125,0.000998312825030348),
(0.,1.),.UNSPECIFIED.)
GEOMETRIC_REPRESENTATION_ITEM()
RATIONAL_B_SPLINE_SURFACE(((1.,0.754035831280226,1.),(1.,0.747851095225323,
1.),(1.,0.741194938097137,1.),(1.,0.733934966350107,1.)))
REPRESENTATION_ITEM('')
SURFACE()
);
#177=(
BOUNDED_SURFACE()
B_SPLINE_SURFACE(2,2,((#8023,#8024,#8025,#8026,#8027,#8028,#8029,#8030,
#8031),(#8032,#8033,#8034,#8035,#8036,#8037,#8038,#8039,#8040),(#8041,#8042,
#8043,#8044,#8045,#8046,#8047,#8048,#8049)),.UNSPECIFIED.,.F.,.T.,.F.)
B_SPLINE_SURFACE_WITH_KNOTS((3,3),(3,2,2,2,3),(-1.5707963267949,-1.35327915642551),
(-3.14159265358979,-1.5707963267949,0.,1.5707963267949,3.14159265358979),
 .UNSPECIFIED.)
GEOMETRIC_REPRESENTATION_ITEM()
RATIONAL_B_SPLINE_SURFACE(((1.,0.707106781186548,1.,0.707106781186548,1.,
0.707106781186548,1.,0.707106781186548,1.),(0.994091612432489,0.702928920271683,
0.994091612432489,0.702928920271683,0.994091612432489,0.702928920271683,
0.994091612432489,0.702928920271683,0.994091612432489),(1.,0.707106781186548,
1.,0.707106781186548,1.,0.707106781186548,1.,0.707106781186548,1.)))
REPRESENTATION_ITEM('')
SURFACE()
);
#178=B_SPLINE_CURVE_WITH_KNOTS('',3,(#7558,#7559,#7560,#7561,#7562,#7563,
#7564,#7565,#7566,#7567),.UNSPECIFIED.,.F.,.F.,(4,2,2,2,4),(-0.00322261471886509,
-0.00243242307099197,-0.00161130741047761,-0.000790248608642665,0.),
 .UNSPECIFIED.);
#179=B_SPLINE_CURVE_WITH_KNOTS('',3,(#7583,#7584,#7585,#7586,#7587,#7588,
#7589,#7590,#7591,#7592),.UNSPECIFIED.,.F.,.F.,(4,2,2,2,4),(-0.00322261441338967,
-0.00243236587965501,-0.00161130715564966,-0.000790191572970347,0.),
 .UNSPECIFIED.);
#180=B_SPLINE_CURVE_WITH_KNOTS('',3,(#7596,#7597,#7598,#7599,#7600,#7601,
#7602,#7603,#7604,#7605),.UNSPECIFIED.,.F.,.F.,(4,2,2,2,4),(-0.00322261471886459,
-0.00243242307099115,-0.00161130741047746,-0.000790248608643518,0.),
 .UNSPECIFIED.);
#181=B_SPLINE_CURVE_WITH_KNOTS('',3,(#7621,#7622,#7623,#7624,#7625,#7626,
#7627,#7628,#7629,#7630),.UNSPECIFIED.,.F.,.F.,(4,2,2,2,4),(-0.00322261441339002,
-0.00243236587965575,-0.00161130715564986,-0.000790191572969986,0.),
 .UNSPECIFIED.);
#182=B_SPLINE_CURVE_WITH_KNOTS('',3,(#7634,#7635,#7636,#7637,#7638,#7639,
#7640,#7641,#7642,#7643),.UNSPECIFIED.,.F.,.F.,(4,2,2,2,4),(-0.00322261471886153,
-0.00243242307098892,-0.00161130741047555,-0.000790248608642346,0.),
 .UNSPECIFIED.);
#183=B_SPLINE_CURVE_WITH_KNOTS('',3,(#7659,#7660,#7661,#7662,#7663,#7664,
#7665,#7666,#7667,#7668),.UNSPECIFIED.,.F.,.F.,(4,2,2,2,4),(-0.00322261441339006,
-0.00243236587965613,-0.00161130715565043,-0.000790191572970422,0.),
 .UNSPECIFIED.);
#184=B_SPLINE_CURVE_WITH_KNOTS('',3,(#7672,#7673,#7674,#7675,#7676,#7677,
#7678,#7679,#7680,#7681),.UNSPECIFIED.,.F.,.F.,(4,2,2,2,4),(-0.00322261471886221,
-0.00243242307099049,-0.00161130741047537,-0.000790248608638396,0.),
 .UNSPECIFIED.);
#185=B_SPLINE_CURVE_WITH_KNOTS('',3,(#7696,#7697,#7698,#7699,#7700,#7701,
#7702,#7703,#7704,#7705),.UNSPECIFIED.,.F.,.F.,(4,2,2,2,4),(-0.00322261441339562,
-0.00243236587970795,-0.0016113071556993,-0.000790191573014816,0.),
 .UNSPECIFIED.);
#186=B_SPLINE_CURVE_WITH_KNOTS('',3,(#7729,#7730,#7731,#7732),
 .UNSPECIFIED.,.F.,.F.,(4,4),(0.0824031684013583,0.0879332276129509),
 .UNSPECIFIED.);
#187=B_SPLINE_CURVE_WITH_KNOTS('',3,(#7740,#7741,#7742,#7743,#7744,#7745,
#7746,#7747),.UNSPECIFIED.,.F.,.F.,(4,2,2,4),(0.00540271853565933,0.00540769391425104,
0.0108153878285021,0.016141731595704),.UNSPECIFIED.);
#188=B_SPLINE_CURVE_WITH_KNOTS('',3,(#7755,#7756,#7757,#7758),
 .UNSPECIFIED.,.F.,.F.,(4,4),(0.,0.00553005921159221),.UNSPECIFIED.);
#189=B_SPLINE_CURVE_WITH_KNOTS('',3,(#7804,#7805,#7806,#7807),
 .UNSPECIFIED.,.F.,.F.,(4,4),(0.0384215391477416,0.043951598359334),
 .UNSPECIFIED.);
#190=B_SPLINE_CURVE_WITH_KNOTS('',3,(#7815,#7816,#7817,#7818,#7819,#7820,
#7821,#7822),.UNSPECIFIED.,.F.,.F.,(4,2,2,4),(0.00540271853565949,0.00540769391425105,
0.0108153878285021,0.0161417315957041),.UNSPECIFIED.);
#191=B_SPLINE_CURVE_WITH_KNOTS('',3,(#7830,#7831,#7832,#7833),
 .UNSPECIFIED.,.F.,.F.,(4,4),(0.,0.00553005921159233),.UNSPECIFIED.);
#192=B_SPLINE_CURVE_WITH_KNOTS('',3,(#7879,#7880,#7881,#7882),
 .UNSPECIFIED.,.F.,.F.,(4,4),(0.0384215391477414,0.0439515983593339),
 .UNSPECIFIED.);
#193=B_SPLINE_CURVE_WITH_KNOTS('',3,(#7890,#7891,#7892,#7893,#7894,#7895,
#7896,#7897),.UNSPECIFIED.,.F.,.F.,(4,2,2,4),(0.0488274480855092,0.0488324234641008,
0.0542401173783519,0.0595664611455539),.UNSPECIFIED.);
#194=B_SPLINE_CURVE_WITH_KNOTS('',3,(#7905,#7906,#7907,#7908),
 .UNSPECIFIED.,.F.,.F.,(4,4),(0.0439816292536168,0.0495116884652092),
 .UNSPECIFIED.);
#195=B_SPLINE_CURVE_WITH_KNOTS('',3,(#7954,#7955,#7956,#7957),
 .UNSPECIFIED.,.F.,.F.,(4,4),(0.0824031684013585,0.0879332276129509),
 .UNSPECIFIED.);
#196=B_SPLINE_CURVE_WITH_KNOTS('',3,(#7965,#7966,#7967,#7968,#7969,#7970,
#7971,#7972),.UNSPECIFIED.,.F.,.F.,(4,2,2,4),(0.0488274549611313,0.048832534034532,
0.0542403385192143,0.0595664681418324),.UNSPECIFIED.);
#197=B_SPLINE_CURVE_WITH_KNOTS('',3,(#7980,#7981,#7982,#7983),
 .UNSPECIFIED.,.F.,.F.,(4,4),(0.0439816292536169,0.0495116884652092),
 .UNSPECIFIED.);
#198=B_SPLINE_CURVE_WITH_KNOTS('',3,(#8104,#8105,#8106,#8107),
 .UNSPECIFIED.,.F.,.F.,(4,4),(0.224036292847416,0.227372899132037),
 .UNSPECIFIED.);
#199=B_SPLINE_CURVE_WITH_KNOTS('',3,(#8110,#8111,#8112,#8113,#8114,#8115,
#8116,#8117),.UNSPECIFIED.,.F.,.F.,(4,2,2,4),(-0.000123073127527492,0.,
0.00755763113152064,0.0148161854587243),.UNSPECIFIED.);
#200=B_SPLINE_CURVE_WITH_KNOTS('',3,(#8118,#8119,#8120,#8121,#8122,#8123,
#8124,#8125),.UNSPECIFIED.,.F.,.F.,(4,2,2,4),(-0.114749792645343,-0.113446782536145,
-0.102360295491228,-0.0874725630317132),.UNSPECIFIED.);
#201=B_SPLINE_CURVE_WITH_KNOTS('',3,(#8168,#8169,#8170,#8171,#8172,#8173,
#8174,#8175),.UNSPECIFIED.,.F.,.F.,(4,2,2,4),(0.000174663239142713,0.00742194152407642,
0.0149678320025334,0.0150907139380237),.UNSPECIFIED.);
#202=B_SPLINE_CURVE_WITH_KNOTS('',3,(#8179,#8180,#8181,#8182),
 .UNSPECIFIED.,.F.,.F.,(4,4),(0.,0.00333660628462012),.UNSPECIFIED.);
#203=B_SPLINE_CURVE_WITH_KNOTS('',3,(#8183,#8184,#8185,#8186,#8187,#8188,
#8189,#8190),.UNSPECIFIED.,.F.,.F.,(4,2,2,4),(0.0874725630317138,0.102360295491228,
0.113446782536145,0.114749792645343),.UNSPECIFIED.);
#204=B_SPLINE_CURVE_WITH_KNOTS('',3,(#8512,#8513,#8514,#8515,#8516,#8517,
#8518,#8519,#8520,#8521,#8522),.UNSPECIFIED.,.F.,.F.,(4,1,1,1,1,1,1,1,4),
(0.,0.125,0.25,0.375,0.5,0.625,0.75,0.875,1.),.UNSPECIFIED.);
#205=B_SPLINE_CURVE_WITH_KNOTS('',3,(#8524,#8525,#8526,#8527,#8528,#8529),
 .UNSPECIFIED.,.F.,.F.,(4,1,1,4),(0.,0.333333333333333,0.666666666666667,
1.),.UNSPECIFIED.);
#206=B_SPLINE_CURVE_WITH_KNOTS('',3,(#8600,#8601,#8602,#8603,#8604,#8605,
#8606,#8607,#8608,#8609,#8610),.UNSPECIFIED.,.F.,.F.,(4,1,1,1,1,1,1,1,4),
(0.,0.125,0.25,0.375,0.5,0.625,0.75,0.875,1.),.UNSPECIFIED.);
#207=B_SPLINE_CURVE_WITH_KNOTS('',3,(#8681,#8682,#8683,#8684,#8685,#8686),
 .UNSPECIFIED.,.F.,.F.,(4,1,1,4),(0.,0.333333333333333,0.666666666666667,
1.),.UNSPECIFIED.);
#208=B_SPLINE_CURVE_WITH_KNOTS('',3,(#8688,#8689,#8690,#8691,#8692,#8693,
#8694,#8695,#8696,#8697,#8698,#8699,#8700,#8701,#8702,#8703,#8704,#8705,
#8706,#8707,#8708,#8709),.UNSPECIFIED.,.F.,.F.,(4,3,3,3,3,3,3,4),(0.500000000000009,
0.583705207982699,0.664668848559207,0.740672520038586,0.810443199944202,
0.877557906424605,0.941278158986058,1.),.UNSPECIFIED.);
#209=B_SPLINE_CURVE_WITH_KNOTS('',3,(#8778,#8779,#8780,#8781,#8782,#8783,
#8784,#8785,#8786,#8787,#8788),.UNSPECIFIED.,.F.,.F.,(4,1,1,1,1,1,1,1,4),
(0.,0.125,0.25,0.375,0.5,0.625,0.75,0.875,1.),.UNSPECIFIED.);
#210=B_SPLINE_CURVE_WITH_KNOTS('',3,(#8791,#8792,#8793,#8794,#8795,#8796,
#8797,#8798,#8799,#8800,#8801,#8802,#8803,#8804,#8805,#8806,#8807,#8808,
#8809,#8810,#8811,#8812),.UNSPECIFIED.,.F.,.F.,(4,3,3,3,3,3,3,4),(0.,0.064275534988607,
0.130775236614849,0.199966334609068,0.274974750956803,0.353625865427852,
0.437428037768016,0.500000000000009),.UNSPECIFIED.);
#211=B_SPLINE_CURVE_WITH_KNOTS('',3,(#8880,#8881,#8882,#8883,#8884,#8885),
 .UNSPECIFIED.,.F.,.F.,(4,1,1,4),(0.,0.333333333333333,0.666666666666667,
1.),.UNSPECIFIED.);
#212=B_SPLINE_CURVE_WITH_KNOTS('',3,(#8887,#8888,#8889,#8890,#8891,#8892,
#8893,#8894,#8895,#8896,#8897,#8898,#8899,#8900,#8901,#8902),
 .UNSPECIFIED.,.F.,.F.,(4,3,3,3,3,4),(0.5,0.60824494583262,0.716499336139613,
0.824746137321614,0.932997348922405,1.),.UNSPECIFIED.);
#213=B_SPLINE_CURVE_WITH_KNOTS('',3,(#8971,#8972,#8973,#8974,#8975,#8976,
#8977,#8978,#8979,#8980,#8981),.UNSPECIFIED.,.F.,.F.,(4,1,1,1,1,1,1,1,4),
(0.,0.125,0.25,0.375,0.5,0.625,0.75,0.875,1.),.UNSPECIFIED.);
#214=B_SPLINE_CURVE_WITH_KNOTS('',3,(#8984,#8985,#8986,#8987,#8988,#8989,
#8990,#8991,#8992,#8993,#8994,#8995,#8996,#8997,#8998,#8999),
 .UNSPECIFIED.,.F.,.F.,(4,3,3,3,3,4),(0.,0.108244945832596,0.216499336139583,
0.324746137321482,0.432997348922258,0.5),.UNSPECIFIED.);
#215=B_SPLINE_CURVE_WITH_KNOTS('',3,(#9067,#9068,#9069,#9070,#9071,#9072),
 .UNSPECIFIED.,.F.,.F.,(4,1,1,4),(0.,0.333333333333333,0.666666666666667,
1.),.UNSPECIFIED.);
#216=B_SPLINE_CURVE_WITH_KNOTS('',3,(#9074,#9075,#9076,#9077,#9078,#9079,
#9080,#9081,#9082,#9083,#9084,#9085,#9086,#9087,#9088,#9089,#9090,#9091,
#9092,#9093,#9094,#9095),.UNSPECIFIED.,.F.,.F.,(4,3,3,3,3,3,3,4),(0.499999999999994,
0.583991511046283,0.664837245795513,0.740887723863575,0.810973968937464,
0.878486605770794,0.942698292083819,1.),.UNSPECIFIED.);
#217=B_SPLINE_CURVE_WITH_KNOTS('',3,(#9165,#9166,#9167,#9168,#9169,#9170,
#9171,#9172,#9173,#9174,#9175),.UNSPECIFIED.,.F.,.F.,(4,1,1,1,1,1,1,1,4),
(0.,0.125,0.25,0.375,0.5,0.625,0.75,0.875,1.),.UNSPECIFIED.);
#218=B_SPLINE_CURVE_WITH_KNOTS('',3,(#9177,#9178,#9179,#9180,#9181,#9182),
 .UNSPECIFIED.,.F.,.F.,(4,1,1,4),(0.,0.333333333333333,0.666666666666667,
1.),.UNSPECIFIED.);
#219=B_SPLINE_CURVE_WITH_KNOTS('',3,(#9184,#9185,#9186,#9187,#9188,#9189,
#9190,#9191,#9192,#9193,#9194,#9195,#9196,#9197,#9198,#9199),
 .UNSPECIFIED.,.F.,.F.,(4,3,3,3,3,4),(0.5,0.608244945832612,0.716499336139615,
0.824746137321585,0.932997348922375,1.),.UNSPECIFIED.);
#220=B_SPLINE_CURVE_WITH_KNOTS('',3,(#9268,#9269,#9270,#9271,#9272,#9273,
#9274,#9275,#9276,#9277,#9278),.UNSPECIFIED.,.F.,.F.,(4,1,1,1,1,1,1,1,4),
(0.,0.125,0.25,0.375,0.5,0.625,0.75,0.875,1.),.UNSPECIFIED.);
#221=B_SPLINE_CURVE_WITH_KNOTS('',3,(#9281,#9282,#9283,#9284,#9285,#9286,
#9287,#9288,#9289,#9290,#9291,#9292,#9293,#9294,#9295,#9296),
 .UNSPECIFIED.,.F.,.F.,(4,3,3,3,3,4),(0.,0.10824494583262,0.216499336139613,
0.32474613732159,0.432997348922364,0.5),.UNSPECIFIED.);
#222=B_SPLINE_CURVE_WITH_KNOTS('',3,(#9364,#9365,#9366,#9367,#9368,#9369),
 .UNSPECIFIED.,.F.,.F.,(4,1,1,4),(0.,0.333333333333333,0.666666666666667,
1.),.UNSPECIFIED.);
#223=B_SPLINE_CURVE_WITH_KNOTS('',3,(#9371,#9372,#9373,#9374,#9375,#9376,
#9377,#9378,#9379,#9380,#9381,#9382,#9383,#9384,#9385,#9386,#9387,#9388,
#9389,#9390,#9391,#9392),.UNSPECIFIED.,.F.,.F.,(4,3,3,3,3,3,3,4),(0.500000000000002,
0.583991511047042,0.664837245796582,0.740887723866255,0.810973968939888,
0.878486605773147,0.942698292085958,1.),.UNSPECIFIED.);
#224=B_SPLINE_CURVE_WITH_KNOTS('',3,(#9431,#9432,#9433,#9434,#9435,#9436),
 .UNSPECIFIED.,.F.,.F.,(4,1,1,4),(0.,0.333333333333333,0.666666666666667,
1.),.UNSPECIFIED.);
#225=B_SPLINE_CURVE_WITH_KNOTS('',3,(#9439,#9440,#9441,#9442,#9443,#9444,
#9445,#9446,#9447,#9448,#9449,#9450,#9451,#9452,#9453,#9454,#9455,#9456,
#9457,#9458,#9459,#9460),.UNSPECIFIED.,.F.,.F.,(4,3,3,3,3,3,3,4),(0.,0.0637682330337632,
0.129800482534608,0.198588800244153,0.273941600183115,0.352591393849782,
0.436210162321802,0.500000000000002),.UNSPECIFIED.);
#226=B_SPLINE_CURVE_WITH_KNOTS('',3,(#9498,#9499,#9500,#9501,#9502,#9503),
 .UNSPECIFIED.,.F.,.F.,(4,1,1,4),(0.,0.333333333333333,0.666666666666667,
1.),.UNSPECIFIED.);
#227=B_SPLINE_CURVE_WITH_KNOTS('',3,(#9544,#9545,#9546,#9547,#9548,#9549),
 .UNSPECIFIED.,.F.,.F.,(4,1,1,4),(0.,0.333333333333333,0.666666666666667,
1.),.UNSPECIFIED.);
#228=B_SPLINE_CURVE_WITH_KNOTS('',3,(#9590,#9591,#9592,#9593,#9594,#9595),
 .UNSPECIFIED.,.F.,.F.,(4,1,1,4),(0.,0.333333333333333,0.666666666666667,
1.),.UNSPECIFIED.);
#229=B_SPLINE_CURVE_WITH_KNOTS('',3,(#9597,#9598,#9599,#9600,#9601,#9602,
#9603,#9604,#9605,#9606,#9607,#9608,#9609,#9610,#9611,#9612,#9613,#9614,
#9615,#9616,#9617,#9618),.UNSPECIFIED.,.F.,.F.,(4,3,3,3,3,3,3,4),(0.500000000000039,
0.583705207982749,0.664668848560908,0.740672520042597,0.810443199948113,
0.877557906428849,0.941278158990513,1.),.UNSPECIFIED.);
#230=B_SPLINE_CURVE_WITH_KNOTS('',3,(#9688,#9689,#9690,#9691,#9692,#9693,
#9694,#9695,#9696,#9697,#9698),.UNSPECIFIED.,.F.,.F.,(4,1,1,1,1,1,1,1,4),
(0.,0.125,0.25,0.375,0.5,0.625,0.75,0.875,1.),.UNSPECIFIED.);
#231=B_SPLINE_CURVE_WITH_KNOTS('',3,(#9700,#9701,#9702,#9703,#9704,#9705),
 .UNSPECIFIED.,.F.,.F.,(4,1,1,4),(0.,0.333333333333333,0.666666666666667,
1.),.UNSPECIFIED.);
#232=B_SPLINE_CURVE_WITH_KNOTS('',3,(#9707,#9708,#9709,#9710,#9711,#9712,
#9713,#9714,#9715,#9716,#9717,#9718,#9719,#9720,#9721,#9722),
 .UNSPECIFIED.,.F.,.F.,(4,3,3,3,3,4),(0.5,0.608244945832575,0.716499336139555,
0.824746137321532,0.932997348922291,1.),.UNSPECIFIED.);
#233=B_SPLINE_CURVE_WITH_KNOTS('',3,(#9791,#9792,#9793,#9794,#9795,#9796,
#9797,#9798,#9799,#9800,#9801),.UNSPECIFIED.,.F.,.F.,(4,1,1,1,1,1,1,1,4),
(0.,0.125,0.25,0.375,0.5,0.625,0.75,0.875,1.),.UNSPECIFIED.);
#234=B_SPLINE_CURVE_WITH_KNOTS('',3,(#9804,#9805,#9806,#9807,#9808,#9809,
#9810,#9811,#9812,#9813,#9814,#9815,#9816,#9817,#9818,#9819),
 .UNSPECIFIED.,.F.,.F.,(4,3,3,3,3,4),(0.,0.1082449458326,0.216499336139582,
0.324746137321551,0.432997348922337,0.5),.UNSPECIFIED.);
#235=B_SPLINE_CURVE_WITH_KNOTS('',3,(#9887,#9888,#9889,#9890,#9891,#9892),
 .UNSPECIFIED.,.F.,.F.,(4,1,1,4),(0.,0.333333333333333,0.666666666666667,
1.),.UNSPECIFIED.);
#236=B_SPLINE_CURVE_WITH_KNOTS('',3,(#9894,#9895,#9896,#9897,#9898,#9899,
#9900,#9901,#9902,#9903,#9904,#9905,#9906,#9907,#9908,#9909,#9910,#9911,
#9912,#9913,#9914,#9915),.UNSPECIFIED.,.F.,.F.,(4,3,3,3,3,3,3,4),(0.500000000000003,
0.583991511045763,0.664837245794922,0.740887723863696,0.810973968937439,
0.878486605771313,0.942698292084186,1.),.UNSPECIFIED.);
#237=B_SPLINE_CURVE_WITH_KNOTS('',3,(#9954,#9955,#9956,#9957,#9958,#9959),
 .UNSPECIFIED.,.F.,.F.,(4,1,1,4),(0.,0.333333333333333,0.666666666666667,
1.),.UNSPECIFIED.);
#238=B_SPLINE_CURVE_WITH_KNOTS('',3,(#9962,#9963,#9964,#9965,#9966,#9967,
#9968,#9969,#9970,#9971,#9972,#9973,#9974,#9975,#9976,#9977,#9978,#9979,
#9980,#9981,#9982,#9983),.UNSPECIFIED.,.F.,.F.,(4,3,3,3,3,3,3,4),(0.,0.06376823303386,
0.129800482534473,0.198588800243556,0.273941600182668,0.352591393850224,
0.436210162322108,0.500000000000003),.UNSPECIFIED.);
#239=B_SPLINE_CURVE_WITH_KNOTS('',3,(#10021,#10022,#10023,#10024,#10025,
#10026),.UNSPECIFIED.,.F.,.F.,(4,1,1,4),(0.,0.333333333333333,0.666666666666667,
1.),.UNSPECIFIED.);
#240=B_SPLINE_CURVE_WITH_KNOTS('',3,(#10067,#10068,#10069,#10070,#10071,
#10072),.UNSPECIFIED.,.F.,.F.,(4,1,1,4),(0.,0.333333333333333,0.666666666666667,
1.),.UNSPECIFIED.);
#241=B_SPLINE_CURVE_WITH_KNOTS('',3,(#10113,#10114,#10115,#10116,#10117,
#10118),.UNSPECIFIED.,.F.,.F.,(4,1,1,4),(0.,0.333333333333333,0.666666666666667,
1.),.UNSPECIFIED.);
#242=B_SPLINE_CURVE_WITH_KNOTS('',3,(#10120,#10121,#10122,#10123,#10124,
#10125,#10126,#10127,#10128,#10129,#10130,#10131,#10132,#10133,#10134,#10135,
#10136,#10137,#10138,#10139,#10140,#10141),.UNSPECIFIED.,.F.,.F.,(4,3,3,
3,3,3,3,4),(0.500000000000009,0.583705207983144,0.664668848560155,0.740672520038267,
0.810443199944053,0.877557906424939,0.941278158986344,1.),.UNSPECIFIED.);
#243=B_SPLINE_CURVE_WITH_KNOTS('',3,(#10146,#10147,#10148,#10149,#10150,
#10151),.UNSPECIFIED.,.F.,.F.,(4,2,4),(0.,0.0571006605728095,0.105034118397391),
 .UNSPECIFIED.);
#244=B_SPLINE_CURVE_WITH_KNOTS('',3,(#10155,#10156,#10157,#10158,#10159,
#10160),.UNSPECIFIED.,.F.,.F.,(4,2,4),(0.285746808733767,0.353367531990504,
0.433534556784962),.UNSPECIFIED.);
#245=B_SPLINE_CURVE_WITH_KNOTS('',3,(#10171,#10172,#10173,#10174,#10175,
#10176),.UNSPECIFIED.,.F.,.F.,(4,2,4),(0.,0.080167024795077,0.147787748051526),
 .UNSPECIFIED.);
#246=B_SPLINE_CURVE_WITH_KNOTS('',3,(#10180,#10181,#10182,#10183,#10184,
#10185),.UNSPECIFIED.,.F.,.F.,(4,2,4),(0.210139524092985,0.258072981917468,
0.315173642490486),.UNSPECIFIED.);
#247=B_SPLINE_CURVE_WITH_KNOTS('',3,(#10390,#10391,#10392,#10393,#10394,
#10395,#10396,#10397,#10398,#10399,#10400,#10401,#10402,#10403,#10404,#10405,
#10406,#10407,#10408,#10409,#10410,#10411),.UNSPECIFIED.,.F.,.F.,(4,3,3,
3,3,3,3,4),(0.,0.064275534988648,0.13077523661454,0.1999663346079,0.274974750955927,
0.353625865428177,0.437428037768629,0.500000000000009),.UNSPECIFIED.);
#248=B_SPLINE_CURVE_WITH_KNOTS('',3,(#10483,#10484,#10485,#10486,#10487,
#10488,#10489,#10490,#10491,#10492,#10493,#10494,#10495,#10496,#10497,#10498,
#10499,#10500,#10501,#10502,#10503,#10504),.UNSPECIFIED.,.F.,.F.,(4,3,3,
3,3,3,3,4),(0.,0.0642755349886349,0.130775236614945,0.199966334609598,0.274974750957208,
0.353625865428485,0.437428037769844,0.500000000000039),.UNSPECIFIED.);
#249=B_SPLINE_CURVE_WITH_KNOTS('',3,(#10573,#10574,#10575,#10576,#10577,
#10578,#10579,#10580,#10581,#10582,#10583,#10584,#10585,#10586,#10587,#10588,
#10589,#10590,#10591,#10592,#10593,#10594),.UNSPECIFIED.,.F.,.F.,(4,3,3,
3,3,3,3,4),(0.,0.0637682330337719,0.129800482534938,0.198588800244932,0.273941600183698,
0.352591393850546,0.43621016232268,0.499999999999994),.UNSPECIFIED.);
#250=B_SPLINE_CURVE_WITH_KNOTS('',3,(#10796,#10797,#10798,#10799,#10800,
#10801,#10802,#10803,#10804,#10805,#10806,#10807,#10808,#10809),
 .UNSPECIFIED.,.F.,.F.,(4,2,2,2,2,2,4),(-0.0726340387597385,-0.072370493592484,
-0.0649879526672485,-0.0579007456446424,-0.0493403916352798,-0.0424356280007603,
-0.036185246796241),.UNSPECIFIED.);
#251=B_SPLINE_CURVE_WITH_KNOTS('',3,(#10810,#10811,#10812,#10813,#10814,
#10815,#10816,#10817,#10818,#10819,#10820,#10821,#10822,#10823),
 .UNSPECIFIED.,.F.,.F.,(4,2,2,2,2,2,4),(-0.072633718687683,-0.0723697921453843,
-0.06498808711564,-0.0579037846925814,-0.0493411322298922,-0.0424354439853608,
-0.0361848960726923),.UNSPECIFIED.);
#252=B_SPLINE_CURVE_WITH_KNOTS('',3,(#10908,#10909,#10910,#10911,#10912,
#10913),.UNSPECIFIED.,.F.,.F.,(4,2,4),(0.,0.126255195471275,0.200970203892104),
 .UNSPECIFIED.);
#253=B_SPLINE_CURVE_WITH_KNOTS('',3,(#10920,#10921,#10922,#10923),
 .UNSPECIFIED.,.F.,.F.,(4,4),(0.604952424965743,0.891458623424721),
 .UNSPECIFIED.);
#254=B_SPLINE_CURVE_WITH_KNOTS('',3,(#10926,#10927,#10928,#10929),
 .UNSPECIFIED.,.F.,.F.,(4,4),(0.,0.286506198458978),.UNSPECIFIED.);
#255=B_SPLINE_CURVE_WITH_KNOTS('',3,(#10934,#10935,#10936,#10937),
 .UNSPECIFIED.,.F.,.F.,(4,4),(0.604952424965742,0.89145862342472),
 .UNSPECIFIED.);
#256=B_SPLINE_CURVE_WITH_KNOTS('',3,(#10940,#10941,#10942,#10943),
 .UNSPECIFIED.,.F.,.F.,(4,4),(0.,0.286506198458978),.UNSPECIFIED.);
#257=B_SPLINE_CURVE_WITH_KNOTS('',3,(#10949,#10950,#10951,#10952),
 .UNSPECIFIED.,.F.,.F.,(4,4),(0.604952424965682,0.891458623424508),
 .UNSPECIFIED.);
#258=B_SPLINE_CURVE_WITH_KNOTS('',3,(#10982,#10983,#10984,#10985),
 .UNSPECIFIED.,.F.,.F.,(4,4),(0.604952424965742,0.89145862342472),
 .UNSPECIFIED.);
#259=B_SPLINE_CURVE_WITH_KNOTS('',3,(#10994,#10995,#10996,#10997),
 .UNSPECIFIED.,.F.,.F.,(4,4),(0.,0.286506198458978),.UNSPECIFIED.);
#260=B_SPLINE_CURVE_WITH_KNOTS('',3,(#11003,#11004,#11005,#11006),
 .UNSPECIFIED.,.F.,.F.,(4,4),(0.,0.286506198458978),.UNSPECIFIED.);
#261=B_SPLINE_CURVE_WITH_KNOTS('',3,(#11013,#11014,#11015,#11016,#11017,
#11018),.UNSPECIFIED.,.F.,.F.,(4,2,4),(0.465056514961409,0.53977152338223,
0.666026718853552),.UNSPECIFIED.);
#262=B_SPLINE_CURVE_WITH_KNOTS('',3,(#11041,#11042,#11043,#11044,#11045,
#11046,#11047,#11048,#11049,#11050,#11051,#11052,#11053,#11054,#11055,#11056,
#11057,#11058,#11059,#11060,#11061,#11062),.UNSPECIFIED.,.F.,.F.,(4,2,2,
2,2,2,2,2,2,2,4),(0.2366508274691,0.246860438925014,0.257070050380927,0.277489273292754,
0.302219633324292,0.35497624120365,0.407732849083009,0.432463209114547,
0.452882432026374,0.463092043482287,0.473301654938201),.UNSPECIFIED.);
#263=B_SPLINE_CURVE_WITH_KNOTS('',3,(#11075,#11076,#11077,#11078,#11079,
#11080,#11081,#11082,#11083,#11084,#11085,#11086,#11087,#11088,#11089,#11090,
#11091,#11092,#11093,#11094,#11095,#11096),.UNSPECIFIED.,.F.,.F.,(4,2,2,
2,2,2,2,2,2,2,4),(0.2366508274691,0.246860438925014,0.257070050380927,0.277489273292754,
0.302219633324292,0.35497624120365,0.407732849083009,0.432463209114547,
0.452882432026374,0.463092043482287,0.4733016549382),.UNSPECIFIED.);
#264=CONICAL_SURFACE('',#5329,0.653841719999994,0.785398163397554);
#265=CONICAL_SURFACE('',#5367,0.556869599999998,0.10471975511966);
#266=CONICAL_SURFACE('',#5386,0.556869599999998,0.10471975511966);
#267=CONICAL_SURFACE('',#5405,0.556869599999998,0.10471975511966);
#268=CONICAL_SURFACE('',#5424,0.556869599999997,0.10471975511966);
#269=PLANE('',#5328);
#270=PLANE('',#5333);
#271=PLANE('',#5353);
#272=PLANE('',#5356);
#273=PLANE('',#5359);
#274=PLANE('',#5362);
#275=PLANE('',#5372);
#276=PLANE('',#5375);
#277=PLANE('',#5378);
#278=PLANE('',#5381);
#279=PLANE('',#5391);
#280=PLANE('',#5394);
#281=PLANE('',#5397);
#282=PLANE('',#5400);
#283=PLANE('',#5410);
#284=PLANE('',#5413);
#285=PLANE('',#5416);
#286=PLANE('',#5419);
#287=PLANE('',#5440);
#288=PLANE('',#5445);
#289=PLANE('',#5481);
#290=PLANE('',#5485);
#291=PLANE('',#5486);
#292=PLANE('',#5487);
#293=PLANE('',#5488);
#294=PLANE('',#5492);
#295=PLANE('',#5493);
#296=PLANE('',#5499);
#297=PLANE('',#5500);
#298=PLANE('',#5506);
#299=PLANE('',#5507);
#300=PLANE('',#5517);
#301=PLANE('',#5520);
#302=PLANE('',#5522);
#303=PLANE('',#5524);
#304=PLANE('',#5525);
#305=PLANE('',#5526);
#306=PLANE('',#5528);
#307=PLANE('',#5529);
#308=PLANE('',#5530);
#309=PLANE('',#5531);
#310=PLANE('',#5533);
#311=PLANE('',#5541);
#312=PLANE('',#5542);
#313=PLANE('',#5543);
#314=PLANE('',#5547);
#315=PLANE('',#5555);
#316=PLANE('',#5560);
#317=PLANE('',#5571);
#318=PLANE('',#5572);
#319=PLANE('',#5573);
#320=PLANE('',#5596);
#321=PLANE('',#5598);
#322=PLANE('',#5602);
#323=PLANE('',#5606);
#324=PLANE('',#5609);
#325=PLANE('',#5612);
#326=PLANE('',#5729);
#327=PLANE('',#5732);
#328=PLANE('',#5735);
#329=PLANE('',#5737);
#330=PLANE('',#5738);
#331=PLANE('',#5739);
#332=PLANE('',#5740);
#333=PLANE('',#5741);
#334=PLANE('',#5742);
#335=PLANE('',#5744);
#336=PLANE('',#5748);
#337=PLANE('',#5761);
#338=PLANE('',#5766);
#339=PLANE('',#5769);
#340=PLANE('',#5780);
#341=PLANE('',#5849);
#342=PLANE('',#5850);
#343=PLANE('',#5851);
#344=PLANE('',#5852);
#345=PLANE('',#5854);
#346=PLANE('',#5855);
#347=PLANE('',#5856);
#348=PLANE('',#5857);
#349=PLANE('',#5865);
#350=PLANE('',#5866);
#351=PLANE('',#5867);
#352=PLANE('',#5868);
#353=PLANE('',#5869);
#354=PLANE('',#5870);
#355=PLANE('',#5873);
#356=PLANE('',#5874);
#357=PLANE('',#5877);
#358=PLANE('',#5878);
#359=PLANE('',#5879);
#360=PLANE('',#5880);
#361=PLANE('',#5881);
#362=PLANE('',#5882);
#363=PLANE('',#5883);
#364=PLANE('',#5884);
#365=PLANE('',#5888);
#366=PLANE('',#5897);
#367=PLANE('',#5900);
#368=PLANE('',#5901);
#369=PLANE('',#5905);
#370=PLANE('',#5906);
#371=PLANE('',#5909);
#372=PLANE('',#5910);
#373=PLANE('',#5917);
#374=PLANE('',#5921);
#375=PLANE('',#5922);
#376=PLANE('',#5926);
#377=PLANE('',#5930);
#378=PLANE('',#5934);
#379=PLANE('',#5938);
#380=PLANE('',#5939);
#381=FACE_OUTER_BOUND('',#689,.T.);
#382=FACE_OUTER_BOUND('',#690,.T.);
#383=FACE_OUTER_BOUND('',#691,.T.);
#384=FACE_OUTER_BOUND('',#692,.T.);
#385=FACE_OUTER_BOUND('',#693,.T.);
#386=FACE_OUTER_BOUND('',#694,.T.);
#387=FACE_OUTER_BOUND('',#695,.T.);
#388=FACE_OUTER_BOUND('',#696,.T.);
#389=FACE_OUTER_BOUND('',#697,.T.);
#390=FACE_OUTER_BOUND('',#698,.T.);
#391=FACE_OUTER_BOUND('',#699,.T.);
#392=FACE_OUTER_BOUND('',#700,.T.);
#393=FACE_OUTER_BOUND('',#701,.T.);
#394=FACE_OUTER_BOUND('',#702,.T.);
#395=FACE_OUTER_BOUND('',#703,.T.);
#396=FACE_OUTER_BOUND('',#704,.T.);
#397=FACE_OUTER_BOUND('',#705,.T.);
#398=FACE_OUTER_BOUND('',#706,.T.);
#399=FACE_OUTER_BOUND('',#707,.T.);
#400=FACE_OUTER_BOUND('',#708,.T.);
#401=FACE_OUTER_BOUND('',#709,.T.);
#402=FACE_OUTER_BOUND('',#710,.T.);
#403=FACE_OUTER_BOUND('',#711,.T.);
#404=FACE_OUTER_BOUND('',#712,.T.);
#405=FACE_OUTER_BOUND('',#713,.T.);
#406=FACE_OUTER_BOUND('',#714,.T.);
#407=FACE_OUTER_BOUND('',#715,.T.);
#408=FACE_OUTER_BOUND('',#716,.T.);
#409=FACE_OUTER_BOUND('',#717,.T.);
#410=FACE_OUTER_BOUND('',#718,.T.);
#411=FACE_OUTER_BOUND('',#719,.T.);
#412=FACE_OUTER_BOUND('',#720,.T.);
#413=FACE_OUTER_BOUND('',#721,.T.);
#414=FACE_OUTER_BOUND('',#722,.T.);
#415=FACE_OUTER_BOUND('',#723,.T.);
#416=FACE_OUTER_BOUND('',#724,.T.);
#417=FACE_OUTER_BOUND('',#725,.T.);
#418=FACE_OUTER_BOUND('',#726,.T.);
#419=FACE_OUTER_BOUND('',#727,.T.);
#420=FACE_OUTER_BOUND('',#728,.T.);
#421=FACE_OUTER_BOUND('',#729,.T.);
#422=FACE_OUTER_BOUND('',#730,.T.);
#423=FACE_OUTER_BOUND('',#731,.T.);
#424=FACE_OUTER_BOUND('',#732,.T.);
#425=FACE_OUTER_BOUND('',#733,.T.);
#426=FACE_OUTER_BOUND('',#735,.T.);
#427=FACE_OUTER_BOUND('',#736,.T.);
#428=FACE_OUTER_BOUND('',#737,.T.);
#429=FACE_OUTER_BOUND('',#738,.T.);
#430=FACE_OUTER_BOUND('',#739,.T.);
#431=FACE_OUTER_BOUND('',#740,.T.);
#432=FACE_OUTER_BOUND('',#742,.T.);
#433=FACE_OUTER_BOUND('',#743,.T.);
#434=FACE_OUTER_BOUND('',#745,.T.);
#435=FACE_OUTER_BOUND('',#746,.T.);
#436=FACE_OUTER_BOUND('',#747,.T.);
#437=FACE_OUTER_BOUND('',#748,.T.);
#438=FACE_OUTER_BOUND('',#749,.T.);
#439=FACE_OUTER_BOUND('',#750,.T.);
#440=FACE_OUTER_BOUND('',#751,.T.);
#441=FACE_OUTER_BOUND('',#752,.T.);
#442=FACE_OUTER_BOUND('',#753,.T.);
#443=FACE_OUTER_BOUND('',#754,.T.);
#444=FACE_OUTER_BOUND('',#755,.T.);
#445=FACE_OUTER_BOUND('',#756,.T.);
#446=FACE_OUTER_BOUND('',#757,.T.);
#447=FACE_OUTER_BOUND('',#758,.T.);
#448=FACE_OUTER_BOUND('',#759,.T.);
#449=FACE_OUTER_BOUND('',#760,.T.);
#450=FACE_OUTER_BOUND('',#761,.T.);
#451=FACE_OUTER_BOUND('',#762,.T.);
#452=FACE_OUTER_BOUND('',#763,.T.);
#453=FACE_OUTER_BOUND('',#764,.T.);
#454=FACE_OUTER_BOUND('',#765,.T.);
#455=FACE_OUTER_BOUND('',#766,.T.);
#456=FACE_OUTER_BOUND('',#767,.T.);
#457=FACE_OUTER_BOUND('',#769,.T.);
#458=FACE_OUTER_BOUND('',#770,.T.);
#459=FACE_OUTER_BOUND('',#771,.T.);
#460=FACE_OUTER_BOUND('',#773,.T.);
#461=FACE_OUTER_BOUND('',#774,.T.);
#462=FACE_OUTER_BOUND('',#775,.T.);
#463=FACE_OUTER_BOUND('',#780,.T.);
#464=FACE_OUTER_BOUND('',#781,.T.);
#465=FACE_OUTER_BOUND('',#782,.T.);
#466=FACE_OUTER_BOUND('',#783,.T.);
#467=FACE_OUTER_BOUND('',#784,.T.);
#468=FACE_OUTER_BOUND('',#785,.T.);
#469=FACE_OUTER_BOUND('',#786,.T.);
#470=FACE_OUTER_BOUND('',#787,.T.);
#471=FACE_OUTER_BOUND('',#788,.T.);
#472=FACE_OUTER_BOUND('',#789,.T.);
#473=FACE_OUTER_BOUND('',#790,.T.);
#474=FACE_OUTER_BOUND('',#792,.T.);
#475=FACE_OUTER_BOUND('',#793,.T.);
#476=FACE_OUTER_BOUND('',#794,.T.);
#477=FACE_OUTER_BOUND('',#795,.T.);
#478=FACE_OUTER_BOUND('',#797,.T.);
#479=FACE_OUTER_BOUND('',#798,.T.);
#480=FACE_OUTER_BOUND('',#799,.T.);
#481=FACE_OUTER_BOUND('',#800,.T.);
#482=FACE_OUTER_BOUND('',#801,.T.);
#483=FACE_OUTER_BOUND('',#802,.T.);
#484=FACE_OUTER_BOUND('',#803,.T.);
#485=FACE_OUTER_BOUND('',#805,.T.);
#486=FACE_OUTER_BOUND('',#806,.T.);
#487=FACE_OUTER_BOUND('',#807,.T.);
#488=FACE_OUTER_BOUND('',#808,.T.);
#489=FACE_OUTER_BOUND('',#813,.T.);
#490=FACE_OUTER_BOUND('',#814,.T.);
#491=FACE_OUTER_BOUND('',#815,.T.);
#492=FACE_OUTER_BOUND('',#816,.T.);
#493=FACE_OUTER_BOUND('',#817,.T.);
#494=FACE_OUTER_BOUND('',#818,.T.);
#495=FACE_OUTER_BOUND('',#819,.T.);
#496=FACE_OUTER_BOUND('',#820,.T.);
#497=FACE_OUTER_BOUND('',#821,.T.);
#498=FACE_OUTER_BOUND('',#822,.T.);
#499=FACE_OUTER_BOUND('',#823,.T.);
#500=FACE_OUTER_BOUND('',#824,.T.);
#501=FACE_OUTER_BOUND('',#829,.T.);
#502=FACE_OUTER_BOUND('',#830,.T.);
#503=FACE_OUTER_BOUND('',#831,.T.);
#504=FACE_OUTER_BOUND('',#832,.T.);
#505=FACE_OUTER_BOUND('',#833,.T.);
#506=FACE_OUTER_BOUND('',#834,.T.);
#507=FACE_OUTER_BOUND('',#835,.T.);
#508=FACE_OUTER_BOUND('',#836,.T.);
#509=FACE_OUTER_BOUND('',#837,.T.);
#510=FACE_OUTER_BOUND('',#838,.T.);
#511=FACE_OUTER_BOUND('',#839,.T.);
#512=FACE_OUTER_BOUND('',#840,.T.);
#513=FACE_OUTER_BOUND('',#841,.T.);
#514=FACE_OUTER_BOUND('',#842,.T.);
#515=FACE_OUTER_BOUND('',#843,.T.);
#516=FACE_OUTER_BOUND('',#844,.T.);
#517=FACE_OUTER_BOUND('',#845,.T.);
#518=FACE_OUTER_BOUND('',#846,.T.);
#519=FACE_OUTER_BOUND('',#847,.T.);
#520=FACE_OUTER_BOUND('',#848,.T.);
#521=FACE_OUTER_BOUND('',#849,.T.);
#522=FACE_OUTER_BOUND('',#850,.T.);
#523=FACE_OUTER_BOUND('',#851,.T.);
#524=FACE_OUTER_BOUND('',#852,.T.);
#525=FACE_OUTER_BOUND('',#853,.T.);
#526=FACE_OUTER_BOUND('',#854,.T.);
#527=FACE_OUTER_BOUND('',#855,.T.);
#528=FACE_OUTER_BOUND('',#856,.T.);
#529=FACE_OUTER_BOUND('',#857,.T.);
#530=FACE_OUTER_BOUND('',#858,.T.);
#531=FACE_OUTER_BOUND('',#859,.T.);
#532=FACE_OUTER_BOUND('',#860,.T.);
#533=FACE_OUTER_BOUND('',#861,.T.);
#534=FACE_OUTER_BOUND('',#862,.T.);
#535=FACE_OUTER_BOUND('',#863,.T.);
#536=FACE_OUTER_BOUND('',#864,.T.);
#537=FACE_OUTER_BOUND('',#865,.T.);
#538=FACE_OUTER_BOUND('',#866,.T.);
#539=FACE_OUTER_BOUND('',#867,.T.);
#540=FACE_OUTER_BOUND('',#868,.T.);
#541=FACE_OUTER_BOUND('',#869,.T.);
#542=FACE_OUTER_BOUND('',#870,.T.);
#543=FACE_OUTER_BOUND('',#871,.T.);
#544=FACE_OUTER_BOUND('',#872,.T.);
#545=FACE_OUTER_BOUND('',#873,.T.);
#546=FACE_OUTER_BOUND('',#874,.T.);
#547=FACE_OUTER_BOUND('',#875,.T.);
#548=FACE_OUTER_BOUND('',#876,.T.);
#549=FACE_OUTER_BOUND('',#877,.T.);
#550=FACE_OUTER_BOUND('',#878,.T.);
#551=FACE_OUTER_BOUND('',#879,.T.);
#552=FACE_OUTER_BOUND('',#880,.T.);
#553=FACE_OUTER_BOUND('',#881,.T.);
#554=FACE_OUTER_BOUND('',#882,.T.);
#555=FACE_OUTER_BOUND('',#883,.T.);
#556=FACE_OUTER_BOUND('',#884,.T.);
#557=FACE_OUTER_BOUND('',#885,.T.);
#558=FACE_OUTER_BOUND('',#886,.T.);
#559=FACE_OUTER_BOUND('',#887,.T.);
#560=FACE_OUTER_BOUND('',#888,.T.);
#561=FACE_OUTER_BOUND('',#889,.T.);
#562=FACE_OUTER_BOUND('',#890,.T.);
#563=FACE_OUTER_BOUND('',#891,.T.);
#564=FACE_OUTER_BOUND('',#892,.T.);
#565=FACE_OUTER_BOUND('',#893,.T.);
#566=FACE_OUTER_BOUND('',#894,.T.);
#567=FACE_OUTER_BOUND('',#895,.T.);
#568=FACE_OUTER_BOUND('',#896,.T.);
#569=FACE_OUTER_BOUND('',#897,.T.);
#570=FACE_OUTER_BOUND('',#898,.T.);
#571=FACE_OUTER_BOUND('',#899,.T.);
#572=FACE_OUTER_BOUND('',#900,.T.);
#573=FACE_OUTER_BOUND('',#901,.T.);
#574=FACE_OUTER_BOUND('',#902,.T.);
#575=FACE_OUTER_BOUND('',#903,.T.);
#576=FACE_OUTER_BOUND('',#904,.T.);
#577=FACE_OUTER_BOUND('',#905,.T.);
#578=FACE_OUTER_BOUND('',#906,.T.);
#579=FACE_OUTER_BOUND('',#907,.T.);
#580=FACE_OUTER_BOUND('',#908,.T.);
#581=FACE_OUTER_BOUND('',#909,.T.);
#582=FACE_OUTER_BOUND('',#910,.T.);
#583=FACE_OUTER_BOUND('',#911,.T.);
#584=FACE_OUTER_BOUND('',#912,.T.);
#585=FACE_OUTER_BOUND('',#913,.T.);
#586=FACE_OUTER_BOUND('',#915,.T.);
#587=FACE_OUTER_BOUND('',#917,.T.);
#588=FACE_OUTER_BOUND('',#918,.T.);
#589=FACE_OUTER_BOUND('',#919,.T.);
#590=FACE_OUTER_BOUND('',#920,.T.);
#591=FACE_OUTER_BOUND('',#921,.T.);
#592=FACE_OUTER_BOUND('',#923,.T.);
#593=FACE_OUTER_BOUND('',#924,.T.);
#594=FACE_OUTER_BOUND('',#925,.T.);
#595=FACE_OUTER_BOUND('',#930,.T.);
#596=FACE_OUTER_BOUND('',#931,.T.);
#597=FACE_OUTER_BOUND('',#932,.T.);
#598=FACE_OUTER_BOUND('',#935,.T.);
#599=FACE_OUTER_BOUND('',#936,.T.);
#600=FACE_OUTER_BOUND('',#937,.T.);
#601=FACE_OUTER_BOUND('',#938,.T.);
#602=FACE_OUTER_BOUND('',#939,.T.);
#603=FACE_OUTER_BOUND('',#940,.T.);
#604=FACE_OUTER_BOUND('',#941,.T.);
#605=FACE_OUTER_BOUND('',#942,.T.);
#606=FACE_OUTER_BOUND('',#943,.T.);
#607=FACE_OUTER_BOUND('',#944,.T.);
#608=FACE_OUTER_BOUND('',#945,.T.);
#609=FACE_OUTER_BOUND('',#946,.T.);
#610=FACE_OUTER_BOUND('',#947,.T.);
#611=FACE_OUTER_BOUND('',#948,.T.);
#612=FACE_OUTER_BOUND('',#949,.T.);
#613=FACE_OUTER_BOUND('',#950,.T.);
#614=FACE_OUTER_BOUND('',#951,.T.);
#615=FACE_OUTER_BOUND('',#952,.T.);
#616=FACE_OUTER_BOUND('',#953,.T.);
#617=FACE_OUTER_BOUND('',#954,.T.);
#618=FACE_OUTER_BOUND('',#955,.T.);
#619=FACE_OUTER_BOUND('',#956,.T.);
#620=FACE_OUTER_BOUND('',#957,.T.);
#621=FACE_OUTER_BOUND('',#958,.T.);
#622=FACE_OUTER_BOUND('',#959,.T.);
#623=FACE_OUTER_BOUND('',#960,.T.);
#624=FACE_OUTER_BOUND('',#961,.T.);
#625=FACE_OUTER_BOUND('',#962,.T.);
#626=FACE_OUTER_BOUND('',#963,.T.);
#627=FACE_OUTER_BOUND('',#964,.T.);
#628=FACE_OUTER_BOUND('',#965,.T.);
#629=FACE_OUTER_BOUND('',#966,.T.);
#630=FACE_OUTER_BOUND('',#967,.T.);
#631=FACE_OUTER_BOUND('',#972,.T.);
#632=FACE_OUTER_BOUND('',#973,.T.);
#633=FACE_OUTER_BOUND('',#974,.T.);
#634=FACE_OUTER_BOUND('',#975,.T.);
#635=FACE_OUTER_BOUND('',#976,.T.);
#636=FACE_OUTER_BOUND('',#977,.T.);
#637=FACE_OUTER_BOUND('',#978,.T.);
#638=FACE_OUTER_BOUND('',#979,.T.);
#639=FACE_OUTER_BOUND('',#980,.T.);
#640=FACE_OUTER_BOUND('',#981,.T.);
#641=FACE_OUTER_BOUND('',#982,.T.);
#642=FACE_OUTER_BOUND('',#983,.T.);
#643=FACE_OUTER_BOUND('',#984,.T.);
#644=FACE_OUTER_BOUND('',#985,.T.);
#645=FACE_OUTER_BOUND('',#986,.T.);
#646=FACE_OUTER_BOUND('',#987,.T.);
#647=FACE_OUTER_BOUND('',#988,.T.);
#648=FACE_OUTER_BOUND('',#989,.T.);
#649=FACE_OUTER_BOUND('',#990,.T.);
#650=FACE_OUTER_BOUND('',#991,.T.);
#651=FACE_OUTER_BOUND('',#992,.T.);
#652=FACE_OUTER_BOUND('',#993,.T.);
#653=FACE_OUTER_BOUND('',#994,.T.);
#654=FACE_OUTER_BOUND('',#995,.T.);
#655=FACE_OUTER_BOUND('',#998,.T.);
#656=FACE_OUTER_BOUND('',#999,.T.);
#657=FACE_OUTER_BOUND('',#1000,.T.);
#658=FACE_OUTER_BOUND('',#1004,.T.);
#659=FACE_OUTER_BOUND('',#1005,.T.);
#660=FACE_OUTER_BOUND('',#1009,.T.);
#661=FACE_OUTER_BOUND('',#1010,.T.);
#662=FACE_OUTER_BOUND('',#1011,.T.);
#663=FACE_OUTER_BOUND('',#1012,.T.);
#664=FACE_OUTER_BOUND('',#1014,.T.);
#665=FACE_OUTER_BOUND('',#1015,.T.);
#666=FACE_OUTER_BOUND('',#1016,.T.);
#667=FACE_OUTER_BOUND('',#1017,.T.);
#668=FACE_OUTER_BOUND('',#1018,.T.);
#669=FACE_OUTER_BOUND('',#1019,.T.);
#670=FACE_OUTER_BOUND('',#1020,.T.);
#671=FACE_OUTER_BOUND('',#1021,.T.);
#672=FACE_OUTER_BOUND('',#1022,.T.);
#673=FACE_OUTER_BOUND('',#1023,.T.);
#674=FACE_OUTER_BOUND('',#1024,.T.);
#675=FACE_OUTER_BOUND('',#1025,.T.);
#676=FACE_OUTER_BOUND('',#1026,.T.);
#677=FACE_OUTER_BOUND('',#1028,.T.);
#678=FACE_OUTER_BOUND('',#1029,.T.);
#679=FACE_OUTER_BOUND('',#1031,.T.);
#680=FACE_OUTER_BOUND('',#1032,.T.);
#681=FACE_OUTER_BOUND('',#1033,.T.);
#682=FACE_OUTER_BOUND('',#1034,.T.);
#683=FACE_OUTER_BOUND('',#1035,.T.);
#684=FACE_OUTER_BOUND('',#1036,.T.);
#685=FACE_OUTER_BOUND('',#1037,.T.);
#686=FACE_OUTER_BOUND('',#1038,.T.);
#687=FACE_OUTER_BOUND('',#1039,.T.);
#688=FACE_OUTER_BOUND('',#1040,.T.);
#689=EDGE_LOOP('',(#3331,#3332,#3333,#3334));
#690=EDGE_LOOP('',(#3335));
#691=EDGE_LOOP('',(#3336,#3337,#3338,#3339,#3340));
#692=EDGE_LOOP('',(#3341,#3342,#3343,#3344,#3345,#3346,#3347,#3348,#3349,
#3350,#3351,#3352,#3353,#3354,#3355,#3356,#3357,#3358,#3359,#3360,#3361,
#3362,#3363,#3364,#3365,#3366,#3367,#3368,#3369,#3370,#3371,#3372,#3373,
#3374,#3375,#3376,#3377,#3378,#3379,#3380));
#693=EDGE_LOOP('',(#3381,#3382,#3383,#3384));
#694=EDGE_LOOP('',(#3385,#3386,#3387,#3388));
#695=EDGE_LOOP('',(#3389,#3390,#3391,#3392));
#696=EDGE_LOOP('',(#3393,#3394,#3395,#3396));
#697=EDGE_LOOP('',(#3397,#3398,#3399,#3400));
#698=EDGE_LOOP('',(#3401,#3402,#3403,#3404));
#699=EDGE_LOOP('',(#3405,#3406,#3407,#3408));
#700=EDGE_LOOP('',(#3409,#3410,#3411,#3412));
#701=EDGE_LOOP('',(#3413,#3414,#3415,#3416));
#702=EDGE_LOOP('',(#3417,#3418,#3419,#3420));
#703=EDGE_LOOP('',(#3421,#3422,#3423,#3424));
#704=EDGE_LOOP('',(#3425,#3426,#3427,#3428));
#705=EDGE_LOOP('',(#3429,#3430,#3431,#3432));
#706=EDGE_LOOP('',(#3433,#3434,#3435,#3436));
#707=EDGE_LOOP('',(#3437,#3438,#3439,#3440));
#708=EDGE_LOOP('',(#3441,#3442,#3443,#3444));
#709=EDGE_LOOP('',(#3445,#3446,#3447,#3448));
#710=EDGE_LOOP('',(#3449,#3450,#3451,#3452));
#711=EDGE_LOOP('',(#3453,#3454,#3455,#3456));
#712=EDGE_LOOP('',(#3457,#3458,#3459,#3460));
#713=EDGE_LOOP('',(#3461,#3462,#3463,#3464));
#714=EDGE_LOOP('',(#3465,#3466,#3467,#3468));
#715=EDGE_LOOP('',(#3469,#3470,#3471,#3472));
#716=EDGE_LOOP('',(#3473,#3474,#3475,#3476));
#717=EDGE_LOOP('',(#3477,#3478,#3479,#3480));
#718=EDGE_LOOP('',(#3481,#3482,#3483,#3484));
#719=EDGE_LOOP('',(#3485,#3486,#3487,#3488));
#720=EDGE_LOOP('',(#3489,#3490,#3491,#3492));
#721=EDGE_LOOP('',(#3493,#3494,#3495,#3496));
#722=EDGE_LOOP('',(#3497,#3498,#3499,#3500));
#723=EDGE_LOOP('',(#3501,#3502,#3503,#3504));
#724=EDGE_LOOP('',(#3505,#3506,#3507,#3508));
#725=EDGE_LOOP('',(#3509,#3510,#3511,#3512));
#726=EDGE_LOOP('',(#3513,#3514,#3515,#3516));
#727=EDGE_LOOP('',(#3517,#3518,#3519,#3520));
#728=EDGE_LOOP('',(#3521,#3522,#3523,#3524));
#729=EDGE_LOOP('',(#3525,#3526,#3527,#3528));
#730=EDGE_LOOP('',(#3529,#3530,#3531,#3532));
#731=EDGE_LOOP('',(#3533,#3534,#3535,#3536));
#732=EDGE_LOOP('',(#3537,#3538,#3539,#3540));
#733=EDGE_LOOP('',(#3541));
#734=EDGE_LOOP('',(#3542,#3543,#3544,#3545,#3546,#3547,#3548,#3549,#3550,
#3551,#3552,#3553,#3554,#3555,#3556,#3557,#3558,#3559,#3560,#3561,#3562,
#3563,#3564,#3565,#3566,#3567,#3568,#3569,#3570,#3571,#3572,#3573,#3574,
#3575,#3576,#3577,#3578,#3579,#3580,#3581));
#735=EDGE_LOOP('',(#3582,#3583,#3584,#3585));
#736=EDGE_LOOP('',(#3586,#3587,#3588,#3589));
#737=EDGE_LOOP('',(#3590,#3591,#3592,#3593,#3594));
#738=EDGE_LOOP('',(#3595,#3596,#3597,#3598,#3599));
#739=EDGE_LOOP('',(#3600,#3601,#3602,#3603,#3604));
#740=EDGE_LOOP('',(#3605));
#741=EDGE_LOOP('',(#3606));
#742=EDGE_LOOP('',(#3607,#3608,#3609,#3610));
#743=EDGE_LOOP('',(#3611,#3612,#3613,#3614,#3615,#3616,#3617,#3618,#3619,
#3620,#3621,#3622,#3623,#3624));
#744=EDGE_LOOP('',(#3625));
#745=EDGE_LOOP('',(#3626,#3627,#3628,#3629));
#746=EDGE_LOOP('',(#3630,#3631,#3632,#3633));
#747=EDGE_LOOP('',(#3634,#3635,#3636,#3637,#3638,#3639));
#748=EDGE_LOOP('',(#3640,#3641,#3642,#3643));
#749=EDGE_LOOP('',(#3644,#3645,#3646,#3647));
#750=EDGE_LOOP('',(#3648,#3649,#3650,#3651));
#751=EDGE_LOOP('',(#3652,#3653,#3654,#3655));
#752=EDGE_LOOP('',(#3656,#3657,#3658,#3659));
#753=EDGE_LOOP('',(#3660,#3661,#3662,#3663));
#754=EDGE_LOOP('',(#3664,#3665,#3666,#3667));
#755=EDGE_LOOP('',(#3668,#3669,#3670,#3671));
#756=EDGE_LOOP('',(#3672,#3673,#3674,#3675));
#757=EDGE_LOOP('',(#3676,#3677,#3678,#3679));
#758=EDGE_LOOP('',(#3680,#3681,#3682,#3683,#3684,#3685));
#759=EDGE_LOOP('',(#3686,#3687,#3688,#3689,#3690));
#760=EDGE_LOOP('',(#3691,#3692,#3693,#3694,#3695,#3696,#3697,#3698));
#761=EDGE_LOOP('',(#3699,#3700,#3701,#3702,#3703));
#762=EDGE_LOOP('',(#3704,#3705,#3706,#3707));
#763=EDGE_LOOP('',(#3708,#3709,#3710,#3711,#3712));
#764=EDGE_LOOP('',(#3713,#3714,#3715,#3716,#3717));
#765=EDGE_LOOP('',(#3718,#3719,#3720,#3721));
#766=EDGE_LOOP('',(#3722,#3723,#3724,#3725,#3726,#3727,#3728,#3729));
#767=EDGE_LOOP('',(#3730,#3731,#3732,#3733,#3734,#3735));
#768=EDGE_LOOP('',(#3736));
#769=EDGE_LOOP('',(#3737,#3738,#3739,#3740));
#770=EDGE_LOOP('',(#3741,#3742,#3743,#3744,#3745,#3746,#3747,#3748));
#771=EDGE_LOOP('',(#3749,#3750,#3751,#3752,#3753,#3754));
#772=EDGE_LOOP('',(#3755));
#773=EDGE_LOOP('',(#3756,#3757,#3758,#3759));
#774=EDGE_LOOP('',(#3760,#3761,#3762,#3763,#3764,#3765,#3766,#3767,#3768,
#3769));
#775=EDGE_LOOP('',(#3770,#3771,#3772,#3773,#3774,#3775,#3776,#3777));
#776=EDGE_LOOP('',(#3778));
#777=EDGE_LOOP('',(#3779));
#778=EDGE_LOOP('',(#3780));
#779=EDGE_LOOP('',(#3781));
#780=EDGE_LOOP('',(#3782,#3783,#3784,#3785));
#781=EDGE_LOOP('',(#3786,#3787,#3788,#3789));
#782=EDGE_LOOP('',(#3790,#3791,#3792,#3793));
#783=EDGE_LOOP('',(#3794,#3795,#3796,#3797));
#784=EDGE_LOOP('',(#3798,#3799,#3800,#3801));
#785=EDGE_LOOP('',(#3802,#3803,#3804,#3805));
#786=EDGE_LOOP('',(#3806,#3807,#3808,#3809));
#787=EDGE_LOOP('',(#3810,#3811,#3812,#3813));
#788=EDGE_LOOP('',(#3814,#3815,#3816,#3817));
#789=EDGE_LOOP('',(#3818,#3819,#3820,#3821));
#790=EDGE_LOOP('',(#3822,#3823,#3824,#3825,#3826,#3827));
#791=EDGE_LOOP('',(#3828));
#792=EDGE_LOOP('',(#3829,#3830,#3831,#3832));
#793=EDGE_LOOP('',(#3833,#3834,#3835,#3836));
#794=EDGE_LOOP('',(#3837,#3838,#3839,#3840));
#795=EDGE_LOOP('',(#3841,#3842,#3843,#3844,#3845,#3846));
#796=EDGE_LOOP('',(#3847));
#797=EDGE_LOOP('',(#3848,#3849,#3850,#3851));
#798=EDGE_LOOP('',(#3852,#3853,#3854,#3855));
#799=EDGE_LOOP('',(#3856,#3857,#3858,#3859));
#800=EDGE_LOOP('',(#3860,#3861,#3862,#3863));
#801=EDGE_LOOP('',(#3864,#3865,#3866,#3867));
#802=EDGE_LOOP('',(#3868,#3869,#3870,#3871));
#803=EDGE_LOOP('',(#3872));
#804=EDGE_LOOP('',(#3873));
#805=EDGE_LOOP('',(#3874,#3875,#3876,#3877,#3878,#3879,#3880,#3881));
#806=EDGE_LOOP('',(#3882));
#807=EDGE_LOOP('',(#3883,#3884,#3885,#3886));
#808=EDGE_LOOP('',(#3887,#3888,#3889,#3890,#3891,#3892,#3893,#3894));
#809=EDGE_LOOP('',(#3895));
#810=EDGE_LOOP('',(#3896));
#811=EDGE_LOOP('',(#3897));
#812=EDGE_LOOP('',(#3898));
#813=EDGE_LOOP('',(#3899,#3900,#3901,#3902));
#814=EDGE_LOOP('',(#3903,#3904,#3905,#3906));
#815=EDGE_LOOP('',(#3907,#3908,#3909,#3910));
#816=EDGE_LOOP('',(#3911,#3912,#3913,#3914));
#817=EDGE_LOOP('',(#3915,#3916,#3917,#3918));
#818=EDGE_LOOP('',(#3919,#3920,#3921,#3922));
#819=EDGE_LOOP('',(#3923,#3924,#3925,#3926));
#820=EDGE_LOOP('',(#3927,#3928,#3929,#3930));
#821=EDGE_LOOP('',(#3931,#3932,#3933,#3934));
#822=EDGE_LOOP('',(#3935,#3936,#3937,#3938));
#823=EDGE_LOOP('',(#3939,#3940,#3941,#3942));
#824=EDGE_LOOP('',(#3943,#3944,#3945,#3946,#3947,#3948,#3949,#3950));
#825=EDGE_LOOP('',(#3951));
#826=EDGE_LOOP('',(#3952));
#827=EDGE_LOOP('',(#3953));
#828=EDGE_LOOP('',(#3954));
#829=EDGE_LOOP('',(#3955,#3956,#3957,#3958));
#830=EDGE_LOOP('',(#3959,#3960,#3961,#3962));
#831=EDGE_LOOP('',(#3963,#3964,#3965,#3966));
#832=EDGE_LOOP('',(#3967,#3968,#3969,#3970));
#833=EDGE_LOOP('',(#3971,#3972,#3973,#3974));
#834=EDGE_LOOP('',(#3975,#3976,#3977,#3978));
#835=EDGE_LOOP('',(#3979,#3980,#3981,#3982));
#836=EDGE_LOOP('',(#3983,#3984,#3985,#3986));
#837=EDGE_LOOP('',(#3987,#3988,#3989,#3990));
#838=EDGE_LOOP('',(#3991,#3992,#3993,#3994));
#839=EDGE_LOOP('',(#3995,#3996,#3997,#3998));
#840=EDGE_LOOP('',(#3999,#4000,#4001,#4002));
#841=EDGE_LOOP('',(#4003,#4004,#4005,#4006));
#842=EDGE_LOOP('',(#4007,#4008,#4009,#4010));
#843=EDGE_LOOP('',(#4011,#4012,#4013,#4014));
#844=EDGE_LOOP('',(#4015,#4016,#4017,#4018));
#845=EDGE_LOOP('',(#4019,#4020,#4021,#4022));
#846=EDGE_LOOP('',(#4023,#4024,#4025,#4026));
#847=EDGE_LOOP('',(#4027,#4028,#4029,#4030));
#848=EDGE_LOOP('',(#4031,#4032,#4033,#4034));
#849=EDGE_LOOP('',(#4035,#4036,#4037,#4038));
#850=EDGE_LOOP('',(#4039,#4040,#4041,#4042));
#851=EDGE_LOOP('',(#4043,#4044,#4045,#4046));
#852=EDGE_LOOP('',(#4047,#4048,#4049,#4050));
#853=EDGE_LOOP('',(#4051,#4052,#4053,#4054));
#854=EDGE_LOOP('',(#4055,#4056,#4057,#4058));
#855=EDGE_LOOP('',(#4059,#4060,#4061,#4062));
#856=EDGE_LOOP('',(#4063,#4064,#4065,#4066));
#857=EDGE_LOOP('',(#4067,#4068,#4069,#4070,#4071,#4072,#4073,#4074));
#858=EDGE_LOOP('',(#4075,#4076,#4077,#4078));
#859=EDGE_LOOP('',(#4079,#4080,#4081,#4082));
#860=EDGE_LOOP('',(#4083,#4084,#4085,#4086));
#861=EDGE_LOOP('',(#4087,#4088,#4089,#4090));
#862=EDGE_LOOP('',(#4091,#4092,#4093,#4094));
#863=EDGE_LOOP('',(#4095,#4096,#4097,#4098));
#864=EDGE_LOOP('',(#4099,#4100,#4101,#4102));
#865=EDGE_LOOP('',(#4103,#4104,#4105,#4106));
#866=EDGE_LOOP('',(#4107,#4108,#4109,#4110));
#867=EDGE_LOOP('',(#4111,#4112,#4113,#4114));
#868=EDGE_LOOP('',(#4115,#4116,#4117,#4118));
#869=EDGE_LOOP('',(#4119,#4120,#4121));
#870=EDGE_LOOP('',(#4122,#4123,#4124));
#871=EDGE_LOOP('',(#4125,#4126,#4127,#4128));
#872=EDGE_LOOP('',(#4129,#4130,#4131,#4132));
#873=EDGE_LOOP('',(#4133,#4134,#4135));
#874=EDGE_LOOP('',(#4136,#4137,#4138,#4139));
#875=EDGE_LOOP('',(#4140,#4141,#4142));
#876=EDGE_LOOP('',(#4143,#4144,#4145,#4146));
#877=EDGE_LOOP('',(#4147,#4148,#4149,#4150,#4151));
#878=EDGE_LOOP('',(#4152,#4153,#4154,#4155));
#879=EDGE_LOOP('',(#4156,#4157,#4158,#4159));
#880=EDGE_LOOP('',(#4160,#4161,#4162));
#881=EDGE_LOOP('',(#4163,#4164,#4165));
#882=EDGE_LOOP('',(#4166,#4167,#4168,#4169));
#883=EDGE_LOOP('',(#4170,#4171,#4172,#4173));
#884=EDGE_LOOP('',(#4174,#4175,#4176,#4177));
#885=EDGE_LOOP('',(#4178,#4179,#4180,#4181));
#886=EDGE_LOOP('',(#4182,#4183,#4184,#4185));
#887=EDGE_LOOP('',(#4186,#4187,#4188,#4189));
#888=EDGE_LOOP('',(#4190,#4191,#4192,#4193));
#889=EDGE_LOOP('',(#4194,#4195,#4196,#4197));
#890=EDGE_LOOP('',(#4198,#4199,#4200,#4201));
#891=EDGE_LOOP('',(#4202,#4203,#4204,#4205));
#892=EDGE_LOOP('',(#4206,#4207,#4208,#4209,#4210));
#893=EDGE_LOOP('',(#4211,#4212,#4213,#4214,#4215));
#894=EDGE_LOOP('',(#4216,#4217,#4218,#4219,#4220));
#895=EDGE_LOOP('',(#4221,#4222,#4223,#4224,#4225));
#896=EDGE_LOOP('',(#4226,#4227,#4228,#4229,#4230,#4231));
#897=EDGE_LOOP('',(#4232,#4233,#4234,#4235,#4236));
#898=EDGE_LOOP('',(#4237,#4238,#4239,#4240));
#899=EDGE_LOOP('',(#4241,#4242,#4243,#4244));
#900=EDGE_LOOP('',(#4245,#4246,#4247,#4248));
#901=EDGE_LOOP('',(#4249,#4250,#4251,#4252,#4253));
#902=EDGE_LOOP('',(#4254,#4255,#4256,#4257,#4258));
#903=EDGE_LOOP('',(#4259,#4260,#4261,#4262,#4263,#4264));
#904=EDGE_LOOP('',(#4265,#4266,#4267,#4268));
#905=EDGE_LOOP('',(#4269,#4270,#4271,#4272));
#906=EDGE_LOOP('',(#4273,#4274,#4275,#4276));
#907=EDGE_LOOP('',(#4277,#4278,#4279,#4280));
#908=EDGE_LOOP('',(#4281,#4282,#4283,#4284,#4285,#4286,#4287,#4288,#4289,
#4290));
#909=EDGE_LOOP('',(#4291,#4292,#4293,#4294,#4295,#4296,#4297,#4298,#4299,
#4300,#4301,#4302,#4303,#4304,#4305,#4306,#4307,#4308));
#910=EDGE_LOOP('',(#4309,#4310,#4311,#4312));
#911=EDGE_LOOP('',(#4313,#4314,#4315,#4316));
#912=EDGE_LOOP('',(#4317,#4318,#4319,#4320));
#913=EDGE_LOOP('',(#4321,#4322,#4323,#4324,#4325,#4326));
#914=EDGE_LOOP('',(#4327));
#915=EDGE_LOOP('',(#4328,#4329,#4330,#4331));
#916=EDGE_LOOP('',(#4332,#4333,#4334,#4335,#4336,#4337,#4338,#4339));
#917=EDGE_LOOP('',(#4340,#4341,#4342,#4343));
#918=EDGE_LOOP('',(#4344,#4345,#4346,#4347,#4348,#4349,#4350));
#919=EDGE_LOOP('',(#4351,#4352,#4353,#4354,#4355,#4356,#4357,#4358,#4359,
#4360,#4361,#4362));
#920=EDGE_LOOP('',(#4363,#4364,#4365,#4366,#4367,#4368,#4369));
#921=EDGE_LOOP('',(#4370,#4371,#4372,#4373,#4374,#4375));
#922=EDGE_LOOP('',(#4376));
#923=EDGE_LOOP('',(#4377,#4378,#4379,#4380,#4381,#4382,#4383));
#924=EDGE_LOOP('',(#4384,#4385,#4386,#4387));
#925=EDGE_LOOP('',(#4388,#4389,#4390,#4391,#4392,#4393,#4394,#4395));
#926=EDGE_LOOP('',(#4396));
#927=EDGE_LOOP('',(#4397));
#928=EDGE_LOOP('',(#4398));
#929=EDGE_LOOP('',(#4399));
#930=EDGE_LOOP('',(#4400,#4401,#4402,#4403));
#931=EDGE_LOOP('',(#4404,#4405,#4406,#4407));
#932=EDGE_LOOP('',(#4408,#4409));
#933=EDGE_LOOP('',(#4410));
#934=EDGE_LOOP('',(#4411));
#935=EDGE_LOOP('',(#4412,#4413,#4414,#4415));
#936=EDGE_LOOP('',(#4416,#4417,#4418,#4419));
#937=EDGE_LOOP('',(#4420,#4421,#4422,#4423));
#938=EDGE_LOOP('',(#4424,#4425,#4426,#4427,#4428,#4429,#4430,#4431,#4432,
#4433,#4434,#4435,#4436,#4437,#4438,#4439,#4440,#4441));
#939=EDGE_LOOP('',(#4442,#4443,#4444,#4445));
#940=EDGE_LOOP('',(#4446,#4447,#4448,#4449));
#941=EDGE_LOOP('',(#4450,#4451,#4452,#4453));
#942=EDGE_LOOP('',(#4454,#4455,#4456,#4457));
#943=EDGE_LOOP('',(#4458,#4459,#4460,#4461));
#944=EDGE_LOOP('',(#4462,#4463,#4464,#4465));
#945=EDGE_LOOP('',(#4466,#4467,#4468));
#946=EDGE_LOOP('',(#4469,#4470,#4471));
#947=EDGE_LOOP('',(#4472,#4473,#4474,#4475));
#948=EDGE_LOOP('',(#4476,#4477,#4478,#4479));
#949=EDGE_LOOP('',(#4480,#4481,#4482,#4483));
#950=EDGE_LOOP('',(#4484,#4485,#4486,#4487));
#951=EDGE_LOOP('',(#4488,#4489,#4490,#4491));
#952=EDGE_LOOP('',(#4492,#4493,#4494,#4495));
#953=EDGE_LOOP('',(#4496,#4497,#4498,#4499));
#954=EDGE_LOOP('',(#4500,#4501,#4502,#4503));
#955=EDGE_LOOP('',(#4504,#4505,#4506,#4507));
#956=EDGE_LOOP('',(#4508,#4509,#4510,#4511));
#957=EDGE_LOOP('',(#4512,#4513,#4514,#4515));
#958=EDGE_LOOP('',(#4516,#4517,#4518,#4519));
#959=EDGE_LOOP('',(#4520,#4521,#4522,#4523));
#960=EDGE_LOOP('',(#4524,#4525,#4526,#4527));
#961=EDGE_LOOP('',(#4528,#4529,#4530,#4531));
#962=EDGE_LOOP('',(#4532,#4533,#4534,#4535));
#963=EDGE_LOOP('',(#4536,#4537,#4538,#4539));
#964=EDGE_LOOP('',(#4540,#4541,#4542,#4543));
#965=EDGE_LOOP('',(#4544,#4545,#4546,#4547,#4548,#4549));
#966=EDGE_LOOP('',(#4550,#4551,#4552,#4553,#4554,#4555));
#967=EDGE_LOOP('',(#4556,#4557,#4558,#4559));
#968=EDGE_LOOP('',(#4560));
#969=EDGE_LOOP('',(#4561));
#970=EDGE_LOOP('',(#4562));
#971=EDGE_LOOP('',(#4563));
#972=EDGE_LOOP('',(#4564,#4565,#4566,#4567));
#973=EDGE_LOOP('',(#4568,#4569,#4570,#4571));
#974=EDGE_LOOP('',(#4572,#4573,#4574,#4575,#4576,#4577));
#975=EDGE_LOOP('',(#4578,#4579,#4580,#4581));
#976=EDGE_LOOP('',(#4582,#4583,#4584,#4585));
#977=EDGE_LOOP('',(#4586,#4587,#4588,#4589));
#978=EDGE_LOOP('',(#4590,#4591,#4592,#4593));
#979=EDGE_LOOP('',(#4594,#4595,#4596,#4597,#4598,#4599));
#980=EDGE_LOOP('',(#4600,#4601,#4602,#4603,#4604,#4605));
#981=EDGE_LOOP('',(#4606,#4607,#4608,#4609,#4610,#4611));
#982=EDGE_LOOP('',(#4612,#4613,#4614,#4615,#4616,#4617,#4618));
#983=EDGE_LOOP('',(#4619,#4620,#4621,#4622));
#984=EDGE_LOOP('',(#4623,#4624,#4625));
#985=EDGE_LOOP('',(#4626,#4627,#4628));
#986=EDGE_LOOP('',(#4629));
#987=EDGE_LOOP('',(#4630,#4631,#4632,#4633,#4634,#4635,#4636,#4637));
#988=EDGE_LOOP('',(#4638,#4639,#4640));
#989=EDGE_LOOP('',(#4641,#4642,#4643,#4644,#4645,#4646));
#990=EDGE_LOOP('',(#4647,#4648,#4649,#4650,#4651,#4652,#4653,#4654,#4655,
#4656,#4657));
#991=EDGE_LOOP('',(#4658,#4659,#4660,#4661,#4662,#4663,#4664,#4665));
#992=EDGE_LOOP('',(#4666,#4667,#4668));
#993=EDGE_LOOP('',(#4669,#4670,#4671,#4672,#4673,#4674));
#994=EDGE_LOOP('',(#4675));
#995=EDGE_LOOP('',(#4676,#4677,#4678,#4679));
#996=EDGE_LOOP('',(#4680));
#997=EDGE_LOOP('',(#4681));
#998=EDGE_LOOP('',(#4682,#4683,#4684,#4685,#4686,#4687,#4688,#4689,#4690,
#4691,#4692,#4693,#4694,#4695,#4696,#4697,#4698,#4699,#4700));
#999=EDGE_LOOP('',(#4701,#4702,#4703,#4704,#4705,#4706,#4707,#4708,#4709,
#4710,#4711,#4712,#4713,#4714,#4715,#4716,#4717,#4718,#4719));
#1000=EDGE_LOOP('',(#4720,#4721,#4722,#4723,#4724,#4725,#4726,#4727));
#1001=EDGE_LOOP('',(#4728,#4729,#4730,#4731));
#1002=EDGE_LOOP('',(#4732,#4733,#4734,#4735));
#1003=EDGE_LOOP('',(#4736));
#1004=EDGE_LOOP('',(#4737,#4738,#4739,#4740));
#1005=EDGE_LOOP('',(#4741,#4742,#4743,#4744,#4745,#4746,#4747,#4748));
#1006=EDGE_LOOP('',(#4749,#4750,#4751,#4752));
#1007=EDGE_LOOP('',(#4753,#4754,#4755,#4756));
#1008=EDGE_LOOP('',(#4757));
#1009=EDGE_LOOP('',(#4758,#4759,#4760,#4761));
#1010=EDGE_LOOP('',(#4762,#4763,#4764,#4765));
#1011=EDGE_LOOP('',(#4766,#4767,#4768,#4769));
#1012=EDGE_LOOP('',(#4770));
#1013=EDGE_LOOP('',(#4771));
#1014=EDGE_LOOP('',(#4772,#4773,#4774,#4775));
#1015=EDGE_LOOP('',(#4776));
#1016=EDGE_LOOP('',(#4777,#4778,#4779));
#1017=EDGE_LOOP('',(#4780,#4781,#4782,#4783,#4784,#4785,#4786,#4787,#4788,
#4789,#4790,#4791,#4792,#4793,#4794,#4795,#4796,#4797,#4798));
#1018=EDGE_LOOP('',(#4799,#4800,#4801));
#1019=EDGE_LOOP('',(#4802));
#1020=EDGE_LOOP('',(#4803,#4804,#4805,#4806));
#1021=EDGE_LOOP('',(#4807,#4808,#4809,#4810));
#1022=EDGE_LOOP('',(#4811,#4812,#4813,#4814));
#1023=EDGE_LOOP('',(#4815,#4816,#4817,#4818));
#1024=EDGE_LOOP('',(#4819,#4820,#4821,#4822));
#1025=EDGE_LOOP('',(#4823,#4824,#4825,#4826));
#1026=EDGE_LOOP('',(#4827));
#1027=EDGE_LOOP('',(#4828));
#1028=EDGE_LOOP('',(#4829,#4830,#4831,#4832));
#1029=EDGE_LOOP('',(#4833));
#1030=EDGE_LOOP('',(#4834));
#1031=EDGE_LOOP('',(#4835,#4836,#4837,#4838));
#1032=EDGE_LOOP('',(#4839,#4840,#4841,#4842));
#1033=EDGE_LOOP('',(#4843,#4844,#4845,#4846));
#1034=EDGE_LOOP('',(#4847,#4848,#4849,#4850));
#1035=EDGE_LOOP('',(#4851,#4852,#4853,#4854));
#1036=EDGE_LOOP('',(#4855,#4856,#4857,#4858));
#1037=EDGE_LOOP('',(#4859,#4860,#4861,#4862));
#1038=EDGE_LOOP('',(#4863,#4864,#4865,#4866));
#1039=EDGE_LOOP('',(#4867,#4868,#4869,#4870,#4871,#4872,#4873,#4874));
#1040=EDGE_LOOP('',(#4875,#4876,#4877,#4878,#4879,#4880,#4881,#4882));
#1041=LINE('',#7542,#1391);
#1042=LINE('',#7551,#1392);
#1043=LINE('',#7569,#1393);
#1044=LINE('',#7573,#1394);
#1045=LINE('',#7577,#1395);
#1046=LINE('',#7581,#1396);
#1047=LINE('',#7607,#1397);
#1048=LINE('',#7611,#1398);
#1049=LINE('',#7615,#1399);
#1050=LINE('',#7619,#1400);
#1051=LINE('',#7645,#1401);
#1052=LINE('',#7649,#1402);
#1053=LINE('',#7653,#1403);
#1054=LINE('',#7657,#1404);
#1055=LINE('',#7683,#1405);
#1056=LINE('',#7687,#1406);
#1057=LINE('',#7691,#1407);
#1058=LINE('',#7695,#1408);
#1059=LINE('',#7726,#1409);
#1060=LINE('',#7733,#1410);
#1061=LINE('',#7737,#1411);
#1062=LINE('',#7748,#1412);
#1063=LINE('',#7752,#1413);
#1064=LINE('',#7759,#1414);
#1065=LINE('',#7801,#1415);
#1066=LINE('',#7808,#1416);
#1067=LINE('',#7812,#1417);
#1068=LINE('',#7823,#1418);
#1069=LINE('',#7827,#1419);
#1070=LINE('',#7834,#1420);
#1071=LINE('',#7876,#1421);
#1072=LINE('',#7883,#1422);
#1073=LINE('',#7887,#1423);
#1074=LINE('',#7898,#1424);
#1075=LINE('',#7902,#1425);
#1076=LINE('',#7909,#1426);
#1077=LINE('',#7951,#1427);
#1078=LINE('',#7958,#1428);
#1079=LINE('',#7962,#1429);
#1080=LINE('',#7973,#1430);
#1081=LINE('',#7977,#1431);
#1082=LINE('',#7984,#1432);
#1083=LINE('',#8015,#1433);
#1084=LINE('',#8054,#1434);
#1085=LINE('',#8067,#1435);
#1086=LINE('',#8069,#1436);
#1087=LINE('',#8071,#1437);
#1088=LINE('',#8075,#1438);
#1089=LINE('',#8077,#1439);
#1090=LINE('',#8079,#1440);
#1091=LINE('',#8083,#1441);
#1092=LINE('',#8085,#1442);
#1093=LINE('',#8087,#1443);
#1094=LINE('',#8090,#1444);
#1095=LINE('',#8094,#1445);
#1096=LINE('',#8099,#1446);
#1097=LINE('',#8128,#1447);
#1098=LINE('',#8132,#1448);
#1099=LINE('',#8140,#1449);
#1100=LINE('',#8144,#1450);
#1101=LINE('',#8148,#1451);
#1102=LINE('',#8156,#1452);
#1103=LINE('',#8160,#1453);
#1104=LINE('',#8164,#1454);
#1105=LINE('',#8193,#1455);
#1106=LINE('',#8195,#1456);
#1107=LINE('',#8197,#1457);
#1108=LINE('',#8198,#1458);
#1109=LINE('',#8201,#1459);
#1110=LINE('',#8205,#1460);
#1111=LINE('',#8209,#1461);
#1112=LINE('',#8211,#1462);
#1113=LINE('',#8212,#1463);
#1114=LINE('',#8215,#1464);
#1115=LINE('',#8216,#1465);
#1116=LINE('',#8219,#1466);
#1117=LINE('',#8221,#1467);
#1118=LINE('',#8222,#1468);
#1119=LINE('',#8225,#1469);
#1120=LINE('',#8226,#1470);
#1121=LINE('',#8232,#1471);
#1122=LINE('',#8235,#1472);
#1123=LINE('',#8238,#1473);
#1124=LINE('',#8240,#1474);
#1125=LINE('',#8242,#1475);
#1126=LINE('',#8243,#1476);
#1127=LINE('',#8245,#1477);
#1128=LINE('',#8246,#1478);
#1129=LINE('',#8249,#1479);
#1130=LINE('',#8251,#1480);
#1131=LINE('',#8254,#1481);
#1132=LINE('',#8262,#1482);
#1133=LINE('',#8265,#1483);
#1134=LINE('',#8267,#1484);
#1135=LINE('',#8269,#1485);
#1136=LINE('',#8270,#1486);
#1137=LINE('',#8272,#1487);
#1138=LINE('',#8273,#1488);
#1139=LINE('',#8276,#1489);
#1140=LINE('',#8279,#1490);
#1141=LINE('',#8287,#1491);
#1142=LINE('',#8290,#1492);
#1143=LINE('',#8293,#1493);
#1144=LINE('',#8295,#1494);
#1145=LINE('',#8296,#1495);
#1146=LINE('',#8297,#1496);
#1147=LINE('',#8298,#1497);
#1148=LINE('',#8301,#1498);
#1149=LINE('',#8314,#1499);
#1150=LINE('',#8317,#1500);
#1151=LINE('',#8320,#1501);
#1152=LINE('',#8321,#1502);
#1153=LINE('',#8324,#1503);
#1154=LINE('',#8328,#1504);
#1155=LINE('',#8329,#1505);
#1156=LINE('',#8332,#1506);
#1157=LINE('',#8333,#1507);
#1158=LINE('',#8337,#1508);
#1159=LINE('',#8338,#1509);
#1160=LINE('',#8340,#1510);
#1161=LINE('',#8341,#1511);
#1162=LINE('',#8347,#1512);
#1163=LINE('',#8349,#1513);
#1164=LINE('',#8354,#1514);
#1165=LINE('',#8356,#1515);
#1166=LINE('',#8358,#1516);
#1167=LINE('',#8360,#1517);
#1168=LINE('',#8365,#1518);
#1169=LINE('',#8375,#1519);
#1170=LINE('',#8378,#1520);
#1171=LINE('',#8381,#1521);
#1172=LINE('',#8385,#1522);
#1173=LINE('',#8389,#1523);
#1174=LINE('',#8392,#1524);
#1175=LINE('',#8403,#1525);
#1176=LINE('',#8404,#1526);
#1177=LINE('',#8408,#1527);
#1178=LINE('',#8411,#1528);
#1179=LINE('',#8414,#1529);
#1180=LINE('',#8417,#1530);
#1181=LINE('',#8418,#1531);
#1182=LINE('',#8421,#1532);
#1183=LINE('',#8426,#1533);
#1184=LINE('',#8430,#1534);
#1185=LINE('',#8434,#1535);
#1186=LINE('',#8438,#1536);
#1187=LINE('',#8440,#1537);
#1188=LINE('',#8442,#1538);
#1189=LINE('',#8531,#1539);
#1190=LINE('',#8613,#1540);
#1191=LINE('',#9505,#1541);
#1192=LINE('',#9552,#1542);
#1193=LINE('',#10028,#1543);
#1194=LINE('',#10075,#1544);
#1195=LINE('',#10153,#1545);
#1196=LINE('',#10161,#1546);
#1197=LINE('',#10164,#1547);
#1198=LINE('',#10166,#1548);
#1199=LINE('',#10167,#1549);
#1200=LINE('',#10178,#1550);
#1201=LINE('',#10186,#1551);
#1202=LINE('',#10189,#1552);
#1203=LINE('',#10191,#1553);
#1204=LINE('',#10192,#1554);
#1205=LINE('',#10198,#1555);
#1206=LINE('',#10201,#1556);
#1207=LINE('',#10204,#1557);
#1208=LINE('',#10206,#1558);
#1209=LINE('',#10207,#1559);
#1210=LINE('',#10213,#1560);
#1211=LINE('',#10216,#1561);
#1212=LINE('',#10218,#1562);
#1213=LINE('',#10220,#1563);
#1214=LINE('',#10224,#1564);
#1215=LINE('',#10228,#1565);
#1216=LINE('',#10229,#1566);
#1217=LINE('',#10233,#1567);
#1218=LINE('',#10236,#1568);
#1219=LINE('',#10237,#1569);
#1220=LINE('',#10262,#1570);
#1221=LINE('',#10263,#1571);
#1222=LINE('',#10274,#1572);
#1223=LINE('',#10275,#1573);
#1224=LINE('',#10283,#1574);
#1225=LINE('',#10284,#1575);
#1226=LINE('',#10300,#1576);
#1227=LINE('',#10301,#1577);
#1228=LINE('',#10303,#1578);
#1229=LINE('',#10304,#1579);
#1230=LINE('',#10313,#1580);
#1231=LINE('',#10314,#1581);
#1232=LINE('',#10413,#1582);
#1233=LINE('',#10414,#1583);
#1234=LINE('',#10631,#1584);
#1235=LINE('',#10632,#1585);
#1236=LINE('',#10643,#1586);
#1237=LINE('',#10644,#1587);
#1238=LINE('',#10652,#1588);
#1239=LINE('',#10653,#1589);
#1240=LINE('',#10655,#1590);
#1241=LINE('',#10656,#1591);
#1242=LINE('',#10658,#1592);
#1243=LINE('',#10659,#1593);
#1244=LINE('',#10661,#1594);
#1245=LINE('',#10662,#1595);
#1246=LINE('',#10664,#1596);
#1247=LINE('',#10665,#1597);
#1248=LINE('',#10667,#1598);
#1249=LINE('',#10668,#1599);
#1250=LINE('',#10670,#1600);
#1251=LINE('',#10671,#1601);
#1252=LINE('',#10673,#1602);
#1253=LINE('',#10674,#1603);
#1254=LINE('',#10686,#1604);
#1255=LINE('',#10695,#1605);
#1256=LINE('',#10700,#1606);
#1257=LINE('',#10701,#1607);
#1258=LINE('',#10706,#1608);
#1259=LINE('',#10707,#1609);
#1260=LINE('',#10709,#1610);
#1261=LINE('',#10710,#1611);
#1262=LINE('',#10712,#1612);
#1263=LINE('',#10713,#1613);
#1264=LINE('',#10715,#1614);
#1265=LINE('',#10716,#1615);
#1266=LINE('',#10721,#1616);
#1267=LINE('',#10725,#1617);
#1268=LINE('',#10729,#1618);
#1269=LINE('',#10731,#1619);
#1270=LINE('',#10733,#1620);
#1271=LINE('',#10735,#1621);
#1272=LINE('',#10737,#1622);
#1273=LINE('',#10739,#1623);
#1274=LINE('',#10740,#1624);
#1275=LINE('',#10743,#1625);
#1276=LINE('',#10747,#1626);
#1277=LINE('',#10748,#1627);
#1278=LINE('',#10751,#1628);
#1279=LINE('',#10757,#1629);
#1280=LINE('',#10771,#1630);
#1281=LINE('',#10774,#1631);
#1282=LINE('',#10778,#1632);
#1283=LINE('',#10782,#1633);
#1284=LINE('',#10834,#1634);
#1285=LINE('',#10838,#1635);
#1286=LINE('',#10839,#1636);
#1287=LINE('',#10842,#1637);
#1288=LINE('',#10846,#1638);
#1289=LINE('',#10847,#1639);
#1290=LINE('',#10849,#1640);
#1291=LINE('',#10850,#1641);
#1292=LINE('',#10853,#1642);
#1293=LINE('',#10857,#1643);
#1294=LINE('',#10861,#1644);
#1295=LINE('',#10865,#1645);
#1296=LINE('',#10869,#1646);
#1297=LINE('',#10889,#1647);
#1298=LINE('',#10893,#1648);
#1299=LINE('',#10898,#1649);
#1300=LINE('',#10902,#1650);
#1301=LINE('',#10957,#1651);
#1302=LINE('',#10958,#1652);
#1303=LINE('',#10963,#1653);
#1304=LINE('',#10964,#1654);
#1305=LINE('',#10978,#1655);
#1306=LINE('',#10979,#1656);
#1307=LINE('',#11020,#1657);
#1308=LINE('',#11021,#1658);
#1309=LINE('',#11064,#1659);
#1310=LINE('',#11068,#1660);
#1311=LINE('',#11071,#1661);
#1312=LINE('',#11098,#1662);
#1313=LINE('',#11102,#1663);
#1314=LINE('',#11105,#1664);
#1315=LINE('',#11109,#1665);
#1316=LINE('',#11111,#1666);
#1317=LINE('',#11113,#1667);
#1318=LINE('',#11114,#1668);
#1319=LINE('',#11116,#1669);
#1320=LINE('',#11117,#1670);
#1321=LINE('',#11119,#1671);
#1322=LINE('',#11120,#1672);
#1323=LINE('',#11124,#1673);
#1324=LINE('',#11125,#1674);
#1325=LINE('',#11127,#1675);
#1326=LINE('',#11129,#1676);
#1327=LINE('',#11133,#1677);
#1328=LINE('',#11135,#1678);
#1329=LINE('',#11136,#1679);
#1330=LINE('',#11140,#1680);
#1331=LINE('',#11141,#1681);
#1332=LINE('',#11142,#1682);
#1333=LINE('',#11146,#1683);
#1334=LINE('',#11148,#1684);
#1335=LINE('',#11150,#1685);
#1336=LINE('',#11151,#1686);
#1337=LINE('',#11155,#1687);
#1338=LINE('',#11157,#1688);
#1339=LINE('',#11159,#1689);
#1340=LINE('',#11160,#1690);
#1341=LINE('',#11169,#1691);
#1342=LINE('',#11170,#1692);
#1343=LINE('',#11173,#1693);
#1344=LINE('',#11174,#1694);
#1345=LINE('',#11176,#1695);
#1346=LINE('',#11177,#1696);
#1347=LINE('',#11180,#1697);
#1348=LINE('',#11182,#1698);
#1349=LINE('',#11183,#1699);
#1350=LINE('',#11185,#1700);
#1351=LINE('',#11187,#1701);
#1352=LINE('',#11190,#1702);
#1353=LINE('',#11192,#1703);
#1354=LINE('',#11194,#1704);
#1355=LINE('',#11196,#1705);
#1356=LINE('',#11199,#1706);
#1357=LINE('',#11201,#1707);
#1358=LINE('',#11202,#1708);
#1359=LINE('',#11204,#1709);
#1360=LINE('',#11209,#1710);
#1361=LINE('',#11210,#1711);
#1362=LINE('',#11212,#1712);
#1363=LINE('',#11213,#1713);
#1364=LINE('',#11215,#1714);
#1365=LINE('',#11220,#1715);
#1366=LINE('',#11224,#1716);
#1367=LINE('',#11229,#1717);
#1368=LINE('',#11234,#1718);
#1369=LINE('',#11239,#1719);
#1370=LINE('',#11244,#1720);
#1371=LINE('',#11253,#1721);
#1372=LINE('',#11255,#1722);
#1373=LINE('',#11266,#1723);
#1374=LINE('',#11273,#1724);
#1375=LINE('',#11279,#1725);
#1376=LINE('',#11281,#1726);
#1377=LINE('',#11283,#1727);
#1378=LINE('',#11284,#1728);
#1379=LINE('',#11290,#1729);
#1380=LINE('',#11293,#1730);
#1381=LINE('',#11295,#1731);
#1382=LINE('',#11296,#1732);
#1383=LINE('',#11302,#1733);
#1384=LINE('',#11305,#1734);
#1385=LINE('',#11307,#1735);
#1386=LINE('',#11308,#1736);
#1387=LINE('',#11314,#1737);
#1388=LINE('',#11317,#1738);
#1389=LINE('',#11319,#1739);
#1390=LINE('',#11320,#1740);
#1391=VECTOR('',#5952,0.4);
#1392=VECTOR('',#5963,0.653841719999994);
#1393=VECTOR('',#5970,700.);
#1394=VECTOR('',#5973,700.);
#1395=VECTOR('',#5976,700.);
#1396=VECTOR('',#5979,700.);
#1397=VECTOR('',#5982,700.);
#1398=VECTOR('',#5985,700.);
#1399=VECTOR('',#5988,700.);
#1400=VECTOR('',#5991,700.);
#1401=VECTOR('',#5994,700.);
#1402=VECTOR('',#5997,700.);
#1403=VECTOR('',#6000,700.);
#1404=VECTOR('',#6003,700.);
#1405=VECTOR('',#6006,700.);
#1406=VECTOR('',#6009,700.);
#1407=VECTOR('',#6012,700.);
#1408=VECTOR('',#6015,700.);
#1409=VECTOR('',#6026,700.);
#1410=VECTOR('',#6029,700.);
#1411=VECTOR('',#6034,700.);
#1412=VECTOR('',#6037,700.);
#1413=VECTOR('',#6042,700.);
#1414=VECTOR('',#6045,700.);
#1415=VECTOR('',#6070,700.);
#1416=VECTOR('',#6073,700.);
#1417=VECTOR('',#6078,700.);
#1418=VECTOR('',#6081,700.);
#1419=VECTOR('',#6086,700.);
#1420=VECTOR('',#6089,700.);
#1421=VECTOR('',#6114,700.);
#1422=VECTOR('',#6117,700.);
#1423=VECTOR('',#6122,700.);
#1424=VECTOR('',#6125,700.);
#1425=VECTOR('',#6130,700.);
#1426=VECTOR('',#6133,700.);
#1427=VECTOR('',#6158,700.);
#1428=VECTOR('',#6161,700.);
#1429=VECTOR('',#6166,700.);
#1430=VECTOR('',#6169,700.);
#1431=VECTOR('',#6174,700.);
#1432=VECTOR('',#6177,700.);
#1433=VECTOR('',#6204,1.03124);
#1434=VECTOR('',#6221,0.666750000000001);
#1435=VECTOR('',#6236,10.);
#1436=VECTOR('',#6237,10.);
#1437=VECTOR('',#6238,10.);
#1438=VECTOR('',#6241,10.);
#1439=VECTOR('',#6242,10.);
#1440=VECTOR('',#6243,10.);
#1441=VECTOR('',#6246,10.);
#1442=VECTOR('',#6247,10.);
#1443=VECTOR('',#6248,10.);
#1444=VECTOR('',#6251,10.);
#1445=VECTOR('',#6256,2.);
#1446=VECTOR('',#6261,10.);
#1447=VECTOR('',#6270,10.);
#1448=VECTOR('',#6275,10.);
#1449=VECTOR('',#6286,10.);
#1450=VECTOR('',#6291,10.);
#1451=VECTOR('',#6296,10.);
#1452=VECTOR('',#6307,10.);
#1453=VECTOR('',#6312,10.);
#1454=VECTOR('',#6317,10.);
#1455=VECTOR('',#6326,10.);
#1456=VECTOR('',#6327,10.);
#1457=VECTOR('',#6328,10.);
#1458=VECTOR('',#6329,10.);
#1459=VECTOR('',#6332,10.);
#1460=VECTOR('',#6335,10.);
#1461=VECTOR('',#6340,10.);
#1462=VECTOR('',#6341,10.);
#1463=VECTOR('',#6342,10.);
#1464=VECTOR('',#6345,10.);
#1465=VECTOR('',#6346,10.);
#1466=VECTOR('',#6349,10.);
#1467=VECTOR('',#6350,10.);
#1468=VECTOR('',#6351,10.);
#1469=VECTOR('',#6354,10.);
#1470=VECTOR('',#6355,10.);
#1471=VECTOR('',#6360,10.);
#1472=VECTOR('',#6363,10.);
#1473=VECTOR('',#6366,10.);
#1474=VECTOR('',#6367,10.);
#1475=VECTOR('',#6368,10.);
#1476=VECTOR('',#6369,10.);
#1477=VECTOR('',#6370,10.);
#1478=VECTOR('',#6371,10.);
#1479=VECTOR('',#6374,10.);
#1480=VECTOR('',#6375,10.);
#1481=VECTOR('',#6378,10.);
#1482=VECTOR('',#6387,10.);
#1483=VECTOR('',#6390,10.);
#1484=VECTOR('',#6391,10.);
#1485=VECTOR('',#6392,10.);
#1486=VECTOR('',#6393,10.);
#1487=VECTOR('',#6394,10.);
#1488=VECTOR('',#6395,10.);
#1489=VECTOR('',#6398,10.);
#1490=VECTOR('',#6401,10.);
#1491=VECTOR('',#6408,10.);
#1492=VECTOR('',#6411,10.);
#1493=VECTOR('',#6414,10.);
#1494=VECTOR('',#6415,10.);
#1495=VECTOR('',#6416,10.);
#1496=VECTOR('',#6417,10.);
#1497=VECTOR('',#6418,10.);
#1498=VECTOR('',#6423,10.);
#1499=VECTOR('',#6438,10.);
#1500=VECTOR('',#6441,10.);
#1501=VECTOR('',#6444,10.);
#1502=VECTOR('',#6445,10.);
#1503=VECTOR('',#6448,10.);
#1504=VECTOR('',#6455,10.);
#1505=VECTOR('',#6456,10.);
#1506=VECTOR('',#6461,10.);
#1507=VECTOR('',#6462,10.);
#1508=VECTOR('',#6467,10.);
#1509=VECTOR('',#6468,10.);
#1510=VECTOR('',#6471,10.);
#1511=VECTOR('',#6472,10.);
#1512=VECTOR('',#6481,10.);
#1513=VECTOR('',#6484,10.);
#1514=VECTOR('',#6491,0.425);
#1515=VECTOR('',#6494,0.425);
#1516=VECTOR('',#6497,0.425);
#1517=VECTOR('',#6500,0.425);
#1518=VECTOR('',#6505,0.875);
#1519=VECTOR('',#6518,10.);
#1520=VECTOR('',#6521,10.);
#1521=VECTOR('',#6524,10.);
#1522=VECTOR('',#6527,10.);
#1523=VECTOR('',#6530,10.);
#1524=VECTOR('',#6533,10.);
#1525=VECTOR('',#6544,10.);
#1526=VECTOR('',#6545,10.);
#1527=VECTOR('',#6550,10.);
#1528=VECTOR('',#6553,10.);
#1529=VECTOR('',#6556,10.);
#1530=VECTOR('',#6559,10.);
#1531=VECTOR('',#6560,10.);
#1532=VECTOR('',#6563,10.);
#1533=VECTOR('',#6570,0.425);
#1534=VECTOR('',#6575,0.425);
#1535=VECTOR('',#6580,0.425);
#1536=VECTOR('',#6585,0.425);
#1537=VECTOR('',#6588,10.);
#1538=VECTOR('',#6591,10.);
#1539=VECTOR('',#6594,10.);
#1540=VECTOR('',#6599,10.);
#1541=VECTOR('',#6618,10.);
#1542=VECTOR('',#6623,10.);
#1543=VECTOR('',#6634,10.);
#1544=VECTOR('',#6639,10.);
#1545=VECTOR('',#6644,10.);
#1546=VECTOR('',#6645,10.);
#1547=VECTOR('',#6648,10.);
#1548=VECTOR('',#6649,10.);
#1549=VECTOR('',#6650,10.);
#1550=VECTOR('',#6653,10.);
#1551=VECTOR('',#6654,10.);
#1552=VECTOR('',#6657,10.);
#1553=VECTOR('',#6658,10.);
#1554=VECTOR('',#6659,10.);
#1555=VECTOR('',#6664,10.);
#1556=VECTOR('',#6667,10.);
#1557=VECTOR('',#6670,10.);
#1558=VECTOR('',#6671,10.);
#1559=VECTOR('',#6672,10.);
#1560=VECTOR('',#6677,10.);
#1561=VECTOR('',#6680,10.);
#1562=VECTOR('',#6683,10.);
#1563=VECTOR('',#6684,10.);
#1564=VECTOR('',#6687,10.);
#1565=VECTOR('',#6692,10.);
#1566=VECTOR('',#6693,10.);
#1567=VECTOR('',#6698,10.);
#1568=VECTOR('',#6701,10.);
#1569=VECTOR('',#6702,10.);
#1570=VECTOR('',#6731,10.);
#1571=VECTOR('',#6732,10.);
#1572=VECTOR('',#6745,10.);
#1573=VECTOR('',#6746,10.);
#1574=VECTOR('',#6757,10.);
#1575=VECTOR('',#6758,10.);
#1576=VECTOR('',#6777,10.);
#1577=VECTOR('',#6778,10.);
#1578=VECTOR('',#6781,10.);
#1579=VECTOR('',#6782,10.);
#1580=VECTOR('',#6793,10.);
#1581=VECTOR('',#6794,10.);
#1582=VECTOR('',#6807,10.);
#1583=VECTOR('',#6808,10.);
#1584=VECTOR('',#6853,10.);
#1585=VECTOR('',#6854,10.);
#1586=VECTOR('',#6867,10.);
#1587=VECTOR('',#6868,10.);
#1588=VECTOR('',#6879,10.);
#1589=VECTOR('',#6880,10.);
#1590=VECTOR('',#6883,10.);
#1591=VECTOR('',#6884,10.);
#1592=VECTOR('',#6887,10.);
#1593=VECTOR('',#6888,10.);
#1594=VECTOR('',#6891,10.);
#1595=VECTOR('',#6892,10.);
#1596=VECTOR('',#6895,10.);
#1597=VECTOR('',#6896,10.);
#1598=VECTOR('',#6899,10.);
#1599=VECTOR('',#6900,10.);
#1600=VECTOR('',#6903,10.);
#1601=VECTOR('',#6904,10.);
#1602=VECTOR('',#6907,10.);
#1603=VECTOR('',#6908,10.);
#1604=VECTOR('',#6927,10.);
#1605=VECTOR('',#6940,10.);
#1606=VECTOR('',#6949,10.);
#1607=VECTOR('',#6950,10.);
#1608=VECTOR('',#6959,10.);
#1609=VECTOR('',#6960,10.);
#1610=VECTOR('',#6963,10.);
#1611=VECTOR('',#6964,10.);
#1612=VECTOR('',#6967,10.);
#1613=VECTOR('',#6968,10.);
#1614=VECTOR('',#6971,10.);
#1615=VECTOR('',#6972,10.);
#1616=VECTOR('',#6977,10.);
#1617=VECTOR('',#6980,10.);
#1618=VECTOR('',#6985,10.);
#1619=VECTOR('',#6986,10.);
#1620=VECTOR('',#6987,10.);
#1621=VECTOR('',#6988,10.);
#1622=VECTOR('',#6989,10.);
#1623=VECTOR('',#6990,10.);
#1624=VECTOR('',#6991,10.);
#1625=VECTOR('',#6994,10.);
#1626=VECTOR('',#6999,10.);
#1627=VECTOR('',#7000,10.);
#1628=VECTOR('',#7003,10.);
#1629=VECTOR('',#7012,10.);
#1630=VECTOR('',#7033,10.);
#1631=VECTOR('',#7036,10.);
#1632=VECTOR('',#7039,10.);
#1633=VECTOR('',#7042,10.);
#1634=VECTOR('',#7071,10.);
#1635=VECTOR('',#7076,10.);
#1636=VECTOR('',#7077,10.);
#1637=VECTOR('',#7080,10.);
#1638=VECTOR('',#7085,10.);
#1639=VECTOR('',#7086,10.);
#1640=VECTOR('',#7087,10.);
#1641=VECTOR('',#7088,10.);
#1642=VECTOR('',#7091,10.);
#1643=VECTOR('',#7096,0.425);
#1644=VECTOR('',#7101,0.425);
#1645=VECTOR('',#7106,0.425);
#1646=VECTOR('',#7111,0.425);
#1647=VECTOR('',#7134,10.);
#1648=VECTOR('',#7137,10.);
#1649=VECTOR('',#7142,10.);
#1650=VECTOR('',#7145,10.);
#1651=VECTOR('',#7176,10.);
#1652=VECTOR('',#7177,10.);
#1653=VECTOR('',#7182,10.);
#1654=VECTOR('',#7183,10.);
#1655=VECTOR('',#7198,10.);
#1656=VECTOR('',#7199,10.);
#1657=VECTOR('',#7228,10.);
#1658=VECTOR('',#7229,10.);
#1659=VECTOR('',#7254,10.);
#1660=VECTOR('',#7257,10.);
#1661=VECTOR('',#7260,10.);
#1662=VECTOR('',#7263,10.);
#1663=VECTOR('',#7266,10.);
#1664=VECTOR('',#7269,10.);
#1665=VECTOR('',#7272,10.);
#1666=VECTOR('',#7273,10.);
#1667=VECTOR('',#7274,10.);
#1668=VECTOR('',#7275,10.);
#1669=VECTOR('',#7278,10.);
#1670=VECTOR('',#7279,10.);
#1671=VECTOR('',#7282,10.);
#1672=VECTOR('',#7283,10.);
#1673=VECTOR('',#7286,10.);
#1674=VECTOR('',#7287,10.);
#1675=VECTOR('',#7288,10.);
#1676=VECTOR('',#7289,10.);
#1677=VECTOR('',#7294,10.);
#1678=VECTOR('',#7295,10.);
#1679=VECTOR('',#7296,10.);
#1680=VECTOR('',#7299,10.);
#1681=VECTOR('',#7300,10.);
#1682=VECTOR('',#7301,10.);
#1683=VECTOR('',#7304,10.);
#1684=VECTOR('',#7305,10.);
#1685=VECTOR('',#7306,10.);
#1686=VECTOR('',#7307,10.);
#1687=VECTOR('',#7310,10.);
#1688=VECTOR('',#7311,10.);
#1689=VECTOR('',#7312,10.);
#1690=VECTOR('',#7313,10.);
#1691=VECTOR('',#7330,10.);
#1692=VECTOR('',#7331,10.);
#1693=VECTOR('',#7334,10.);
#1694=VECTOR('',#7335,10.);
#1695=VECTOR('',#7336,10.);
#1696=VECTOR('',#7337,10.);
#1697=VECTOR('',#7340,10.);
#1698=VECTOR('',#7341,10.);
#1699=VECTOR('',#7342,10.);
#1700=VECTOR('',#7345,10.);
#1701=VECTOR('',#7348,10.);
#1702=VECTOR('',#7353,10.);
#1703=VECTOR('',#7356,10.);
#1704=VECTOR('',#7359,10.);
#1705=VECTOR('',#7362,10.);
#1706=VECTOR('',#7367,10.);
#1707=VECTOR('',#7370,10.);
#1708=VECTOR('',#7371,10.);
#1709=VECTOR('',#7374,10.);
#1710=VECTOR('',#7383,10.);
#1711=VECTOR('',#7384,10.);
#1712=VECTOR('',#7387,10.);
#1713=VECTOR('',#7388,10.);
#1714=VECTOR('',#7391,10.);
#1715=VECTOR('',#7396,10.);
#1716=VECTOR('',#7401,10.);
#1717=VECTOR('',#7408,10.);
#1718=VECTOR('',#7413,2.);
#1719=VECTOR('',#7420,2.9);
#1720=VECTOR('',#7427,0.925);
#1721=VECTOR('',#7444,1.125);
#1722=VECTOR('',#7447,1.125);
#1723=VECTOR('',#7462,2.);
#1724=VECTOR('',#7471,0.875);
#1725=VECTOR('',#7478,10.);
#1726=VECTOR('',#7479,10.);
#1727=VECTOR('',#7480,10.);
#1728=VECTOR('',#7481,10.);
#1729=VECTOR('',#7488,10.);
#1730=VECTOR('',#7491,10.);
#1731=VECTOR('',#7492,10.);
#1732=VECTOR('',#7493,10.);
#1733=VECTOR('',#7500,10.);
#1734=VECTOR('',#7503,10.);
#1735=VECTOR('',#7504,10.);
#1736=VECTOR('',#7505,10.);
#1737=VECTOR('',#7512,10.);
#1738=VECTOR('',#7515,10.);
#1739=VECTOR('',#7516,10.);
#1740=VECTOR('',#7517,10.);
#1741=CIRCLE('',#5326,0.4);
#1742=CIRCLE('',#5327,0.4);
#1743=CIRCLE('',#5330,0.666750000000001);
#1744=CIRCLE('',#5331,0.666750000000001);
#1745=CIRCLE('',#5332,0.653841719999993);
#1746=CIRCLE('',#5334,0.51061795575016);
#1747=CIRCLE('',#5335,0.0996767558906684);
#1748=CIRCLE('',#5336,0.0996426147147686);
#1749=CIRCLE('',#5337,0.09967675589067);
#1750=CIRCLE('',#5338,0.510617955750161);
#1751=CIRCLE('',#5339,0.0996767558906684);
#1752=CIRCLE('',#5340,0.0996426147147679);
#1753=CIRCLE('',#5341,0.0996767558906703);
#1754=CIRCLE('',#5342,0.510617955750161);
#1755=CIRCLE('',#5343,0.0996767558906666);
#1756=CIRCLE('',#5344,0.0996426147147682);
#1757=CIRCLE('',#5345,0.0996767558906721);
#1758=CIRCLE('',#5346,0.510617955750161);
#1759=CIRCLE('',#5347,0.0996767558906671);
#1760=CIRCLE('',#5348,0.0996426147147682);
#1761=CIRCLE('',#5349,0.0996767558906666);
#1762=CIRCLE('',#5350,56.1556760439143);
#1763=CIRCLE('',#5352,57.5148910082089);
#1764=CIRCLE('',#5354,1.26490868722631);
#1765=CIRCLE('',#5357,1.26275606612612);
#1766=CIRCLE('',#5360,1.26275606612612);
#1767=CIRCLE('',#5363,1.26490868722631);
#1768=CIRCLE('',#5364,57.5148910141381);
#1769=CIRCLE('',#5366,56.1556760439078);
#1770=CIRCLE('',#5368,0.543955236507895);
#1771=CIRCLE('',#5369,56.155676038006);
#1772=CIRCLE('',#5371,57.5148963366513);
#1773=CIRCLE('',#5373,1.26490868722631);
#1774=CIRCLE('',#5376,1.26275606612612);
#1775=CIRCLE('',#5379,1.26275606612612);
#1776=CIRCLE('',#5382,1.26490868722631);
#1777=CIRCLE('',#5383,57.5148910157685);
#1778=CIRCLE('',#5385,56.1556760438847);
#1779=CIRCLE('',#5387,0.543955236507895);
#1780=CIRCLE('',#5388,56.1556760380052);
#1781=CIRCLE('',#5390,57.5148963404225);
#1782=CIRCLE('',#5392,1.26490868722631);
#1783=CIRCLE('',#5395,1.26275606612612);
#1784=CIRCLE('',#5398,1.26275606612612);
#1785=CIRCLE('',#5401,1.26490868722631);
#1786=CIRCLE('',#5402,57.5148910131016);
#1787=CIRCLE('',#5404,56.1556760439441);
#1788=CIRCLE('',#5406,0.543955236507895);
#1789=CIRCLE('',#5407,56.1556760438406);
#1790=CIRCLE('',#5409,57.5148675710201);
#1791=CIRCLE('',#5411,1.26490868722631);
#1792=CIRCLE('',#5414,1.26275606612612);
#1793=CIRCLE('',#5417,1.26275606612612);
#1794=CIRCLE('',#5420,1.26490868722631);
#1795=CIRCLE('',#5421,57.5148675686051);
#1796=CIRCLE('',#5423,56.1556760438863);
#1797=CIRCLE('',#5425,0.543955236507894);
#1798=CIRCLE('',#5427,0.996119332902129);
#1799=CIRCLE('',#5429,0.1649984);
#1800=CIRCLE('',#5430,1.03124);
#1801=CIRCLE('',#5432,1.03124);
#1802=CIRCLE('',#5434,0.164998400000001);
#1803=CIRCLE('',#5435,0.925205450807439);
#1804=CIRCLE('',#5436,0.925205450807439);
#1805=CIRCLE('',#5437,0.666750000000002);
#1806=CIRCLE('',#5438,1.19762885056255);
#1807=CIRCLE('',#5442,2.);
#1808=CIRCLE('',#5443,0.2);
#1809=CIRCLE('',#5444,2.2);
#1810=CIRCLE('',#5446,1.45);
#1811=CIRCLE('',#5447,1.45);
#1812=CIRCLE('',#5448,1.45);
#1813=CIRCLE('',#5449,1.45);
#1814=CIRCLE('',#5451,2.);
#1815=CIRCLE('',#5453,0.2);
#1816=CIRCLE('',#5456,1.25);
#1817=CIRCLE('',#5460,0.2);
#1818=CIRCLE('',#5462,0.2);
#1819=CIRCLE('',#5463,1.25);
#1820=CIRCLE('',#5469,0.2);
#1821=CIRCLE('',#5471,0.2);
#1822=CIRCLE('',#5472,1.25);
#1823=CIRCLE('',#5478,0.2);
#1824=CIRCLE('',#5480,1.25);
#1825=CIRCLE('',#5483,0.2);
#1826=CIRCLE('',#5484,0.2);
#1827=CIRCLE('',#5490,0.2);
#1828=CIRCLE('',#5491,0.2);
#1829=CIRCLE('',#5494,1.25);
#1830=CIRCLE('',#5495,0.425);
#1831=CIRCLE('',#5497,0.2);
#1832=CIRCLE('',#5498,0.2);
#1833=CIRCLE('',#5501,1.25);
#1834=CIRCLE('',#5502,0.425);
#1835=CIRCLE('',#5504,0.2);
#1836=CIRCLE('',#5505,0.2);
#1837=CIRCLE('',#5508,0.2);
#1838=CIRCLE('',#5509,0.425);
#1839=CIRCLE('',#5510,0.425);
#1840=CIRCLE('',#5511,0.425);
#1841=CIRCLE('',#5512,0.425);
#1842=CIRCLE('',#5514,0.2);
#1843=CIRCLE('',#5516,1.25);
#1844=CIRCLE('',#5519,1.25);
#1845=CIRCLE('',#5527,0.425);
#1846=CIRCLE('',#5532,0.425);
#1847=CIRCLE('',#5539,0.875);
#1848=CIRCLE('',#5540,0.875);
#1849=CIRCLE('',#5545,0.2);
#1850=CIRCLE('',#5546,0.2);
#1851=CIRCLE('',#5548,0.2);
#1852=CIRCLE('',#5549,0.2);
#1853=CIRCLE('',#5550,0.2);
#1854=CIRCLE('',#5551,0.425);
#1855=CIRCLE('',#5552,0.425);
#1856=CIRCLE('',#5553,0.425);
#1857=CIRCLE('',#5554,0.425);
#1858=CIRCLE('',#5557,0.2);
#1859=CIRCLE('',#5559,0.2);
#1860=CIRCLE('',#5562,0.2);
#1861=CIRCLE('',#5564,0.425);
#1862=CIRCLE('',#5566,0.425);
#1863=CIRCLE('',#5568,0.425);
#1864=CIRCLE('',#5570,0.425);
#1865=CIRCLE('',#5574,0.2);
#1866=CIRCLE('',#5575,0.2);
#1867=CIRCLE('',#5576,0.2);
#1868=CIRCLE('',#5577,0.2);
#1869=CIRCLE('',#5578,0.2);
#1870=CIRCLE('',#5579,0.200000000000001);
#1871=CIRCLE('',#5580,0.200000000000001);
#1872=CIRCLE('',#5581,0.2);
#1873=CIRCLE('',#5582,0.199999999999999);
#1874=CIRCLE('',#5583,0.199999999999999);
#1875=CIRCLE('',#5584,0.2);
#1876=CIRCLE('',#5585,0.2);
#1877=CIRCLE('',#5586,0.2);
#1878=CIRCLE('',#5587,0.2);
#1879=CIRCLE('',#5588,0.2);
#1880=CIRCLE('',#5589,0.2);
#1881=CIRCLE('',#5590,0.2);
#1882=CIRCLE('',#5591,0.2);
#1883=CIRCLE('',#5592,0.2);
#1884=CIRCLE('',#5593,0.2);
#1885=CIRCLE('',#5594,0.2);
#1886=CIRCLE('',#5600,0.2);
#1887=CIRCLE('',#5601,0.2);
#1888=CIRCLE('',#5604,0.2);
#1889=CIRCLE('',#5605,0.2);
#1890=CIRCLE('',#5607,0.2);
#1891=CIRCLE('',#5608,0.2);
#1892=CIRCLE('',#5611,0.2);
#1893=CIRCLE('',#5614,0.2);
#1894=CIRCLE('',#5616,0.4);
#1895=CIRCLE('',#5617,0.2);
#1896=CIRCLE('',#5618,0.2);
#1897=CIRCLE('',#5619,0.2);
#1898=CIRCLE('',#5621,0.2);
#1899=CIRCLE('',#5622,0.2);
#1900=CIRCLE('',#5623,0.4);
#1901=CIRCLE('',#5624,0.2);
#1902=CIRCLE('',#5626,0.2);
#1903=CIRCLE('',#5628,0.199999999999996);
#1904=CIRCLE('',#5629,0.3);
#1905=CIRCLE('',#5630,0.5);
#1906=CIRCLE('',#5632,0.2);
#1907=CIRCLE('',#5634,0.2);
#1908=CIRCLE('',#5635,0.3);
#1909=CIRCLE('',#5636,0.5);
#1910=CIRCLE('',#5639,0.199999999999997);
#1911=CIRCLE('',#5640,0.2);
#1912=CIRCLE('',#5641,0.2);
#1913=CIRCLE('',#5643,0.200000000000002);
#1914=CIRCLE('',#5644,0.2);
#1915=CIRCLE('',#5645,0.2);
#1916=CIRCLE('',#5649,0.2);
#1917=CIRCLE('',#5650,0.200000000000002);
#1918=CIRCLE('',#5651,0.2);
#1919=CIRCLE('',#5654,0.2);
#1920=CIRCLE('',#5655,0.2);
#1921=CIRCLE('',#5656,0.200000000000002);
#1922=CIRCLE('',#5657,0.2);
#1923=CIRCLE('',#5659,0.2);
#1924=CIRCLE('',#5660,0.2);
#1925=CIRCLE('',#5662,0.2);
#1926=CIRCLE('',#5663,0.2);
#1927=CIRCLE('',#5664,0.2);
#1928=CIRCLE('',#5666,0.2);
#1929=CIRCLE('',#5667,0.2);
#1930=CIRCLE('',#5668,0.2);
#1931=CIRCLE('',#5670,0.2);
#1932=CIRCLE('',#5671,0.2);
#1933=CIRCLE('',#5672,0.4);
#1934=CIRCLE('',#5673,0.2);
#1935=CIRCLE('',#5675,0.4);
#1936=CIRCLE('',#5676,0.2);
#1937=CIRCLE('',#5677,0.2);
#1938=CIRCLE('',#5678,0.2);
#1939=CIRCLE('',#5680,0.2);
#1940=CIRCLE('',#5682,0.2);
#1941=CIRCLE('',#5683,0.3);
#1942=CIRCLE('',#5684,0.5);
#1943=CIRCLE('',#5686,0.2);
#1944=CIRCLE('',#5688,0.200000000000001);
#1945=CIRCLE('',#5689,0.3);
#1946=CIRCLE('',#5690,0.5);
#1947=CIRCLE('',#5700,6.25);
#1948=CIRCLE('',#5701,6.05);
#1949=CIRCLE('',#5703,0.19999999999906);
#1950=CIRCLE('',#5704,6.25);
#1951=CIRCLE('',#5705,6.05);
#1952=CIRCLE('',#5707,0.200000000000001);
#1953=CIRCLE('',#5709,0.2);
#1954=CIRCLE('',#5710,3.175);
#1955=CIRCLE('',#5711,2.975);
#1956=CIRCLE('',#5713,0.2);
#1957=CIRCLE('',#5715,6.25);
#1958=CIRCLE('',#5716,6.05);
#1959=CIRCLE('',#5719,6.25);
#1960=CIRCLE('',#5720,6.05);
#1961=CIRCLE('',#5726,2.975);
#1962=CIRCLE('',#5727,2.975);
#1963=CIRCLE('',#5728,2.975);
#1964=CIRCLE('',#5731,0.5);
#1965=CIRCLE('',#5734,0.5);
#1966=CIRCLE('',#5736,1.125);
#1967=CIRCLE('',#5743,1.125);
#1968=CIRCLE('',#5746,0.2);
#1969=CIRCLE('',#5747,0.2);
#1970=CIRCLE('',#5749,0.2);
#1971=CIRCLE('',#5750,0.2);
#1972=CIRCLE('',#5751,0.2);
#1973=CIRCLE('',#5752,0.425);
#1974=CIRCLE('',#5753,0.425);
#1975=CIRCLE('',#5754,0.425);
#1976=CIRCLE('',#5755,0.425);
#1977=CIRCLE('',#5757,2.775);
#1978=CIRCLE('',#5759,6.05);
#1979=CIRCLE('',#5760,5.85);
#1980=CIRCLE('',#5762,2.9);
#1981=CIRCLE('',#5763,0.925);
#1982=CIRCLE('',#5765,0.2);
#1983=CIRCLE('',#5768,0.2);
#1984=CIRCLE('',#5771,0.2);
#1985=CIRCLE('',#5773,0.425);
#1986=CIRCLE('',#5775,0.425);
#1987=CIRCLE('',#5777,0.425);
#1988=CIRCLE('',#5779,0.425);
#1989=CIRCLE('',#5782,0.75);
#1990=CIRCLE('',#5783,0.75);
#1991=CIRCLE('',#5784,0.75);
#1992=CIRCLE('',#5786,0.75);
#1993=CIRCLE('',#5787,0.75);
#1994=CIRCLE('',#5788,0.75);
#1995=CIRCLE('',#5790,0.75);
#1996=CIRCLE('',#5791,0.75);
#1997=CIRCLE('',#5793,0.75);
#1998=CIRCLE('',#5794,0.75);
#1999=CIRCLE('',#5796,2.975);
#2000=CIRCLE('',#5797,2.225);
#2001=CIRCLE('',#5799,5.3);
#2002=CIRCLE('',#5800,6.05);
#2003=CIRCLE('',#5802,5.3);
#2004=CIRCLE('',#5803,6.05);
#2005=CIRCLE('',#5805,6.05);
#2006=CIRCLE('',#5806,5.3);
#2007=CIRCLE('',#5808,0.75);
#2008=CIRCLE('',#5810,0.75);
#2009=CIRCLE('',#5812,0.75);
#2010=CIRCLE('',#5813,2.975);
#2011=CIRCLE('',#5814,0.75);
#2012=CIRCLE('',#5815,2.225);
#2013=CIRCLE('',#5817,0.75);
#2014=CIRCLE('',#5819,6.05);
#2015=CIRCLE('',#5820,5.3);
#2016=CIRCLE('',#5822,0.75);
#2017=CIRCLE('',#5823,6.05);
#2018=CIRCLE('',#5824,5.3);
#2019=CIRCLE('',#5826,6.05);
#2020=CIRCLE('',#5827,5.3);
#2021=CIRCLE('',#5829,2.975);
#2022=CIRCLE('',#5830,2.225);
#2023=CIRCLE('',#5833,0.325000000000003);
#2024=CIRCLE('',#5834,0.75);
#2025=CIRCLE('',#5835,0.925);
#2026=CIRCLE('',#5837,2.45);
#2027=CIRCLE('',#5838,0.75);
#2028=CIRCLE('',#5839,2.9);
#2029=CIRCLE('',#5841,0.75);
#2030=CIRCLE('',#5842,2.);
#2031=CIRCLE('',#5844,0.75);
#2032=CIRCLE('',#5845,0.75);
#2033=CIRCLE('',#5847,0.75);
#2034=CIRCLE('',#5848,0.75);
#2035=CIRCLE('',#5853,1.875);
#2036=CIRCLE('',#5859,1.875);
#2037=CIRCLE('',#5860,1.875);
#2038=CIRCLE('',#5862,1.875);
#2039=CIRCLE('',#5863,1.875);
#2040=CIRCLE('',#5864,1.875);
#2041=CIRCLE('',#5872,2.225);
#2042=CIRCLE('',#5876,5.3);
#2043=CIRCLE('',#5885,1.125);
#2044=CIRCLE('',#5887,0.5);
#2045=CIRCLE('',#5889,0.5);
#2046=CIRCLE('',#5890,1.125);
#2047=CIRCLE('',#5893,2.);
#2048=CIRCLE('',#5894,2.);
#2049=CIRCLE('',#5896,2.9);
#2050=CIRCLE('',#5899,0.925);
#2051=CIRCLE('',#5902,6.05);
#2052=CIRCLE('',#5904,6.05);
#2053=CIRCLE('',#5912,1.5);
#2054=CIRCLE('',#5913,0.5);
#2055=CIRCLE('',#5914,2.);
#2056=CIRCLE('',#5916,2.);
#2057=CIRCLE('',#5918,0.875);
#2058=CIRCLE('',#5920,0.875);
#2059=CIRCLE('',#5924,1.25);
#2060=CIRCLE('',#5925,1.25);
#2061=CIRCLE('',#5928,1.25);
#2062=CIRCLE('',#5929,1.25);
#2063=CIRCLE('',#5932,1.25);
#2064=CIRCLE('',#5933,1.25);
#2065=CIRCLE('',#5936,1.25);
#2066=CIRCLE('',#5937,1.25);
#2067=VERTEX_POINT('',#7539);
#2068=VERTEX_POINT('',#7541);
#2069=VERTEX_POINT('',#7546);
#2070=VERTEX_POINT('',#7547);
#2071=VERTEX_POINT('',#7550);
#2072=VERTEX_POINT('',#7554);
#2073=VERTEX_POINT('',#7555);
#2074=VERTEX_POINT('',#7557);
#2075=VERTEX_POINT('',#7568);
#2076=VERTEX_POINT('',#7570);
#2077=VERTEX_POINT('',#7572);
#2078=VERTEX_POINT('',#7574);
#2079=VERTEX_POINT('',#7576);
#2080=VERTEX_POINT('',#7578);
#2081=VERTEX_POINT('',#7580);
#2082=VERTEX_POINT('',#7582);
#2083=VERTEX_POINT('',#7593);
#2084=VERTEX_POINT('',#7595);
#2085=VERTEX_POINT('',#7606);
#2086=VERTEX_POINT('',#7608);
#2087=VERTEX_POINT('',#7610);
#2088=VERTEX_POINT('',#7612);
#2089=VERTEX_POINT('',#7614);
#2090=VERTEX_POINT('',#7616);
#2091=VERTEX_POINT('',#7618);
#2092=VERTEX_POINT('',#7620);
#2093=VERTEX_POINT('',#7631);
#2094=VERTEX_POINT('',#7633);
#2095=VERTEX_POINT('',#7644);
#2096=VERTEX_POINT('',#7646);
#2097=VERTEX_POINT('',#7648);
#2098=VERTEX_POINT('',#7650);
#2099=VERTEX_POINT('',#7652);
#2100=VERTEX_POINT('',#7654);
#2101=VERTEX_POINT('',#7656);
#2102=VERTEX_POINT('',#7658);
#2103=VERTEX_POINT('',#7669);
#2104=VERTEX_POINT('',#7671);
#2105=VERTEX_POINT('',#7682);
#2106=VERTEX_POINT('',#7684);
#2107=VERTEX_POINT('',#7686);
#2108=VERTEX_POINT('',#7688);
#2109=VERTEX_POINT('',#7690);
#2110=VERTEX_POINT('',#7692);
#2111=VERTEX_POINT('',#7694);
#2112=VERTEX_POINT('',#7718);
#2113=VERTEX_POINT('',#7720);
#2114=VERTEX_POINT('',#7724);
#2115=VERTEX_POINT('',#7728);
#2116=VERTEX_POINT('',#7735);
#2117=VERTEX_POINT('',#7739);
#2118=VERTEX_POINT('',#7750);
#2119=VERTEX_POINT('',#7754);
#2120=VERTEX_POINT('',#7761);
#2121=VERTEX_POINT('',#7776);
#2122=VERTEX_POINT('',#7780);
#2123=VERTEX_POINT('',#7795);
#2124=VERTEX_POINT('',#7799);
#2125=VERTEX_POINT('',#7803);
#2126=VERTEX_POINT('',#7810);
#2127=VERTEX_POINT('',#7814);
#2128=VERTEX_POINT('',#7825);
#2129=VERTEX_POINT('',#7829);
#2130=VERTEX_POINT('',#7836);
#2131=VERTEX_POINT('',#7851);
#2132=VERTEX_POINT('',#7855);
#2133=VERTEX_POINT('',#7870);
#2134=VERTEX_POINT('',#7874);
#2135=VERTEX_POINT('',#7878);
#2136=VERTEX_POINT('',#7885);
#2137=VERTEX_POINT('',#7889);
#2138=VERTEX_POINT('',#7900);
#2139=VERTEX_POINT('',#7904);
#2140=VERTEX_POINT('',#7911);
#2141=VERTEX_POINT('',#7926);
#2142=VERTEX_POINT('',#7930);
#2143=VERTEX_POINT('',#7945);
#2144=VERTEX_POINT('',#7949);
#2145=VERTEX_POINT('',#7953);
#2146=VERTEX_POINT('',#7960);
#2147=VERTEX_POINT('',#7964);
#2148=VERTEX_POINT('',#7975);
#2149=VERTEX_POINT('',#7979);
#2150=VERTEX_POINT('',#7986);
#2151=VERTEX_POINT('',#8001);
#2152=VERTEX_POINT('',#8007);
#2153=VERTEX_POINT('',#8010);
#2154=VERTEX_POINT('',#8014);
#2155=VERTEX_POINT('',#8018);
#2156=VERTEX_POINT('',#8020);
#2157=VERTEX_POINT('',#8050);
#2158=VERTEX_POINT('',#8057);
#2159=VERTEX_POINT('',#8059);
#2160=VERTEX_POINT('',#8063);
#2161=VERTEX_POINT('',#8064);
#2162=VERTEX_POINT('',#8066);
#2163=VERTEX_POINT('',#8068);
#2164=VERTEX_POINT('',#8070);
#2165=VERTEX_POINT('',#8072);
#2166=VERTEX_POINT('',#8074);
#2167=VERTEX_POINT('',#8076);
#2168=VERTEX_POINT('',#8078);
#2169=VERTEX_POINT('',#8080);
#2170=VERTEX_POINT('',#8082);
#2171=VERTEX_POINT('',#8084);
#2172=VERTEX_POINT('',#8086);
#2173=VERTEX_POINT('',#8088);
#2174=VERTEX_POINT('',#8092);
#2175=VERTEX_POINT('',#8096);
#2176=VERTEX_POINT('',#8098);
#2177=VERTEX_POINT('',#8102);
#2178=VERTEX_POINT('',#8103);
#2179=VERTEX_POINT('',#8109);
#2180=VERTEX_POINT('',#8127);
#2181=VERTEX_POINT('',#8131);
#2182=VERTEX_POINT('',#8135);
#2183=VERTEX_POINT('',#8139);
#2184=VERTEX_POINT('',#8143);
#2185=VERTEX_POINT('',#8147);
#2186=VERTEX_POINT('',#8151);
#2187=VERTEX_POINT('',#8155);
#2188=VERTEX_POINT('',#8159);
#2189=VERTEX_POINT('',#8163);
#2190=VERTEX_POINT('',#8167);
#2191=VERTEX_POINT('',#8176);
#2192=VERTEX_POINT('',#8178);
#2193=VERTEX_POINT('',#8192);
#2194=VERTEX_POINT('',#8194);
#2195=VERTEX_POINT('',#8196);
#2196=VERTEX_POINT('',#8200);
#2197=VERTEX_POINT('',#8202);
#2198=VERTEX_POINT('',#8204);
#2199=VERTEX_POINT('',#8208);
#2200=VERTEX_POINT('',#8210);
#2201=VERTEX_POINT('',#8214);
#2202=VERTEX_POINT('',#8218);
#2203=VERTEX_POINT('',#8220);
#2204=VERTEX_POINT('',#8224);
#2205=VERTEX_POINT('',#8228);
#2206=VERTEX_POINT('',#8229);
#2207=VERTEX_POINT('',#8231);
#2208=VERTEX_POINT('',#8233);
#2209=VERTEX_POINT('',#8237);
#2210=VERTEX_POINT('',#8239);
#2211=VERTEX_POINT('',#8241);
#2212=VERTEX_POINT('',#8244);
#2213=VERTEX_POINT('',#8248);
#2214=VERTEX_POINT('',#8250);
#2215=VERTEX_POINT('',#8252);
#2216=VERTEX_POINT('',#8255);
#2217=VERTEX_POINT('',#8258);
#2218=VERTEX_POINT('',#8260);
#2219=VERTEX_POINT('',#8264);
#2220=VERTEX_POINT('',#8266);
#2221=VERTEX_POINT('',#8268);
#2222=VERTEX_POINT('',#8271);
#2223=VERTEX_POINT('',#8275);
#2224=VERTEX_POINT('',#8277);
#2225=VERTEX_POINT('',#8280);
#2226=VERTEX_POINT('',#8283);
#2227=VERTEX_POINT('',#8284);
#2228=VERTEX_POINT('',#8286);
#2229=VERTEX_POINT('',#8288);
#2230=VERTEX_POINT('',#8292);
#2231=VERTEX_POINT('',#8294);
#2232=VERTEX_POINT('',#8302);
#2233=VERTEX_POINT('',#8304);
#2234=VERTEX_POINT('',#8306);
#2235=VERTEX_POINT('',#8308);
#2236=VERTEX_POINT('',#8313);
#2237=VERTEX_POINT('',#8315);
#2238=VERTEX_POINT('',#8319);
#2239=VERTEX_POINT('',#8323);
#2240=VERTEX_POINT('',#8336);
#2241=VERTEX_POINT('',#8342);
#2242=VERTEX_POINT('',#8350);
#2243=VERTEX_POINT('',#8362);
#2244=VERTEX_POINT('',#8364);
#2245=VERTEX_POINT('',#8371);
#2246=VERTEX_POINT('',#8372);
#2247=VERTEX_POINT('',#8374);
#2248=VERTEX_POINT('',#8376);
#2249=VERTEX_POINT('',#8380);
#2250=VERTEX_POINT('',#8382);
#2251=VERTEX_POINT('',#8384);
#2252=VERTEX_POINT('',#8386);
#2253=VERTEX_POINT('',#8388);
#2254=VERTEX_POINT('',#8390);
#2255=VERTEX_POINT('',#8393);
#2256=VERTEX_POINT('',#8395);
#2257=VERTEX_POINT('',#8397);
#2258=VERTEX_POINT('',#8399);
#2259=VERTEX_POINT('',#8402);
#2260=VERTEX_POINT('',#8406);
#2261=VERTEX_POINT('',#8410);
#2262=VERTEX_POINT('',#8412);
#2263=VERTEX_POINT('',#8416);
#2264=VERTEX_POINT('',#8420);
#2265=VERTEX_POINT('',#8424);
#2266=VERTEX_POINT('',#8428);
#2267=VERTEX_POINT('',#8432);
#2268=VERTEX_POINT('',#8436);
#2269=VERTEX_POINT('',#8510);
#2270=VERTEX_POINT('',#8511);
#2271=VERTEX_POINT('',#8523);
#2272=VERTEX_POINT('',#8530);
#2273=VERTEX_POINT('',#8599);
#2274=VERTEX_POINT('',#8611);
#2275=VERTEX_POINT('',#8680);
#2276=VERTEX_POINT('',#8687);
#2277=VERTEX_POINT('',#8777);
#2278=VERTEX_POINT('',#8789);
#2279=VERTEX_POINT('',#8879);
#2280=VERTEX_POINT('',#8886);
#2281=VERTEX_POINT('',#8970);
#2282=VERTEX_POINT('',#8982);
#2283=VERTEX_POINT('',#9066);
#2284=VERTEX_POINT('',#9073);
#2285=VERTEX_POINT('',#9163);
#2286=VERTEX_POINT('',#9164);
#2287=VERTEX_POINT('',#9176);
#2288=VERTEX_POINT('',#9183);
#2289=VERTEX_POINT('',#9267);
#2290=VERTEX_POINT('',#9279);
#2291=VERTEX_POINT('',#9363);
#2292=VERTEX_POINT('',#9370);
#2293=VERTEX_POINT('',#9430);
#2294=VERTEX_POINT('',#9437);
#2295=VERTEX_POINT('',#9497);
#2296=VERTEX_POINT('',#9504);
#2297=VERTEX_POINT('',#9543);
#2298=VERTEX_POINT('',#9550);
#2299=VERTEX_POINT('',#9589);
#2300=VERTEX_POINT('',#9596);
#2301=VERTEX_POINT('',#9686);
#2302=VERTEX_POINT('',#9687);
#2303=VERTEX_POINT('',#9699);
#2304=VERTEX_POINT('',#9706);
#2305=VERTEX_POINT('',#9790);
#2306=VERTEX_POINT('',#9802);
#2307=VERTEX_POINT('',#9886);
#2308=VERTEX_POINT('',#9893);
#2309=VERTEX_POINT('',#9953);
#2310=VERTEX_POINT('',#9960);
#2311=VERTEX_POINT('',#10020);
#2312=VERTEX_POINT('',#10027);
#2313=VERTEX_POINT('',#10066);
#2314=VERTEX_POINT('',#10073);
#2315=VERTEX_POINT('',#10112);
#2316=VERTEX_POINT('',#10119);
#2317=VERTEX_POINT('',#10144);
#2318=VERTEX_POINT('',#10145);
#2319=VERTEX_POINT('',#10152);
#2320=VERTEX_POINT('',#10154);
#2321=VERTEX_POINT('',#10163);
#2322=VERTEX_POINT('',#10165);
#2323=VERTEX_POINT('',#10169);
#2324=VERTEX_POINT('',#10170);
#2325=VERTEX_POINT('',#10177);
#2326=VERTEX_POINT('',#10179);
#2327=VERTEX_POINT('',#10188);
#2328=VERTEX_POINT('',#10190);
#2329=VERTEX_POINT('',#10194);
#2330=VERTEX_POINT('',#10195);
#2331=VERTEX_POINT('',#10197);
#2332=VERTEX_POINT('',#10199);
#2333=VERTEX_POINT('',#10203);
#2334=VERTEX_POINT('',#10205);
#2335=VERTEX_POINT('',#10209);
#2336=VERTEX_POINT('',#10210);
#2337=VERTEX_POINT('',#10212);
#2338=VERTEX_POINT('',#10214);
#2339=VERTEX_POINT('',#10219);
#2340=VERTEX_POINT('',#10221);
#2341=VERTEX_POINT('',#10223);
#2342=VERTEX_POINT('',#10227);
#2343=VERTEX_POINT('',#10231);
#2344=VERTEX_POINT('',#10235);
#2345=VERTEX_POINT('',#10241);
#2346=VERTEX_POINT('',#10242);
#2347=VERTEX_POINT('',#10244);
#2348=VERTEX_POINT('',#10246);
#2349=VERTEX_POINT('',#10250);
#2350=VERTEX_POINT('',#10251);
#2351=VERTEX_POINT('',#10253);
#2352=VERTEX_POINT('',#10255);
#2353=VERTEX_POINT('',#10259);
#2354=VERTEX_POINT('',#10260);
#2355=VERTEX_POINT('',#10265);
#2356=VERTEX_POINT('',#10266);
#2357=VERTEX_POINT('',#10271);
#2358=VERTEX_POINT('',#10272);
#2359=VERTEX_POINT('',#10277);
#2360=VERTEX_POINT('',#10278);
#2361=VERTEX_POINT('',#10286);
#2362=VERTEX_POINT('',#10287);
#2363=VERTEX_POINT('',#10289);
#2364=VERTEX_POINT('',#10293);
#2365=VERTEX_POINT('',#10294);
#2366=VERTEX_POINT('',#10296);
#2367=VERTEX_POINT('',#10306);
#2368=VERTEX_POINT('',#10307);
#2369=VERTEX_POINT('',#10309);
#2370=VERTEX_POINT('',#10316);
#2371=VERTEX_POINT('',#10317);
#2372=VERTEX_POINT('',#10319);
#2373=VERTEX_POINT('',#10388);
#2374=VERTEX_POINT('',#10481);
#2375=VERTEX_POINT('',#10571);
#2376=VERTEX_POINT('',#10596);
#2377=VERTEX_POINT('',#10597);
#2378=VERTEX_POINT('',#10599);
#2379=VERTEX_POINT('',#10603);
#2380=VERTEX_POINT('',#10604);
#2381=VERTEX_POINT('',#10606);
#2382=VERTEX_POINT('',#10610);
#2383=VERTEX_POINT('',#10611);
#2384=VERTEX_POINT('',#10613);
#2385=VERTEX_POINT('',#10615);
#2386=VERTEX_POINT('',#10619);
#2387=VERTEX_POINT('',#10620);
#2388=VERTEX_POINT('',#10622);
#2389=VERTEX_POINT('',#10624);
#2390=VERTEX_POINT('',#10628);
#2391=VERTEX_POINT('',#10629);
#2392=VERTEX_POINT('',#10634);
#2393=VERTEX_POINT('',#10635);
#2394=VERTEX_POINT('',#10640);
#2395=VERTEX_POINT('',#10641);
#2396=VERTEX_POINT('',#10646);
#2397=VERTEX_POINT('',#10647);
#2398=VERTEX_POINT('',#10679);
#2399=VERTEX_POINT('',#10684);
#2400=VERTEX_POINT('',#10688);
#2401=VERTEX_POINT('',#10693);
#2402=VERTEX_POINT('',#10718);
#2403=VERTEX_POINT('',#10720);
#2404=VERTEX_POINT('',#10722);
#2405=VERTEX_POINT('',#10724);
#2406=VERTEX_POINT('',#10728);
#2407=VERTEX_POINT('',#10730);
#2408=VERTEX_POINT('',#10732);
#2409=VERTEX_POINT('',#10734);
#2410=VERTEX_POINT('',#10736);
#2411=VERTEX_POINT('',#10738);
#2412=VERTEX_POINT('',#10742);
#2413=VERTEX_POINT('',#10746);
#2414=VERTEX_POINT('',#10750);
#2415=VERTEX_POINT('',#10754);
#2416=VERTEX_POINT('',#10763);
#2417=VERTEX_POINT('',#10767);
#2418=VERTEX_POINT('',#10769);
#2419=VERTEX_POINT('',#10773);
#2420=VERTEX_POINT('',#10775);
#2421=VERTEX_POINT('',#10777);
#2422=VERTEX_POINT('',#10779);
#2423=VERTEX_POINT('',#10781);
#2424=VERTEX_POINT('',#10784);
#2425=VERTEX_POINT('',#10786);
#2426=VERTEX_POINT('',#10788);
#2427=VERTEX_POINT('',#10790);
#2428=VERTEX_POINT('',#10793);
#2429=VERTEX_POINT('',#10794);
#2430=VERTEX_POINT('',#10828);
#2431=VERTEX_POINT('',#10830);
#2432=VERTEX_POINT('',#10833);
#2433=VERTEX_POINT('',#10837);
#2434=VERTEX_POINT('',#10841);
#2435=VERTEX_POINT('',#10845);
#2436=VERTEX_POINT('',#10848);
#2437=VERTEX_POINT('',#10852);
#2438=VERTEX_POINT('',#10856);
#2439=VERTEX_POINT('',#10860);
#2440=VERTEX_POINT('',#10864);
#2441=VERTEX_POINT('',#10868);
#2442=VERTEX_POINT('',#10873);
#2443=VERTEX_POINT('',#10874);
#2444=VERTEX_POINT('',#10876);
#2445=VERTEX_POINT('',#10880);
#2446=VERTEX_POINT('',#10881);
#2447=VERTEX_POINT('',#10883);
#2448=VERTEX_POINT('',#10887);
#2449=VERTEX_POINT('',#10888);
#2450=VERTEX_POINT('',#10890);
#2451=VERTEX_POINT('',#10892);
#2452=VERTEX_POINT('',#10896);
#2453=VERTEX_POINT('',#10897);
#2454=VERTEX_POINT('',#10899);
#2455=VERTEX_POINT('',#10901);
#2456=VERTEX_POINT('',#10905);
#2457=VERTEX_POINT('',#10907);
#2458=VERTEX_POINT('',#10916);
#2459=VERTEX_POINT('',#10917);
#2460=VERTEX_POINT('',#10919);
#2461=VERTEX_POINT('',#10924);
#2462=VERTEX_POINT('',#10931);
#2463=VERTEX_POINT('',#10933);
#2464=VERTEX_POINT('',#10938);
#2465=VERTEX_POINT('',#10945);
#2466=VERTEX_POINT('',#10947);
#2467=VERTEX_POINT('',#10954);
#2468=VERTEX_POINT('',#10955);
#2469=VERTEX_POINT('',#10960);
#2470=VERTEX_POINT('',#10961);
#2471=VERTEX_POINT('',#10966);
#2472=VERTEX_POINT('',#10967);
#2473=VERTEX_POINT('',#10969);
#2474=VERTEX_POINT('',#10971);
#2475=VERTEX_POINT('',#10975);
#2476=VERTEX_POINT('',#10976);
#2477=VERTEX_POINT('',#10981);
#2478=VERTEX_POINT('',#10989);
#2479=VERTEX_POINT('',#10990);
#2480=VERTEX_POINT('',#10992);
#2481=VERTEX_POINT('',#11000);
#2482=VERTEX_POINT('',#11002);
#2483=VERTEX_POINT('',#11009);
#2484=VERTEX_POINT('',#11011);
#2485=VERTEX_POINT('',#11023);
#2486=VERTEX_POINT('',#11025);
#2487=VERTEX_POINT('',#11029);
#2488=VERTEX_POINT('',#11031);
#2489=VERTEX_POINT('',#11035);
#2490=VERTEX_POINT('',#11039);
#2491=VERTEX_POINT('',#11040);
#2492=VERTEX_POINT('',#11063);
#2493=VERTEX_POINT('',#11065);
#2494=VERTEX_POINT('',#11067);
#2495=VERTEX_POINT('',#11069);
#2496=VERTEX_POINT('',#11073);
#2497=VERTEX_POINT('',#11074);
#2498=VERTEX_POINT('',#11097);
#2499=VERTEX_POINT('',#11099);
#2500=VERTEX_POINT('',#11101);
#2501=VERTEX_POINT('',#11103);
#2502=VERTEX_POINT('',#11107);
#2503=VERTEX_POINT('',#11108);
#2504=VERTEX_POINT('',#11110);
#2505=VERTEX_POINT('',#11112);
#2506=VERTEX_POINT('',#11122);
#2507=VERTEX_POINT('',#11123);
#2508=VERTEX_POINT('',#11126);
#2509=VERTEX_POINT('',#11128);
#2510=VERTEX_POINT('',#11132);
#2511=VERTEX_POINT('',#11134);
#2512=VERTEX_POINT('',#11138);
#2513=VERTEX_POINT('',#11139);
#2514=VERTEX_POINT('',#11144);
#2515=VERTEX_POINT('',#11145);
#2516=VERTEX_POINT('',#11147);
#2517=VERTEX_POINT('',#11149);
#2518=VERTEX_POINT('',#11153);
#2519=VERTEX_POINT('',#11154);
#2520=VERTEX_POINT('',#11156);
#2521=VERTEX_POINT('',#11158);
#2522=VERTEX_POINT('',#11172);
#2523=VERTEX_POINT('',#11175);
#2524=VERTEX_POINT('',#11179);
#2525=VERTEX_POINT('',#11181);
#2526=VERTEX_POINT('',#11216);
#2527=VERTEX_POINT('',#11219);
#2528=VERTEX_POINT('',#11223);
#2529=VERTEX_POINT('',#11226);
#2530=VERTEX_POINT('',#11231);
#2531=VERTEX_POINT('',#11233);
#2532=VERTEX_POINT('',#11237);
#2533=VERTEX_POINT('',#11242);
#2534=VERTEX_POINT('',#11259);
#2535=VERTEX_POINT('',#11261);
#2536=VERTEX_POINT('',#11265);
#2537=VERTEX_POINT('',#11269);
#2538=VERTEX_POINT('',#11272);
#2539=VERTEX_POINT('',#11277);
#2540=VERTEX_POINT('',#11278);
#2541=VERTEX_POINT('',#11280);
#2542=VERTEX_POINT('',#11282);
#2543=VERTEX_POINT('',#11286);
#2544=VERTEX_POINT('',#11288);
#2545=VERTEX_POINT('',#11292);
#2546=VERTEX_POINT('',#11294);
#2547=VERTEX_POINT('',#11298);
#2548=VERTEX_POINT('',#11300);
#2549=VERTEX_POINT('',#11304);
#2550=VERTEX_POINT('',#11306);
#2551=VERTEX_POINT('',#11310);
#2552=VERTEX_POINT('',#11312);
#2553=VERTEX_POINT('',#11316);
#2554=VERTEX_POINT('',#11318);
#2555=EDGE_CURVE('',#2067,#2067,#1741,.T.);
#2556=EDGE_CURVE('',#2067,#2068,#1041,.T.);
#2557=EDGE_CURVE('',#2068,#2068,#1742,.T.);
#2558=EDGE_CURVE('',#2069,#2070,#1743,.T.);
#2559=EDGE_CURVE('',#2070,#2069,#1744,.T.);
#2560=EDGE_CURVE('',#2070,#2071,#1042,.T.);
#2561=EDGE_CURVE('',#2071,#2071,#1745,.T.);
#2562=EDGE_CURVE('',#2072,#2073,#1746,.T.);
#2563=EDGE_CURVE('',#2073,#2074,#178,.T.);
#2564=EDGE_CURVE('',#2074,#2075,#1043,.T.);
#2565=EDGE_CURVE('',#2075,#2076,#1747,.T.);
#2566=EDGE_CURVE('',#2076,#2077,#1044,.T.);
#2567=EDGE_CURVE('',#2077,#2078,#1748,.T.);
#2568=EDGE_CURVE('',#2078,#2079,#1045,.T.);
#2569=EDGE_CURVE('',#2079,#2080,#1749,.T.);
#2570=EDGE_CURVE('',#2080,#2081,#1046,.T.);
#2571=EDGE_CURVE('',#2081,#2082,#179,.T.);
#2572=EDGE_CURVE('',#2082,#2083,#1750,.T.);
#2573=EDGE_CURVE('',#2083,#2084,#180,.T.);
#2574=EDGE_CURVE('',#2084,#2085,#1047,.T.);
#2575=EDGE_CURVE('',#2085,#2086,#1751,.T.);
#2576=EDGE_CURVE('',#2086,#2087,#1048,.T.);
#2577=EDGE_CURVE('',#2087,#2088,#1752,.T.);
#2578=EDGE_CURVE('',#2088,#2089,#1049,.T.);
#2579=EDGE_CURVE('',#2089,#2090,#1753,.T.);
#2580=EDGE_CURVE('',#2090,#2091,#1050,.T.);
#2581=EDGE_CURVE('',#2091,#2092,#181,.T.);
#2582=EDGE_CURVE('',#2092,#2093,#1754,.T.);
#2583=EDGE_CURVE('',#2093,#2094,#182,.T.);
#2584=EDGE_CURVE('',#2094,#2095,#1051,.T.);
#2585=EDGE_CURVE('',#2095,#2096,#1755,.T.);
#2586=EDGE_CURVE('',#2096,#2097,#1052,.T.);
#2587=EDGE_CURVE('',#2097,#2098,#1756,.T.);
#2588=EDGE_CURVE('',#2098,#2099,#1053,.T.);
#2589=EDGE_CURVE('',#2099,#2100,#1757,.T.);
#2590=EDGE_CURVE('',#2100,#2101,#1054,.T.);
#2591=EDGE_CURVE('',#2101,#2102,#183,.T.);
#2592=EDGE_CURVE('',#2102,#2103,#1758,.T.);
#2593=EDGE_CURVE('',#2103,#2104,#184,.T.);
#2594=EDGE_CURVE('',#2104,#2105,#1055,.T.);
#2595=EDGE_CURVE('',#2105,#2106,#1759,.T.);
#2596=EDGE_CURVE('',#2106,#2107,#1056,.T.);
#2597=EDGE_CURVE('',#2107,#2108,#1760,.T.);
#2598=EDGE_CURVE('',#2108,#2109,#1057,.T.);
#2599=EDGE_CURVE('',#2109,#2110,#1761,.T.);
#2600=EDGE_CURVE('',#2110,#2111,#1058,.T.);
#2601=EDGE_CURVE('',#2111,#2072,#185,.T.);
#2602=EDGE_CURVE('',#2112,#2073,#1762,.T.);
#2603=EDGE_CURVE('',#2113,#2112,#155,.T.);
#2604=EDGE_CURVE('',#2074,#2113,#1763,.T.);
#2605=EDGE_CURVE('',#2114,#2113,#1764,.T.);
#2606=EDGE_CURVE('',#2114,#2075,#1059,.T.);
#2607=EDGE_CURVE('',#2115,#2114,#186,.T.);
#2608=EDGE_CURVE('',#2076,#2115,#1060,.T.);
#2609=EDGE_CURVE('',#2116,#2115,#1765,.T.);
#2610=EDGE_CURVE('',#2116,#2077,#1061,.T.);
#2611=EDGE_CURVE('',#2117,#2116,#187,.T.);
#2612=EDGE_CURVE('',#2078,#2117,#1062,.T.);
#2613=EDGE_CURVE('',#2118,#2117,#1766,.T.);
#2614=EDGE_CURVE('',#2118,#2079,#1063,.T.);
#2615=EDGE_CURVE('',#2119,#2118,#188,.T.);
#2616=EDGE_CURVE('',#2080,#2119,#1064,.T.);
#2617=EDGE_CURVE('',#2120,#2119,#1767,.T.);
#2618=EDGE_CURVE('',#2120,#2081,#1768,.T.);
#2619=EDGE_CURVE('',#2121,#2120,#156,.T.);
#2620=EDGE_CURVE('',#2082,#2121,#1769,.T.);
#2621=EDGE_CURVE('',#2122,#2121,#1770,.T.);
#2622=EDGE_CURVE('',#2122,#2083,#1771,.T.);
#2623=EDGE_CURVE('',#2123,#2122,#157,.T.);
#2624=EDGE_CURVE('',#2084,#2123,#1772,.T.);
#2625=EDGE_CURVE('',#2124,#2123,#1773,.T.);
#2626=EDGE_CURVE('',#2124,#2085,#1065,.T.);
#2627=EDGE_CURVE('',#2125,#2124,#189,.T.);
#2628=EDGE_CURVE('',#2086,#2125,#1066,.T.);
#2629=EDGE_CURVE('',#2126,#2125,#1774,.T.);
#2630=EDGE_CURVE('',#2126,#2087,#1067,.T.);
#2631=EDGE_CURVE('',#2127,#2126,#190,.T.);
#2632=EDGE_CURVE('',#2088,#2127,#1068,.T.);
#2633=EDGE_CURVE('',#2128,#2127,#1775,.T.);
#2634=EDGE_CURVE('',#2128,#2089,#1069,.T.);
#2635=EDGE_CURVE('',#2129,#2128,#191,.T.);
#2636=EDGE_CURVE('',#2090,#2129,#1070,.T.);
#2637=EDGE_CURVE('',#2130,#2129,#1776,.T.);
#2638=EDGE_CURVE('',#2130,#2091,#1777,.T.);
#2639=EDGE_CURVE('',#2131,#2130,#158,.T.);
#2640=EDGE_CURVE('',#2092,#2131,#1778,.T.);
#2641=EDGE_CURVE('',#2132,#2131,#1779,.T.);
#2642=EDGE_CURVE('',#2132,#2093,#1780,.T.);
#2643=EDGE_CURVE('',#2133,#2132,#159,.T.);
#2644=EDGE_CURVE('',#2094,#2133,#1781,.T.);
#2645=EDGE_CURVE('',#2134,#2133,#1782,.T.);
#2646=EDGE_CURVE('',#2134,#2095,#1071,.T.);
#2647=EDGE_CURVE('',#2135,#2134,#192,.T.);
#2648=EDGE_CURVE('',#2096,#2135,#1072,.T.);
#2649=EDGE_CURVE('',#2136,#2135,#1783,.T.);
#2650=EDGE_CURVE('',#2136,#2097,#1073,.T.);
#2651=EDGE_CURVE('',#2137,#2136,#193,.T.);
#2652=EDGE_CURVE('',#2098,#2137,#1074,.T.);
#2653=EDGE_CURVE('',#2138,#2137,#1784,.T.);
#2654=EDGE_CURVE('',#2138,#2099,#1075,.T.);
#2655=EDGE_CURVE('',#2139,#2138,#194,.T.);
#2656=EDGE_CURVE('',#2100,#2139,#1076,.T.);
#2657=EDGE_CURVE('',#2140,#2139,#1785,.T.);
#2658=EDGE_CURVE('',#2140,#2101,#1786,.T.);
#2659=EDGE_CURVE('',#2141,#2140,#160,.T.);
#2660=EDGE_CURVE('',#2102,#2141,#1787,.T.);
#2661=EDGE_CURVE('',#2142,#2141,#1788,.T.);
#2662=EDGE_CURVE('',#2142,#2103,#1789,.T.);
#2663=EDGE_CURVE('',#2143,#2142,#161,.T.);
#2664=EDGE_CURVE('',#2104,#2143,#1790,.T.);
#2665=EDGE_CURVE('',#2144,#2143,#1791,.T.);
#2666=EDGE_CURVE('',#2144,#2105,#1077,.T.);
#2667=EDGE_CURVE('',#2145,#2144,#195,.T.);
#2668=EDGE_CURVE('',#2106,#2145,#1078,.T.);
#2669=EDGE_CURVE('',#2146,#2145,#1792,.T.);
#2670=EDGE_CURVE('',#2146,#2107,#1079,.T.);
#2671=EDGE_CURVE('',#2147,#2146,#196,.T.);
#2672=EDGE_CURVE('',#2108,#2147,#1080,.T.);
#2673=EDGE_CURVE('',#2148,#2147,#1793,.T.);
#2674=EDGE_CURVE('',#2148,#2109,#1081,.T.);
#2675=EDGE_CURVE('',#2149,#2148,#197,.T.);
#2676=EDGE_CURVE('',#2110,#2149,#1082,.T.);
#2677=EDGE_CURVE('',#2150,#2149,#1794,.T.);
#2678=EDGE_CURVE('',#2150,#2111,#1795,.T.);
#2679=EDGE_CURVE('',#2151,#2150,#162,.T.);
#2680=EDGE_CURVE('',#2072,#2151,#1796,.T.);
#2681=EDGE_CURVE('',#2112,#2151,#1797,.T.);
#2682=EDGE_CURVE('',#2152,#2152,#1798,.T.);
#2683=EDGE_CURVE('',#2152,#2153,#1799,.T.);
#2684=EDGE_CURVE('',#2153,#2153,#1800,.T.);
#2685=EDGE_CURVE('',#2153,#2154,#1083,.T.);
#2686=EDGE_CURVE('',#2154,#2154,#1801,.T.);
#2687=EDGE_CURVE('',#2154,#2155,#1802,.T.);
#2688=EDGE_CURVE('',#2155,#2156,#1803,.T.);
#2689=EDGE_CURVE('',#2156,#2155,#1804,.T.);
#2690=EDGE_CURVE('',#2157,#2157,#1805,.T.);
#2691=EDGE_CURVE('',#2157,#2156,#1806,.T.);
#2692=EDGE_CURVE('',#2069,#2157,#1084,.T.);
#2693=EDGE_CURVE('',#2158,#2158,#1807,.T.);
#2694=EDGE_CURVE('',#2158,#2159,#1808,.T.);
#2695=EDGE_CURVE('',#2159,#2159,#1809,.T.);
#2696=EDGE_CURVE('',#2160,#2161,#1810,.T.);
#2697=EDGE_CURVE('',#2162,#2160,#1085,.T.);
#2698=EDGE_CURVE('',#2163,#2162,#1086,.T.);
#2699=EDGE_CURVE('',#2164,#2163,#1087,.T.);
#2700=EDGE_CURVE('',#2165,#2164,#1811,.T.);
#2701=EDGE_CURVE('',#2166,#2165,#1088,.T.);
#2702=EDGE_CURVE('',#2167,#2166,#1089,.T.);
#2703=EDGE_CURVE('',#2168,#2167,#1090,.T.);
#2704=EDGE_CURVE('',#2169,#2168,#1812,.T.);
#2705=EDGE_CURVE('',#2170,#2169,#1091,.T.);
#2706=EDGE_CURVE('',#2171,#2170,#1092,.T.);
#2707=EDGE_CURVE('',#2172,#2171,#1093,.T.);
#2708=EDGE_CURVE('',#2173,#2172,#1813,.T.);
#2709=EDGE_CURVE('',#2161,#2173,#1094,.T.);
#2710=EDGE_CURVE('',#2174,#2174,#1814,.T.);
#2711=EDGE_CURVE('',#2174,#2158,#1095,.T.);
#2712=EDGE_CURVE('',#2160,#2175,#1815,.T.);
#2713=EDGE_CURVE('',#2175,#2176,#1096,.T.);
#2714=EDGE_CURVE('',#2176,#2162,#163,.T.);
#2715=EDGE_CURVE('',#2177,#2178,#198,.T.);
#2716=EDGE_CURVE('',#2178,#2175,#1816,.T.);
#2717=EDGE_CURVE('',#2161,#2179,#199,.T.);
#2718=EDGE_CURVE('',#2179,#2177,#200,.T.);
#2719=EDGE_CURVE('',#2176,#2180,#1097,.T.);
#2720=EDGE_CURVE('',#2180,#2163,#164,.T.);
#2721=EDGE_CURVE('',#2180,#2181,#1098,.T.);
#2722=EDGE_CURVE('',#2181,#2164,#1817,.T.);
#2723=EDGE_CURVE('',#2182,#2165,#1818,.T.);
#2724=EDGE_CURVE('',#2181,#2182,#1819,.T.);
#2725=EDGE_CURVE('',#2182,#2183,#1099,.T.);
#2726=EDGE_CURVE('',#2183,#2166,#165,.T.);
#2727=EDGE_CURVE('',#2183,#2184,#1100,.T.);
#2728=EDGE_CURVE('',#2184,#2167,#166,.T.);
#2729=EDGE_CURVE('',#2184,#2185,#1101,.T.);
#2730=EDGE_CURVE('',#2185,#2168,#1820,.T.);
#2731=EDGE_CURVE('',#2186,#2169,#1821,.T.);
#2732=EDGE_CURVE('',#2185,#2186,#1822,.T.);
#2733=EDGE_CURVE('',#2186,#2187,#1102,.T.);
#2734=EDGE_CURVE('',#2187,#2170,#167,.T.);
#2735=EDGE_CURVE('',#2187,#2188,#1103,.T.);
#2736=EDGE_CURVE('',#2188,#2171,#168,.T.);
#2737=EDGE_CURVE('',#2188,#2189,#1104,.T.);
#2738=EDGE_CURVE('',#2189,#2172,#1823,.T.);
#2739=EDGE_CURVE('',#2190,#2173,#201,.T.);
#2740=EDGE_CURVE('',#2189,#2191,#1824,.T.);
#2741=EDGE_CURVE('',#2191,#2192,#202,.T.);
#2742=EDGE_CURVE('',#2192,#2190,#203,.T.);
#2743=EDGE_CURVE('',#2179,#2193,#1105,.T.);
#2744=EDGE_CURVE('',#2193,#2194,#1106,.T.);
#2745=EDGE_CURVE('',#2194,#2195,#1107,.T.);
#2746=EDGE_CURVE('',#2195,#2177,#1108,.T.);
#2747=EDGE_CURVE('',#2190,#2196,#1109,.T.);
#2748=EDGE_CURVE('',#2196,#2197,#1825,.T.);
#2749=EDGE_CURVE('',#2197,#2198,#1110,.T.);
#2750=EDGE_CURVE('',#2198,#2193,#1826,.T.);
#2751=EDGE_CURVE('',#2198,#2199,#1111,.T.);
#2752=EDGE_CURVE('',#2199,#2200,#1112,.T.);
#2753=EDGE_CURVE('',#2194,#2200,#1113,.T.);
#2754=EDGE_CURVE('',#2197,#2201,#1114,.T.);
#2755=EDGE_CURVE('',#2201,#2199,#1115,.T.);
#2756=EDGE_CURVE('',#2202,#2196,#1116,.T.);
#2757=EDGE_CURVE('',#2203,#2202,#1117,.T.);
#2758=EDGE_CURVE('',#2203,#2201,#1118,.T.);
#2759=EDGE_CURVE('',#2192,#2204,#1119,.T.);
#2760=EDGE_CURVE('',#2204,#2202,#1120,.T.);
#2761=EDGE_CURVE('',#2205,#2206,#1827,.T.);
#2762=EDGE_CURVE('',#2206,#2207,#1121,.T.);
#2763=EDGE_CURVE('',#2207,#2208,#1828,.T.);
#2764=EDGE_CURVE('',#2208,#2205,#1122,.T.);
#2765=EDGE_CURVE('',#2183,#2209,#1123,.T.);
#2766=EDGE_CURVE('',#2209,#2210,#1124,.T.);
#2767=EDGE_CURVE('',#2211,#2210,#1125,.T.);
#2768=EDGE_CURVE('',#2205,#2211,#1126,.T.);
#2769=EDGE_CURVE('',#2208,#2212,#1127,.T.);
#2770=EDGE_CURVE('',#2212,#2184,#1128,.T.);
#2771=EDGE_CURVE('',#2213,#2207,#1129,.T.);
#2772=EDGE_CURVE('',#2214,#2213,#1130,.T.);
#2773=EDGE_CURVE('',#2214,#2215,#1829,.T.);
#2774=EDGE_CURVE('',#2212,#2215,#1131,.T.);
#2775=EDGE_CURVE('',#2216,#2216,#1830,.T.);
#2776=EDGE_CURVE('',#2217,#2211,#1831,.T.);
#2777=EDGE_CURVE('',#2210,#2218,#1832,.T.);
#2778=EDGE_CURVE('',#2218,#2217,#1132,.T.);
#2779=EDGE_CURVE('',#2176,#2219,#1133,.T.);
#2780=EDGE_CURVE('',#2219,#2220,#1134,.T.);
#2781=EDGE_CURVE('',#2221,#2220,#1135,.T.);
#2782=EDGE_CURVE('',#2217,#2221,#1136,.T.);
#2783=EDGE_CURVE('',#2218,#2222,#1137,.T.);
#2784=EDGE_CURVE('',#2222,#2180,#1138,.T.);
#2785=EDGE_CURVE('',#2223,#2209,#1139,.T.);
#2786=EDGE_CURVE('',#2223,#2224,#1833,.T.);
#2787=EDGE_CURVE('',#2222,#2224,#1140,.T.);
#2788=EDGE_CURVE('',#2225,#2225,#1834,.T.);
#2789=EDGE_CURVE('',#2226,#2227,#1835,.T.);
#2790=EDGE_CURVE('',#2227,#2228,#1141,.T.);
#2791=EDGE_CURVE('',#2228,#2229,#1836,.T.);
#2792=EDGE_CURVE('',#2229,#2226,#1142,.T.);
#2793=EDGE_CURVE('',#2230,#2227,#1143,.T.);
#2794=EDGE_CURVE('',#2231,#2230,#1144,.T.);
#2795=EDGE_CURVE('',#2231,#2195,#1145,.T.);
#2796=EDGE_CURVE('',#2200,#2203,#1146,.T.);
#2797=EDGE_CURVE('',#2204,#2228,#1147,.T.);
#2798=EDGE_CURVE('',#2230,#2221,#1837,.T.);
#2799=EDGE_CURVE('',#2226,#2206,#1148,.T.);
#2800=EDGE_CURVE('',#2232,#2232,#1838,.T.);
#2801=EDGE_CURVE('',#2233,#2233,#1839,.T.);
#2802=EDGE_CURVE('',#2234,#2234,#1840,.T.);
#2803=EDGE_CURVE('',#2235,#2235,#1841,.T.);
#2804=EDGE_CURVE('',#2220,#2231,#1842,.T.);
#2805=EDGE_CURVE('',#2178,#2236,#1149,.T.);
#2806=EDGE_CURVE('',#2237,#2236,#1843,.T.);
#2807=EDGE_CURVE('',#2237,#2175,#1150,.T.);
#2808=EDGE_CURVE('',#2238,#2191,#1151,.T.);
#2809=EDGE_CURVE('',#2238,#2204,#1152,.T.);
#2810=EDGE_CURVE('',#2189,#2239,#1153,.T.);
#2811=EDGE_CURVE('',#2238,#2239,#1844,.T.);
#2812=EDGE_CURVE('',#2181,#2224,#1154,.T.);
#2813=EDGE_CURVE('',#2223,#2182,#1155,.T.);
#2814=EDGE_CURVE('',#2185,#2215,#1156,.T.);
#2815=EDGE_CURVE('',#2214,#2186,#1157,.T.);
#2816=EDGE_CURVE('',#2240,#2188,#1158,.T.);
#2817=EDGE_CURVE('',#2240,#2239,#1159,.T.);
#2818=EDGE_CURVE('',#2237,#2219,#1160,.T.);
#2819=EDGE_CURVE('',#2195,#2236,#1161,.T.);
#2820=EDGE_CURVE('',#2241,#2241,#1845,.T.);
#2821=EDGE_CURVE('',#2187,#2213,#1162,.T.);
#2822=EDGE_CURVE('',#2229,#2240,#1163,.T.);
#2823=EDGE_CURVE('',#2242,#2242,#1846,.T.);
#2824=EDGE_CURVE('',#2241,#2232,#1164,.T.);
#2825=EDGE_CURVE('',#2225,#2233,#1165,.T.);
#2826=EDGE_CURVE('',#2242,#2234,#1166,.T.);
#2827=EDGE_CURVE('',#2216,#2235,#1167,.T.);
#2828=EDGE_CURVE('',#2243,#2243,#1847,.T.);
#2829=EDGE_CURVE('',#2243,#2244,#1168,.T.);
#2830=EDGE_CURVE('',#2244,#2244,#1848,.T.);
#2831=EDGE_CURVE('',#2245,#2246,#1849,.T.);
#2832=EDGE_CURVE('',#2246,#2247,#1169,.T.);
#2833=EDGE_CURVE('',#2247,#2248,#1850,.T.);
#2834=EDGE_CURVE('',#2248,#2245,#1170,.T.);
#2835=EDGE_CURVE('',#2245,#2249,#1171,.T.);
#2836=EDGE_CURVE('',#2250,#2249,#1851,.T.);
#2837=EDGE_CURVE('',#2250,#2251,#1172,.T.);
#2838=EDGE_CURVE('',#2252,#2251,#1852,.T.);
#2839=EDGE_CURVE('',#2252,#2253,#1173,.T.);
#2840=EDGE_CURVE('',#2254,#2253,#1853,.T.);
#2841=EDGE_CURVE('',#2254,#2246,#1174,.T.);
#2842=EDGE_CURVE('',#2255,#2255,#1854,.T.);
#2843=EDGE_CURVE('',#2256,#2256,#1855,.T.);
#2844=EDGE_CURVE('',#2257,#2257,#1856,.T.);
#2845=EDGE_CURVE('',#2258,#2258,#1857,.T.);
#2846=EDGE_CURVE('',#2259,#2248,#1175,.T.);
#2847=EDGE_CURVE('',#2249,#2259,#1176,.T.);
#2848=EDGE_CURVE('',#2259,#2260,#1858,.T.);
#2849=EDGE_CURVE('',#2260,#2250,#1177,.T.);
#2850=EDGE_CURVE('',#2253,#2261,#1178,.T.);
#2851=EDGE_CURVE('',#2261,#2262,#1859,.T.);
#2852=EDGE_CURVE('',#2262,#2254,#1179,.T.);
#2853=EDGE_CURVE('',#2263,#2252,#1180,.T.);
#2854=EDGE_CURVE('',#2261,#2263,#1181,.T.);
#2855=EDGE_CURVE('',#2251,#2264,#1182,.T.);
#2856=EDGE_CURVE('',#2264,#2263,#1860,.T.);
#2857=EDGE_CURVE('',#2265,#2265,#1861,.T.);
#2858=EDGE_CURVE('',#2265,#2255,#1183,.T.);
#2859=EDGE_CURVE('',#2266,#2266,#1862,.T.);
#2860=EDGE_CURVE('',#2266,#2256,#1184,.T.);
#2861=EDGE_CURVE('',#2267,#2267,#1863,.T.);
#2862=EDGE_CURVE('',#2267,#2257,#1185,.T.);
#2863=EDGE_CURVE('',#2268,#2268,#1864,.T.);
#2864=EDGE_CURVE('',#2268,#2258,#1186,.T.);
#2865=EDGE_CURVE('',#2264,#2260,#1187,.T.);
#2866=EDGE_CURVE('',#2247,#2262,#1188,.T.);
#2867=EDGE_CURVE('',#2269,#2270,#204,.T.);
#2868=EDGE_CURVE('',#2269,#2271,#205,.T.);
#2869=EDGE_CURVE('',#2271,#2272,#1189,.T.);
#2870=EDGE_CURVE('',#2270,#2272,#1865,.T.);
#2871=EDGE_CURVE('',#2269,#2273,#206,.T.);
#2872=EDGE_CURVE('',#2274,#2273,#1866,.T.);
#2873=EDGE_CURVE('',#2274,#2271,#1190,.T.);
#2874=EDGE_CURVE('',#2269,#2275,#207,.T.);
#2875=EDGE_CURVE('',#2275,#2276,#208,.T.);
#2876=EDGE_CURVE('',#2273,#2276,#1867,.T.);
#2877=EDGE_CURVE('',#2269,#2277,#209,.T.);
#2878=EDGE_CURVE('',#2278,#2277,#1868,.T.);
#2879=EDGE_CURVE('',#2278,#2275,#210,.T.);
#2880=EDGE_CURVE('',#2269,#2279,#211,.T.);
#2881=EDGE_CURVE('',#2279,#2280,#212,.T.);
#2882=EDGE_CURVE('',#2277,#2280,#1869,.T.);
#2883=EDGE_CURVE('',#2269,#2281,#213,.T.);
#2884=EDGE_CURVE('',#2282,#2281,#1870,.T.);
#2885=EDGE_CURVE('',#2282,#2279,#214,.T.);
#2886=EDGE_CURVE('',#2269,#2283,#215,.T.);
#2887=EDGE_CURVE('',#2283,#2284,#216,.T.);
#2888=EDGE_CURVE('',#2281,#2284,#1871,.T.);
#2889=EDGE_CURVE('',#2285,#2286,#217,.T.);
#2890=EDGE_CURVE('',#2285,#2287,#218,.T.);
#2891=EDGE_CURVE('',#2287,#2288,#219,.T.);
#2892=EDGE_CURVE('',#2286,#2288,#1872,.T.);
#2893=EDGE_CURVE('',#2285,#2289,#220,.T.);
#2894=EDGE_CURVE('',#2290,#2289,#1873,.T.);
#2895=EDGE_CURVE('',#2290,#2287,#221,.T.);
#2896=EDGE_CURVE('',#2285,#2291,#222,.T.);
#2897=EDGE_CURVE('',#2291,#2292,#223,.T.);
#2898=EDGE_CURVE('',#2289,#2292,#1874,.T.);
#2899=EDGE_CURVE('',#2285,#2293,#224,.T.);
#2900=EDGE_CURVE('',#2294,#2293,#1875,.T.);
#2901=EDGE_CURVE('',#2294,#2291,#225,.T.);
#2902=EDGE_CURVE('',#2285,#2295,#226,.T.);
#2903=EDGE_CURVE('',#2295,#2296,#1191,.T.);
#2904=EDGE_CURVE('',#2293,#2296,#1876,.T.);
#2905=EDGE_CURVE('',#2285,#2297,#227,.T.);
#2906=EDGE_CURVE('',#2298,#2297,#1877,.T.);
#2907=EDGE_CURVE('',#2298,#2295,#1192,.T.);
#2908=EDGE_CURVE('',#2285,#2299,#228,.T.);
#2909=EDGE_CURVE('',#2299,#2300,#229,.T.);
#2910=EDGE_CURVE('',#2297,#2300,#1878,.T.);
#2911=EDGE_CURVE('',#2301,#2302,#230,.T.);
#2912=EDGE_CURVE('',#2301,#2303,#231,.T.);
#2913=EDGE_CURVE('',#2303,#2304,#232,.T.);
#2914=EDGE_CURVE('',#2302,#2304,#1879,.T.);
#2915=EDGE_CURVE('',#2301,#2305,#233,.T.);
#2916=EDGE_CURVE('',#2306,#2305,#1880,.T.);
#2917=EDGE_CURVE('',#2306,#2303,#234,.T.);
#2918=EDGE_CURVE('',#2301,#2307,#235,.T.);
#2919=EDGE_CURVE('',#2307,#2308,#236,.T.);
#2920=EDGE_CURVE('',#2305,#2308,#1881,.T.);
#2921=EDGE_CURVE('',#2301,#2309,#237,.T.);
#2922=EDGE_CURVE('',#2310,#2309,#1882,.T.);
#2923=EDGE_CURVE('',#2310,#2307,#238,.T.);
#2924=EDGE_CURVE('',#2301,#2311,#239,.T.);
#2925=EDGE_CURVE('',#2311,#2312,#1193,.T.);
#2926=EDGE_CURVE('',#2309,#2312,#1883,.T.);
#2927=EDGE_CURVE('',#2301,#2313,#240,.T.);
#2928=EDGE_CURVE('',#2314,#2313,#1884,.T.);
#2929=EDGE_CURVE('',#2314,#2311,#1194,.T.);
#2930=EDGE_CURVE('',#2301,#2315,#241,.T.);
#2931=EDGE_CURVE('',#2315,#2316,#242,.T.);
#2932=EDGE_CURVE('',#2313,#2316,#1885,.T.);
#2933=EDGE_CURVE('',#2317,#2318,#243,.F.);
#2934=EDGE_CURVE('',#2318,#2319,#1195,.T.);
#2935=EDGE_CURVE('',#2319,#2320,#244,.F.);
#2936=EDGE_CURVE('',#2320,#2317,#1196,.T.);
#2937=EDGE_CURVE('',#2321,#2318,#1197,.T.);
#2938=EDGE_CURVE('',#2322,#2321,#1198,.T.);
#2939=EDGE_CURVE('',#2322,#2319,#1199,.T.);
#2940=EDGE_CURVE('',#2323,#2324,#245,.F.);
#2941=EDGE_CURVE('',#2324,#2325,#1200,.T.);
#2942=EDGE_CURVE('',#2325,#2326,#246,.F.);
#2943=EDGE_CURVE('',#2326,#2323,#1201,.T.);
#2944=EDGE_CURVE('',#2327,#2324,#1202,.T.);
#2945=EDGE_CURVE('',#2328,#2327,#1203,.T.);
#2946=EDGE_CURVE('',#2328,#2325,#1204,.T.);
#2947=EDGE_CURVE('',#2329,#2330,#1886,.T.);
#2948=EDGE_CURVE('',#2329,#2331,#1205,.T.);
#2949=EDGE_CURVE('',#2331,#2332,#1887,.T.);
#2950=EDGE_CURVE('',#2332,#2330,#1206,.T.);
#2951=EDGE_CURVE('',#2329,#2333,#1207,.T.);
#2952=EDGE_CURVE('',#2334,#2333,#1208,.T.);
#2953=EDGE_CURVE('',#2331,#2334,#1209,.T.);
#2954=EDGE_CURVE('',#2335,#2336,#1888,.T.);
#2955=EDGE_CURVE('',#2335,#2337,#1210,.T.);
#2956=EDGE_CURVE('',#2337,#2338,#1889,.T.);
#2957=EDGE_CURVE('',#2338,#2336,#1211,.T.);
#2958=EDGE_CURVE('',#2335,#2330,#1212,.T.);
#2959=EDGE_CURVE('',#2339,#2336,#1213,.T.);
#2960=EDGE_CURVE('',#2339,#2340,#1890,.T.);
#2961=EDGE_CURVE('',#2341,#2340,#1214,.T.);
#2962=EDGE_CURVE('',#2341,#2333,#1891,.T.);
#2963=EDGE_CURVE('',#2342,#2338,#1215,.T.);
#2964=EDGE_CURVE('',#2339,#2342,#1216,.T.);
#2965=EDGE_CURVE('',#2342,#2343,#1892,.T.);
#2966=EDGE_CURVE('',#2343,#2340,#1217,.T.);
#2967=EDGE_CURVE('',#2344,#2343,#1218,.T.);
#2968=EDGE_CURVE('',#2341,#2344,#1219,.T.);
#2969=EDGE_CURVE('',#2344,#2334,#1893,.T.);
#2970=EDGE_CURVE('',#2345,#2346,#1894,.T.);
#2971=EDGE_CURVE('',#2347,#2346,#1895,.T.);
#2972=EDGE_CURVE('',#2348,#2347,#1896,.F.);
#2973=EDGE_CURVE('',#2345,#2348,#1897,.T.);
#2974=EDGE_CURVE('',#2349,#2350,#1898,.F.);
#2975=EDGE_CURVE('',#2351,#2349,#1899,.T.);
#2976=EDGE_CURVE('',#2351,#2352,#1900,.T.);
#2977=EDGE_CURVE('',#2350,#2352,#1901,.T.);
#2978=EDGE_CURVE('',#2353,#2354,#1902,.T.);
#2979=EDGE_CURVE('',#2354,#2347,#1220,.T.);
#2980=EDGE_CURVE('',#2346,#2353,#1221,.T.);
#2981=EDGE_CURVE('',#2355,#2356,#1903,.T.);
#2982=EDGE_CURVE('',#2356,#2354,#1904,.T.);
#2983=EDGE_CURVE('',#2353,#2355,#1905,.T.);
#2984=EDGE_CURVE('',#2357,#2358,#1906,.T.);
#2985=EDGE_CURVE('',#2358,#2356,#1222,.T.);
#2986=EDGE_CURVE('',#2355,#2357,#1223,.T.);
#2987=EDGE_CURVE('',#2359,#2360,#1907,.T.);
#2988=EDGE_CURVE('',#2360,#2358,#1908,.T.);
#2989=EDGE_CURVE('',#2357,#2359,#1909,.T.);
#2990=EDGE_CURVE('',#2349,#2360,#1224,.T.);
#2991=EDGE_CURVE('',#2359,#2351,#1225,.T.);
#2992=EDGE_CURVE('',#2361,#2362,#1910,.F.);
#2993=EDGE_CURVE('',#2363,#2361,#1911,.F.);
#2994=EDGE_CURVE('',#2362,#2363,#1912,.F.);
#2995=EDGE_CURVE('',#2364,#2365,#1913,.F.);
#2996=EDGE_CURVE('',#2366,#2364,#1914,.F.);
#2997=EDGE_CURVE('',#2365,#2366,#1915,.F.);
#2998=EDGE_CURVE('',#2364,#2361,#1226,.T.);
#2999=EDGE_CURVE('',#2362,#2366,#1227,.T.);
#3000=EDGE_CURVE('',#2366,#2350,#1228,.T.);
#3001=EDGE_CURVE('',#2352,#2365,#1229,.T.);
#3002=EDGE_CURVE('',#2367,#2368,#1916,.F.);
#3003=EDGE_CURVE('',#2369,#2367,#1917,.F.);
#3004=EDGE_CURVE('',#2368,#2369,#1918,.F.);
#3005=EDGE_CURVE('',#2361,#2369,#1230,.T.);
#3006=EDGE_CURVE('',#2367,#2363,#1231,.T.);
#3007=EDGE_CURVE('',#2370,#2371,#1919,.F.);
#3008=EDGE_CURVE('',#2372,#2370,#1920,.F.);
#3009=EDGE_CURVE('',#2371,#2372,#1921,.F.);
#3010=EDGE_CURVE('',#2373,#2302,#1922,.T.);
#3011=EDGE_CURVE('',#2373,#2315,#247,.T.);
#3012=EDGE_CURVE('',#2368,#2310,#1232,.T.);
#3013=EDGE_CURVE('',#2312,#2367,#1233,.T.);
#3014=EDGE_CURVE('',#2374,#2286,#1923,.T.);
#3015=EDGE_CURVE('',#2374,#2299,#248,.T.);
#3016=EDGE_CURVE('',#2375,#2270,#1924,.T.);
#3017=EDGE_CURVE('',#2375,#2283,#249,.T.);
#3018=EDGE_CURVE('',#2376,#2377,#1925,.F.);
#3019=EDGE_CURVE('',#2378,#2376,#1926,.F.);
#3020=EDGE_CURVE('',#2377,#2378,#1927,.F.);
#3021=EDGE_CURVE('',#2379,#2380,#1928,.F.);
#3022=EDGE_CURVE('',#2381,#2379,#1929,.F.);
#3023=EDGE_CURVE('',#2380,#2381,#1930,.F.);
#3024=EDGE_CURVE('',#2382,#2383,#1931,.F.);
#3025=EDGE_CURVE('',#2384,#2382,#1932,.T.);
#3026=EDGE_CURVE('',#2384,#2385,#1933,.T.);
#3027=EDGE_CURVE('',#2383,#2385,#1934,.T.);
#3028=EDGE_CURVE('',#2386,#2387,#1935,.T.);
#3029=EDGE_CURVE('',#2388,#2387,#1936,.T.);
#3030=EDGE_CURVE('',#2389,#2388,#1937,.F.);
#3031=EDGE_CURVE('',#2386,#2389,#1938,.T.);
#3032=EDGE_CURVE('',#2390,#2391,#1939,.T.);
#3033=EDGE_CURVE('',#2391,#2388,#1234,.T.);
#3034=EDGE_CURVE('',#2387,#2390,#1235,.T.);
#3035=EDGE_CURVE('',#2392,#2393,#1940,.T.);
#3036=EDGE_CURVE('',#2393,#2391,#1941,.T.);
#3037=EDGE_CURVE('',#2390,#2392,#1942,.T.);
#3038=EDGE_CURVE('',#2394,#2395,#1943,.T.);
#3039=EDGE_CURVE('',#2395,#2393,#1236,.T.);
#3040=EDGE_CURVE('',#2392,#2394,#1237,.T.);
#3041=EDGE_CURVE('',#2396,#2397,#1944,.T.);
#3042=EDGE_CURVE('',#2397,#2395,#1945,.T.);
#3043=EDGE_CURVE('',#2394,#2396,#1946,.T.);
#3044=EDGE_CURVE('',#2382,#2397,#1238,.T.);
#3045=EDGE_CURVE('',#2396,#2384,#1239,.T.);
#3046=EDGE_CURVE('',#2388,#2382,#1240,.T.);
#3047=EDGE_CURVE('',#2383,#2389,#1241,.T.);
#3048=EDGE_CURVE('',#2379,#2386,#1242,.T.);
#3049=EDGE_CURVE('',#2389,#2381,#1243,.T.);
#3050=EDGE_CURVE('',#2376,#2383,#1244,.T.);
#3051=EDGE_CURVE('',#2385,#2378,#1245,.T.);
#3052=EDGE_CURVE('',#2300,#2380,#1246,.T.);
#3053=EDGE_CURVE('',#2381,#2298,#1247,.T.);
#3054=EDGE_CURVE('',#2380,#2375,#1248,.T.);
#3055=EDGE_CURVE('',#2272,#2379,#1249,.T.);
#3056=EDGE_CURVE('',#2316,#2377,#1250,.T.);
#3057=EDGE_CURVE('',#2378,#2314,#1251,.T.);
#3058=EDGE_CURVE('',#2377,#2294,#1252,.T.);
#3059=EDGE_CURVE('',#2296,#2376,#1253,.T.);
#3060=EDGE_CURVE('',#2284,#2374,#1947,.T.);
#3061=EDGE_CURVE('',#2288,#2282,#1948,.T.);
#3062=EDGE_CURVE('',#2322,#2398,#1949,.T.);
#3063=EDGE_CURVE('',#2398,#2278,#1950,.T.);
#3064=EDGE_CURVE('',#2280,#2322,#1951,.T.);
#3065=EDGE_CURVE('',#2321,#2399,#1952,.T.);
#3066=EDGE_CURVE('',#2399,#2398,#1254,.T.);
#3067=EDGE_CURVE('',#2328,#2400,#1953,.T.);
#3068=EDGE_CURVE('',#2400,#2399,#1954,.T.);
#3069=EDGE_CURVE('',#2321,#2328,#1955,.T.);
#3070=EDGE_CURVE('',#2327,#2401,#1956,.T.);
#3071=EDGE_CURVE('',#2401,#2400,#1255,.T.);
#3072=EDGE_CURVE('',#2308,#2401,#1957,.T.);
#3073=EDGE_CURVE('',#2327,#2306,#1958,.T.);
#3074=EDGE_CURVE('',#2276,#2372,#1256,.T.);
#3075=EDGE_CURVE('',#2370,#2274,#1257,.T.);
#3076=EDGE_CURVE('',#2292,#2373,#1959,.T.);
#3077=EDGE_CURVE('',#2304,#2290,#1960,.T.);
#3078=EDGE_CURVE('',#2369,#2371,#1258,.T.);
#3079=EDGE_CURVE('',#2372,#2368,#1259,.T.);
#3080=EDGE_CURVE('',#2371,#2364,#1260,.T.);
#3081=EDGE_CURVE('',#2365,#2370,#1261,.T.);
#3082=EDGE_CURVE('',#2363,#2345,#1262,.T.);
#3083=EDGE_CURVE('',#2348,#2362,#1263,.T.);
#3084=EDGE_CURVE('',#2347,#2349,#1264,.T.);
#3085=EDGE_CURVE('',#2350,#2348,#1265,.T.);
#3086=EDGE_CURVE('',#2317,#2402,#1961,.T.);
#3087=EDGE_CURVE('',#2402,#2403,#1266,.T.);
#3088=EDGE_CURVE('',#2404,#2403,#1962,.T.);
#3089=EDGE_CURVE('',#2405,#2404,#1267,.T.);
#3090=EDGE_CURVE('',#2405,#2326,#1963,.T.);
#3091=EDGE_CURVE('',#2406,#2396,#1268,.T.);
#3092=EDGE_CURVE('',#2407,#2406,#1269,.T.);
#3093=EDGE_CURVE('',#2408,#2407,#1270,.T.);
#3094=EDGE_CURVE('',#2409,#2408,#1271,.T.);
#3095=EDGE_CURVE('',#2410,#2409,#1272,.T.);
#3096=EDGE_CURVE('',#2411,#2410,#1273,.T.);
#3097=EDGE_CURVE('',#2353,#2411,#1274,.T.);
#3098=EDGE_CURVE('',#2394,#2412,#1275,.T.);
#3099=EDGE_CURVE('',#2412,#2406,#1964,.T.);
#3100=EDGE_CURVE('',#2413,#2392,#1276,.T.);
#3101=EDGE_CURVE('',#2412,#2413,#1277,.T.);
#3102=EDGE_CURVE('',#2390,#2414,#1278,.T.);
#3103=EDGE_CURVE('',#2414,#2413,#1965,.T.);
#3104=EDGE_CURVE('',#2415,#2415,#1966,.T.);
#3105=EDGE_CURVE('',#2337,#2332,#1279,.T.);
#3106=EDGE_CURVE('',#2416,#2416,#1967,.T.);
#3107=EDGE_CURVE('',#2417,#2408,#1968,.T.);
#3108=EDGE_CURVE('',#2407,#2418,#1969,.F.);
#3109=EDGE_CURVE('',#2418,#2417,#1280,.T.);
#3110=EDGE_CURVE('',#2417,#2419,#1281,.T.);
#3111=EDGE_CURVE('',#2420,#2419,#1970,.T.);
#3112=EDGE_CURVE('',#2420,#2421,#1282,.T.);
#3113=EDGE_CURVE('',#2422,#2421,#1971,.T.);
#3114=EDGE_CURVE('',#2422,#2423,#1283,.T.);
#3115=EDGE_CURVE('',#2409,#2423,#1972,.T.);
#3116=EDGE_CURVE('',#2424,#2424,#1973,.T.);
#3117=EDGE_CURVE('',#2425,#2425,#1974,.T.);
#3118=EDGE_CURVE('',#2426,#2426,#1975,.T.);
#3119=EDGE_CURVE('',#2427,#2427,#1976,.T.);
#3120=EDGE_CURVE('',#2428,#2429,#1977,.T.);
#3121=EDGE_CURVE('',#2429,#2404,#250,.T.);
#3122=EDGE_CURVE('',#2428,#2403,#251,.T.);
#3123=EDGE_CURVE('',#2403,#2404,#1978,.T.);
#3124=EDGE_CURVE('',#2429,#2428,#1979,.T.);
#3125=EDGE_CURVE('',#2430,#2430,#1980,.T.);
#3126=EDGE_CURVE('',#2431,#2431,#1981,.T.);
#3127=EDGE_CURVE('',#2423,#2432,#1284,.T.);
#3128=EDGE_CURVE('',#2432,#2410,#1982,.F.);
#3129=EDGE_CURVE('',#2433,#2422,#1285,.T.);
#3130=EDGE_CURVE('',#2432,#2433,#1286,.T.);
#3131=EDGE_CURVE('',#2421,#2434,#1287,.T.);
#3132=EDGE_CURVE('',#2434,#2433,#1983,.F.);
#3133=EDGE_CURVE('',#2435,#2359,#1288,.T.);
#3134=EDGE_CURVE('',#2434,#2435,#1289,.T.);
#3135=EDGE_CURVE('',#2436,#2420,#1290,.T.);
#3136=EDGE_CURVE('',#2414,#2436,#1291,.T.);
#3137=EDGE_CURVE('',#2419,#2437,#1292,.T.);
#3138=EDGE_CURVE('',#2437,#2436,#1984,.F.);
#3139=EDGE_CURVE('',#2424,#2438,#1293,.T.);
#3140=EDGE_CURVE('',#2438,#2438,#1985,.T.);
#3141=EDGE_CURVE('',#2425,#2439,#1294,.T.);
#3142=EDGE_CURVE('',#2439,#2439,#1986,.T.);
#3143=EDGE_CURVE('',#2426,#2440,#1295,.T.);
#3144=EDGE_CURVE('',#2440,#2440,#1987,.T.);
#3145=EDGE_CURVE('',#2427,#2441,#1296,.T.);
#3146=EDGE_CURVE('',#2441,#2441,#1988,.T.);
#3147=EDGE_CURVE('',#2442,#2443,#1989,.T.);
#3148=EDGE_CURVE('',#2444,#2442,#1990,.T.);
#3149=EDGE_CURVE('',#2443,#2444,#1991,.T.);
#3150=EDGE_CURVE('',#2445,#2446,#1992,.T.);
#3151=EDGE_CURVE('',#2447,#2445,#1993,.T.);
#3152=EDGE_CURVE('',#2446,#2447,#1994,.T.);
#3153=EDGE_CURVE('',#2448,#2449,#1297,.T.);
#3154=EDGE_CURVE('',#2450,#2448,#1995,.T.);
#3155=EDGE_CURVE('',#2450,#2451,#1298,.T.);
#3156=EDGE_CURVE('',#2449,#2451,#1996,.T.);
#3157=EDGE_CURVE('',#2452,#2453,#1299,.T.);
#3158=EDGE_CURVE('',#2454,#2452,#1997,.T.);
#3159=EDGE_CURVE('',#2454,#2455,#1300,.T.);
#3160=EDGE_CURVE('',#2453,#2455,#1998,.T.);
#3161=EDGE_CURVE('',#2456,#2444,#1999,.T.);
#3162=EDGE_CURVE('',#2457,#2456,#252,.T.);
#3163=EDGE_CURVE('',#2457,#2443,#2000,.T.);
#3164=EDGE_CURVE('',#2458,#2459,#2001,.T.);
#3165=EDGE_CURVE('',#2460,#2458,#253,.T.);
#3166=EDGE_CURVE('',#2460,#2461,#2002,.T.);
#3167=EDGE_CURVE('',#2459,#2461,#254,.T.);
#3168=EDGE_CURVE('',#2459,#2462,#2003,.T.);
#3169=EDGE_CURVE('',#2463,#2459,#255,.T.);
#3170=EDGE_CURVE('',#2463,#2464,#2004,.T.);
#3171=EDGE_CURVE('',#2462,#2464,#256,.T.);
#3172=EDGE_CURVE('',#2444,#2465,#2005,.T.);
#3173=EDGE_CURVE('',#2442,#2466,#2006,.T.);
#3174=EDGE_CURVE('',#2465,#2466,#257,.T.);
#3175=EDGE_CURVE('',#2467,#2468,#2007,.T.);
#3176=EDGE_CURVE('',#2442,#2467,#1301,.T.);
#3177=EDGE_CURVE('',#2443,#2468,#1302,.T.);
#3178=EDGE_CURVE('',#2469,#2470,#2008,.T.);
#3179=EDGE_CURVE('',#2446,#2469,#1303,.T.);
#3180=EDGE_CURVE('',#2447,#2470,#1304,.T.);
#3181=EDGE_CURVE('',#2471,#2472,#2009,.T.);
#3182=EDGE_CURVE('',#2471,#2473,#2010,.T.);
#3183=EDGE_CURVE('',#2474,#2473,#2011,.T.);
#3184=EDGE_CURVE('',#2472,#2474,#2012,.T.);
#3185=EDGE_CURVE('',#2475,#2476,#2013,.T.);
#3186=EDGE_CURVE('',#2475,#2471,#1305,.T.);
#3187=EDGE_CURVE('',#2476,#2472,#1306,.T.);
#3188=EDGE_CURVE('',#2477,#2462,#258,.T.);
#3189=EDGE_CURVE('',#2477,#2475,#2014,.T.);
#3190=EDGE_CURVE('',#2462,#2476,#2015,.T.);
#3191=EDGE_CURVE('',#2478,#2479,#2016,.T.);
#3192=EDGE_CURVE('',#2478,#2480,#2017,.T.);
#3193=EDGE_CURVE('',#2458,#2480,#259,.T.);
#3194=EDGE_CURVE('',#2479,#2458,#2018,.T.);
#3195=EDGE_CURVE('',#2481,#2445,#2019,.T.);
#3196=EDGE_CURVE('',#2482,#2481,#260,.T.);
#3197=EDGE_CURVE('',#2482,#2447,#2020,.T.);
#3198=EDGE_CURVE('',#2445,#2483,#2021,.T.);
#3199=EDGE_CURVE('',#2446,#2484,#2022,.T.);
#3200=EDGE_CURVE('',#2483,#2484,#261,.T.);
#3201=EDGE_CURVE('',#2474,#2479,#1307,.T.);
#3202=EDGE_CURVE('',#2473,#2478,#1308,.T.);
#3203=EDGE_CURVE('',#2485,#2485,#2023,.T.);
#3204=EDGE_CURVE('',#2485,#2486,#2024,.T.);
#3205=EDGE_CURVE('',#2486,#2486,#2025,.T.);
#3206=EDGE_CURVE('',#2487,#2487,#2026,.T.);
#3207=EDGE_CURVE('',#2487,#2488,#2027,.T.);
#3208=EDGE_CURVE('',#2488,#2488,#2028,.T.);
#3209=EDGE_CURVE('',#2487,#2489,#2029,.T.);
#3210=EDGE_CURVE('',#2489,#2489,#2030,.T.);
#3211=EDGE_CURVE('',#2490,#2491,#262,.T.);
#3212=EDGE_CURVE('',#2492,#2490,#1309,.T.);
#3213=EDGE_CURVE('',#2493,#2492,#2031,.T.);
#3214=EDGE_CURVE('',#2494,#2493,#1310,.T.);
#3215=EDGE_CURVE('',#2495,#2494,#2032,.T.);
#3216=EDGE_CURVE('',#2491,#2495,#1311,.T.);
#3217=EDGE_CURVE('',#2496,#2497,#263,.T.);
#3218=EDGE_CURVE('',#2498,#2496,#1312,.T.);
#3219=EDGE_CURVE('',#2499,#2498,#2033,.T.);
#3220=EDGE_CURVE('',#2500,#2499,#1313,.T.);
#3221=EDGE_CURVE('',#2501,#2500,#2034,.T.);
#3222=EDGE_CURVE('',#2497,#2501,#1314,.T.);
#3223=EDGE_CURVE('',#2502,#2503,#1315,.T.);
#3224=EDGE_CURVE('',#2504,#2502,#1316,.T.);
#3225=EDGE_CURVE('',#2505,#2504,#1317,.T.);
#3226=EDGE_CURVE('',#2503,#2505,#1318,.T.);
#3227=EDGE_CURVE('',#2505,#2500,#1319,.T.);
#3228=EDGE_CURVE('',#2499,#2503,#1320,.T.);
#3229=EDGE_CURVE('',#2502,#2494,#1321,.T.);
#3230=EDGE_CURVE('',#2493,#2504,#1322,.T.);
#3231=EDGE_CURVE('',#2506,#2507,#1323,.T.);
#3232=EDGE_CURVE('',#2507,#2455,#1324,.T.);
#3233=EDGE_CURVE('',#2454,#2508,#1325,.T.);
#3234=EDGE_CURVE('',#2508,#2509,#1326,.T.);
#3235=EDGE_CURVE('',#2509,#2506,#2035,.T.);
#3236=EDGE_CURVE('',#2508,#2510,#1327,.T.);
#3237=EDGE_CURVE('',#2511,#2510,#1328,.T.);
#3238=EDGE_CURVE('',#2511,#2509,#1329,.T.);
#3239=EDGE_CURVE('',#2512,#2513,#1330,.T.);
#3240=EDGE_CURVE('',#2512,#2507,#1331,.T.);
#3241=EDGE_CURVE('',#2506,#2513,#1332,.T.);
#3242=EDGE_CURVE('',#2514,#2515,#1333,.T.);
#3243=EDGE_CURVE('',#2515,#2516,#1334,.T.);
#3244=EDGE_CURVE('',#2517,#2516,#1335,.T.);
#3245=EDGE_CURVE('',#2517,#2514,#1336,.T.);
#3246=EDGE_CURVE('',#2518,#2519,#1337,.T.);
#3247=EDGE_CURVE('',#2518,#2520,#1338,.T.);
#3248=EDGE_CURVE('',#2520,#2521,#1339,.T.);
#3249=EDGE_CURVE('',#2521,#2519,#1340,.T.);
#3250=EDGE_CURVE('',#2490,#2511,#2036,.T.);
#3251=EDGE_CURVE('',#2513,#2491,#2037,.T.);
#3252=EDGE_CURVE('',#2521,#2514,#2038,.T.);
#3253=EDGE_CURVE('',#2496,#2517,#2039,.T.);
#3254=EDGE_CURVE('',#2519,#2497,#2040,.T.);
#3255=EDGE_CURVE('',#2450,#2515,#1341,.T.);
#3256=EDGE_CURVE('',#2520,#2451,#1342,.T.);
#3257=EDGE_CURVE('',#2449,#2522,#1343,.T.);
#3258=EDGE_CURVE('',#2522,#2463,#1344,.T.);
#3259=EDGE_CURVE('',#2461,#2523,#1345,.T.);
#3260=EDGE_CURVE('',#2523,#2448,#1346,.T.);
#3261=EDGE_CURVE('',#2453,#2524,#1347,.T.);
#3262=EDGE_CURVE('',#2524,#2525,#1348,.T.);
#3263=EDGE_CURVE('',#2525,#2452,#1349,.T.);
#3264=EDGE_CURVE('',#2522,#2464,#1350,.T.);
#3265=EDGE_CURVE('',#2460,#2523,#1351,.T.);
#3266=EDGE_CURVE('',#2474,#2484,#1352,.T.);
#3267=EDGE_CURVE('',#2469,#2468,#2041,.T.);
#3268=EDGE_CURVE('',#2472,#2457,#1353,.T.);
#3269=EDGE_CURVE('',#2465,#2456,#1354,.T.);
#3270=EDGE_CURVE('',#2476,#2466,#1355,.T.);
#3271=EDGE_CURVE('',#2467,#2470,#2042,.T.);
#3272=EDGE_CURVE('',#2479,#2482,#1356,.T.);
#3273=EDGE_CURVE('',#2524,#2480,#1357,.T.);
#3274=EDGE_CURVE('',#2477,#2525,#1358,.T.);
#3275=EDGE_CURVE('',#2483,#2481,#1359,.T.);
#3276=EDGE_CURVE('',#2516,#2498,#1360,.T.);
#3277=EDGE_CURVE('',#2495,#2512,#1361,.T.);
#3278=EDGE_CURVE('',#2510,#2492,#1362,.T.);
#3279=EDGE_CURVE('',#2501,#2518,#1363,.T.);
#3280=EDGE_CURVE('',#2437,#2418,#1364,.T.);
#3281=EDGE_CURVE('',#2526,#2526,#2043,.T.);
#3282=EDGE_CURVE('',#2357,#2527,#1365,.T.);
#3283=EDGE_CURVE('',#2527,#2435,#2044,.T.);
#3284=EDGE_CURVE('',#2527,#2528,#1366,.T.);
#3285=EDGE_CURVE('',#2411,#2528,#2045,.T.);
#3286=EDGE_CURVE('',#2529,#2529,#2046,.T.);
#3287=EDGE_CURVE('',#2528,#2355,#1367,.T.);
#3288=EDGE_CURVE('',#2530,#2530,#2047,.T.);
#3289=EDGE_CURVE('',#2530,#2531,#1368,.T.);
#3290=EDGE_CURVE('',#2531,#2531,#2048,.T.);
#3291=EDGE_CURVE('',#2532,#2532,#2049,.T.);
#3292=EDGE_CURVE('',#2532,#2430,#1369,.T.);
#3293=EDGE_CURVE('',#2533,#2533,#2050,.T.);
#3294=EDGE_CURVE('',#2533,#2431,#1370,.T.);
#3295=EDGE_CURVE('',#2323,#2405,#2051,.T.);
#3296=EDGE_CURVE('',#2402,#2320,#2052,.T.);
#3297=EDGE_CURVE('',#2416,#2526,#1371,.T.);
#3298=EDGE_CURVE('',#2415,#2529,#1372,.T.);
#3299=EDGE_CURVE('',#2534,#2534,#2053,.T.);
#3300=EDGE_CURVE('',#2534,#2535,#2054,.T.);
#3301=EDGE_CURVE('',#2535,#2535,#2055,.T.);
#3302=EDGE_CURVE('',#2535,#2536,#1373,.T.);
#3303=EDGE_CURVE('',#2536,#2536,#2056,.T.);
#3304=EDGE_CURVE('',#2537,#2537,#2057,.T.);
#3305=EDGE_CURVE('',#2537,#2538,#1374,.T.);
#3306=EDGE_CURVE('',#2538,#2538,#2058,.T.);
#3307=EDGE_CURVE('',#2539,#2540,#1375,.T.);
#3308=EDGE_CURVE('',#2539,#2541,#1376,.T.);
#3309=EDGE_CURVE('',#2542,#2541,#1377,.T.);
#3310=EDGE_CURVE('',#2540,#2542,#1378,.T.);
#3311=EDGE_CURVE('',#2543,#2540,#2059,.T.);
#3312=EDGE_CURVE('',#2544,#2542,#2060,.T.);
#3313=EDGE_CURVE('',#2543,#2544,#1379,.T.);
#3314=EDGE_CURVE('',#2543,#2545,#1380,.T.);
#3315=EDGE_CURVE('',#2546,#2544,#1381,.T.);
#3316=EDGE_CURVE('',#2545,#2546,#1382,.T.);
#3317=EDGE_CURVE('',#2547,#2545,#2061,.T.);
#3318=EDGE_CURVE('',#2548,#2546,#2062,.T.);
#3319=EDGE_CURVE('',#2547,#2548,#1383,.T.);
#3320=EDGE_CURVE('',#2547,#2549,#1384,.T.);
#3321=EDGE_CURVE('',#2550,#2548,#1385,.T.);
#3322=EDGE_CURVE('',#2549,#2550,#1386,.T.);
#3323=EDGE_CURVE('',#2551,#2549,#2063,.T.);
#3324=EDGE_CURVE('',#2552,#2550,#2064,.T.);
#3325=EDGE_CURVE('',#2551,#2552,#1387,.T.);
#3326=EDGE_CURVE('',#2551,#2553,#1388,.T.);
#3327=EDGE_CURVE('',#2554,#2552,#1389,.T.);
#3328=EDGE_CURVE('',#2553,#2554,#1390,.T.);
#3329=EDGE_CURVE('',#2539,#2553,#2065,.T.);
#3330=EDGE_CURVE('',#2541,#2554,#2066,.T.);
#3331=ORIENTED_EDGE('',*,*,#2555,.F.);
#3332=ORIENTED_EDGE('',*,*,#2556,.T.);
#3333=ORIENTED_EDGE('',*,*,#2557,.F.);
#3334=ORIENTED_EDGE('',*,*,#2556,.F.);
#3335=ORIENTED_EDGE('',*,*,#2555,.T.);
#3336=ORIENTED_EDGE('',*,*,#2558,.F.);
#3337=ORIENTED_EDGE('',*,*,#2559,.F.);
#3338=ORIENTED_EDGE('',*,*,#2560,.T.);
#3339=ORIENTED_EDGE('',*,*,#2561,.F.);
#3340=ORIENTED_EDGE('',*,*,#2560,.F.);
#3341=ORIENTED_EDGE('',*,*,#2562,.T.);
#3342=ORIENTED_EDGE('',*,*,#2563,.T.);
#3343=ORIENTED_EDGE('',*,*,#2564,.T.);
#3344=ORIENTED_EDGE('',*,*,#2565,.T.);
#3345=ORIENTED_EDGE('',*,*,#2566,.T.);
#3346=ORIENTED_EDGE('',*,*,#2567,.T.);
#3347=ORIENTED_EDGE('',*,*,#2568,.T.);
#3348=ORIENTED_EDGE('',*,*,#2569,.T.);
#3349=ORIENTED_EDGE('',*,*,#2570,.T.);
#3350=ORIENTED_EDGE('',*,*,#2571,.T.);
#3351=ORIENTED_EDGE('',*,*,#2572,.T.);
#3352=ORIENTED_EDGE('',*,*,#2573,.T.);
#3353=ORIENTED_EDGE('',*,*,#2574,.T.);
#3354=ORIENTED_EDGE('',*,*,#2575,.T.);
#3355=ORIENTED_EDGE('',*,*,#2576,.T.);
#3356=ORIENTED_EDGE('',*,*,#2577,.T.);
#3357=ORIENTED_EDGE('',*,*,#2578,.T.);
#3358=ORIENTED_EDGE('',*,*,#2579,.T.);
#3359=ORIENTED_EDGE('',*,*,#2580,.T.);
#3360=ORIENTED_EDGE('',*,*,#2581,.T.);
#3361=ORIENTED_EDGE('',*,*,#2582,.T.);
#3362=ORIENTED_EDGE('',*,*,#2583,.T.);
#3363=ORIENTED_EDGE('',*,*,#2584,.T.);
#3364=ORIENTED_EDGE('',*,*,#2585,.T.);
#3365=ORIENTED_EDGE('',*,*,#2586,.T.);
#3366=ORIENTED_EDGE('',*,*,#2587,.T.);
#3367=ORIENTED_EDGE('',*,*,#2588,.T.);
#3368=ORIENTED_EDGE('',*,*,#2589,.T.);
#3369=ORIENTED_EDGE('',*,*,#2590,.T.);
#3370=ORIENTED_EDGE('',*,*,#2591,.T.);
#3371=ORIENTED_EDGE('',*,*,#2592,.T.);
#3372=ORIENTED_EDGE('',*,*,#2593,.T.);
#3373=ORIENTED_EDGE('',*,*,#2594,.T.);
#3374=ORIENTED_EDGE('',*,*,#2595,.T.);
#3375=ORIENTED_EDGE('',*,*,#2596,.T.);
#3376=ORIENTED_EDGE('',*,*,#2597,.T.);
#3377=ORIENTED_EDGE('',*,*,#2598,.T.);
#3378=ORIENTED_EDGE('',*,*,#2599,.T.);
#3379=ORIENTED_EDGE('',*,*,#2600,.T.);
#3380=ORIENTED_EDGE('',*,*,#2601,.T.);
#3381=ORIENTED_EDGE('',*,*,#2563,.F.);
#3382=ORIENTED_EDGE('',*,*,#2602,.F.);
#3383=ORIENTED_EDGE('',*,*,#2603,.F.);
#3384=ORIENTED_EDGE('',*,*,#2604,.F.);
#3385=ORIENTED_EDGE('',*,*,#2564,.F.);
#3386=ORIENTED_EDGE('',*,*,#2604,.T.);
#3387=ORIENTED_EDGE('',*,*,#2605,.F.);
#3388=ORIENTED_EDGE('',*,*,#2606,.T.);
#3389=ORIENTED_EDGE('',*,*,#2565,.F.);
#3390=ORIENTED_EDGE('',*,*,#2606,.F.);
#3391=ORIENTED_EDGE('',*,*,#2607,.F.);
#3392=ORIENTED_EDGE('',*,*,#2608,.F.);
#3393=ORIENTED_EDGE('',*,*,#2609,.F.);
#3394=ORIENTED_EDGE('',*,*,#2610,.T.);
#3395=ORIENTED_EDGE('',*,*,#2566,.F.);
#3396=ORIENTED_EDGE('',*,*,#2608,.T.);
#3397=ORIENTED_EDGE('',*,*,#2567,.F.);
#3398=ORIENTED_EDGE('',*,*,#2610,.F.);
#3399=ORIENTED_EDGE('',*,*,#2611,.F.);
#3400=ORIENTED_EDGE('',*,*,#2612,.F.);
#3401=ORIENTED_EDGE('',*,*,#2613,.F.);
#3402=ORIENTED_EDGE('',*,*,#2614,.T.);
#3403=ORIENTED_EDGE('',*,*,#2568,.F.);
#3404=ORIENTED_EDGE('',*,*,#2612,.T.);
#3405=ORIENTED_EDGE('',*,*,#2569,.F.);
#3406=ORIENTED_EDGE('',*,*,#2614,.F.);
#3407=ORIENTED_EDGE('',*,*,#2615,.F.);
#3408=ORIENTED_EDGE('',*,*,#2616,.F.);
#3409=ORIENTED_EDGE('',*,*,#2617,.F.);
#3410=ORIENTED_EDGE('',*,*,#2618,.T.);
#3411=ORIENTED_EDGE('',*,*,#2570,.F.);
#3412=ORIENTED_EDGE('',*,*,#2616,.T.);
#3413=ORIENTED_EDGE('',*,*,#2571,.F.);
#3414=ORIENTED_EDGE('',*,*,#2618,.F.);
#3415=ORIENTED_EDGE('',*,*,#2619,.F.);
#3416=ORIENTED_EDGE('',*,*,#2620,.F.);
#3417=ORIENTED_EDGE('',*,*,#2572,.F.);
#3418=ORIENTED_EDGE('',*,*,#2620,.T.);
#3419=ORIENTED_EDGE('',*,*,#2621,.F.);
#3420=ORIENTED_EDGE('',*,*,#2622,.T.);
#3421=ORIENTED_EDGE('',*,*,#2573,.F.);
#3422=ORIENTED_EDGE('',*,*,#2622,.F.);
#3423=ORIENTED_EDGE('',*,*,#2623,.F.);
#3424=ORIENTED_EDGE('',*,*,#2624,.F.);
#3425=ORIENTED_EDGE('',*,*,#2574,.F.);
#3426=ORIENTED_EDGE('',*,*,#2624,.T.);
#3427=ORIENTED_EDGE('',*,*,#2625,.F.);
#3428=ORIENTED_EDGE('',*,*,#2626,.T.);
#3429=ORIENTED_EDGE('',*,*,#2575,.F.);
#3430=ORIENTED_EDGE('',*,*,#2626,.F.);
#3431=ORIENTED_EDGE('',*,*,#2627,.F.);
#3432=ORIENTED_EDGE('',*,*,#2628,.F.);
#3433=ORIENTED_EDGE('',*,*,#2629,.F.);
#3434=ORIENTED_EDGE('',*,*,#2630,.T.);
#3435=ORIENTED_EDGE('',*,*,#2576,.F.);
#3436=ORIENTED_EDGE('',*,*,#2628,.T.);
#3437=ORIENTED_EDGE('',*,*,#2577,.F.);
#3438=ORIENTED_EDGE('',*,*,#2630,.F.);
#3439=ORIENTED_EDGE('',*,*,#2631,.F.);
#3440=ORIENTED_EDGE('',*,*,#2632,.F.);
#3441=ORIENTED_EDGE('',*,*,#2633,.F.);
#3442=ORIENTED_EDGE('',*,*,#2634,.T.);
#3443=ORIENTED_EDGE('',*,*,#2578,.F.);
#3444=ORIENTED_EDGE('',*,*,#2632,.T.);
#3445=ORIENTED_EDGE('',*,*,#2579,.F.);
#3446=ORIENTED_EDGE('',*,*,#2634,.F.);
#3447=ORIENTED_EDGE('',*,*,#2635,.F.);
#3448=ORIENTED_EDGE('',*,*,#2636,.F.);
#3449=ORIENTED_EDGE('',*,*,#2637,.F.);
#3450=ORIENTED_EDGE('',*,*,#2638,.T.);
#3451=ORIENTED_EDGE('',*,*,#2580,.F.);
#3452=ORIENTED_EDGE('',*,*,#2636,.T.);
#3453=ORIENTED_EDGE('',*,*,#2581,.F.);
#3454=ORIENTED_EDGE('',*,*,#2638,.F.);
#3455=ORIENTED_EDGE('',*,*,#2639,.F.);
#3456=ORIENTED_EDGE('',*,*,#2640,.F.);
#3457=ORIENTED_EDGE('',*,*,#2582,.F.);
#3458=ORIENTED_EDGE('',*,*,#2640,.T.);
#3459=ORIENTED_EDGE('',*,*,#2641,.F.);
#3460=ORIENTED_EDGE('',*,*,#2642,.T.);
#3461=ORIENTED_EDGE('',*,*,#2583,.F.);
#3462=ORIENTED_EDGE('',*,*,#2642,.F.);
#3463=ORIENTED_EDGE('',*,*,#2643,.F.);
#3464=ORIENTED_EDGE('',*,*,#2644,.F.);
#3465=ORIENTED_EDGE('',*,*,#2584,.F.);
#3466=ORIENTED_EDGE('',*,*,#2644,.T.);
#3467=ORIENTED_EDGE('',*,*,#2645,.F.);
#3468=ORIENTED_EDGE('',*,*,#2646,.T.);
#3469=ORIENTED_EDGE('',*,*,#2585,.F.);
#3470=ORIENTED_EDGE('',*,*,#2646,.F.);
#3471=ORIENTED_EDGE('',*,*,#2647,.F.);
#3472=ORIENTED_EDGE('',*,*,#2648,.F.);
#3473=ORIENTED_EDGE('',*,*,#2649,.F.);
#3474=ORIENTED_EDGE('',*,*,#2650,.T.);
#3475=ORIENTED_EDGE('',*,*,#2586,.F.);
#3476=ORIENTED_EDGE('',*,*,#2648,.T.);
#3477=ORIENTED_EDGE('',*,*,#2587,.F.);
#3478=ORIENTED_EDGE('',*,*,#2650,.F.);
#3479=ORIENTED_EDGE('',*,*,#2651,.F.);
#3480=ORIENTED_EDGE('',*,*,#2652,.F.);
#3481=ORIENTED_EDGE('',*,*,#2653,.F.);
#3482=ORIENTED_EDGE('',*,*,#2654,.T.);
#3483=ORIENTED_EDGE('',*,*,#2588,.F.);
#3484=ORIENTED_EDGE('',*,*,#2652,.T.);
#3485=ORIENTED_EDGE('',*,*,#2589,.F.);
#3486=ORIENTED_EDGE('',*,*,#2654,.F.);
#3487=ORIENTED_EDGE('',*,*,#2655,.F.);
#3488=ORIENTED_EDGE('',*,*,#2656,.F.);
#3489=ORIENTED_EDGE('',*,*,#2657,.F.);
#3490=ORIENTED_EDGE('',*,*,#2658,.T.);
#3491=ORIENTED_EDGE('',*,*,#2590,.F.);
#3492=ORIENTED_EDGE('',*,*,#2656,.T.);
#3493=ORIENTED_EDGE('',*,*,#2591,.F.);
#3494=ORIENTED_EDGE('',*,*,#2658,.F.);
#3495=ORIENTED_EDGE('',*,*,#2659,.F.);
#3496=ORIENTED_EDGE('',*,*,#2660,.F.);
#3497=ORIENTED_EDGE('',*,*,#2592,.F.);
#3498=ORIENTED_EDGE('',*,*,#2660,.T.);
#3499=ORIENTED_EDGE('',*,*,#2661,.F.);
#3500=ORIENTED_EDGE('',*,*,#2662,.T.);
#3501=ORIENTED_EDGE('',*,*,#2593,.F.);
#3502=ORIENTED_EDGE('',*,*,#2662,.F.);
#3503=ORIENTED_EDGE('',*,*,#2663,.F.);
#3504=ORIENTED_EDGE('',*,*,#2664,.F.);
#3505=ORIENTED_EDGE('',*,*,#2594,.F.);
#3506=ORIENTED_EDGE('',*,*,#2664,.T.);
#3507=ORIENTED_EDGE('',*,*,#2665,.F.);
#3508=ORIENTED_EDGE('',*,*,#2666,.T.);
#3509=ORIENTED_EDGE('',*,*,#2595,.F.);
#3510=ORIENTED_EDGE('',*,*,#2666,.F.);
#3511=ORIENTED_EDGE('',*,*,#2667,.F.);
#3512=ORIENTED_EDGE('',*,*,#2668,.F.);
#3513=ORIENTED_EDGE('',*,*,#2669,.F.);
#3514=ORIENTED_EDGE('',*,*,#2670,.T.);
#3515=ORIENTED_EDGE('',*,*,#2596,.F.);
#3516=ORIENTED_EDGE('',*,*,#2668,.T.);
#3517=ORIENTED_EDGE('',*,*,#2597,.F.);
#3518=ORIENTED_EDGE('',*,*,#2670,.F.);
#3519=ORIENTED_EDGE('',*,*,#2671,.F.);
#3520=ORIENTED_EDGE('',*,*,#2672,.F.);
#3521=ORIENTED_EDGE('',*,*,#2673,.F.);
#3522=ORIENTED_EDGE('',*,*,#2674,.T.);
#3523=ORIENTED_EDGE('',*,*,#2598,.F.);
#3524=ORIENTED_EDGE('',*,*,#2672,.T.);
#3525=ORIENTED_EDGE('',*,*,#2599,.F.);
#3526=ORIENTED_EDGE('',*,*,#2674,.F.);
#3527=ORIENTED_EDGE('',*,*,#2675,.F.);
#3528=ORIENTED_EDGE('',*,*,#2676,.F.);
#3529=ORIENTED_EDGE('',*,*,#2677,.F.);
#3530=ORIENTED_EDGE('',*,*,#2678,.T.);
#3531=ORIENTED_EDGE('',*,*,#2600,.F.);
#3532=ORIENTED_EDGE('',*,*,#2676,.T.);
#3533=ORIENTED_EDGE('',*,*,#2601,.F.);
#3534=ORIENTED_EDGE('',*,*,#2678,.F.);
#3535=ORIENTED_EDGE('',*,*,#2679,.F.);
#3536=ORIENTED_EDGE('',*,*,#2680,.F.);
#3537=ORIENTED_EDGE('',*,*,#2681,.F.);
#3538=ORIENTED_EDGE('',*,*,#2602,.T.);
#3539=ORIENTED_EDGE('',*,*,#2562,.F.);
#3540=ORIENTED_EDGE('',*,*,#2680,.T.);
#3541=ORIENTED_EDGE('',*,*,#2682,.T.);
#3542=ORIENTED_EDGE('',*,*,#2681,.T.);
#3543=ORIENTED_EDGE('',*,*,#2679,.T.);
#3544=ORIENTED_EDGE('',*,*,#2677,.T.);
#3545=ORIENTED_EDGE('',*,*,#2675,.T.);
#3546=ORIENTED_EDGE('',*,*,#2673,.T.);
#3547=ORIENTED_EDGE('',*,*,#2671,.T.);
#3548=ORIENTED_EDGE('',*,*,#2669,.T.);
#3549=ORIENTED_EDGE('',*,*,#2667,.T.);
#3550=ORIENTED_EDGE('',*,*,#2665,.T.);
#3551=ORIENTED_EDGE('',*,*,#2663,.T.);
#3552=ORIENTED_EDGE('',*,*,#2661,.T.);
#3553=ORIENTED_EDGE('',*,*,#2659,.T.);
#3554=ORIENTED_EDGE('',*,*,#2657,.T.);
#3555=ORIENTED_EDGE('',*,*,#2655,.T.);
#3556=ORIENTED_EDGE('',*,*,#2653,.T.);
#3557=ORIENTED_EDGE('',*,*,#2651,.T.);
#3558=ORIENTED_EDGE('',*,*,#2649,.T.);
#3559=ORIENTED_EDGE('',*,*,#2647,.T.);
#3560=ORIENTED_EDGE('',*,*,#2645,.T.);
#3561=ORIENTED_EDGE('',*,*,#2643,.T.);
#3562=ORIENTED_EDGE('',*,*,#2641,.T.);
#3563=ORIENTED_EDGE('',*,*,#2639,.T.);
#3564=ORIENTED_EDGE('',*,*,#2637,.T.);
#3565=ORIENTED_EDGE('',*,*,#2635,.T.);
#3566=ORIENTED_EDGE('',*,*,#2633,.T.);
#3567=ORIENTED_EDGE('',*,*,#2631,.T.);
#3568=ORIENTED_EDGE('',*,*,#2629,.T.);
#3569=ORIENTED_EDGE('',*,*,#2627,.T.);
#3570=ORIENTED_EDGE('',*,*,#2625,.T.);
#3571=ORIENTED_EDGE('',*,*,#2623,.T.);
#3572=ORIENTED_EDGE('',*,*,#2621,.T.);
#3573=ORIENTED_EDGE('',*,*,#2619,.T.);
#3574=ORIENTED_EDGE('',*,*,#2617,.T.);
#3575=ORIENTED_EDGE('',*,*,#2615,.T.);
#3576=ORIENTED_EDGE('',*,*,#2613,.T.);
#3577=ORIENTED_EDGE('',*,*,#2611,.T.);
#3578=ORIENTED_EDGE('',*,*,#2609,.T.);
#3579=ORIENTED_EDGE('',*,*,#2607,.T.);
#3580=ORIENTED_EDGE('',*,*,#2605,.T.);
#3581=ORIENTED_EDGE('',*,*,#2603,.T.);
#3582=ORIENTED_EDGE('',*,*,#2682,.F.);
#3583=ORIENTED_EDGE('',*,*,#2683,.T.);
#3584=ORIENTED_EDGE('',*,*,#2684,.T.);
#3585=ORIENTED_EDGE('',*,*,#2683,.F.);
#3586=ORIENTED_EDGE('',*,*,#2684,.F.);
#3587=ORIENTED_EDGE('',*,*,#2685,.T.);
#3588=ORIENTED_EDGE('',*,*,#2686,.T.);
#3589=ORIENTED_EDGE('',*,*,#2685,.F.);
#3590=ORIENTED_EDGE('',*,*,#2686,.F.);
#3591=ORIENTED_EDGE('',*,*,#2687,.T.);
#3592=ORIENTED_EDGE('',*,*,#2688,.T.);
#3593=ORIENTED_EDGE('',*,*,#2689,.T.);
#3594=ORIENTED_EDGE('',*,*,#2687,.F.);
#3595=ORIENTED_EDGE('',*,*,#2690,.F.);
#3596=ORIENTED_EDGE('',*,*,#2691,.T.);
#3597=ORIENTED_EDGE('',*,*,#2688,.F.);
#3598=ORIENTED_EDGE('',*,*,#2689,.F.);
#3599=ORIENTED_EDGE('',*,*,#2691,.F.);
#3600=ORIENTED_EDGE('',*,*,#2558,.T.);
#3601=ORIENTED_EDGE('',*,*,#2559,.T.);
#3602=ORIENTED_EDGE('',*,*,#2692,.T.);
#3603=ORIENTED_EDGE('',*,*,#2690,.T.);
#3604=ORIENTED_EDGE('',*,*,#2692,.F.);
#3605=ORIENTED_EDGE('',*,*,#2561,.T.);
#3606=ORIENTED_EDGE('',*,*,#2557,.T.);
#3607=ORIENTED_EDGE('',*,*,#2693,.T.);
#3608=ORIENTED_EDGE('',*,*,#2694,.T.);
#3609=ORIENTED_EDGE('',*,*,#2695,.T.);
#3610=ORIENTED_EDGE('',*,*,#2694,.F.);
#3611=ORIENTED_EDGE('',*,*,#2696,.F.);
#3612=ORIENTED_EDGE('',*,*,#2697,.F.);
#3613=ORIENTED_EDGE('',*,*,#2698,.F.);
#3614=ORIENTED_EDGE('',*,*,#2699,.F.);
#3615=ORIENTED_EDGE('',*,*,#2700,.F.);
#3616=ORIENTED_EDGE('',*,*,#2701,.F.);
#3617=ORIENTED_EDGE('',*,*,#2702,.F.);
#3618=ORIENTED_EDGE('',*,*,#2703,.F.);
#3619=ORIENTED_EDGE('',*,*,#2704,.F.);
#3620=ORIENTED_EDGE('',*,*,#2705,.F.);
#3621=ORIENTED_EDGE('',*,*,#2706,.F.);
#3622=ORIENTED_EDGE('',*,*,#2707,.F.);
#3623=ORIENTED_EDGE('',*,*,#2708,.F.);
#3624=ORIENTED_EDGE('',*,*,#2709,.F.);
#3625=ORIENTED_EDGE('',*,*,#2695,.F.);
#3626=ORIENTED_EDGE('',*,*,#2710,.F.);
#3627=ORIENTED_EDGE('',*,*,#2711,.T.);
#3628=ORIENTED_EDGE('',*,*,#2693,.F.);
#3629=ORIENTED_EDGE('',*,*,#2711,.F.);
#3630=ORIENTED_EDGE('',*,*,#2697,.T.);
#3631=ORIENTED_EDGE('',*,*,#2712,.T.);
#3632=ORIENTED_EDGE('',*,*,#2713,.T.);
#3633=ORIENTED_EDGE('',*,*,#2714,.T.);
#3634=ORIENTED_EDGE('',*,*,#2715,.T.);
#3635=ORIENTED_EDGE('',*,*,#2716,.T.);
#3636=ORIENTED_EDGE('',*,*,#2712,.F.);
#3637=ORIENTED_EDGE('',*,*,#2696,.T.);
#3638=ORIENTED_EDGE('',*,*,#2717,.T.);
#3639=ORIENTED_EDGE('',*,*,#2718,.T.);
#3640=ORIENTED_EDGE('',*,*,#2698,.T.);
#3641=ORIENTED_EDGE('',*,*,#2714,.F.);
#3642=ORIENTED_EDGE('',*,*,#2719,.T.);
#3643=ORIENTED_EDGE('',*,*,#2720,.T.);
#3644=ORIENTED_EDGE('',*,*,#2721,.T.);
#3645=ORIENTED_EDGE('',*,*,#2722,.T.);
#3646=ORIENTED_EDGE('',*,*,#2699,.T.);
#3647=ORIENTED_EDGE('',*,*,#2720,.F.);
#3648=ORIENTED_EDGE('',*,*,#2723,.T.);
#3649=ORIENTED_EDGE('',*,*,#2700,.T.);
#3650=ORIENTED_EDGE('',*,*,#2722,.F.);
#3651=ORIENTED_EDGE('',*,*,#2724,.T.);
#3652=ORIENTED_EDGE('',*,*,#2701,.T.);
#3653=ORIENTED_EDGE('',*,*,#2723,.F.);
#3654=ORIENTED_EDGE('',*,*,#2725,.T.);
#3655=ORIENTED_EDGE('',*,*,#2726,.T.);
#3656=ORIENTED_EDGE('',*,*,#2702,.T.);
#3657=ORIENTED_EDGE('',*,*,#2726,.F.);
#3658=ORIENTED_EDGE('',*,*,#2727,.T.);
#3659=ORIENTED_EDGE('',*,*,#2728,.T.);
#3660=ORIENTED_EDGE('',*,*,#2729,.T.);
#3661=ORIENTED_EDGE('',*,*,#2730,.T.);
#3662=ORIENTED_EDGE('',*,*,#2703,.T.);
#3663=ORIENTED_EDGE('',*,*,#2728,.F.);
#3664=ORIENTED_EDGE('',*,*,#2731,.T.);
#3665=ORIENTED_EDGE('',*,*,#2704,.T.);
#3666=ORIENTED_EDGE('',*,*,#2730,.F.);
#3667=ORIENTED_EDGE('',*,*,#2732,.T.);
#3668=ORIENTED_EDGE('',*,*,#2705,.T.);
#3669=ORIENTED_EDGE('',*,*,#2731,.F.);
#3670=ORIENTED_EDGE('',*,*,#2733,.T.);
#3671=ORIENTED_EDGE('',*,*,#2734,.T.);
#3672=ORIENTED_EDGE('',*,*,#2706,.T.);
#3673=ORIENTED_EDGE('',*,*,#2734,.F.);
#3674=ORIENTED_EDGE('',*,*,#2735,.T.);
#3675=ORIENTED_EDGE('',*,*,#2736,.T.);
#3676=ORIENTED_EDGE('',*,*,#2737,.T.);
#3677=ORIENTED_EDGE('',*,*,#2738,.T.);
#3678=ORIENTED_EDGE('',*,*,#2707,.T.);
#3679=ORIENTED_EDGE('',*,*,#2736,.F.);
#3680=ORIENTED_EDGE('',*,*,#2739,.T.);
#3681=ORIENTED_EDGE('',*,*,#2708,.T.);
#3682=ORIENTED_EDGE('',*,*,#2738,.F.);
#3683=ORIENTED_EDGE('',*,*,#2740,.T.);
#3684=ORIENTED_EDGE('',*,*,#2741,.T.);
#3685=ORIENTED_EDGE('',*,*,#2742,.T.);
#3686=ORIENTED_EDGE('',*,*,#2718,.F.);
#3687=ORIENTED_EDGE('',*,*,#2743,.T.);
#3688=ORIENTED_EDGE('',*,*,#2744,.T.);
#3689=ORIENTED_EDGE('',*,*,#2745,.T.);
#3690=ORIENTED_EDGE('',*,*,#2746,.T.);
#3691=ORIENTED_EDGE('',*,*,#2717,.F.);
#3692=ORIENTED_EDGE('',*,*,#2709,.T.);
#3693=ORIENTED_EDGE('',*,*,#2739,.F.);
#3694=ORIENTED_EDGE('',*,*,#2747,.T.);
#3695=ORIENTED_EDGE('',*,*,#2748,.T.);
#3696=ORIENTED_EDGE('',*,*,#2749,.T.);
#3697=ORIENTED_EDGE('',*,*,#2750,.T.);
#3698=ORIENTED_EDGE('',*,*,#2743,.F.);
#3699=ORIENTED_EDGE('',*,*,#2750,.F.);
#3700=ORIENTED_EDGE('',*,*,#2751,.T.);
#3701=ORIENTED_EDGE('',*,*,#2752,.T.);
#3702=ORIENTED_EDGE('',*,*,#2753,.F.);
#3703=ORIENTED_EDGE('',*,*,#2744,.F.);
#3704=ORIENTED_EDGE('',*,*,#2749,.F.);
#3705=ORIENTED_EDGE('',*,*,#2754,.T.);
#3706=ORIENTED_EDGE('',*,*,#2755,.T.);
#3707=ORIENTED_EDGE('',*,*,#2751,.F.);
#3708=ORIENTED_EDGE('',*,*,#2748,.F.);
#3709=ORIENTED_EDGE('',*,*,#2756,.F.);
#3710=ORIENTED_EDGE('',*,*,#2757,.F.);
#3711=ORIENTED_EDGE('',*,*,#2758,.T.);
#3712=ORIENTED_EDGE('',*,*,#2754,.F.);
#3713=ORIENTED_EDGE('',*,*,#2742,.F.);
#3714=ORIENTED_EDGE('',*,*,#2759,.T.);
#3715=ORIENTED_EDGE('',*,*,#2760,.T.);
#3716=ORIENTED_EDGE('',*,*,#2756,.T.);
#3717=ORIENTED_EDGE('',*,*,#2747,.F.);
#3718=ORIENTED_EDGE('',*,*,#2761,.T.);
#3719=ORIENTED_EDGE('',*,*,#2762,.T.);
#3720=ORIENTED_EDGE('',*,*,#2763,.T.);
#3721=ORIENTED_EDGE('',*,*,#2764,.T.);
#3722=ORIENTED_EDGE('',*,*,#2727,.F.);
#3723=ORIENTED_EDGE('',*,*,#2765,.T.);
#3724=ORIENTED_EDGE('',*,*,#2766,.T.);
#3725=ORIENTED_EDGE('',*,*,#2767,.F.);
#3726=ORIENTED_EDGE('',*,*,#2768,.F.);
#3727=ORIENTED_EDGE('',*,*,#2764,.F.);
#3728=ORIENTED_EDGE('',*,*,#2769,.T.);
#3729=ORIENTED_EDGE('',*,*,#2770,.T.);
#3730=ORIENTED_EDGE('',*,*,#2763,.F.);
#3731=ORIENTED_EDGE('',*,*,#2771,.F.);
#3732=ORIENTED_EDGE('',*,*,#2772,.F.);
#3733=ORIENTED_EDGE('',*,*,#2773,.T.);
#3734=ORIENTED_EDGE('',*,*,#2774,.F.);
#3735=ORIENTED_EDGE('',*,*,#2769,.F.);
#3736=ORIENTED_EDGE('',*,*,#2775,.F.);
#3737=ORIENTED_EDGE('',*,*,#2776,.T.);
#3738=ORIENTED_EDGE('',*,*,#2767,.T.);
#3739=ORIENTED_EDGE('',*,*,#2777,.T.);
#3740=ORIENTED_EDGE('',*,*,#2778,.T.);
#3741=ORIENTED_EDGE('',*,*,#2719,.F.);
#3742=ORIENTED_EDGE('',*,*,#2779,.T.);
#3743=ORIENTED_EDGE('',*,*,#2780,.T.);
#3744=ORIENTED_EDGE('',*,*,#2781,.F.);
#3745=ORIENTED_EDGE('',*,*,#2782,.F.);
#3746=ORIENTED_EDGE('',*,*,#2778,.F.);
#3747=ORIENTED_EDGE('',*,*,#2783,.T.);
#3748=ORIENTED_EDGE('',*,*,#2784,.T.);
#3749=ORIENTED_EDGE('',*,*,#2777,.F.);
#3750=ORIENTED_EDGE('',*,*,#2766,.F.);
#3751=ORIENTED_EDGE('',*,*,#2785,.F.);
#3752=ORIENTED_EDGE('',*,*,#2786,.T.);
#3753=ORIENTED_EDGE('',*,*,#2787,.F.);
#3754=ORIENTED_EDGE('',*,*,#2783,.F.);
#3755=ORIENTED_EDGE('',*,*,#2788,.F.);
#3756=ORIENTED_EDGE('',*,*,#2789,.T.);
#3757=ORIENTED_EDGE('',*,*,#2790,.T.);
#3758=ORIENTED_EDGE('',*,*,#2791,.T.);
#3759=ORIENTED_EDGE('',*,*,#2792,.T.);
#3760=ORIENTED_EDGE('',*,*,#2790,.F.);
#3761=ORIENTED_EDGE('',*,*,#2793,.F.);
#3762=ORIENTED_EDGE('',*,*,#2794,.F.);
#3763=ORIENTED_EDGE('',*,*,#2795,.T.);
#3764=ORIENTED_EDGE('',*,*,#2745,.F.);
#3765=ORIENTED_EDGE('',*,*,#2753,.T.);
#3766=ORIENTED_EDGE('',*,*,#2796,.T.);
#3767=ORIENTED_EDGE('',*,*,#2757,.T.);
#3768=ORIENTED_EDGE('',*,*,#2760,.F.);
#3769=ORIENTED_EDGE('',*,*,#2797,.T.);
#3770=ORIENTED_EDGE('',*,*,#2761,.F.);
#3771=ORIENTED_EDGE('',*,*,#2768,.T.);
#3772=ORIENTED_EDGE('',*,*,#2776,.F.);
#3773=ORIENTED_EDGE('',*,*,#2782,.T.);
#3774=ORIENTED_EDGE('',*,*,#2798,.F.);
#3775=ORIENTED_EDGE('',*,*,#2793,.T.);
#3776=ORIENTED_EDGE('',*,*,#2789,.F.);
#3777=ORIENTED_EDGE('',*,*,#2799,.T.);
#3778=ORIENTED_EDGE('',*,*,#2800,.T.);
#3779=ORIENTED_EDGE('',*,*,#2801,.T.);
#3780=ORIENTED_EDGE('',*,*,#2802,.T.);
#3781=ORIENTED_EDGE('',*,*,#2803,.T.);
#3782=ORIENTED_EDGE('',*,*,#2798,.T.);
#3783=ORIENTED_EDGE('',*,*,#2781,.T.);
#3784=ORIENTED_EDGE('',*,*,#2804,.T.);
#3785=ORIENTED_EDGE('',*,*,#2794,.T.);
#3786=ORIENTED_EDGE('',*,*,#2716,.F.);
#3787=ORIENTED_EDGE('',*,*,#2805,.T.);
#3788=ORIENTED_EDGE('',*,*,#2806,.F.);
#3789=ORIENTED_EDGE('',*,*,#2807,.T.);
#3790=ORIENTED_EDGE('',*,*,#2741,.F.);
#3791=ORIENTED_EDGE('',*,*,#2808,.F.);
#3792=ORIENTED_EDGE('',*,*,#2809,.T.);
#3793=ORIENTED_EDGE('',*,*,#2759,.F.);
#3794=ORIENTED_EDGE('',*,*,#2740,.F.);
#3795=ORIENTED_EDGE('',*,*,#2810,.T.);
#3796=ORIENTED_EDGE('',*,*,#2811,.F.);
#3797=ORIENTED_EDGE('',*,*,#2808,.T.);
#3798=ORIENTED_EDGE('',*,*,#2752,.F.);
#3799=ORIENTED_EDGE('',*,*,#2755,.F.);
#3800=ORIENTED_EDGE('',*,*,#2758,.F.);
#3801=ORIENTED_EDGE('',*,*,#2796,.F.);
#3802=ORIENTED_EDGE('',*,*,#2724,.F.);
#3803=ORIENTED_EDGE('',*,*,#2812,.T.);
#3804=ORIENTED_EDGE('',*,*,#2786,.F.);
#3805=ORIENTED_EDGE('',*,*,#2813,.T.);
#3806=ORIENTED_EDGE('',*,*,#2721,.F.);
#3807=ORIENTED_EDGE('',*,*,#2784,.F.);
#3808=ORIENTED_EDGE('',*,*,#2787,.T.);
#3809=ORIENTED_EDGE('',*,*,#2812,.F.);
#3810=ORIENTED_EDGE('',*,*,#2732,.F.);
#3811=ORIENTED_EDGE('',*,*,#2814,.T.);
#3812=ORIENTED_EDGE('',*,*,#2773,.F.);
#3813=ORIENTED_EDGE('',*,*,#2815,.T.);
#3814=ORIENTED_EDGE('',*,*,#2729,.F.);
#3815=ORIENTED_EDGE('',*,*,#2770,.F.);
#3816=ORIENTED_EDGE('',*,*,#2774,.T.);
#3817=ORIENTED_EDGE('',*,*,#2814,.F.);
#3818=ORIENTED_EDGE('',*,*,#2737,.F.);
#3819=ORIENTED_EDGE('',*,*,#2816,.F.);
#3820=ORIENTED_EDGE('',*,*,#2817,.T.);
#3821=ORIENTED_EDGE('',*,*,#2810,.F.);
#3822=ORIENTED_EDGE('',*,*,#2804,.F.);
#3823=ORIENTED_EDGE('',*,*,#2780,.F.);
#3824=ORIENTED_EDGE('',*,*,#2818,.F.);
#3825=ORIENTED_EDGE('',*,*,#2806,.T.);
#3826=ORIENTED_EDGE('',*,*,#2819,.F.);
#3827=ORIENTED_EDGE('',*,*,#2795,.F.);
#3828=ORIENTED_EDGE('',*,*,#2820,.F.);
#3829=ORIENTED_EDGE('',*,*,#2715,.F.);
#3830=ORIENTED_EDGE('',*,*,#2746,.F.);
#3831=ORIENTED_EDGE('',*,*,#2819,.T.);
#3832=ORIENTED_EDGE('',*,*,#2805,.F.);
#3833=ORIENTED_EDGE('',*,*,#2713,.F.);
#3834=ORIENTED_EDGE('',*,*,#2807,.F.);
#3835=ORIENTED_EDGE('',*,*,#2818,.T.);
#3836=ORIENTED_EDGE('',*,*,#2779,.F.);
#3837=ORIENTED_EDGE('',*,*,#2733,.F.);
#3838=ORIENTED_EDGE('',*,*,#2815,.F.);
#3839=ORIENTED_EDGE('',*,*,#2772,.T.);
#3840=ORIENTED_EDGE('',*,*,#2821,.F.);
#3841=ORIENTED_EDGE('',*,*,#2791,.F.);
#3842=ORIENTED_EDGE('',*,*,#2797,.F.);
#3843=ORIENTED_EDGE('',*,*,#2809,.F.);
#3844=ORIENTED_EDGE('',*,*,#2811,.T.);
#3845=ORIENTED_EDGE('',*,*,#2817,.F.);
#3846=ORIENTED_EDGE('',*,*,#2822,.F.);
#3847=ORIENTED_EDGE('',*,*,#2823,.F.);
#3848=ORIENTED_EDGE('',*,*,#2725,.F.);
#3849=ORIENTED_EDGE('',*,*,#2813,.F.);
#3850=ORIENTED_EDGE('',*,*,#2785,.T.);
#3851=ORIENTED_EDGE('',*,*,#2765,.F.);
#3852=ORIENTED_EDGE('',*,*,#2820,.T.);
#3853=ORIENTED_EDGE('',*,*,#2824,.T.);
#3854=ORIENTED_EDGE('',*,*,#2800,.F.);
#3855=ORIENTED_EDGE('',*,*,#2824,.F.);
#3856=ORIENTED_EDGE('',*,*,#2788,.T.);
#3857=ORIENTED_EDGE('',*,*,#2825,.T.);
#3858=ORIENTED_EDGE('',*,*,#2801,.F.);
#3859=ORIENTED_EDGE('',*,*,#2825,.F.);
#3860=ORIENTED_EDGE('',*,*,#2823,.T.);
#3861=ORIENTED_EDGE('',*,*,#2826,.T.);
#3862=ORIENTED_EDGE('',*,*,#2802,.F.);
#3863=ORIENTED_EDGE('',*,*,#2826,.F.);
#3864=ORIENTED_EDGE('',*,*,#2775,.T.);
#3865=ORIENTED_EDGE('',*,*,#2827,.T.);
#3866=ORIENTED_EDGE('',*,*,#2803,.F.);
#3867=ORIENTED_EDGE('',*,*,#2827,.F.);
#3868=ORIENTED_EDGE('',*,*,#2828,.F.);
#3869=ORIENTED_EDGE('',*,*,#2829,.T.);
#3870=ORIENTED_EDGE('',*,*,#2830,.F.);
#3871=ORIENTED_EDGE('',*,*,#2829,.F.);
#3872=ORIENTED_EDGE('',*,*,#2710,.T.);
#3873=ORIENTED_EDGE('',*,*,#2828,.T.);
#3874=ORIENTED_EDGE('',*,*,#2735,.F.);
#3875=ORIENTED_EDGE('',*,*,#2821,.T.);
#3876=ORIENTED_EDGE('',*,*,#2771,.T.);
#3877=ORIENTED_EDGE('',*,*,#2762,.F.);
#3878=ORIENTED_EDGE('',*,*,#2799,.F.);
#3879=ORIENTED_EDGE('',*,*,#2792,.F.);
#3880=ORIENTED_EDGE('',*,*,#2822,.T.);
#3881=ORIENTED_EDGE('',*,*,#2816,.T.);
#3882=ORIENTED_EDGE('',*,*,#2830,.T.);
#3883=ORIENTED_EDGE('',*,*,#2831,.T.);
#3884=ORIENTED_EDGE('',*,*,#2832,.T.);
#3885=ORIENTED_EDGE('',*,*,#2833,.T.);
#3886=ORIENTED_EDGE('',*,*,#2834,.T.);
#3887=ORIENTED_EDGE('',*,*,#2831,.F.);
#3888=ORIENTED_EDGE('',*,*,#2835,.T.);
#3889=ORIENTED_EDGE('',*,*,#2836,.F.);
#3890=ORIENTED_EDGE('',*,*,#2837,.T.);
#3891=ORIENTED_EDGE('',*,*,#2838,.F.);
#3892=ORIENTED_EDGE('',*,*,#2839,.T.);
#3893=ORIENTED_EDGE('',*,*,#2840,.F.);
#3894=ORIENTED_EDGE('',*,*,#2841,.T.);
#3895=ORIENTED_EDGE('',*,*,#2842,.T.);
#3896=ORIENTED_EDGE('',*,*,#2843,.T.);
#3897=ORIENTED_EDGE('',*,*,#2844,.T.);
#3898=ORIENTED_EDGE('',*,*,#2845,.T.);
#3899=ORIENTED_EDGE('',*,*,#2834,.F.);
#3900=ORIENTED_EDGE('',*,*,#2846,.F.);
#3901=ORIENTED_EDGE('',*,*,#2847,.F.);
#3902=ORIENTED_EDGE('',*,*,#2835,.F.);
#3903=ORIENTED_EDGE('',*,*,#2836,.T.);
#3904=ORIENTED_EDGE('',*,*,#2847,.T.);
#3905=ORIENTED_EDGE('',*,*,#2848,.T.);
#3906=ORIENTED_EDGE('',*,*,#2849,.T.);
#3907=ORIENTED_EDGE('',*,*,#2840,.T.);
#3908=ORIENTED_EDGE('',*,*,#2850,.T.);
#3909=ORIENTED_EDGE('',*,*,#2851,.T.);
#3910=ORIENTED_EDGE('',*,*,#2852,.T.);
#3911=ORIENTED_EDGE('',*,*,#2850,.F.);
#3912=ORIENTED_EDGE('',*,*,#2839,.F.);
#3913=ORIENTED_EDGE('',*,*,#2853,.F.);
#3914=ORIENTED_EDGE('',*,*,#2854,.F.);
#3915=ORIENTED_EDGE('',*,*,#2838,.T.);
#3916=ORIENTED_EDGE('',*,*,#2855,.T.);
#3917=ORIENTED_EDGE('',*,*,#2856,.T.);
#3918=ORIENTED_EDGE('',*,*,#2853,.T.);
#3919=ORIENTED_EDGE('',*,*,#2857,.F.);
#3920=ORIENTED_EDGE('',*,*,#2858,.T.);
#3921=ORIENTED_EDGE('',*,*,#2842,.F.);
#3922=ORIENTED_EDGE('',*,*,#2858,.F.);
#3923=ORIENTED_EDGE('',*,*,#2859,.F.);
#3924=ORIENTED_EDGE('',*,*,#2860,.T.);
#3925=ORIENTED_EDGE('',*,*,#2843,.F.);
#3926=ORIENTED_EDGE('',*,*,#2860,.F.);
#3927=ORIENTED_EDGE('',*,*,#2861,.F.);
#3928=ORIENTED_EDGE('',*,*,#2862,.T.);
#3929=ORIENTED_EDGE('',*,*,#2844,.F.);
#3930=ORIENTED_EDGE('',*,*,#2862,.F.);
#3931=ORIENTED_EDGE('',*,*,#2863,.F.);
#3932=ORIENTED_EDGE('',*,*,#2864,.T.);
#3933=ORIENTED_EDGE('',*,*,#2845,.F.);
#3934=ORIENTED_EDGE('',*,*,#2864,.F.);
#3935=ORIENTED_EDGE('',*,*,#2849,.F.);
#3936=ORIENTED_EDGE('',*,*,#2865,.F.);
#3937=ORIENTED_EDGE('',*,*,#2855,.F.);
#3938=ORIENTED_EDGE('',*,*,#2837,.F.);
#3939=ORIENTED_EDGE('',*,*,#2832,.F.);
#3940=ORIENTED_EDGE('',*,*,#2841,.F.);
#3941=ORIENTED_EDGE('',*,*,#2852,.F.);
#3942=ORIENTED_EDGE('',*,*,#2866,.F.);
#3943=ORIENTED_EDGE('',*,*,#2833,.F.);
#3944=ORIENTED_EDGE('',*,*,#2866,.T.);
#3945=ORIENTED_EDGE('',*,*,#2851,.F.);
#3946=ORIENTED_EDGE('',*,*,#2854,.T.);
#3947=ORIENTED_EDGE('',*,*,#2856,.F.);
#3948=ORIENTED_EDGE('',*,*,#2865,.T.);
#3949=ORIENTED_EDGE('',*,*,#2848,.F.);
#3950=ORIENTED_EDGE('',*,*,#2846,.T.);
#3951=ORIENTED_EDGE('',*,*,#2857,.T.);
#3952=ORIENTED_EDGE('',*,*,#2859,.T.);
#3953=ORIENTED_EDGE('',*,*,#2861,.T.);
#3954=ORIENTED_EDGE('',*,*,#2863,.T.);
#3955=ORIENTED_EDGE('',*,*,#2867,.F.);
#3956=ORIENTED_EDGE('',*,*,#2868,.T.);
#3957=ORIENTED_EDGE('',*,*,#2869,.T.);
#3958=ORIENTED_EDGE('',*,*,#2870,.F.);
#3959=ORIENTED_EDGE('',*,*,#2868,.F.);
#3960=ORIENTED_EDGE('',*,*,#2871,.T.);
#3961=ORIENTED_EDGE('',*,*,#2872,.F.);
#3962=ORIENTED_EDGE('',*,*,#2873,.T.);
#3963=ORIENTED_EDGE('',*,*,#2871,.F.);
#3964=ORIENTED_EDGE('',*,*,#2874,.T.);
#3965=ORIENTED_EDGE('',*,*,#2875,.T.);
#3966=ORIENTED_EDGE('',*,*,#2876,.F.);
#3967=ORIENTED_EDGE('',*,*,#2874,.F.);
#3968=ORIENTED_EDGE('',*,*,#2877,.T.);
#3969=ORIENTED_EDGE('',*,*,#2878,.F.);
#3970=ORIENTED_EDGE('',*,*,#2879,.T.);
#3971=ORIENTED_EDGE('',*,*,#2877,.F.);
#3972=ORIENTED_EDGE('',*,*,#2880,.T.);
#3973=ORIENTED_EDGE('',*,*,#2881,.T.);
#3974=ORIENTED_EDGE('',*,*,#2882,.F.);
#3975=ORIENTED_EDGE('',*,*,#2880,.F.);
#3976=ORIENTED_EDGE('',*,*,#2883,.T.);
#3977=ORIENTED_EDGE('',*,*,#2884,.F.);
#3978=ORIENTED_EDGE('',*,*,#2885,.T.);
#3979=ORIENTED_EDGE('',*,*,#2883,.F.);
#3980=ORIENTED_EDGE('',*,*,#2886,.T.);
#3981=ORIENTED_EDGE('',*,*,#2887,.T.);
#3982=ORIENTED_EDGE('',*,*,#2888,.F.);
#3983=ORIENTED_EDGE('',*,*,#2889,.F.);
#3984=ORIENTED_EDGE('',*,*,#2890,.T.);
#3985=ORIENTED_EDGE('',*,*,#2891,.T.);
#3986=ORIENTED_EDGE('',*,*,#2892,.F.);
#3987=ORIENTED_EDGE('',*,*,#2890,.F.);
#3988=ORIENTED_EDGE('',*,*,#2893,.T.);
#3989=ORIENTED_EDGE('',*,*,#2894,.F.);
#3990=ORIENTED_EDGE('',*,*,#2895,.T.);
#3991=ORIENTED_EDGE('',*,*,#2893,.F.);
#3992=ORIENTED_EDGE('',*,*,#2896,.T.);
#3993=ORIENTED_EDGE('',*,*,#2897,.T.);
#3994=ORIENTED_EDGE('',*,*,#2898,.F.);
#3995=ORIENTED_EDGE('',*,*,#2896,.F.);
#3996=ORIENTED_EDGE('',*,*,#2899,.T.);
#3997=ORIENTED_EDGE('',*,*,#2900,.F.);
#3998=ORIENTED_EDGE('',*,*,#2901,.T.);
#3999=ORIENTED_EDGE('',*,*,#2899,.F.);
#4000=ORIENTED_EDGE('',*,*,#2902,.T.);
#4001=ORIENTED_EDGE('',*,*,#2903,.T.);
#4002=ORIENTED_EDGE('',*,*,#2904,.F.);
#4003=ORIENTED_EDGE('',*,*,#2902,.F.);
#4004=ORIENTED_EDGE('',*,*,#2905,.T.);
#4005=ORIENTED_EDGE('',*,*,#2906,.F.);
#4006=ORIENTED_EDGE('',*,*,#2907,.T.);
#4007=ORIENTED_EDGE('',*,*,#2905,.F.);
#4008=ORIENTED_EDGE('',*,*,#2908,.T.);
#4009=ORIENTED_EDGE('',*,*,#2909,.T.);
#4010=ORIENTED_EDGE('',*,*,#2910,.F.);
#4011=ORIENTED_EDGE('',*,*,#2911,.F.);
#4012=ORIENTED_EDGE('',*,*,#2912,.T.);
#4013=ORIENTED_EDGE('',*,*,#2913,.T.);
#4014=ORIENTED_EDGE('',*,*,#2914,.F.);
#4015=ORIENTED_EDGE('',*,*,#2912,.F.);
#4016=ORIENTED_EDGE('',*,*,#2915,.T.);
#4017=ORIENTED_EDGE('',*,*,#2916,.F.);
#4018=ORIENTED_EDGE('',*,*,#2917,.T.);
#4019=ORIENTED_EDGE('',*,*,#2915,.F.);
#4020=ORIENTED_EDGE('',*,*,#2918,.T.);
#4021=ORIENTED_EDGE('',*,*,#2919,.T.);
#4022=ORIENTED_EDGE('',*,*,#2920,.F.);
#4023=ORIENTED_EDGE('',*,*,#2918,.F.);
#4024=ORIENTED_EDGE('',*,*,#2921,.T.);
#4025=ORIENTED_EDGE('',*,*,#2922,.F.);
#4026=ORIENTED_EDGE('',*,*,#2923,.T.);
#4027=ORIENTED_EDGE('',*,*,#2921,.F.);
#4028=ORIENTED_EDGE('',*,*,#2924,.T.);
#4029=ORIENTED_EDGE('',*,*,#2925,.T.);
#4030=ORIENTED_EDGE('',*,*,#2926,.F.);
#4031=ORIENTED_EDGE('',*,*,#2924,.F.);
#4032=ORIENTED_EDGE('',*,*,#2927,.T.);
#4033=ORIENTED_EDGE('',*,*,#2928,.F.);
#4034=ORIENTED_EDGE('',*,*,#2929,.T.);
#4035=ORIENTED_EDGE('',*,*,#2927,.F.);
#4036=ORIENTED_EDGE('',*,*,#2930,.T.);
#4037=ORIENTED_EDGE('',*,*,#2931,.T.);
#4038=ORIENTED_EDGE('',*,*,#2932,.F.);
#4039=ORIENTED_EDGE('',*,*,#2933,.T.);
#4040=ORIENTED_EDGE('',*,*,#2934,.T.);
#4041=ORIENTED_EDGE('',*,*,#2935,.T.);
#4042=ORIENTED_EDGE('',*,*,#2936,.T.);
#4043=ORIENTED_EDGE('',*,*,#2934,.F.);
#4044=ORIENTED_EDGE('',*,*,#2937,.F.);
#4045=ORIENTED_EDGE('',*,*,#2938,.F.);
#4046=ORIENTED_EDGE('',*,*,#2939,.T.);
#4047=ORIENTED_EDGE('',*,*,#2940,.T.);
#4048=ORIENTED_EDGE('',*,*,#2941,.T.);
#4049=ORIENTED_EDGE('',*,*,#2942,.T.);
#4050=ORIENTED_EDGE('',*,*,#2943,.T.);
#4051=ORIENTED_EDGE('',*,*,#2941,.F.);
#4052=ORIENTED_EDGE('',*,*,#2944,.F.);
#4053=ORIENTED_EDGE('',*,*,#2945,.F.);
#4054=ORIENTED_EDGE('',*,*,#2946,.T.);
#4055=ORIENTED_EDGE('',*,*,#2947,.F.);
#4056=ORIENTED_EDGE('',*,*,#2948,.T.);
#4057=ORIENTED_EDGE('',*,*,#2949,.T.);
#4058=ORIENTED_EDGE('',*,*,#2950,.T.);
#4059=ORIENTED_EDGE('',*,*,#2948,.F.);
#4060=ORIENTED_EDGE('',*,*,#2951,.T.);
#4061=ORIENTED_EDGE('',*,*,#2952,.F.);
#4062=ORIENTED_EDGE('',*,*,#2953,.F.);
#4063=ORIENTED_EDGE('',*,*,#2954,.F.);
#4064=ORIENTED_EDGE('',*,*,#2955,.T.);
#4065=ORIENTED_EDGE('',*,*,#2956,.T.);
#4066=ORIENTED_EDGE('',*,*,#2957,.T.);
#4067=ORIENTED_EDGE('',*,*,#2947,.T.);
#4068=ORIENTED_EDGE('',*,*,#2958,.F.);
#4069=ORIENTED_EDGE('',*,*,#2954,.T.);
#4070=ORIENTED_EDGE('',*,*,#2959,.F.);
#4071=ORIENTED_EDGE('',*,*,#2960,.T.);
#4072=ORIENTED_EDGE('',*,*,#2961,.F.);
#4073=ORIENTED_EDGE('',*,*,#2962,.T.);
#4074=ORIENTED_EDGE('',*,*,#2951,.F.);
#4075=ORIENTED_EDGE('',*,*,#2957,.F.);
#4076=ORIENTED_EDGE('',*,*,#2963,.F.);
#4077=ORIENTED_EDGE('',*,*,#2964,.F.);
#4078=ORIENTED_EDGE('',*,*,#2959,.T.);
#4079=ORIENTED_EDGE('',*,*,#2960,.F.);
#4080=ORIENTED_EDGE('',*,*,#2964,.T.);
#4081=ORIENTED_EDGE('',*,*,#2965,.T.);
#4082=ORIENTED_EDGE('',*,*,#2966,.T.);
#4083=ORIENTED_EDGE('',*,*,#2966,.F.);
#4084=ORIENTED_EDGE('',*,*,#2967,.F.);
#4085=ORIENTED_EDGE('',*,*,#2968,.F.);
#4086=ORIENTED_EDGE('',*,*,#2961,.T.);
#4087=ORIENTED_EDGE('',*,*,#2962,.F.);
#4088=ORIENTED_EDGE('',*,*,#2968,.T.);
#4089=ORIENTED_EDGE('',*,*,#2969,.T.);
#4090=ORIENTED_EDGE('',*,*,#2952,.T.);
#4091=ORIENTED_EDGE('',*,*,#2970,.T.);
#4092=ORIENTED_EDGE('',*,*,#2971,.F.);
#4093=ORIENTED_EDGE('',*,*,#2972,.F.);
#4094=ORIENTED_EDGE('',*,*,#2973,.F.);
#4095=ORIENTED_EDGE('',*,*,#2974,.F.);
#4096=ORIENTED_EDGE('',*,*,#2975,.F.);
#4097=ORIENTED_EDGE('',*,*,#2976,.T.);
#4098=ORIENTED_EDGE('',*,*,#2977,.F.);
#4099=ORIENTED_EDGE('',*,*,#2978,.T.);
#4100=ORIENTED_EDGE('',*,*,#2979,.T.);
#4101=ORIENTED_EDGE('',*,*,#2971,.T.);
#4102=ORIENTED_EDGE('',*,*,#2980,.T.);
#4103=ORIENTED_EDGE('',*,*,#2981,.T.);
#4104=ORIENTED_EDGE('',*,*,#2982,.T.);
#4105=ORIENTED_EDGE('',*,*,#2978,.F.);
#4106=ORIENTED_EDGE('',*,*,#2983,.T.);
#4107=ORIENTED_EDGE('',*,*,#2984,.T.);
#4108=ORIENTED_EDGE('',*,*,#2985,.T.);
#4109=ORIENTED_EDGE('',*,*,#2981,.F.);
#4110=ORIENTED_EDGE('',*,*,#2986,.T.);
#4111=ORIENTED_EDGE('',*,*,#2987,.T.);
#4112=ORIENTED_EDGE('',*,*,#2988,.T.);
#4113=ORIENTED_EDGE('',*,*,#2984,.F.);
#4114=ORIENTED_EDGE('',*,*,#2989,.T.);
#4115=ORIENTED_EDGE('',*,*,#2975,.T.);
#4116=ORIENTED_EDGE('',*,*,#2990,.T.);
#4117=ORIENTED_EDGE('',*,*,#2987,.F.);
#4118=ORIENTED_EDGE('',*,*,#2991,.T.);
#4119=ORIENTED_EDGE('',*,*,#2992,.F.);
#4120=ORIENTED_EDGE('',*,*,#2993,.F.);
#4121=ORIENTED_EDGE('',*,*,#2994,.F.);
#4122=ORIENTED_EDGE('',*,*,#2995,.F.);
#4123=ORIENTED_EDGE('',*,*,#2996,.F.);
#4124=ORIENTED_EDGE('',*,*,#2997,.F.);
#4125=ORIENTED_EDGE('',*,*,#2996,.T.);
#4126=ORIENTED_EDGE('',*,*,#2998,.T.);
#4127=ORIENTED_EDGE('',*,*,#2992,.T.);
#4128=ORIENTED_EDGE('',*,*,#2999,.T.);
#4129=ORIENTED_EDGE('',*,*,#2997,.T.);
#4130=ORIENTED_EDGE('',*,*,#3000,.T.);
#4131=ORIENTED_EDGE('',*,*,#2977,.T.);
#4132=ORIENTED_EDGE('',*,*,#3001,.T.);
#4133=ORIENTED_EDGE('',*,*,#3002,.F.);
#4134=ORIENTED_EDGE('',*,*,#3003,.F.);
#4135=ORIENTED_EDGE('',*,*,#3004,.F.);
#4136=ORIENTED_EDGE('',*,*,#2993,.T.);
#4137=ORIENTED_EDGE('',*,*,#3005,.T.);
#4138=ORIENTED_EDGE('',*,*,#3003,.T.);
#4139=ORIENTED_EDGE('',*,*,#3006,.T.);
#4140=ORIENTED_EDGE('',*,*,#3007,.F.);
#4141=ORIENTED_EDGE('',*,*,#3008,.F.);
#4142=ORIENTED_EDGE('',*,*,#3009,.F.);
#4143=ORIENTED_EDGE('',*,*,#2911,.T.);
#4144=ORIENTED_EDGE('',*,*,#3010,.F.);
#4145=ORIENTED_EDGE('',*,*,#3011,.T.);
#4146=ORIENTED_EDGE('',*,*,#2930,.F.);
#4147=ORIENTED_EDGE('',*,*,#3002,.T.);
#4148=ORIENTED_EDGE('',*,*,#3012,.T.);
#4149=ORIENTED_EDGE('',*,*,#2922,.T.);
#4150=ORIENTED_EDGE('',*,*,#2926,.T.);
#4151=ORIENTED_EDGE('',*,*,#3013,.T.);
#4152=ORIENTED_EDGE('',*,*,#2889,.T.);
#4153=ORIENTED_EDGE('',*,*,#3014,.F.);
#4154=ORIENTED_EDGE('',*,*,#3015,.T.);
#4155=ORIENTED_EDGE('',*,*,#2908,.F.);
#4156=ORIENTED_EDGE('',*,*,#2867,.T.);
#4157=ORIENTED_EDGE('',*,*,#3016,.F.);
#4158=ORIENTED_EDGE('',*,*,#3017,.T.);
#4159=ORIENTED_EDGE('',*,*,#2886,.F.);
#4160=ORIENTED_EDGE('',*,*,#3018,.F.);
#4161=ORIENTED_EDGE('',*,*,#3019,.F.);
#4162=ORIENTED_EDGE('',*,*,#3020,.F.);
#4163=ORIENTED_EDGE('',*,*,#3021,.F.);
#4164=ORIENTED_EDGE('',*,*,#3022,.F.);
#4165=ORIENTED_EDGE('',*,*,#3023,.F.);
#4166=ORIENTED_EDGE('',*,*,#3024,.F.);
#4167=ORIENTED_EDGE('',*,*,#3025,.F.);
#4168=ORIENTED_EDGE('',*,*,#3026,.T.);
#4169=ORIENTED_EDGE('',*,*,#3027,.F.);
#4170=ORIENTED_EDGE('',*,*,#3028,.T.);
#4171=ORIENTED_EDGE('',*,*,#3029,.F.);
#4172=ORIENTED_EDGE('',*,*,#3030,.F.);
#4173=ORIENTED_EDGE('',*,*,#3031,.F.);
#4174=ORIENTED_EDGE('',*,*,#3032,.T.);
#4175=ORIENTED_EDGE('',*,*,#3033,.T.);
#4176=ORIENTED_EDGE('',*,*,#3029,.T.);
#4177=ORIENTED_EDGE('',*,*,#3034,.T.);
#4178=ORIENTED_EDGE('',*,*,#3035,.T.);
#4179=ORIENTED_EDGE('',*,*,#3036,.T.);
#4180=ORIENTED_EDGE('',*,*,#3032,.F.);
#4181=ORIENTED_EDGE('',*,*,#3037,.T.);
#4182=ORIENTED_EDGE('',*,*,#3038,.T.);
#4183=ORIENTED_EDGE('',*,*,#3039,.T.);
#4184=ORIENTED_EDGE('',*,*,#3035,.F.);
#4185=ORIENTED_EDGE('',*,*,#3040,.T.);
#4186=ORIENTED_EDGE('',*,*,#3041,.T.);
#4187=ORIENTED_EDGE('',*,*,#3042,.T.);
#4188=ORIENTED_EDGE('',*,*,#3038,.F.);
#4189=ORIENTED_EDGE('',*,*,#3043,.T.);
#4190=ORIENTED_EDGE('',*,*,#3025,.T.);
#4191=ORIENTED_EDGE('',*,*,#3044,.T.);
#4192=ORIENTED_EDGE('',*,*,#3041,.F.);
#4193=ORIENTED_EDGE('',*,*,#3045,.T.);
#4194=ORIENTED_EDGE('',*,*,#3030,.T.);
#4195=ORIENTED_EDGE('',*,*,#3046,.T.);
#4196=ORIENTED_EDGE('',*,*,#3024,.T.);
#4197=ORIENTED_EDGE('',*,*,#3047,.T.);
#4198=ORIENTED_EDGE('',*,*,#3022,.T.);
#4199=ORIENTED_EDGE('',*,*,#3048,.T.);
#4200=ORIENTED_EDGE('',*,*,#3031,.T.);
#4201=ORIENTED_EDGE('',*,*,#3049,.T.);
#4202=ORIENTED_EDGE('',*,*,#3019,.T.);
#4203=ORIENTED_EDGE('',*,*,#3050,.T.);
#4204=ORIENTED_EDGE('',*,*,#3027,.T.);
#4205=ORIENTED_EDGE('',*,*,#3051,.T.);
#4206=ORIENTED_EDGE('',*,*,#2906,.T.);
#4207=ORIENTED_EDGE('',*,*,#2910,.T.);
#4208=ORIENTED_EDGE('',*,*,#3052,.T.);
#4209=ORIENTED_EDGE('',*,*,#3023,.T.);
#4210=ORIENTED_EDGE('',*,*,#3053,.T.);
#4211=ORIENTED_EDGE('',*,*,#3021,.T.);
#4212=ORIENTED_EDGE('',*,*,#3054,.T.);
#4213=ORIENTED_EDGE('',*,*,#3016,.T.);
#4214=ORIENTED_EDGE('',*,*,#2870,.T.);
#4215=ORIENTED_EDGE('',*,*,#3055,.T.);
#4216=ORIENTED_EDGE('',*,*,#2928,.T.);
#4217=ORIENTED_EDGE('',*,*,#2932,.T.);
#4218=ORIENTED_EDGE('',*,*,#3056,.T.);
#4219=ORIENTED_EDGE('',*,*,#3020,.T.);
#4220=ORIENTED_EDGE('',*,*,#3057,.T.);
#4221=ORIENTED_EDGE('',*,*,#3018,.T.);
#4222=ORIENTED_EDGE('',*,*,#3058,.T.);
#4223=ORIENTED_EDGE('',*,*,#2900,.T.);
#4224=ORIENTED_EDGE('',*,*,#2904,.T.);
#4225=ORIENTED_EDGE('',*,*,#3059,.T.);
#4226=ORIENTED_EDGE('',*,*,#2884,.T.);
#4227=ORIENTED_EDGE('',*,*,#2888,.T.);
#4228=ORIENTED_EDGE('',*,*,#3060,.T.);
#4229=ORIENTED_EDGE('',*,*,#3014,.T.);
#4230=ORIENTED_EDGE('',*,*,#2892,.T.);
#4231=ORIENTED_EDGE('',*,*,#3061,.T.);
#4232=ORIENTED_EDGE('',*,*,#3062,.T.);
#4233=ORIENTED_EDGE('',*,*,#3063,.T.);
#4234=ORIENTED_EDGE('',*,*,#2878,.T.);
#4235=ORIENTED_EDGE('',*,*,#2882,.T.);
#4236=ORIENTED_EDGE('',*,*,#3064,.T.);
#4237=ORIENTED_EDGE('',*,*,#3065,.T.);
#4238=ORIENTED_EDGE('',*,*,#3066,.T.);
#4239=ORIENTED_EDGE('',*,*,#3062,.F.);
#4240=ORIENTED_EDGE('',*,*,#2938,.T.);
#4241=ORIENTED_EDGE('',*,*,#3067,.T.);
#4242=ORIENTED_EDGE('',*,*,#3068,.T.);
#4243=ORIENTED_EDGE('',*,*,#3065,.F.);
#4244=ORIENTED_EDGE('',*,*,#3069,.T.);
#4245=ORIENTED_EDGE('',*,*,#3070,.T.);
#4246=ORIENTED_EDGE('',*,*,#3071,.T.);
#4247=ORIENTED_EDGE('',*,*,#3067,.F.);
#4248=ORIENTED_EDGE('',*,*,#2945,.T.);
#4249=ORIENTED_EDGE('',*,*,#2916,.T.);
#4250=ORIENTED_EDGE('',*,*,#2920,.T.);
#4251=ORIENTED_EDGE('',*,*,#3072,.T.);
#4252=ORIENTED_EDGE('',*,*,#3070,.F.);
#4253=ORIENTED_EDGE('',*,*,#3073,.T.);
#4254=ORIENTED_EDGE('',*,*,#2872,.T.);
#4255=ORIENTED_EDGE('',*,*,#2876,.T.);
#4256=ORIENTED_EDGE('',*,*,#3074,.T.);
#4257=ORIENTED_EDGE('',*,*,#3008,.T.);
#4258=ORIENTED_EDGE('',*,*,#3075,.T.);
#4259=ORIENTED_EDGE('',*,*,#2894,.T.);
#4260=ORIENTED_EDGE('',*,*,#2898,.T.);
#4261=ORIENTED_EDGE('',*,*,#3076,.T.);
#4262=ORIENTED_EDGE('',*,*,#3010,.T.);
#4263=ORIENTED_EDGE('',*,*,#2914,.T.);
#4264=ORIENTED_EDGE('',*,*,#3077,.T.);
#4265=ORIENTED_EDGE('',*,*,#3004,.T.);
#4266=ORIENTED_EDGE('',*,*,#3078,.T.);
#4267=ORIENTED_EDGE('',*,*,#3009,.T.);
#4268=ORIENTED_EDGE('',*,*,#3079,.T.);
#4269=ORIENTED_EDGE('',*,*,#3007,.T.);
#4270=ORIENTED_EDGE('',*,*,#3080,.T.);
#4271=ORIENTED_EDGE('',*,*,#2995,.T.);
#4272=ORIENTED_EDGE('',*,*,#3081,.T.);
#4273=ORIENTED_EDGE('',*,*,#2994,.T.);
#4274=ORIENTED_EDGE('',*,*,#3082,.T.);
#4275=ORIENTED_EDGE('',*,*,#2973,.T.);
#4276=ORIENTED_EDGE('',*,*,#3083,.T.);
#4277=ORIENTED_EDGE('',*,*,#2972,.T.);
#4278=ORIENTED_EDGE('',*,*,#3084,.T.);
#4279=ORIENTED_EDGE('',*,*,#2974,.T.);
#4280=ORIENTED_EDGE('',*,*,#3085,.T.);
#4281=ORIENTED_EDGE('',*,*,#3069,.F.);
#4282=ORIENTED_EDGE('',*,*,#2937,.T.);
#4283=ORIENTED_EDGE('',*,*,#2933,.F.);
#4284=ORIENTED_EDGE('',*,*,#3086,.T.);
#4285=ORIENTED_EDGE('',*,*,#3087,.T.);
#4286=ORIENTED_EDGE('',*,*,#3088,.F.);
#4287=ORIENTED_EDGE('',*,*,#3089,.F.);
#4288=ORIENTED_EDGE('',*,*,#3090,.T.);
#4289=ORIENTED_EDGE('',*,*,#2942,.F.);
#4290=ORIENTED_EDGE('',*,*,#2946,.F.);
#4291=ORIENTED_EDGE('',*,*,#2980,.F.);
#4292=ORIENTED_EDGE('',*,*,#2970,.F.);
#4293=ORIENTED_EDGE('',*,*,#3082,.F.);
#4294=ORIENTED_EDGE('',*,*,#3006,.F.);
#4295=ORIENTED_EDGE('',*,*,#3013,.F.);
#4296=ORIENTED_EDGE('',*,*,#2925,.F.);
#4297=ORIENTED_EDGE('',*,*,#2929,.F.);
#4298=ORIENTED_EDGE('',*,*,#3057,.F.);
#4299=ORIENTED_EDGE('',*,*,#3051,.F.);
#4300=ORIENTED_EDGE('',*,*,#3026,.F.);
#4301=ORIENTED_EDGE('',*,*,#3045,.F.);
#4302=ORIENTED_EDGE('',*,*,#3091,.F.);
#4303=ORIENTED_EDGE('',*,*,#3092,.F.);
#4304=ORIENTED_EDGE('',*,*,#3093,.F.);
#4305=ORIENTED_EDGE('',*,*,#3094,.F.);
#4306=ORIENTED_EDGE('',*,*,#3095,.F.);
#4307=ORIENTED_EDGE('',*,*,#3096,.F.);
#4308=ORIENTED_EDGE('',*,*,#3097,.F.);
#4309=ORIENTED_EDGE('',*,*,#3043,.F.);
#4310=ORIENTED_EDGE('',*,*,#3098,.T.);
#4311=ORIENTED_EDGE('',*,*,#3099,.T.);
#4312=ORIENTED_EDGE('',*,*,#3091,.T.);
#4313=ORIENTED_EDGE('',*,*,#3040,.F.);
#4314=ORIENTED_EDGE('',*,*,#3100,.F.);
#4315=ORIENTED_EDGE('',*,*,#3101,.F.);
#4316=ORIENTED_EDGE('',*,*,#3098,.F.);
#4317=ORIENTED_EDGE('',*,*,#3037,.F.);
#4318=ORIENTED_EDGE('',*,*,#3102,.T.);
#4319=ORIENTED_EDGE('',*,*,#3103,.T.);
#4320=ORIENTED_EDGE('',*,*,#3100,.T.);
#4321=ORIENTED_EDGE('',*,*,#2979,.F.);
#4322=ORIENTED_EDGE('',*,*,#2982,.F.);
#4323=ORIENTED_EDGE('',*,*,#2985,.F.);
#4324=ORIENTED_EDGE('',*,*,#2988,.F.);
#4325=ORIENTED_EDGE('',*,*,#2990,.F.);
#4326=ORIENTED_EDGE('',*,*,#3084,.F.);
#4327=ORIENTED_EDGE('',*,*,#3104,.T.);
#4328=ORIENTED_EDGE('',*,*,#2998,.F.);
#4329=ORIENTED_EDGE('',*,*,#3080,.F.);
#4330=ORIENTED_EDGE('',*,*,#3078,.F.);
#4331=ORIENTED_EDGE('',*,*,#3005,.F.);
#4332=ORIENTED_EDGE('',*,*,#2963,.T.);
#4333=ORIENTED_EDGE('',*,*,#2956,.F.);
#4334=ORIENTED_EDGE('',*,*,#3105,.T.);
#4335=ORIENTED_EDGE('',*,*,#2949,.F.);
#4336=ORIENTED_EDGE('',*,*,#2953,.T.);
#4337=ORIENTED_EDGE('',*,*,#2969,.F.);
#4338=ORIENTED_EDGE('',*,*,#2967,.T.);
#4339=ORIENTED_EDGE('',*,*,#2965,.F.);
#4340=ORIENTED_EDGE('',*,*,#2999,.F.);
#4341=ORIENTED_EDGE('',*,*,#3083,.F.);
#4342=ORIENTED_EDGE('',*,*,#3085,.F.);
#4343=ORIENTED_EDGE('',*,*,#3000,.F.);
#4344=ORIENTED_EDGE('',*,*,#2901,.F.);
#4345=ORIENTED_EDGE('',*,*,#3058,.F.);
#4346=ORIENTED_EDGE('',*,*,#3056,.F.);
#4347=ORIENTED_EDGE('',*,*,#2931,.F.);
#4348=ORIENTED_EDGE('',*,*,#3011,.F.);
#4349=ORIENTED_EDGE('',*,*,#3076,.F.);
#4350=ORIENTED_EDGE('',*,*,#2897,.F.);
#4351=ORIENTED_EDGE('',*,*,#2879,.F.);
#4352=ORIENTED_EDGE('',*,*,#3063,.F.);
#4353=ORIENTED_EDGE('',*,*,#3066,.F.);
#4354=ORIENTED_EDGE('',*,*,#3068,.F.);
#4355=ORIENTED_EDGE('',*,*,#3071,.F.);
#4356=ORIENTED_EDGE('',*,*,#3072,.F.);
#4357=ORIENTED_EDGE('',*,*,#2919,.F.);
#4358=ORIENTED_EDGE('',*,*,#2923,.F.);
#4359=ORIENTED_EDGE('',*,*,#3012,.F.);
#4360=ORIENTED_EDGE('',*,*,#3079,.F.);
#4361=ORIENTED_EDGE('',*,*,#3074,.F.);
#4362=ORIENTED_EDGE('',*,*,#2875,.F.);
#4363=ORIENTED_EDGE('',*,*,#3017,.F.);
#4364=ORIENTED_EDGE('',*,*,#3054,.F.);
#4365=ORIENTED_EDGE('',*,*,#3052,.F.);
#4366=ORIENTED_EDGE('',*,*,#2909,.F.);
#4367=ORIENTED_EDGE('',*,*,#3015,.F.);
#4368=ORIENTED_EDGE('',*,*,#3060,.F.);
#4369=ORIENTED_EDGE('',*,*,#2887,.F.);
#4370=ORIENTED_EDGE('',*,*,#3033,.F.);
#4371=ORIENTED_EDGE('',*,*,#3036,.F.);
#4372=ORIENTED_EDGE('',*,*,#3039,.F.);
#4373=ORIENTED_EDGE('',*,*,#3042,.F.);
#4374=ORIENTED_EDGE('',*,*,#3044,.F.);
#4375=ORIENTED_EDGE('',*,*,#3046,.F.);
#4376=ORIENTED_EDGE('',*,*,#3106,.T.);
#4377=ORIENTED_EDGE('',*,*,#3047,.F.);
#4378=ORIENTED_EDGE('',*,*,#3050,.F.);
#4379=ORIENTED_EDGE('',*,*,#3059,.F.);
#4380=ORIENTED_EDGE('',*,*,#2903,.F.);
#4381=ORIENTED_EDGE('',*,*,#2907,.F.);
#4382=ORIENTED_EDGE('',*,*,#3053,.F.);
#4383=ORIENTED_EDGE('',*,*,#3049,.F.);
#4384=ORIENTED_EDGE('',*,*,#3107,.T.);
#4385=ORIENTED_EDGE('',*,*,#3093,.T.);
#4386=ORIENTED_EDGE('',*,*,#3108,.T.);
#4387=ORIENTED_EDGE('',*,*,#3109,.T.);
#4388=ORIENTED_EDGE('',*,*,#3107,.F.);
#4389=ORIENTED_EDGE('',*,*,#3110,.T.);
#4390=ORIENTED_EDGE('',*,*,#3111,.F.);
#4391=ORIENTED_EDGE('',*,*,#3112,.T.);
#4392=ORIENTED_EDGE('',*,*,#3113,.F.);
#4393=ORIENTED_EDGE('',*,*,#3114,.T.);
#4394=ORIENTED_EDGE('',*,*,#3115,.F.);
#4395=ORIENTED_EDGE('',*,*,#3094,.T.);
#4396=ORIENTED_EDGE('',*,*,#3116,.T.);
#4397=ORIENTED_EDGE('',*,*,#3117,.T.);
#4398=ORIENTED_EDGE('',*,*,#3118,.T.);
#4399=ORIENTED_EDGE('',*,*,#3119,.T.);
#4400=ORIENTED_EDGE('',*,*,#3120,.T.);
#4401=ORIENTED_EDGE('',*,*,#3121,.T.);
#4402=ORIENTED_EDGE('',*,*,#3088,.T.);
#4403=ORIENTED_EDGE('',*,*,#3122,.F.);
#4404=ORIENTED_EDGE('',*,*,#3123,.T.);
#4405=ORIENTED_EDGE('',*,*,#3121,.F.);
#4406=ORIENTED_EDGE('',*,*,#3124,.T.);
#4407=ORIENTED_EDGE('',*,*,#3122,.T.);
#4408=ORIENTED_EDGE('',*,*,#3120,.F.);
#4409=ORIENTED_EDGE('',*,*,#3124,.F.);
#4410=ORIENTED_EDGE('',*,*,#3125,.T.);
#4411=ORIENTED_EDGE('',*,*,#3126,.T.);
#4412=ORIENTED_EDGE('',*,*,#3115,.T.);
#4413=ORIENTED_EDGE('',*,*,#3127,.T.);
#4414=ORIENTED_EDGE('',*,*,#3128,.T.);
#4415=ORIENTED_EDGE('',*,*,#3095,.T.);
#4416=ORIENTED_EDGE('',*,*,#3127,.F.);
#4417=ORIENTED_EDGE('',*,*,#3114,.F.);
#4418=ORIENTED_EDGE('',*,*,#3129,.F.);
#4419=ORIENTED_EDGE('',*,*,#3130,.F.);
#4420=ORIENTED_EDGE('',*,*,#3113,.T.);
#4421=ORIENTED_EDGE('',*,*,#3131,.T.);
#4422=ORIENTED_EDGE('',*,*,#3132,.T.);
#4423=ORIENTED_EDGE('',*,*,#3129,.T.);
#4424=ORIENTED_EDGE('',*,*,#2991,.F.);
#4425=ORIENTED_EDGE('',*,*,#3133,.F.);
#4426=ORIENTED_EDGE('',*,*,#3134,.F.);
#4427=ORIENTED_EDGE('',*,*,#3131,.F.);
#4428=ORIENTED_EDGE('',*,*,#3112,.F.);
#4429=ORIENTED_EDGE('',*,*,#3135,.F.);
#4430=ORIENTED_EDGE('',*,*,#3136,.F.);
#4431=ORIENTED_EDGE('',*,*,#3102,.F.);
#4432=ORIENTED_EDGE('',*,*,#3034,.F.);
#4433=ORIENTED_EDGE('',*,*,#3028,.F.);
#4434=ORIENTED_EDGE('',*,*,#3048,.F.);
#4435=ORIENTED_EDGE('',*,*,#3055,.F.);
#4436=ORIENTED_EDGE('',*,*,#2869,.F.);
#4437=ORIENTED_EDGE('',*,*,#2873,.F.);
#4438=ORIENTED_EDGE('',*,*,#3075,.F.);
#4439=ORIENTED_EDGE('',*,*,#3081,.F.);
#4440=ORIENTED_EDGE('',*,*,#3001,.F.);
#4441=ORIENTED_EDGE('',*,*,#2976,.F.);
#4442=ORIENTED_EDGE('',*,*,#3111,.T.);
#4443=ORIENTED_EDGE('',*,*,#3137,.T.);
#4444=ORIENTED_EDGE('',*,*,#3138,.T.);
#4445=ORIENTED_EDGE('',*,*,#3135,.T.);
#4446=ORIENTED_EDGE('',*,*,#3116,.F.);
#4447=ORIENTED_EDGE('',*,*,#3139,.T.);
#4448=ORIENTED_EDGE('',*,*,#3140,.F.);
#4449=ORIENTED_EDGE('',*,*,#3139,.F.);
#4450=ORIENTED_EDGE('',*,*,#3117,.F.);
#4451=ORIENTED_EDGE('',*,*,#3141,.T.);
#4452=ORIENTED_EDGE('',*,*,#3142,.F.);
#4453=ORIENTED_EDGE('',*,*,#3141,.F.);
#4454=ORIENTED_EDGE('',*,*,#3118,.F.);
#4455=ORIENTED_EDGE('',*,*,#3143,.T.);
#4456=ORIENTED_EDGE('',*,*,#3144,.F.);
#4457=ORIENTED_EDGE('',*,*,#3143,.F.);
#4458=ORIENTED_EDGE('',*,*,#3119,.F.);
#4459=ORIENTED_EDGE('',*,*,#3145,.T.);
#4460=ORIENTED_EDGE('',*,*,#3146,.F.);
#4461=ORIENTED_EDGE('',*,*,#3145,.F.);
#4462=ORIENTED_EDGE('',*,*,#2950,.F.);
#4463=ORIENTED_EDGE('',*,*,#3105,.F.);
#4464=ORIENTED_EDGE('',*,*,#2955,.F.);
#4465=ORIENTED_EDGE('',*,*,#2958,.T.);
#4466=ORIENTED_EDGE('',*,*,#3147,.F.);
#4467=ORIENTED_EDGE('',*,*,#3148,.F.);
#4468=ORIENTED_EDGE('',*,*,#3149,.F.);
#4469=ORIENTED_EDGE('',*,*,#3150,.F.);
#4470=ORIENTED_EDGE('',*,*,#3151,.F.);
#4471=ORIENTED_EDGE('',*,*,#3152,.F.);
#4472=ORIENTED_EDGE('',*,*,#3153,.F.);
#4473=ORIENTED_EDGE('',*,*,#3154,.F.);
#4474=ORIENTED_EDGE('',*,*,#3155,.T.);
#4475=ORIENTED_EDGE('',*,*,#3156,.F.);
#4476=ORIENTED_EDGE('',*,*,#3157,.F.);
#4477=ORIENTED_EDGE('',*,*,#3158,.F.);
#4478=ORIENTED_EDGE('',*,*,#3159,.T.);
#4479=ORIENTED_EDGE('',*,*,#3160,.F.);
#4480=ORIENTED_EDGE('',*,*,#3161,.F.);
#4481=ORIENTED_EDGE('',*,*,#3162,.F.);
#4482=ORIENTED_EDGE('',*,*,#3163,.T.);
#4483=ORIENTED_EDGE('',*,*,#3149,.T.);
#4484=ORIENTED_EDGE('',*,*,#3164,.F.);
#4485=ORIENTED_EDGE('',*,*,#3165,.F.);
#4486=ORIENTED_EDGE('',*,*,#3166,.T.);
#4487=ORIENTED_EDGE('',*,*,#3167,.F.);
#4488=ORIENTED_EDGE('',*,*,#3168,.F.);
#4489=ORIENTED_EDGE('',*,*,#3169,.F.);
#4490=ORIENTED_EDGE('',*,*,#3170,.T.);
#4491=ORIENTED_EDGE('',*,*,#3171,.F.);
#4492=ORIENTED_EDGE('',*,*,#3172,.F.);
#4493=ORIENTED_EDGE('',*,*,#3148,.T.);
#4494=ORIENTED_EDGE('',*,*,#3173,.T.);
#4495=ORIENTED_EDGE('',*,*,#3174,.F.);
#4496=ORIENTED_EDGE('',*,*,#3175,.F.);
#4497=ORIENTED_EDGE('',*,*,#3176,.F.);
#4498=ORIENTED_EDGE('',*,*,#3147,.T.);
#4499=ORIENTED_EDGE('',*,*,#3177,.T.);
#4500=ORIENTED_EDGE('',*,*,#3178,.F.);
#4501=ORIENTED_EDGE('',*,*,#3179,.F.);
#4502=ORIENTED_EDGE('',*,*,#3152,.T.);
#4503=ORIENTED_EDGE('',*,*,#3180,.T.);
#4504=ORIENTED_EDGE('',*,*,#3181,.F.);
#4505=ORIENTED_EDGE('',*,*,#3182,.T.);
#4506=ORIENTED_EDGE('',*,*,#3183,.F.);
#4507=ORIENTED_EDGE('',*,*,#3184,.F.);
#4508=ORIENTED_EDGE('',*,*,#3185,.F.);
#4509=ORIENTED_EDGE('',*,*,#3186,.T.);
#4510=ORIENTED_EDGE('',*,*,#3181,.T.);
#4511=ORIENTED_EDGE('',*,*,#3187,.F.);
#4512=ORIENTED_EDGE('',*,*,#3188,.F.);
#4513=ORIENTED_EDGE('',*,*,#3189,.T.);
#4514=ORIENTED_EDGE('',*,*,#3185,.T.);
#4515=ORIENTED_EDGE('',*,*,#3190,.F.);
#4516=ORIENTED_EDGE('',*,*,#3191,.F.);
#4517=ORIENTED_EDGE('',*,*,#3192,.T.);
#4518=ORIENTED_EDGE('',*,*,#3193,.F.);
#4519=ORIENTED_EDGE('',*,*,#3194,.F.);
#4520=ORIENTED_EDGE('',*,*,#3195,.F.);
#4521=ORIENTED_EDGE('',*,*,#3196,.F.);
#4522=ORIENTED_EDGE('',*,*,#3197,.T.);
#4523=ORIENTED_EDGE('',*,*,#3151,.T.);
#4524=ORIENTED_EDGE('',*,*,#3198,.F.);
#4525=ORIENTED_EDGE('',*,*,#3150,.T.);
#4526=ORIENTED_EDGE('',*,*,#3199,.T.);
#4527=ORIENTED_EDGE('',*,*,#3200,.F.);
#4528=ORIENTED_EDGE('',*,*,#3201,.F.);
#4529=ORIENTED_EDGE('',*,*,#3183,.T.);
#4530=ORIENTED_EDGE('',*,*,#3202,.T.);
#4531=ORIENTED_EDGE('',*,*,#3191,.T.);
#4532=ORIENTED_EDGE('',*,*,#3203,.F.);
#4533=ORIENTED_EDGE('',*,*,#3204,.T.);
#4534=ORIENTED_EDGE('',*,*,#3205,.T.);
#4535=ORIENTED_EDGE('',*,*,#3204,.F.);
#4536=ORIENTED_EDGE('',*,*,#3206,.T.);
#4537=ORIENTED_EDGE('',*,*,#3207,.T.);
#4538=ORIENTED_EDGE('',*,*,#3208,.T.);
#4539=ORIENTED_EDGE('',*,*,#3207,.F.);
#4540=ORIENTED_EDGE('',*,*,#3206,.F.);
#4541=ORIENTED_EDGE('',*,*,#3209,.T.);
#4542=ORIENTED_EDGE('',*,*,#3210,.T.);
#4543=ORIENTED_EDGE('',*,*,#3209,.F.);
#4544=ORIENTED_EDGE('',*,*,#3211,.F.);
#4545=ORIENTED_EDGE('',*,*,#3212,.F.);
#4546=ORIENTED_EDGE('',*,*,#3213,.F.);
#4547=ORIENTED_EDGE('',*,*,#3214,.F.);
#4548=ORIENTED_EDGE('',*,*,#3215,.F.);
#4549=ORIENTED_EDGE('',*,*,#3216,.F.);
#4550=ORIENTED_EDGE('',*,*,#3217,.F.);
#4551=ORIENTED_EDGE('',*,*,#3218,.F.);
#4552=ORIENTED_EDGE('',*,*,#3219,.F.);
#4553=ORIENTED_EDGE('',*,*,#3220,.F.);
#4554=ORIENTED_EDGE('',*,*,#3221,.F.);
#4555=ORIENTED_EDGE('',*,*,#3222,.F.);
#4556=ORIENTED_EDGE('',*,*,#3223,.F.);
#4557=ORIENTED_EDGE('',*,*,#3224,.F.);
#4558=ORIENTED_EDGE('',*,*,#3225,.F.);
#4559=ORIENTED_EDGE('',*,*,#3226,.F.);
#4560=ORIENTED_EDGE('',*,*,#3140,.T.);
#4561=ORIENTED_EDGE('',*,*,#3142,.T.);
#4562=ORIENTED_EDGE('',*,*,#3144,.T.);
#4563=ORIENTED_EDGE('',*,*,#3146,.T.);
#4564=ORIENTED_EDGE('',*,*,#3226,.T.);
#4565=ORIENTED_EDGE('',*,*,#3227,.T.);
#4566=ORIENTED_EDGE('',*,*,#3220,.T.);
#4567=ORIENTED_EDGE('',*,*,#3228,.T.);
#4568=ORIENTED_EDGE('',*,*,#3224,.T.);
#4569=ORIENTED_EDGE('',*,*,#3229,.T.);
#4570=ORIENTED_EDGE('',*,*,#3214,.T.);
#4571=ORIENTED_EDGE('',*,*,#3230,.T.);
#4572=ORIENTED_EDGE('',*,*,#3231,.T.);
#4573=ORIENTED_EDGE('',*,*,#3232,.T.);
#4574=ORIENTED_EDGE('',*,*,#3159,.F.);
#4575=ORIENTED_EDGE('',*,*,#3233,.T.);
#4576=ORIENTED_EDGE('',*,*,#3234,.T.);
#4577=ORIENTED_EDGE('',*,*,#3235,.T.);
#4578=ORIENTED_EDGE('',*,*,#3234,.F.);
#4579=ORIENTED_EDGE('',*,*,#3236,.T.);
#4580=ORIENTED_EDGE('',*,*,#3237,.F.);
#4581=ORIENTED_EDGE('',*,*,#3238,.T.);
#4582=ORIENTED_EDGE('',*,*,#3239,.F.);
#4583=ORIENTED_EDGE('',*,*,#3240,.T.);
#4584=ORIENTED_EDGE('',*,*,#3231,.F.);
#4585=ORIENTED_EDGE('',*,*,#3241,.T.);
#4586=ORIENTED_EDGE('',*,*,#3242,.T.);
#4587=ORIENTED_EDGE('',*,*,#3243,.T.);
#4588=ORIENTED_EDGE('',*,*,#3244,.F.);
#4589=ORIENTED_EDGE('',*,*,#3245,.T.);
#4590=ORIENTED_EDGE('',*,*,#3246,.F.);
#4591=ORIENTED_EDGE('',*,*,#3247,.T.);
#4592=ORIENTED_EDGE('',*,*,#3248,.T.);
#4593=ORIENTED_EDGE('',*,*,#3249,.T.);
#4594=ORIENTED_EDGE('',*,*,#3235,.F.);
#4595=ORIENTED_EDGE('',*,*,#3238,.F.);
#4596=ORIENTED_EDGE('',*,*,#3250,.F.);
#4597=ORIENTED_EDGE('',*,*,#3211,.T.);
#4598=ORIENTED_EDGE('',*,*,#3251,.F.);
#4599=ORIENTED_EDGE('',*,*,#3241,.F.);
#4600=ORIENTED_EDGE('',*,*,#3249,.F.);
#4601=ORIENTED_EDGE('',*,*,#3252,.T.);
#4602=ORIENTED_EDGE('',*,*,#3245,.F.);
#4603=ORIENTED_EDGE('',*,*,#3253,.F.);
#4604=ORIENTED_EDGE('',*,*,#3217,.T.);
#4605=ORIENTED_EDGE('',*,*,#3254,.F.);
#4606=ORIENTED_EDGE('',*,*,#3155,.F.);
#4607=ORIENTED_EDGE('',*,*,#3255,.T.);
#4608=ORIENTED_EDGE('',*,*,#3242,.F.);
#4609=ORIENTED_EDGE('',*,*,#3252,.F.);
#4610=ORIENTED_EDGE('',*,*,#3248,.F.);
#4611=ORIENTED_EDGE('',*,*,#3256,.T.);
#4612=ORIENTED_EDGE('',*,*,#3153,.T.);
#4613=ORIENTED_EDGE('',*,*,#3257,.T.);
#4614=ORIENTED_EDGE('',*,*,#3258,.T.);
#4615=ORIENTED_EDGE('',*,*,#3169,.T.);
#4616=ORIENTED_EDGE('',*,*,#3167,.T.);
#4617=ORIENTED_EDGE('',*,*,#3259,.T.);
#4618=ORIENTED_EDGE('',*,*,#3260,.T.);
#4619=ORIENTED_EDGE('',*,*,#3157,.T.);
#4620=ORIENTED_EDGE('',*,*,#3261,.T.);
#4621=ORIENTED_EDGE('',*,*,#3262,.T.);
#4622=ORIENTED_EDGE('',*,*,#3263,.T.);
#4623=ORIENTED_EDGE('',*,*,#3258,.F.);
#4624=ORIENTED_EDGE('',*,*,#3264,.T.);
#4625=ORIENTED_EDGE('',*,*,#3170,.F.);
#4626=ORIENTED_EDGE('',*,*,#3166,.F.);
#4627=ORIENTED_EDGE('',*,*,#3265,.T.);
#4628=ORIENTED_EDGE('',*,*,#3259,.F.);
#4629=ORIENTED_EDGE('',*,*,#3210,.F.);
#4630=ORIENTED_EDGE('',*,*,#3184,.T.);
#4631=ORIENTED_EDGE('',*,*,#3266,.T.);
#4632=ORIENTED_EDGE('',*,*,#3199,.F.);
#4633=ORIENTED_EDGE('',*,*,#3179,.T.);
#4634=ORIENTED_EDGE('',*,*,#3267,.T.);
#4635=ORIENTED_EDGE('',*,*,#3177,.F.);
#4636=ORIENTED_EDGE('',*,*,#3163,.F.);
#4637=ORIENTED_EDGE('',*,*,#3268,.F.);
#4638=ORIENTED_EDGE('',*,*,#3172,.T.);
#4639=ORIENTED_EDGE('',*,*,#3269,.T.);
#4640=ORIENTED_EDGE('',*,*,#3161,.T.);
#4641=ORIENTED_EDGE('',*,*,#3270,.F.);
#4642=ORIENTED_EDGE('',*,*,#3187,.T.);
#4643=ORIENTED_EDGE('',*,*,#3268,.T.);
#4644=ORIENTED_EDGE('',*,*,#3162,.T.);
#4645=ORIENTED_EDGE('',*,*,#3269,.F.);
#4646=ORIENTED_EDGE('',*,*,#3174,.T.);
#4647=ORIENTED_EDGE('',*,*,#3176,.T.);
#4648=ORIENTED_EDGE('',*,*,#3271,.T.);
#4649=ORIENTED_EDGE('',*,*,#3180,.F.);
#4650=ORIENTED_EDGE('',*,*,#3197,.F.);
#4651=ORIENTED_EDGE('',*,*,#3272,.F.);
#4652=ORIENTED_EDGE('',*,*,#3194,.T.);
#4653=ORIENTED_EDGE('',*,*,#3164,.T.);
#4654=ORIENTED_EDGE('',*,*,#3168,.T.);
#4655=ORIENTED_EDGE('',*,*,#3190,.T.);
#4656=ORIENTED_EDGE('',*,*,#3270,.T.);
#4657=ORIENTED_EDGE('',*,*,#3173,.F.);
#4658=ORIENTED_EDGE('',*,*,#3262,.F.);
#4659=ORIENTED_EDGE('',*,*,#3273,.T.);
#4660=ORIENTED_EDGE('',*,*,#3192,.F.);
#4661=ORIENTED_EDGE('',*,*,#3202,.F.);
#4662=ORIENTED_EDGE('',*,*,#3182,.F.);
#4663=ORIENTED_EDGE('',*,*,#3186,.F.);
#4664=ORIENTED_EDGE('',*,*,#3189,.F.);
#4665=ORIENTED_EDGE('',*,*,#3274,.T.);
#4666=ORIENTED_EDGE('',*,*,#3198,.T.);
#4667=ORIENTED_EDGE('',*,*,#3275,.T.);
#4668=ORIENTED_EDGE('',*,*,#3195,.T.);
#4669=ORIENTED_EDGE('',*,*,#3266,.F.);
#4670=ORIENTED_EDGE('',*,*,#3201,.T.);
#4671=ORIENTED_EDGE('',*,*,#3272,.T.);
#4672=ORIENTED_EDGE('',*,*,#3196,.T.);
#4673=ORIENTED_EDGE('',*,*,#3275,.F.);
#4674=ORIENTED_EDGE('',*,*,#3200,.T.);
#4675=ORIENTED_EDGE('',*,*,#3203,.T.);
#4676=ORIENTED_EDGE('',*,*,#3271,.F.);
#4677=ORIENTED_EDGE('',*,*,#3175,.T.);
#4678=ORIENTED_EDGE('',*,*,#3267,.F.);
#4679=ORIENTED_EDGE('',*,*,#3178,.T.);
#4680=ORIENTED_EDGE('',*,*,#3208,.F.);
#4681=ORIENTED_EDGE('',*,*,#3205,.F.);
#4682=ORIENTED_EDGE('',*,*,#3229,.F.);
#4683=ORIENTED_EDGE('',*,*,#3223,.T.);
#4684=ORIENTED_EDGE('',*,*,#3228,.F.);
#4685=ORIENTED_EDGE('',*,*,#3219,.T.);
#4686=ORIENTED_EDGE('',*,*,#3276,.F.);
#4687=ORIENTED_EDGE('',*,*,#3243,.F.);
#4688=ORIENTED_EDGE('',*,*,#3255,.F.);
#4689=ORIENTED_EDGE('',*,*,#3154,.T.);
#4690=ORIENTED_EDGE('',*,*,#3260,.F.);
#4691=ORIENTED_EDGE('',*,*,#3265,.F.);
#4692=ORIENTED_EDGE('',*,*,#3165,.T.);
#4693=ORIENTED_EDGE('',*,*,#3193,.T.);
#4694=ORIENTED_EDGE('',*,*,#3273,.F.);
#4695=ORIENTED_EDGE('',*,*,#3261,.F.);
#4696=ORIENTED_EDGE('',*,*,#3160,.T.);
#4697=ORIENTED_EDGE('',*,*,#3232,.F.);
#4698=ORIENTED_EDGE('',*,*,#3240,.F.);
#4699=ORIENTED_EDGE('',*,*,#3277,.F.);
#4700=ORIENTED_EDGE('',*,*,#3215,.T.);
#4701=ORIENTED_EDGE('',*,*,#3227,.F.);
#4702=ORIENTED_EDGE('',*,*,#3225,.T.);
#4703=ORIENTED_EDGE('',*,*,#3230,.F.);
#4704=ORIENTED_EDGE('',*,*,#3213,.T.);
#4705=ORIENTED_EDGE('',*,*,#3278,.F.);
#4706=ORIENTED_EDGE('',*,*,#3236,.F.);
#4707=ORIENTED_EDGE('',*,*,#3233,.F.);
#4708=ORIENTED_EDGE('',*,*,#3158,.T.);
#4709=ORIENTED_EDGE('',*,*,#3263,.F.);
#4710=ORIENTED_EDGE('',*,*,#3274,.F.);
#4711=ORIENTED_EDGE('',*,*,#3188,.T.);
#4712=ORIENTED_EDGE('',*,*,#3171,.T.);
#4713=ORIENTED_EDGE('',*,*,#3264,.F.);
#4714=ORIENTED_EDGE('',*,*,#3257,.F.);
#4715=ORIENTED_EDGE('',*,*,#3156,.T.);
#4716=ORIENTED_EDGE('',*,*,#3256,.F.);
#4717=ORIENTED_EDGE('',*,*,#3247,.F.);
#4718=ORIENTED_EDGE('',*,*,#3279,.F.);
#4719=ORIENTED_EDGE('',*,*,#3221,.T.);
#4720=ORIENTED_EDGE('',*,*,#3103,.F.);
#4721=ORIENTED_EDGE('',*,*,#3136,.T.);
#4722=ORIENTED_EDGE('',*,*,#3138,.F.);
#4723=ORIENTED_EDGE('',*,*,#3280,.T.);
#4724=ORIENTED_EDGE('',*,*,#3108,.F.);
#4725=ORIENTED_EDGE('',*,*,#3092,.T.);
#4726=ORIENTED_EDGE('',*,*,#3099,.F.);
#4727=ORIENTED_EDGE('',*,*,#3101,.T.);
#4728=ORIENTED_EDGE('',*,*,#3244,.T.);
#4729=ORIENTED_EDGE('',*,*,#3276,.T.);
#4730=ORIENTED_EDGE('',*,*,#3218,.T.);
#4731=ORIENTED_EDGE('',*,*,#3253,.T.);
#4732=ORIENTED_EDGE('',*,*,#3222,.T.);
#4733=ORIENTED_EDGE('',*,*,#3279,.T.);
#4734=ORIENTED_EDGE('',*,*,#3246,.T.);
#4735=ORIENTED_EDGE('',*,*,#3254,.T.);
#4736=ORIENTED_EDGE('',*,*,#3281,.T.);
#4737=ORIENTED_EDGE('',*,*,#2989,.F.);
#4738=ORIENTED_EDGE('',*,*,#3282,.T.);
#4739=ORIENTED_EDGE('',*,*,#3283,.T.);
#4740=ORIENTED_EDGE('',*,*,#3133,.T.);
#4741=ORIENTED_EDGE('',*,*,#3283,.F.);
#4742=ORIENTED_EDGE('',*,*,#3284,.T.);
#4743=ORIENTED_EDGE('',*,*,#3285,.F.);
#4744=ORIENTED_EDGE('',*,*,#3096,.T.);
#4745=ORIENTED_EDGE('',*,*,#3128,.F.);
#4746=ORIENTED_EDGE('',*,*,#3130,.T.);
#4747=ORIENTED_EDGE('',*,*,#3132,.F.);
#4748=ORIENTED_EDGE('',*,*,#3134,.T.);
#4749=ORIENTED_EDGE('',*,*,#3250,.T.);
#4750=ORIENTED_EDGE('',*,*,#3237,.T.);
#4751=ORIENTED_EDGE('',*,*,#3278,.T.);
#4752=ORIENTED_EDGE('',*,*,#3212,.T.);
#4753=ORIENTED_EDGE('',*,*,#3251,.T.);
#4754=ORIENTED_EDGE('',*,*,#3216,.T.);
#4755=ORIENTED_EDGE('',*,*,#3277,.T.);
#4756=ORIENTED_EDGE('',*,*,#3239,.T.);
#4757=ORIENTED_EDGE('',*,*,#3286,.T.);
#4758=ORIENTED_EDGE('',*,*,#2983,.F.);
#4759=ORIENTED_EDGE('',*,*,#3097,.T.);
#4760=ORIENTED_EDGE('',*,*,#3285,.T.);
#4761=ORIENTED_EDGE('',*,*,#3287,.T.);
#4762=ORIENTED_EDGE('',*,*,#3288,.F.);
#4763=ORIENTED_EDGE('',*,*,#3289,.T.);
#4764=ORIENTED_EDGE('',*,*,#3290,.F.);
#4765=ORIENTED_EDGE('',*,*,#3289,.F.);
#4766=ORIENTED_EDGE('',*,*,#3291,.F.);
#4767=ORIENTED_EDGE('',*,*,#3292,.T.);
#4768=ORIENTED_EDGE('',*,*,#3125,.F.);
#4769=ORIENTED_EDGE('',*,*,#3292,.F.);
#4770=ORIENTED_EDGE('',*,*,#3291,.T.);
#4771=ORIENTED_EDGE('',*,*,#3288,.T.);
#4772=ORIENTED_EDGE('',*,*,#3293,.F.);
#4773=ORIENTED_EDGE('',*,*,#3294,.T.);
#4774=ORIENTED_EDGE('',*,*,#3126,.F.);
#4775=ORIENTED_EDGE('',*,*,#3294,.F.);
#4776=ORIENTED_EDGE('',*,*,#3293,.T.);
#4777=ORIENTED_EDGE('',*,*,#2943,.F.);
#4778=ORIENTED_EDGE('',*,*,#3090,.F.);
#4779=ORIENTED_EDGE('',*,*,#3295,.F.);
#4780=ORIENTED_EDGE('',*,*,#3073,.F.);
#4781=ORIENTED_EDGE('',*,*,#2944,.T.);
#4782=ORIENTED_EDGE('',*,*,#2940,.F.);
#4783=ORIENTED_EDGE('',*,*,#3295,.T.);
#4784=ORIENTED_EDGE('',*,*,#3089,.T.);
#4785=ORIENTED_EDGE('',*,*,#3123,.F.);
#4786=ORIENTED_EDGE('',*,*,#3087,.F.);
#4787=ORIENTED_EDGE('',*,*,#3296,.T.);
#4788=ORIENTED_EDGE('',*,*,#2935,.F.);
#4789=ORIENTED_EDGE('',*,*,#2939,.F.);
#4790=ORIENTED_EDGE('',*,*,#3064,.F.);
#4791=ORIENTED_EDGE('',*,*,#2881,.F.);
#4792=ORIENTED_EDGE('',*,*,#2885,.F.);
#4793=ORIENTED_EDGE('',*,*,#3061,.F.);
#4794=ORIENTED_EDGE('',*,*,#2891,.F.);
#4795=ORIENTED_EDGE('',*,*,#2895,.F.);
#4796=ORIENTED_EDGE('',*,*,#3077,.F.);
#4797=ORIENTED_EDGE('',*,*,#2913,.F.);
#4798=ORIENTED_EDGE('',*,*,#2917,.F.);
#4799=ORIENTED_EDGE('',*,*,#2936,.F.);
#4800=ORIENTED_EDGE('',*,*,#3296,.F.);
#4801=ORIENTED_EDGE('',*,*,#3086,.F.);
#4802=ORIENTED_EDGE('',*,*,#3290,.T.);
#4803=ORIENTED_EDGE('',*,*,#3106,.F.);
#4804=ORIENTED_EDGE('',*,*,#3297,.T.);
#4805=ORIENTED_EDGE('',*,*,#3281,.F.);
#4806=ORIENTED_EDGE('',*,*,#3297,.F.);
#4807=ORIENTED_EDGE('',*,*,#3104,.F.);
#4808=ORIENTED_EDGE('',*,*,#3298,.T.);
#4809=ORIENTED_EDGE('',*,*,#3286,.F.);
#4810=ORIENTED_EDGE('',*,*,#3298,.F.);
#4811=ORIENTED_EDGE('',*,*,#2986,.F.);
#4812=ORIENTED_EDGE('',*,*,#3287,.F.);
#4813=ORIENTED_EDGE('',*,*,#3284,.F.);
#4814=ORIENTED_EDGE('',*,*,#3282,.F.);
#4815=ORIENTED_EDGE('',*,*,#3109,.F.);
#4816=ORIENTED_EDGE('',*,*,#3280,.F.);
#4817=ORIENTED_EDGE('',*,*,#3137,.F.);
#4818=ORIENTED_EDGE('',*,*,#3110,.F.);
#4819=ORIENTED_EDGE('',*,*,#3299,.T.);
#4820=ORIENTED_EDGE('',*,*,#3300,.T.);
#4821=ORIENTED_EDGE('',*,*,#3301,.T.);
#4822=ORIENTED_EDGE('',*,*,#3300,.F.);
#4823=ORIENTED_EDGE('',*,*,#3301,.F.);
#4824=ORIENTED_EDGE('',*,*,#3302,.T.);
#4825=ORIENTED_EDGE('',*,*,#3303,.F.);
#4826=ORIENTED_EDGE('',*,*,#3302,.F.);
#4827=ORIENTED_EDGE('',*,*,#3299,.F.);
#4828=ORIENTED_EDGE('',*,*,#3304,.T.);
#4829=ORIENTED_EDGE('',*,*,#3304,.F.);
#4830=ORIENTED_EDGE('',*,*,#3305,.T.);
#4831=ORIENTED_EDGE('',*,*,#3306,.F.);
#4832=ORIENTED_EDGE('',*,*,#3305,.F.);
#4833=ORIENTED_EDGE('',*,*,#3303,.T.);
#4834=ORIENTED_EDGE('',*,*,#3306,.T.);
#4835=ORIENTED_EDGE('',*,*,#3307,.F.);
#4836=ORIENTED_EDGE('',*,*,#3308,.T.);
#4837=ORIENTED_EDGE('',*,*,#3309,.F.);
#4838=ORIENTED_EDGE('',*,*,#3310,.F.);
#4839=ORIENTED_EDGE('',*,*,#3311,.T.);
#4840=ORIENTED_EDGE('',*,*,#3310,.T.);
#4841=ORIENTED_EDGE('',*,*,#3312,.F.);
#4842=ORIENTED_EDGE('',*,*,#3313,.F.);
#4843=ORIENTED_EDGE('',*,*,#3314,.F.);
#4844=ORIENTED_EDGE('',*,*,#3313,.T.);
#4845=ORIENTED_EDGE('',*,*,#3315,.F.);
#4846=ORIENTED_EDGE('',*,*,#3316,.F.);
#4847=ORIENTED_EDGE('',*,*,#3317,.T.);
#4848=ORIENTED_EDGE('',*,*,#3316,.T.);
#4849=ORIENTED_EDGE('',*,*,#3318,.F.);
#4850=ORIENTED_EDGE('',*,*,#3319,.F.);
#4851=ORIENTED_EDGE('',*,*,#3320,.F.);
#4852=ORIENTED_EDGE('',*,*,#3319,.T.);
#4853=ORIENTED_EDGE('',*,*,#3321,.F.);
#4854=ORIENTED_EDGE('',*,*,#3322,.F.);
#4855=ORIENTED_EDGE('',*,*,#3323,.T.);
#4856=ORIENTED_EDGE('',*,*,#3322,.T.);
#4857=ORIENTED_EDGE('',*,*,#3324,.F.);
#4858=ORIENTED_EDGE('',*,*,#3325,.F.);
#4859=ORIENTED_EDGE('',*,*,#3326,.F.);
#4860=ORIENTED_EDGE('',*,*,#3325,.T.);
#4861=ORIENTED_EDGE('',*,*,#3327,.F.);
#4862=ORIENTED_EDGE('',*,*,#3328,.F.);
#4863=ORIENTED_EDGE('',*,*,#3329,.T.);
#4864=ORIENTED_EDGE('',*,*,#3328,.T.);
#4865=ORIENTED_EDGE('',*,*,#3330,.F.);
#4866=ORIENTED_EDGE('',*,*,#3308,.F.);
#4867=ORIENTED_EDGE('',*,*,#3330,.T.);
#4868=ORIENTED_EDGE('',*,*,#3327,.T.);
#4869=ORIENTED_EDGE('',*,*,#3324,.T.);
#4870=ORIENTED_EDGE('',*,*,#3321,.T.);
#4871=ORIENTED_EDGE('',*,*,#3318,.T.);
#4872=ORIENTED_EDGE('',*,*,#3315,.T.);
#4873=ORIENTED_EDGE('',*,*,#3312,.T.);
#4874=ORIENTED_EDGE('',*,*,#3309,.T.);
#4875=ORIENTED_EDGE('',*,*,#3329,.F.);
#4876=ORIENTED_EDGE('',*,*,#3307,.T.);
#4877=ORIENTED_EDGE('',*,*,#3311,.F.);
#4878=ORIENTED_EDGE('',*,*,#3314,.T.);
#4879=ORIENTED_EDGE('',*,*,#3317,.F.);
#4880=ORIENTED_EDGE('',*,*,#3320,.T.);
#4881=ORIENTED_EDGE('',*,*,#3323,.F.);
#4882=ORIENTED_EDGE('',*,*,#3326,.T.);
#4883=CYLINDRICAL_SURFACE('',#5325,0.4);
#4884=CYLINDRICAL_SURFACE('',#5355,0.100236528);
#4885=CYLINDRICAL_SURFACE('',#5358,0.100236528);
#4886=CYLINDRICAL_SURFACE('',#5361,0.100236528);
#4887=CYLINDRICAL_SURFACE('',#5374,0.100236528);
#4888=CYLINDRICAL_SURFACE('',#5377,0.100236528);
#4889=CYLINDRICAL_SURFACE('',#5380,0.100236528);
#4890=CYLINDRICAL_SURFACE('',#5393,0.100236528);
#4891=CYLINDRICAL_SURFACE('',#5396,0.100236528);
#4892=CYLINDRICAL_SURFACE('',#5399,0.100236528);
#4893=CYLINDRICAL_SURFACE('',#5412,0.100236528);
#4894=CYLINDRICAL_SURFACE('',#5415,0.100236528);
#4895=CYLINDRICAL_SURFACE('',#5418,0.100236528);
#4896=CYLINDRICAL_SURFACE('',#5431,1.03124);
#4897=CYLINDRICAL_SURFACE('',#5439,0.666750000000001);
#4898=CYLINDRICAL_SURFACE('',#5450,2.);
#4899=CYLINDRICAL_SURFACE('',#5452,0.2);
#4900=CYLINDRICAL_SURFACE('',#5457,0.2);
#4901=CYLINDRICAL_SURFACE('',#5459,0.2);
#4902=CYLINDRICAL_SURFACE('',#5464,0.2);
#4903=CYLINDRICAL_SURFACE('',#5466,0.2);
#4904=CYLINDRICAL_SURFACE('',#5468,0.2);
#4905=CYLINDRICAL_SURFACE('',#5473,0.2);
#4906=CYLINDRICAL_SURFACE('',#5475,0.2);
#4907=CYLINDRICAL_SURFACE('',#5477,0.2);
#4908=CYLINDRICAL_SURFACE('',#5482,0.2);
#4909=CYLINDRICAL_SURFACE('',#5489,0.2);
#4910=CYLINDRICAL_SURFACE('',#5496,0.2);
#4911=CYLINDRICAL_SURFACE('',#5503,0.2);
#4912=CYLINDRICAL_SURFACE('',#5513,0.2);
#4913=CYLINDRICAL_SURFACE('',#5515,1.25);
#4914=CYLINDRICAL_SURFACE('',#5518,1.25);
#4915=CYLINDRICAL_SURFACE('',#5521,1.25);
#4916=CYLINDRICAL_SURFACE('',#5523,1.25);
#4917=CYLINDRICAL_SURFACE('',#5534,0.425);
#4918=CYLINDRICAL_SURFACE('',#5535,0.425);
#4919=CYLINDRICAL_SURFACE('',#5536,0.425);
#4920=CYLINDRICAL_SURFACE('',#5537,0.425);
#4921=CYLINDRICAL_SURFACE('',#5538,0.875);
#4922=CYLINDRICAL_SURFACE('',#5544,0.2);
#4923=CYLINDRICAL_SURFACE('',#5556,0.2);
#4924=CYLINDRICAL_SURFACE('',#5558,0.2);
#4925=CYLINDRICAL_SURFACE('',#5561,0.2);
#4926=CYLINDRICAL_SURFACE('',#5563,0.425);
#4927=CYLINDRICAL_SURFACE('',#5565,0.425);
#4928=CYLINDRICAL_SURFACE('',#5567,0.425);
#4929=CYLINDRICAL_SURFACE('',#5569,0.425);
#4930=CYLINDRICAL_SURFACE('',#5595,0.2);
#4931=CYLINDRICAL_SURFACE('',#5597,0.2);
#4932=CYLINDRICAL_SURFACE('',#5599,0.2);
#4933=CYLINDRICAL_SURFACE('',#5603,0.2);
#4934=CYLINDRICAL_SURFACE('',#5610,0.2);
#4935=CYLINDRICAL_SURFACE('',#5613,0.2);
#4936=CYLINDRICAL_SURFACE('',#5625,0.2);
#4937=CYLINDRICAL_SURFACE('',#5631,0.2);
#4938=CYLINDRICAL_SURFACE('',#5637,0.2);
#4939=CYLINDRICAL_SURFACE('',#5646,0.2);
#4940=CYLINDRICAL_SURFACE('',#5647,0.2);
#4941=CYLINDRICAL_SURFACE('',#5652,0.2);
#4942=CYLINDRICAL_SURFACE('',#5658,0.2);
#4943=CYLINDRICAL_SURFACE('',#5679,0.2);
#4944=CYLINDRICAL_SURFACE('',#5685,0.2);
#4945=CYLINDRICAL_SURFACE('',#5691,0.2);
#4946=CYLINDRICAL_SURFACE('',#5692,0.2);
#4947=CYLINDRICAL_SURFACE('',#5693,0.2);
#4948=CYLINDRICAL_SURFACE('',#5694,0.2);
#4949=CYLINDRICAL_SURFACE('',#5695,0.2);
#4950=CYLINDRICAL_SURFACE('',#5696,0.2);
#4951=CYLINDRICAL_SURFACE('',#5697,0.2);
#4952=CYLINDRICAL_SURFACE('',#5698,0.2);
#4953=CYLINDRICAL_SURFACE('',#5706,0.2);
#4954=CYLINDRICAL_SURFACE('',#5712,0.2);
#4955=CYLINDRICAL_SURFACE('',#5717,0.2);
#4956=CYLINDRICAL_SURFACE('',#5721,0.2);
#4957=CYLINDRICAL_SURFACE('',#5722,0.2);
#4958=CYLINDRICAL_SURFACE('',#5723,0.2);
#4959=CYLINDRICAL_SURFACE('',#5724,0.2);
#4960=CYLINDRICAL_SURFACE('',#5725,2.975);
#4961=CYLINDRICAL_SURFACE('',#5730,0.5);
#4962=CYLINDRICAL_SURFACE('',#5733,0.5);
#4963=CYLINDRICAL_SURFACE('',#5745,0.2);
#4964=CYLINDRICAL_SURFACE('',#5764,0.2);
#4965=CYLINDRICAL_SURFACE('',#5767,0.2);
#4966=CYLINDRICAL_SURFACE('',#5770,0.2);
#4967=CYLINDRICAL_SURFACE('',#5772,0.425);
#4968=CYLINDRICAL_SURFACE('',#5774,0.425);
#4969=CYLINDRICAL_SURFACE('',#5776,0.425);
#4970=CYLINDRICAL_SURFACE('',#5778,0.425);
#4971=CYLINDRICAL_SURFACE('',#5789,0.75);
#4972=CYLINDRICAL_SURFACE('',#5792,0.75);
#4973=CYLINDRICAL_SURFACE('',#5807,0.75);
#4974=CYLINDRICAL_SURFACE('',#5809,0.75);
#4975=CYLINDRICAL_SURFACE('',#5816,0.75);
#4976=CYLINDRICAL_SURFACE('',#5831,0.75);
#4977=CYLINDRICAL_SURFACE('',#5843,0.75);
#4978=CYLINDRICAL_SURFACE('',#5846,0.75);
#4979=CYLINDRICAL_SURFACE('',#5858,1.875);
#4980=CYLINDRICAL_SURFACE('',#5861,1.875);
#4981=CYLINDRICAL_SURFACE('',#5871,2.225);
#4982=CYLINDRICAL_SURFACE('',#5875,5.3);
#4983=CYLINDRICAL_SURFACE('',#5886,0.5);
#4984=CYLINDRICAL_SURFACE('',#5891,0.5);
#4985=CYLINDRICAL_SURFACE('',#5892,2.);
#4986=CYLINDRICAL_SURFACE('',#5895,2.9);
#4987=CYLINDRICAL_SURFACE('',#5898,0.925);
#4988=CYLINDRICAL_SURFACE('',#5903,6.05);
#4989=CYLINDRICAL_SURFACE('',#5907,1.125);
#4990=CYLINDRICAL_SURFACE('',#5908,1.125);
#4991=CYLINDRICAL_SURFACE('',#5915,2.);
#4992=CYLINDRICAL_SURFACE('',#5919,0.875);
#4993=CYLINDRICAL_SURFACE('',#5923,1.25);
#4994=CYLINDRICAL_SURFACE('',#5927,1.25);
#4995=CYLINDRICAL_SURFACE('',#5931,1.25);
#4996=CYLINDRICAL_SURFACE('',#5935,1.25);
#4997=ADVANCED_FACE('',(#381),#4883,.T.);
#4998=ADVANCED_FACE('',(#382),#269,.T.);
#4999=ADVANCED_FACE('',(#383),#264,.T.);
#5000=ADVANCED_FACE('',(#384),#270,.T.);
#5001=ADVANCED_FACE('',(#385),#169,.F.);
#5002=ADVANCED_FACE('',(#386),#271,.T.);
#5003=ADVANCED_FACE('',(#387),#4884,.T.);
#5004=ADVANCED_FACE('',(#388),#272,.T.);
#5005=ADVANCED_FACE('',(#389),#4885,.T.);
#5006=ADVANCED_FACE('',(#390),#273,.T.);
#5007=ADVANCED_FACE('',(#391),#4886,.T.);
#5008=ADVANCED_FACE('',(#392),#274,.T.);
#5009=ADVANCED_FACE('',(#393),#170,.F.);
#5010=ADVANCED_FACE('',(#394),#265,.F.);
#5011=ADVANCED_FACE('',(#395),#171,.F.);
#5012=ADVANCED_FACE('',(#396),#275,.T.);
#5013=ADVANCED_FACE('',(#397),#4887,.T.);
#5014=ADVANCED_FACE('',(#398),#276,.T.);
#5015=ADVANCED_FACE('',(#399),#4888,.T.);
#5016=ADVANCED_FACE('',(#400),#277,.T.);
#5017=ADVANCED_FACE('',(#401),#4889,.T.);
#5018=ADVANCED_FACE('',(#402),#278,.T.);
#5019=ADVANCED_FACE('',(#403),#172,.F.);
#5020=ADVANCED_FACE('',(#404),#266,.F.);
#5021=ADVANCED_FACE('',(#405),#173,.F.);
#5022=ADVANCED_FACE('',(#406),#279,.T.);
#5023=ADVANCED_FACE('',(#407),#4890,.T.);
#5024=ADVANCED_FACE('',(#408),#280,.T.);
#5025=ADVANCED_FACE('',(#409),#4891,.T.);
#5026=ADVANCED_FACE('',(#410),#281,.T.);
#5027=ADVANCED_FACE('',(#411),#4892,.T.);
#5028=ADVANCED_FACE('',(#412),#282,.T.);
#5029=ADVANCED_FACE('',(#413),#174,.F.);
#5030=ADVANCED_FACE('',(#414),#267,.F.);
#5031=ADVANCED_FACE('',(#415),#175,.F.);
#5032=ADVANCED_FACE('',(#416),#283,.T.);
#5033=ADVANCED_FACE('',(#417),#4893,.T.);
#5034=ADVANCED_FACE('',(#418),#284,.T.);
#5035=ADVANCED_FACE('',(#419),#4894,.T.);
#5036=ADVANCED_FACE('',(#420),#285,.T.);
#5037=ADVANCED_FACE('',(#421),#4895,.T.);
#5038=ADVANCED_FACE('',(#422),#286,.T.);
#5039=ADVANCED_FACE('',(#423),#176,.F.);
#5040=ADVANCED_FACE('',(#424),#268,.F.);
#5041=ADVANCED_FACE('',(#425,#102),#146,.T.);
#5042=ADVANCED_FACE('',(#426),#67,.T.);
#5043=ADVANCED_FACE('',(#427),#4896,.T.);
#5044=ADVANCED_FACE('',(#428),#68,.T.);
#5045=ADVANCED_FACE('',(#429),#177,.T.);
#5046=ADVANCED_FACE('',(#430),#4897,.T.);
#5047=ADVANCED_FACE('',(#431,#103),#287,.F.);
#5048=ADVANCED_FACE('',(#432),#69,.F.);
#5049=ADVANCED_FACE('',(#433,#104),#288,.F.);
#5050=ADVANCED_FACE('',(#434),#4898,.T.);
#5051=ADVANCED_FACE('',(#435),#4899,.T.);
#5052=ADVANCED_FACE('',(#436),#70,.T.);
#5053=ADVANCED_FACE('',(#437),#4900,.T.);
#5054=ADVANCED_FACE('',(#438),#4901,.T.);
#5055=ADVANCED_FACE('',(#439),#71,.T.);
#5056=ADVANCED_FACE('',(#440),#4902,.T.);
#5057=ADVANCED_FACE('',(#441),#4903,.T.);
#5058=ADVANCED_FACE('',(#442),#4904,.T.);
#5059=ADVANCED_FACE('',(#443),#72,.T.);
#5060=ADVANCED_FACE('',(#444),#4905,.T.);
#5061=ADVANCED_FACE('',(#445),#4906,.T.);
#5062=ADVANCED_FACE('',(#446),#4907,.T.);
#5063=ADVANCED_FACE('',(#447),#73,.T.);
#5064=ADVANCED_FACE('',(#448),#289,.T.);
#5065=ADVANCED_FACE('',(#449),#4908,.T.);
#5066=ADVANCED_FACE('',(#450),#290,.F.);
#5067=ADVANCED_FACE('',(#451),#291,.F.);
#5068=ADVANCED_FACE('',(#452),#292,.F.);
#5069=ADVANCED_FACE('',(#453),#293,.T.);
#5070=ADVANCED_FACE('',(#454),#4909,.T.);
#5071=ADVANCED_FACE('',(#455),#294,.T.);
#5072=ADVANCED_FACE('',(#456,#105),#295,.T.);
#5073=ADVANCED_FACE('',(#457),#4910,.T.);
#5074=ADVANCED_FACE('',(#458),#296,.T.);
#5075=ADVANCED_FACE('',(#459,#106),#297,.T.);
#5076=ADVANCED_FACE('',(#460),#4911,.T.);
#5077=ADVANCED_FACE('',(#461),#298,.T.);
#5078=ADVANCED_FACE('',(#462,#107,#108,#109,#110),#299,.T.);
#5079=ADVANCED_FACE('',(#463),#4912,.T.);
#5080=ADVANCED_FACE('',(#464),#4913,.F.);
#5081=ADVANCED_FACE('',(#465),#300,.F.);
#5082=ADVANCED_FACE('',(#466),#4914,.F.);
#5083=ADVANCED_FACE('',(#467),#301,.F.);
#5084=ADVANCED_FACE('',(#468),#4915,.F.);
#5085=ADVANCED_FACE('',(#469),#302,.F.);
#5086=ADVANCED_FACE('',(#470),#4916,.F.);
#5087=ADVANCED_FACE('',(#471),#303,.F.);
#5088=ADVANCED_FACE('',(#472),#304,.F.);
#5089=ADVANCED_FACE('',(#473,#111),#305,.T.);
#5090=ADVANCED_FACE('',(#474),#306,.F.);
#5091=ADVANCED_FACE('',(#475),#307,.F.);
#5092=ADVANCED_FACE('',(#476),#308,.F.);
#5093=ADVANCED_FACE('',(#477,#112),#309,.T.);
#5094=ADVANCED_FACE('',(#478),#310,.F.);
#5095=ADVANCED_FACE('',(#479),#4917,.F.);
#5096=ADVANCED_FACE('',(#480),#4918,.F.);
#5097=ADVANCED_FACE('',(#481),#4919,.F.);
#5098=ADVANCED_FACE('',(#482),#4920,.F.);
#5099=ADVANCED_FACE('',(#483),#4921,.F.);
#5100=ADVANCED_FACE('',(#484,#113),#311,.F.);
#5101=ADVANCED_FACE('',(#485),#312,.T.);
#5102=ADVANCED_FACE('',(#486),#313,.F.);
#5103=ADVANCED_FACE('',(#487),#4922,.T.);
#5104=ADVANCED_FACE('',(#488,#114,#115,#116,#117),#314,.T.);
#5105=ADVANCED_FACE('',(#489),#315,.T.);
#5106=ADVANCED_FACE('',(#490),#4923,.T.);
#5107=ADVANCED_FACE('',(#491),#4924,.T.);
#5108=ADVANCED_FACE('',(#492),#316,.T.);
#5109=ADVANCED_FACE('',(#493),#4925,.T.);
#5110=ADVANCED_FACE('',(#494),#4926,.F.);
#5111=ADVANCED_FACE('',(#495),#4927,.F.);
#5112=ADVANCED_FACE('',(#496),#4928,.F.);
#5113=ADVANCED_FACE('',(#497),#4929,.F.);
#5114=ADVANCED_FACE('',(#498),#317,.T.);
#5115=ADVANCED_FACE('',(#499),#318,.T.);
#5116=ADVANCED_FACE('',(#500,#118,#119,#120,#121),#319,.F.);
#5117=ADVANCED_FACE('',(#501),#27,.T.);
#5118=ADVANCED_FACE('',(#502),#28,.T.);
#5119=ADVANCED_FACE('',(#503),#29,.T.);
#5120=ADVANCED_FACE('',(#504),#30,.T.);
#5121=ADVANCED_FACE('',(#505),#31,.T.);
#5122=ADVANCED_FACE('',(#506),#32,.T.);
#5123=ADVANCED_FACE('',(#507),#33,.T.);
#5124=ADVANCED_FACE('',(#508),#34,.T.);
#5125=ADVANCED_FACE('',(#509),#35,.T.);
#5126=ADVANCED_FACE('',(#510),#36,.T.);
#5127=ADVANCED_FACE('',(#511),#37,.T.);
#5128=ADVANCED_FACE('',(#512),#38,.T.);
#5129=ADVANCED_FACE('',(#513),#39,.T.);
#5130=ADVANCED_FACE('',(#514),#40,.T.);
#5131=ADVANCED_FACE('',(#515),#41,.T.);
#5132=ADVANCED_FACE('',(#516),#42,.T.);
#5133=ADVANCED_FACE('',(#517),#43,.T.);
#5134=ADVANCED_FACE('',(#518),#44,.T.);
#5135=ADVANCED_FACE('',(#519),#45,.T.);
#5136=ADVANCED_FACE('',(#520),#46,.T.);
#5137=ADVANCED_FACE('',(#521),#47,.T.);
#5138=ADVANCED_FACE('',(#522),#4930,.T.);
#5139=ADVANCED_FACE('',(#523),#320,.T.);
#5140=ADVANCED_FACE('',(#524),#4931,.T.);
#5141=ADVANCED_FACE('',(#525),#321,.T.);
#5142=ADVANCED_FACE('',(#526),#4932,.F.);
#5143=ADVANCED_FACE('',(#527),#322,.F.);
#5144=ADVANCED_FACE('',(#528),#4933,.F.);
#5145=ADVANCED_FACE('',(#529),#323,.F.);
#5146=ADVANCED_FACE('',(#530),#324,.F.);
#5147=ADVANCED_FACE('',(#531),#4934,.F.);
#5148=ADVANCED_FACE('',(#532),#325,.F.);
#5149=ADVANCED_FACE('',(#533),#4935,.F.);
#5150=ADVANCED_FACE('',(#534),#74,.T.);
#5151=ADVANCED_FACE('',(#535),#75,.T.);
#5152=ADVANCED_FACE('',(#536),#4936,.T.);
#5153=ADVANCED_FACE('',(#537),#76,.T.);
#5154=ADVANCED_FACE('',(#538),#4937,.T.);
#5155=ADVANCED_FACE('',(#539),#77,.T.);
#5156=ADVANCED_FACE('',(#540),#4938,.T.);
#5157=ADVANCED_FACE('',(#541),#147,.T.);
#5158=ADVANCED_FACE('',(#542),#148,.T.);
#5159=ADVANCED_FACE('',(#543),#4939,.T.);
#5160=ADVANCED_FACE('',(#544),#4940,.T.);
#5161=ADVANCED_FACE('',(#545),#149,.T.);
#5162=ADVANCED_FACE('',(#546),#4941,.T.);
#5163=ADVANCED_FACE('',(#547),#150,.T.);
#5164=ADVANCED_FACE('',(#548),#48,.T.);
#5165=ADVANCED_FACE('',(#549),#4942,.T.);
#5166=ADVANCED_FACE('',(#550),#49,.T.);
#5167=ADVANCED_FACE('',(#551),#50,.T.);
#5168=ADVANCED_FACE('',(#552),#151,.T.);
#5169=ADVANCED_FACE('',(#553),#152,.T.);
#5170=ADVANCED_FACE('',(#554),#78,.T.);
#5171=ADVANCED_FACE('',(#555),#79,.T.);
#5172=ADVANCED_FACE('',(#556),#4943,.T.);
#5173=ADVANCED_FACE('',(#557),#80,.T.);
#5174=ADVANCED_FACE('',(#558),#4944,.T.);
#5175=ADVANCED_FACE('',(#559),#81,.T.);
#5176=ADVANCED_FACE('',(#560),#4945,.T.);
#5177=ADVANCED_FACE('',(#561),#4946,.F.);
#5178=ADVANCED_FACE('',(#562),#4947,.T.);
#5179=ADVANCED_FACE('',(#563),#4948,.T.);
#5180=ADVANCED_FACE('',(#564),#4949,.T.);
#5181=ADVANCED_FACE('',(#565),#4950,.T.);
#5182=ADVANCED_FACE('',(#566),#4951,.T.);
#5183=ADVANCED_FACE('',(#567),#4952,.T.);
#5184=ADVANCED_FACE('',(#568),#82,.F.);
#5185=ADVANCED_FACE('',(#569),#83,.F.);
#5186=ADVANCED_FACE('',(#570),#4953,.F.);
#5187=ADVANCED_FACE('',(#571),#84,.F.);
#5188=ADVANCED_FACE('',(#572),#4954,.F.);
#5189=ADVANCED_FACE('',(#573),#85,.F.);
#5190=ADVANCED_FACE('',(#574),#4955,.T.);
#5191=ADVANCED_FACE('',(#575),#86,.F.);
#5192=ADVANCED_FACE('',(#576),#4956,.T.);
#5193=ADVANCED_FACE('',(#577),#4957,.T.);
#5194=ADVANCED_FACE('',(#578),#4958,.T.);
#5195=ADVANCED_FACE('',(#579),#4959,.F.);
#5196=ADVANCED_FACE('',(#580),#4960,.T.);
#5197=ADVANCED_FACE('',(#581),#326,.T.);
#5198=ADVANCED_FACE('',(#582),#4961,.T.);
#5199=ADVANCED_FACE('',(#583),#327,.T.);
#5200=ADVANCED_FACE('',(#584),#4962,.T.);
#5201=ADVANCED_FACE('',(#585,#122),#328,.T.);
#5202=ADVANCED_FACE('',(#586,#123),#329,.T.);
#5203=ADVANCED_FACE('',(#587),#330,.T.);
#5204=ADVANCED_FACE('',(#588),#331,.T.);
#5205=ADVANCED_FACE('',(#589),#332,.T.);
#5206=ADVANCED_FACE('',(#590),#333,.T.);
#5207=ADVANCED_FACE('',(#591,#124),#334,.T.);
#5208=ADVANCED_FACE('',(#592),#335,.T.);
#5209=ADVANCED_FACE('',(#593),#4963,.T.);
#5210=ADVANCED_FACE('',(#594,#125,#126,#127,#128),#336,.F.);
#5211=ADVANCED_FACE('',(#595),#87,.T.);
#5212=ADVANCED_FACE('',(#596),#88,.T.);
#5213=ADVANCED_FACE('',(#597,#129,#130),#337,.T.);
#5214=ADVANCED_FACE('',(#598),#4964,.T.);
#5215=ADVANCED_FACE('',(#599),#338,.T.);
#5216=ADVANCED_FACE('',(#600),#4965,.T.);
#5217=ADVANCED_FACE('',(#601),#339,.T.);
#5218=ADVANCED_FACE('',(#602),#4966,.T.);
#5219=ADVANCED_FACE('',(#603),#4967,.F.);
#5220=ADVANCED_FACE('',(#604),#4968,.F.);
#5221=ADVANCED_FACE('',(#605),#4969,.F.);
#5222=ADVANCED_FACE('',(#606),#4970,.F.);
#5223=ADVANCED_FACE('',(#607),#340,.F.);
#5224=ADVANCED_FACE('',(#608),#153,.T.);
#5225=ADVANCED_FACE('',(#609),#154,.T.);
#5226=ADVANCED_FACE('',(#610),#4971,.T.);
#5227=ADVANCED_FACE('',(#611),#4972,.T.);
#5228=ADVANCED_FACE('',(#612),#89,.T.);
#5229=ADVANCED_FACE('',(#613),#90,.T.);
#5230=ADVANCED_FACE('',(#614),#91,.T.);
#5231=ADVANCED_FACE('',(#615),#92,.T.);
#5232=ADVANCED_FACE('',(#616),#4973,.T.);
#5233=ADVANCED_FACE('',(#617),#4974,.T.);
#5234=ADVANCED_FACE('',(#618),#93,.T.);
#5235=ADVANCED_FACE('',(#619),#4975,.T.);
#5236=ADVANCED_FACE('',(#620),#94,.T.);
#5237=ADVANCED_FACE('',(#621),#95,.T.);
#5238=ADVANCED_FACE('',(#622),#96,.T.);
#5239=ADVANCED_FACE('',(#623),#97,.T.);
#5240=ADVANCED_FACE('',(#624),#4976,.T.);
#5241=ADVANCED_FACE('',(#625),#98,.T.);
#5242=ADVANCED_FACE('',(#626),#99,.T.);
#5243=ADVANCED_FACE('',(#627),#100,.T.);
#5244=ADVANCED_FACE('',(#628),#4977,.T.);
#5245=ADVANCED_FACE('',(#629),#4978,.T.);
#5246=ADVANCED_FACE('',(#630,#131,#132,#133,#134),#341,.T.);
#5247=ADVANCED_FACE('',(#631),#342,.F.);
#5248=ADVANCED_FACE('',(#632),#343,.F.);
#5249=ADVANCED_FACE('',(#633),#344,.F.);
#5250=ADVANCED_FACE('',(#634),#345,.F.);
#5251=ADVANCED_FACE('',(#635),#346,.F.);
#5252=ADVANCED_FACE('',(#636),#347,.F.);
#5253=ADVANCED_FACE('',(#637),#348,.F.);
#5254=ADVANCED_FACE('',(#638),#4979,.T.);
#5255=ADVANCED_FACE('',(#639),#4980,.T.);
#5256=ADVANCED_FACE('',(#640),#349,.F.);
#5257=ADVANCED_FACE('',(#641),#350,.F.);
#5258=ADVANCED_FACE('',(#642),#351,.F.);
#5259=ADVANCED_FACE('',(#643),#352,.F.);
#5260=ADVANCED_FACE('',(#644),#353,.F.);
#5261=ADVANCED_FACE('',(#645),#354,.F.);
#5262=ADVANCED_FACE('',(#646),#4981,.F.);
#5263=ADVANCED_FACE('',(#647),#355,.F.);
#5264=ADVANCED_FACE('',(#648),#356,.F.);
#5265=ADVANCED_FACE('',(#649),#4982,.F.);
#5266=ADVANCED_FACE('',(#650),#357,.F.);
#5267=ADVANCED_FACE('',(#651),#358,.F.);
#5268=ADVANCED_FACE('',(#652),#359,.F.);
#5269=ADVANCED_FACE('',(#653),#360,.F.);
#5270=ADVANCED_FACE('',(#654,#135,#136),#361,.F.);
#5271=ADVANCED_FACE('',(#655),#362,.F.);
#5272=ADVANCED_FACE('',(#656),#363,.F.);
#5273=ADVANCED_FACE('',(#657,#137,#138,#139),#364,.F.);
#5274=ADVANCED_FACE('',(#658),#4983,.T.);
#5275=ADVANCED_FACE('',(#659,#140,#141,#142),#365,.F.);
#5276=ADVANCED_FACE('',(#660),#4984,.T.);
#5277=ADVANCED_FACE('',(#661),#4985,.F.);
#5278=ADVANCED_FACE('',(#662),#4986,.T.);
#5279=ADVANCED_FACE('',(#663,#143),#366,.T.);
#5280=ADVANCED_FACE('',(#664),#4987,.T.);
#5281=ADVANCED_FACE('',(#665),#367,.T.);
#5282=ADVANCED_FACE('',(#666),#368,.T.);
#5283=ADVANCED_FACE('',(#667),#4988,.T.);
#5284=ADVANCED_FACE('',(#668),#369,.T.);
#5285=ADVANCED_FACE('',(#669),#370,.T.);
#5286=ADVANCED_FACE('',(#670),#4989,.F.);
#5287=ADVANCED_FACE('',(#671),#4990,.F.);
#5288=ADVANCED_FACE('',(#672),#371,.T.);
#5289=ADVANCED_FACE('',(#673),#372,.T.);
#5290=ADVANCED_FACE('',(#674),#101,.T.);
#5291=ADVANCED_FACE('',(#675),#4991,.T.);
#5292=ADVANCED_FACE('',(#676,#144),#373,.T.);
#5293=ADVANCED_FACE('',(#677),#4992,.F.);
#5294=ADVANCED_FACE('',(#678,#145),#374,.F.);
#5295=ADVANCED_FACE('',(#679),#375,.T.);
#5296=ADVANCED_FACE('',(#680),#4993,.T.);
#5297=ADVANCED_FACE('',(#681),#376,.T.);
#5298=ADVANCED_FACE('',(#682),#4994,.T.);
#5299=ADVANCED_FACE('',(#683),#377,.T.);
#5300=ADVANCED_FACE('',(#684),#4995,.T.);
#5301=ADVANCED_FACE('',(#685),#378,.T.);
#5302=ADVANCED_FACE('',(#686),#4996,.T.);
#5303=ADVANCED_FACE('',(#687),#379,.T.);
#5304=ADVANCED_FACE('',(#688),#380,.F.);
#5305=CLOSED_SHELL('',(#4997,#4998,#4999,#5000,#5001,#5002,#5003,#5004,
#5005,#5006,#5007,#5008,#5009,#5010,#5011,#5012,#5013,#5014,#5015,#5016,
#5017,#5018,#5019,#5020,#5021,#5022,#5023,#5024,#5025,#5026,#5027,#5028,
#5029,#5030,#5031,#5032,#5033,#5034,#5035,#5036,#5037,#5038,#5039,#5040,
#5041,#5042,#5043,#5044,#5045,#5046,#5047));
#5306=CLOSED_SHELL('',(#5048,#5049,#5050,#5051,#5052,#5053,#5054,#5055,
#5056,#5057,#5058,#5059,#5060,#5061,#5062,#5063,#5064,#5065,#5066,#5067,
#5068,#5069,#5070,#5071,#5072,#5073,#5074,#5075,#5076,#5077,#5078,#5079,
#5080,#5081,#5082,#5083,#5084,#5085,#5086,#5087,#5088,#5089,#5090,#5091,
#5092,#5093,#5094,#5095,#5096,#5097,#5098,#5099,#5100,#5101,#5102));
#5307=CLOSED_SHELL('',(#5103,#5104,#5105,#5106,#5107,#5108,#5109,#5110,
#5111,#5112,#5113,#5114,#5115,#5116));
#5308=CLOSED_SHELL('',(#5117,#5118,#5119,#5120,#5121,#5122,#5123,#5124,
#5125,#5126,#5127,#5128,#5129,#5130,#5131,#5132,#5133,#5134,#5135,#5136,
#5137,#5138,#5139,#5140,#5141,#5142,#5143,#5144,#5145,#5146,#5147,#5148,
#5149,#5150,#5151,#5152,#5153,#5154,#5155,#5156,#5157,#5158,#5159,#5160,
#5161,#5162,#5163,#5164,#5165,#5166,#5167,#5168,#5169,#5170,#5171,#5172,
#5173,#5174,#5175,#5176,#5177,#5178,#5179,#5180,#5181,#5182,#5183,#5184,
#5185,#5186,#5187,#5188,#5189,#5190,#5191,#5192,#5193,#5194,#5195,#5196,
#5197,#5198,#5199,#5200,#5201,#5202,#5203,#5204,#5205,#5206,#5207,#5208,
#5209,#5210,#5211,#5212,#5213,#5214,#5215,#5216,#5217,#5218,#5219,#5220,
#5221,#5222,#5223,#5224,#5225,#5226,#5227,#5228,#5229,#5230,#5231,#5232,
#5233,#5234,#5235,#5236,#5237,#5238,#5239,#5240,#5241,#5242,#5243,#5244,
#5245,#5246,#5247,#5248,#5249,#5250,#5251,#5252,#5253,#5254,#5255,#5256,
#5257,#5258,#5259,#5260,#5261,#5262,#5263,#5264,#5265,#5266,#5267,#5268,
#5269,#5270,#5271,#5272,#5273,#5274,#5275,#5276,#5277,#5278,#5279,#5280,
#5281,#5282,#5283,#5284,#5285,#5286,#5287,#5288,#5289));
#5309=CLOSED_SHELL('',(#5290,#5291,#5292,#5293,#5294));
#5310=CLOSED_SHELL('',(#5295,#5296,#5297,#5298,#5299,#5300,#5301,#5302,
#5303,#5304));
#5311=DERIVED_UNIT_ELEMENT(#5313,1.);
#5312=DERIVED_UNIT_ELEMENT(#11337,-3.);
#5313=(
MASS_UNIT()
NAMED_UNIT(*)
SI_UNIT(.KILO.,.GRAM.)
);
#5314=DERIVED_UNIT((#5311,#5312));
#5315=MEASURE_REPRESENTATION_ITEM('density measure',
POSITIVE_RATIO_MEASURE(7850.),#5314);
#5316=PROPERTY_DEFINITION_REPRESENTATION(#5321,#5318);
#5317=PROPERTY_DEFINITION_REPRESENTATION(#5322,#5319);
#5318=REPRESENTATION('material name',(#5320),#11334);
#5319=REPRESENTATION('density',(#5315),#11334);
#5320=DESCRIPTIVE_REPRESENTATION_ITEM('Steel','Steel');
#5321=PROPERTY_DEFINITION('material property','material name',#11352);
#5322=PROPERTY_DEFINITION('material property','density of part',#11352);
#5323=AXIS2_PLACEMENT_3D('',#7536,#5944,#5945);
#5324=AXIS2_PLACEMENT_3D('',#7537,#5946,#5947);
#5325=AXIS2_PLACEMENT_3D('',#7538,#5948,#5949);
#5326=AXIS2_PLACEMENT_3D('',#7540,#5950,#5951);
#5327=AXIS2_PLACEMENT_3D('',#7543,#5953,#5954);
#5328=AXIS2_PLACEMENT_3D('',#7544,#5955,#5956);
#5329=AXIS2_PLACEMENT_3D('',#7545,#5957,#5958);
#5330=AXIS2_PLACEMENT_3D('',#7548,#5959,#5960);
#5331=AXIS2_PLACEMENT_3D('',#7549,#5961,#5962);
#5332=AXIS2_PLACEMENT_3D('',#7552,#5964,#5965);
#5333=AXIS2_PLACEMENT_3D('',#7553,#5966,#5967);
#5334=AXIS2_PLACEMENT_3D('',#7556,#5968,#5969);
#5335=AXIS2_PLACEMENT_3D('',#7571,#5971,#5972);
#5336=AXIS2_PLACEMENT_3D('',#7575,#5974,#5975);
#5337=AXIS2_PLACEMENT_3D('',#7579,#5977,#5978);
#5338=AXIS2_PLACEMENT_3D('',#7594,#5980,#5981);
#5339=AXIS2_PLACEMENT_3D('',#7609,#5983,#5984);
#5340=AXIS2_PLACEMENT_3D('',#7613,#5986,#5987);
#5341=AXIS2_PLACEMENT_3D('',#7617,#5989,#5990);
#5342=AXIS2_PLACEMENT_3D('',#7632,#5992,#5993);
#5343=AXIS2_PLACEMENT_3D('',#7647,#5995,#5996);
#5344=AXIS2_PLACEMENT_3D('',#7651,#5998,#5999);
#5345=AXIS2_PLACEMENT_3D('',#7655,#6001,#6002);
#5346=AXIS2_PLACEMENT_3D('',#7670,#6004,#6005);
#5347=AXIS2_PLACEMENT_3D('',#7685,#6007,#6008);
#5348=AXIS2_PLACEMENT_3D('',#7689,#6010,#6011);
#5349=AXIS2_PLACEMENT_3D('',#7693,#6013,#6014);
#5350=AXIS2_PLACEMENT_3D('',#7719,#6016,#6017);
#5351=AXIS2_PLACEMENT_3D('',#7721,#6018,#6019);
#5352=AXIS2_PLACEMENT_3D('',#7722,#6020,#6021);
#5353=AXIS2_PLACEMENT_3D('',#7723,#6022,#6023);
#5354=AXIS2_PLACEMENT_3D('',#7725,#6024,#6025);
#5355=AXIS2_PLACEMENT_3D('',#7727,#6027,#6028);
#5356=AXIS2_PLACEMENT_3D('',#7734,#6030,#6031);
#5357=AXIS2_PLACEMENT_3D('',#7736,#6032,#6033);
#5358=AXIS2_PLACEMENT_3D('',#7738,#6035,#6036);
#5359=AXIS2_PLACEMENT_3D('',#7749,#6038,#6039);
#5360=AXIS2_PLACEMENT_3D('',#7751,#6040,#6041);
#5361=AXIS2_PLACEMENT_3D('',#7753,#6043,#6044);
#5362=AXIS2_PLACEMENT_3D('',#7760,#6046,#6047);
#5363=AXIS2_PLACEMENT_3D('',#7762,#6048,#6049);
#5364=AXIS2_PLACEMENT_3D('',#7763,#6050,#6051);
#5365=AXIS2_PLACEMENT_3D('',#7777,#6052,#6053);
#5366=AXIS2_PLACEMENT_3D('',#7778,#6054,#6055);
#5367=AXIS2_PLACEMENT_3D('',#7779,#6056,#6057);
#5368=AXIS2_PLACEMENT_3D('',#7781,#6058,#6059);
#5369=AXIS2_PLACEMENT_3D('',#7782,#6060,#6061);
#5370=AXIS2_PLACEMENT_3D('',#7796,#6062,#6063);
#5371=AXIS2_PLACEMENT_3D('',#7797,#6064,#6065);
#5372=AXIS2_PLACEMENT_3D('',#7798,#6066,#6067);
#5373=AXIS2_PLACEMENT_3D('',#7800,#6068,#6069);
#5374=AXIS2_PLACEMENT_3D('',#7802,#6071,#6072);
#5375=AXIS2_PLACEMENT_3D('',#7809,#6074,#6075);
#5376=AXIS2_PLACEMENT_3D('',#7811,#6076,#6077);
#5377=AXIS2_PLACEMENT_3D('',#7813,#6079,#6080);
#5378=AXIS2_PLACEMENT_3D('',#7824,#6082,#6083);
#5379=AXIS2_PLACEMENT_3D('',#7826,#6084,#6085);
#5380=AXIS2_PLACEMENT_3D('',#7828,#6087,#6088);
#5381=AXIS2_PLACEMENT_3D('',#7835,#6090,#6091);
#5382=AXIS2_PLACEMENT_3D('',#7837,#6092,#6093);
#5383=AXIS2_PLACEMENT_3D('',#7838,#6094,#6095);
#5384=AXIS2_PLACEMENT_3D('',#7852,#6096,#6097);
#5385=AXIS2_PLACEMENT_3D('',#7853,#6098,#6099);
#5386=AXIS2_PLACEMENT_3D('',#7854,#6100,#6101);
#5387=AXIS2_PLACEMENT_3D('',#7856,#6102,#6103);
#5388=AXIS2_PLACEMENT_3D('',#7857,#6104,#6105);
#5389=AXIS2_PLACEMENT_3D('',#7871,#6106,#6107);
#5390=AXIS2_PLACEMENT_3D('',#7872,#6108,#6109);
#5391=AXIS2_PLACEMENT_3D('',#7873,#6110,#6111);
#5392=AXIS2_PLACEMENT_3D('',#7875,#6112,#6113);
#5393=AXIS2_PLACEMENT_3D('',#7877,#6115,#6116);
#5394=AXIS2_PLACEMENT_3D('',#7884,#6118,#6119);
#5395=AXIS2_PLACEMENT_3D('',#7886,#6120,#6121);
#5396=AXIS2_PLACEMENT_3D('',#7888,#6123,#6124);
#5397=AXIS2_PLACEMENT_3D('',#7899,#6126,#6127);
#5398=AXIS2_PLACEMENT_3D('',#7901,#6128,#6129);
#5399=AXIS2_PLACEMENT_3D('',#7903,#6131,#6132);
#5400=AXIS2_PLACEMENT_3D('',#7910,#6134,#6135);
#5401=AXIS2_PLACEMENT_3D('',#7912,#6136,#6137);
#5402=AXIS2_PLACEMENT_3D('',#7913,#6138,#6139);
#5403=AXIS2_PLACEMENT_3D('',#7927,#6140,#6141);
#5404=AXIS2_PLACEMENT_3D('',#7928,#6142,#6143);
#5405=AXIS2_PLACEMENT_3D('',#7929,#6144,#6145);
#5406=AXIS2_PLACEMENT_3D('',#7931,#6146,#6147);
#5407=AXIS2_PLACEMENT_3D('',#7932,#6148,#6149);
#5408=AXIS2_PLACEMENT_3D('',#7946,#6150,#6151);
#5409=AXIS2_PLACEMENT_3D('',#7947,#6152,#6153);
#5410=AXIS2_PLACEMENT_3D('',#7948,#6154,#6155);
#5411=AXIS2_PLACEMENT_3D('',#7950,#6156,#6157);
#5412=AXIS2_PLACEMENT_3D('',#7952,#6159,#6160);
#5413=AXIS2_PLACEMENT_3D('',#7959,#6162,#6163);
#5414=AXIS2_PLACEMENT_3D('',#7961,#6164,#6165);
#5415=AXIS2_PLACEMENT_3D('',#7963,#6167,#6168);
#5416=AXIS2_PLACEMENT_3D('',#7974,#6170,#6171);
#5417=AXIS2_PLACEMENT_3D('',#7976,#6172,#6173);
#5418=AXIS2_PLACEMENT_3D('',#7978,#6175,#6176);
#5419=AXIS2_PLACEMENT_3D('',#7985,#6178,#6179);
#5420=AXIS2_PLACEMENT_3D('',#7987,#6180,#6181);
#5421=AXIS2_PLACEMENT_3D('',#7988,#6182,#6183);
#5422=AXIS2_PLACEMENT_3D('',#8002,#6184,#6185);
#5423=AXIS2_PLACEMENT_3D('',#8003,#6186,#6187);
#5424=AXIS2_PLACEMENT_3D('',#8004,#6188,#6189);
#5425=AXIS2_PLACEMENT_3D('',#8005,#6190,#6191);
#5426=AXIS2_PLACEMENT_3D('',#8006,#6192,#6193);
#5427=AXIS2_PLACEMENT_3D('',#8008,#6194,#6195);
#5428=AXIS2_PLACEMENT_3D('',#8009,#6196,#6197);
#5429=AXIS2_PLACEMENT_3D('',#8011,#6198,#6199);
#5430=AXIS2_PLACEMENT_3D('',#8012,#6200,#6201);
#5431=AXIS2_PLACEMENT_3D('',#8013,#6202,#6203);
#5432=AXIS2_PLACEMENT_3D('',#8016,#6205,#6206);
#5433=AXIS2_PLACEMENT_3D('',#8017,#6207,#6208);
#5434=AXIS2_PLACEMENT_3D('',#8019,#6209,#6210);
#5435=AXIS2_PLACEMENT_3D('',#8021,#6211,#6212);
#5436=AXIS2_PLACEMENT_3D('',#8022,#6213,#6214);
#5437=AXIS2_PLACEMENT_3D('',#8051,#6215,#6216);
#5438=AXIS2_PLACEMENT_3D('',#8052,#6217,#6218);
#5439=AXIS2_PLACEMENT_3D('',#8053,#6219,#6220);
#5440=AXIS2_PLACEMENT_3D('',#8055,#6222,#6223);
#5441=AXIS2_PLACEMENT_3D('',#8056,#6224,#6225);
#5442=AXIS2_PLACEMENT_3D('',#8058,#6226,#6227);
#5443=AXIS2_PLACEMENT_3D('',#8060,#6228,#6229);
#5444=AXIS2_PLACEMENT_3D('',#8061,#6230,#6231);
#5445=AXIS2_PLACEMENT_3D('',#8062,#6232,#6233);
#5446=AXIS2_PLACEMENT_3D('',#8065,#6234,#6235);
#5447=AXIS2_PLACEMENT_3D('',#8073,#6239,#6240);
#5448=AXIS2_PLACEMENT_3D('',#8081,#6244,#6245);
#5449=AXIS2_PLACEMENT_3D('',#8089,#6249,#6250);
#5450=AXIS2_PLACEMENT_3D('',#8091,#6252,#6253);
#5451=AXIS2_PLACEMENT_3D('',#8093,#6254,#6255);
#5452=AXIS2_PLACEMENT_3D('',#8095,#6257,#6258);
#5453=AXIS2_PLACEMENT_3D('',#8097,#6259,#6260);
#5454=AXIS2_PLACEMENT_3D('',#8100,#6262,#6263);
#5455=AXIS2_PLACEMENT_3D('',#8101,#6264,#6265);
#5456=AXIS2_PLACEMENT_3D('',#8108,#6266,#6267);
#5457=AXIS2_PLACEMENT_3D('',#8126,#6268,#6269);
#5458=AXIS2_PLACEMENT_3D('',#8129,#6271,#6272);
#5459=AXIS2_PLACEMENT_3D('',#8130,#6273,#6274);
#5460=AXIS2_PLACEMENT_3D('',#8133,#6276,#6277);
#5461=AXIS2_PLACEMENT_3D('',#8134,#6278,#6279);
#5462=AXIS2_PLACEMENT_3D('',#8136,#6280,#6281);
#5463=AXIS2_PLACEMENT_3D('',#8137,#6282,#6283);
#5464=AXIS2_PLACEMENT_3D('',#8138,#6284,#6285);
#5465=AXIS2_PLACEMENT_3D('',#8141,#6287,#6288);
#5466=AXIS2_PLACEMENT_3D('',#8142,#6289,#6290);
#5467=AXIS2_PLACEMENT_3D('',#8145,#6292,#6293);
#5468=AXIS2_PLACEMENT_3D('',#8146,#6294,#6295);
#5469=AXIS2_PLACEMENT_3D('',#8149,#6297,#6298);
#5470=AXIS2_PLACEMENT_3D('',#8150,#6299,#6300);
#5471=AXIS2_PLACEMENT_3D('',#8152,#6301,#6302);
#5472=AXIS2_PLACEMENT_3D('',#8153,#6303,#6304);
#5473=AXIS2_PLACEMENT_3D('',#8154,#6305,#6306);
#5474=AXIS2_PLACEMENT_3D('',#8157,#6308,#6309);
#5475=AXIS2_PLACEMENT_3D('',#8158,#6310,#6311);
#5476=AXIS2_PLACEMENT_3D('',#8161,#6313,#6314);
#5477=AXIS2_PLACEMENT_3D('',#8162,#6315,#6316);
#5478=AXIS2_PLACEMENT_3D('',#8165,#6318,#6319);
#5479=AXIS2_PLACEMENT_3D('',#8166,#6320,#6321);
#5480=AXIS2_PLACEMENT_3D('',#8177,#6322,#6323);
#5481=AXIS2_PLACEMENT_3D('',#8191,#6324,#6325);
#5482=AXIS2_PLACEMENT_3D('',#8199,#6330,#6331);
#5483=AXIS2_PLACEMENT_3D('',#8203,#6333,#6334);
#5484=AXIS2_PLACEMENT_3D('',#8206,#6336,#6337);
#5485=AXIS2_PLACEMENT_3D('',#8207,#6338,#6339);
#5486=AXIS2_PLACEMENT_3D('',#8213,#6343,#6344);
#5487=AXIS2_PLACEMENT_3D('',#8217,#6347,#6348);
#5488=AXIS2_PLACEMENT_3D('',#8223,#6352,#6353);
#5489=AXIS2_PLACEMENT_3D('',#8227,#6356,#6357);
#5490=AXIS2_PLACEMENT_3D('',#8230,#6358,#6359);
#5491=AXIS2_PLACEMENT_3D('',#8234,#6361,#6362);
#5492=AXIS2_PLACEMENT_3D('',#8236,#6364,#6365);
#5493=AXIS2_PLACEMENT_3D('',#8247,#6372,#6373);
#5494=AXIS2_PLACEMENT_3D('',#8253,#6376,#6377);
#5495=AXIS2_PLACEMENT_3D('',#8256,#6379,#6380);
#5496=AXIS2_PLACEMENT_3D('',#8257,#6381,#6382);
#5497=AXIS2_PLACEMENT_3D('',#8259,#6383,#6384);
#5498=AXIS2_PLACEMENT_3D('',#8261,#6385,#6386);
#5499=AXIS2_PLACEMENT_3D('',#8263,#6388,#6389);
#5500=AXIS2_PLACEMENT_3D('',#8274,#6396,#6397);
#5501=AXIS2_PLACEMENT_3D('',#8278,#6399,#6400);
#5502=AXIS2_PLACEMENT_3D('',#8281,#6402,#6403);
#5503=AXIS2_PLACEMENT_3D('',#8282,#6404,#6405);
#5504=AXIS2_PLACEMENT_3D('',#8285,#6406,#6407);
#5505=AXIS2_PLACEMENT_3D('',#8289,#6409,#6410);
#5506=AXIS2_PLACEMENT_3D('',#8291,#6412,#6413);
#5507=AXIS2_PLACEMENT_3D('',#8299,#6419,#6420);
#5508=AXIS2_PLACEMENT_3D('',#8300,#6421,#6422);
#5509=AXIS2_PLACEMENT_3D('',#8303,#6424,#6425);
#5510=AXIS2_PLACEMENT_3D('',#8305,#6426,#6427);
#5511=AXIS2_PLACEMENT_3D('',#8307,#6428,#6429);
#5512=AXIS2_PLACEMENT_3D('',#8309,#6430,#6431);
#5513=AXIS2_PLACEMENT_3D('',#8310,#6432,#6433);
#5514=AXIS2_PLACEMENT_3D('',#8311,#6434,#6435);
#5515=AXIS2_PLACEMENT_3D('',#8312,#6436,#6437);
#5516=AXIS2_PLACEMENT_3D('',#8316,#6439,#6440);
#5517=AXIS2_PLACEMENT_3D('',#8318,#6442,#6443);
#5518=AXIS2_PLACEMENT_3D('',#8322,#6446,#6447);
#5519=AXIS2_PLACEMENT_3D('',#8325,#6449,#6450);
#5520=AXIS2_PLACEMENT_3D('',#8326,#6451,#6452);
#5521=AXIS2_PLACEMENT_3D('',#8327,#6453,#6454);
#5522=AXIS2_PLACEMENT_3D('',#8330,#6457,#6458);
#5523=AXIS2_PLACEMENT_3D('',#8331,#6459,#6460);
#5524=AXIS2_PLACEMENT_3D('',#8334,#6463,#6464);
#5525=AXIS2_PLACEMENT_3D('',#8335,#6465,#6466);
#5526=AXIS2_PLACEMENT_3D('',#8339,#6469,#6470);
#5527=AXIS2_PLACEMENT_3D('',#8343,#6473,#6474);
#5528=AXIS2_PLACEMENT_3D('',#8344,#6475,#6476);
#5529=AXIS2_PLACEMENT_3D('',#8345,#6477,#6478);
#5530=AXIS2_PLACEMENT_3D('',#8346,#6479,#6480);
#5531=AXIS2_PLACEMENT_3D('',#8348,#6482,#6483);
#5532=AXIS2_PLACEMENT_3D('',#8351,#6485,#6486);
#5533=AXIS2_PLACEMENT_3D('',#8352,#6487,#6488);
#5534=AXIS2_PLACEMENT_3D('',#8353,#6489,#6490);
#5535=AXIS2_PLACEMENT_3D('',#8355,#6492,#6493);
#5536=AXIS2_PLACEMENT_3D('',#8357,#6495,#6496);
#5537=AXIS2_PLACEMENT_3D('',#8359,#6498,#6499);
#5538=AXIS2_PLACEMENT_3D('',#8361,#6501,#6502);
#5539=AXIS2_PLACEMENT_3D('',#8363,#6503,#6504);
#5540=AXIS2_PLACEMENT_3D('',#8366,#6506,#6507);
#5541=AXIS2_PLACEMENT_3D('',#8367,#6508,#6509);
#5542=AXIS2_PLACEMENT_3D('',#8368,#6510,#6511);
#5543=AXIS2_PLACEMENT_3D('',#8369,#6512,#6513);
#5544=AXIS2_PLACEMENT_3D('',#8370,#6514,#6515);
#5545=AXIS2_PLACEMENT_3D('',#8373,#6516,#6517);
#5546=AXIS2_PLACEMENT_3D('',#8377,#6519,#6520);
#5547=AXIS2_PLACEMENT_3D('',#8379,#6522,#6523);
#5548=AXIS2_PLACEMENT_3D('',#8383,#6525,#6526);
#5549=AXIS2_PLACEMENT_3D('',#8387,#6528,#6529);
#5550=AXIS2_PLACEMENT_3D('',#8391,#6531,#6532);
#5551=AXIS2_PLACEMENT_3D('',#8394,#6534,#6535);
#5552=AXIS2_PLACEMENT_3D('',#8396,#6536,#6537);
#5553=AXIS2_PLACEMENT_3D('',#8398,#6538,#6539);
#5554=AXIS2_PLACEMENT_3D('',#8400,#6540,#6541);
#5555=AXIS2_PLACEMENT_3D('',#8401,#6542,#6543);
#5556=AXIS2_PLACEMENT_3D('',#8405,#6546,#6547);
#5557=AXIS2_PLACEMENT_3D('',#8407,#6548,#6549);
#5558=AXIS2_PLACEMENT_3D('',#8409,#6551,#6552);
#5559=AXIS2_PLACEMENT_3D('',#8413,#6554,#6555);
#5560=AXIS2_PLACEMENT_3D('',#8415,#6557,#6558);
#5561=AXIS2_PLACEMENT_3D('',#8419,#6561,#6562);
#5562=AXIS2_PLACEMENT_3D('',#8422,#6564,#6565);
#5563=AXIS2_PLACEMENT_3D('',#8423,#6566,#6567);
#5564=AXIS2_PLACEMENT_3D('',#8425,#6568,#6569);
#5565=AXIS2_PLACEMENT_3D('',#8427,#6571,#6572);
#5566=AXIS2_PLACEMENT_3D('',#8429,#6573,#6574);
#5567=AXIS2_PLACEMENT_3D('',#8431,#6576,#6577);
#5568=AXIS2_PLACEMENT_3D('',#8433,#6578,#6579);
#5569=AXIS2_PLACEMENT_3D('',#8435,#6581,#6582);
#5570=AXIS2_PLACEMENT_3D('',#8437,#6583,#6584);
#5571=AXIS2_PLACEMENT_3D('',#8439,#6586,#6587);
#5572=AXIS2_PLACEMENT_3D('',#8441,#6589,#6590);
#5573=AXIS2_PLACEMENT_3D('',#8443,#6592,#6593);
#5574=AXIS2_PLACEMENT_3D('',#8532,#6595,#6596);
#5575=AXIS2_PLACEMENT_3D('',#8612,#6597,#6598);
#5576=AXIS2_PLACEMENT_3D('',#8710,#6600,#6601);
#5577=AXIS2_PLACEMENT_3D('',#8790,#6602,#6603);
#5578=AXIS2_PLACEMENT_3D('',#8903,#6604,#6605);
#5579=AXIS2_PLACEMENT_3D('',#8983,#6606,#6607);
#5580=AXIS2_PLACEMENT_3D('',#9096,#6608,#6609);
#5581=AXIS2_PLACEMENT_3D('',#9200,#6610,#6611);
#5582=AXIS2_PLACEMENT_3D('',#9280,#6612,#6613);
#5583=AXIS2_PLACEMENT_3D('',#9393,#6614,#6615);
#5584=AXIS2_PLACEMENT_3D('',#9438,#6616,#6617);
#5585=AXIS2_PLACEMENT_3D('',#9506,#6619,#6620);
#5586=AXIS2_PLACEMENT_3D('',#9551,#6621,#6622);
#5587=AXIS2_PLACEMENT_3D('',#9619,#6624,#6625);
#5588=AXIS2_PLACEMENT_3D('',#9723,#6626,#6627);
#5589=AXIS2_PLACEMENT_3D('',#9803,#6628,#6629);
#5590=AXIS2_PLACEMENT_3D('',#9916,#6630,#6631);
#5591=AXIS2_PLACEMENT_3D('',#9961,#6632,#6633);
#5592=AXIS2_PLACEMENT_3D('',#10029,#6635,#6636);
#5593=AXIS2_PLACEMENT_3D('',#10074,#6637,#6638);
#5594=AXIS2_PLACEMENT_3D('',#10142,#6640,#6641);
#5595=AXIS2_PLACEMENT_3D('',#10143,#6642,#6643);
#5596=AXIS2_PLACEMENT_3D('',#10162,#6646,#6647);
#5597=AXIS2_PLACEMENT_3D('',#10168,#6651,#6652);
#5598=AXIS2_PLACEMENT_3D('',#10187,#6655,#6656);
#5599=AXIS2_PLACEMENT_3D('',#10193,#6660,#6661);
#5600=AXIS2_PLACEMENT_3D('',#10196,#6662,#6663);
#5601=AXIS2_PLACEMENT_3D('',#10200,#6665,#6666);
#5602=AXIS2_PLACEMENT_3D('',#10202,#6668,#6669);
#5603=AXIS2_PLACEMENT_3D('',#10208,#6673,#6674);
#5604=AXIS2_PLACEMENT_3D('',#10211,#6675,#6676);
#5605=AXIS2_PLACEMENT_3D('',#10215,#6678,#6679);
#5606=AXIS2_PLACEMENT_3D('',#10217,#6681,#6682);
#5607=AXIS2_PLACEMENT_3D('',#10222,#6685,#6686);
#5608=AXIS2_PLACEMENT_3D('',#10225,#6688,#6689);
#5609=AXIS2_PLACEMENT_3D('',#10226,#6690,#6691);
#5610=AXIS2_PLACEMENT_3D('',#10230,#6694,#6695);
#5611=AXIS2_PLACEMENT_3D('',#10232,#6696,#6697);
#5612=AXIS2_PLACEMENT_3D('',#10234,#6699,#6700);
#5613=AXIS2_PLACEMENT_3D('',#10238,#6703,#6704);
#5614=AXIS2_PLACEMENT_3D('',#10239,#6705,#6706);
#5615=AXIS2_PLACEMENT_3D('',#10240,#6707,#6708);
#5616=AXIS2_PLACEMENT_3D('',#10243,#6709,#6710);
#5617=AXIS2_PLACEMENT_3D('',#10245,#6711,#6712);
#5618=AXIS2_PLACEMENT_3D('',#10247,#6713,#6714);
#5619=AXIS2_PLACEMENT_3D('',#10248,#6715,#6716);
#5620=AXIS2_PLACEMENT_3D('',#10249,#6717,#6718);
#5621=AXIS2_PLACEMENT_3D('',#10252,#6719,#6720);
#5622=AXIS2_PLACEMENT_3D('',#10254,#6721,#6722);
#5623=AXIS2_PLACEMENT_3D('',#10256,#6723,#6724);
#5624=AXIS2_PLACEMENT_3D('',#10257,#6725,#6726);
#5625=AXIS2_PLACEMENT_3D('',#10258,#6727,#6728);
#5626=AXIS2_PLACEMENT_3D('',#10261,#6729,#6730);
#5627=AXIS2_PLACEMENT_3D('',#10264,#6733,#6734);
#5628=AXIS2_PLACEMENT_3D('',#10267,#6735,#6736);
#5629=AXIS2_PLACEMENT_3D('',#10268,#6737,#6738);
#5630=AXIS2_PLACEMENT_3D('',#10269,#6739,#6740);
#5631=AXIS2_PLACEMENT_3D('',#10270,#6741,#6742);
#5632=AXIS2_PLACEMENT_3D('',#10273,#6743,#6744);
#5633=AXIS2_PLACEMENT_3D('',#10276,#6747,#6748);
#5634=AXIS2_PLACEMENT_3D('',#10279,#6749,#6750);
#5635=AXIS2_PLACEMENT_3D('',#10280,#6751,#6752);
#5636=AXIS2_PLACEMENT_3D('',#10281,#6753,#6754);
#5637=AXIS2_PLACEMENT_3D('',#10282,#6755,#6756);
#5638=AXIS2_PLACEMENT_3D('',#10285,#6759,#6760);
#5639=AXIS2_PLACEMENT_3D('',#10288,#6761,#6762);
#5640=AXIS2_PLACEMENT_3D('',#10290,#6763,#6764);
#5641=AXIS2_PLACEMENT_3D('',#10291,#6765,#6766);
#5642=AXIS2_PLACEMENT_3D('',#10292,#6767,#6768);
#5643=AXIS2_PLACEMENT_3D('',#10295,#6769,#6770);
#5644=AXIS2_PLACEMENT_3D('',#10297,#6771,#6772);
#5645=AXIS2_PLACEMENT_3D('',#10298,#6773,#6774);
#5646=AXIS2_PLACEMENT_3D('',#10299,#6775,#6776);
#5647=AXIS2_PLACEMENT_3D('',#10302,#6779,#6780);
#5648=AXIS2_PLACEMENT_3D('',#10305,#6783,#6784);
#5649=AXIS2_PLACEMENT_3D('',#10308,#6785,#6786);
#5650=AXIS2_PLACEMENT_3D('',#10310,#6787,#6788);
#5651=AXIS2_PLACEMENT_3D('',#10311,#6789,#6790);
#5652=AXIS2_PLACEMENT_3D('',#10312,#6791,#6792);
#5653=AXIS2_PLACEMENT_3D('',#10315,#6795,#6796);
#5654=AXIS2_PLACEMENT_3D('',#10318,#6797,#6798);
#5655=AXIS2_PLACEMENT_3D('',#10320,#6799,#6800);
#5656=AXIS2_PLACEMENT_3D('',#10321,#6801,#6802);
#5657=AXIS2_PLACEMENT_3D('',#10389,#6803,#6804);
#5658=AXIS2_PLACEMENT_3D('',#10412,#6805,#6806);
#5659=AXIS2_PLACEMENT_3D('',#10482,#6809,#6810);
#5660=AXIS2_PLACEMENT_3D('',#10572,#6811,#6812);
#5661=AXIS2_PLACEMENT_3D('',#10595,#6813,#6814);
#5662=AXIS2_PLACEMENT_3D('',#10598,#6815,#6816);
#5663=AXIS2_PLACEMENT_3D('',#10600,#6817,#6818);
#5664=AXIS2_PLACEMENT_3D('',#10601,#6819,#6820);
#5665=AXIS2_PLACEMENT_3D('',#10602,#6821,#6822);
#5666=AXIS2_PLACEMENT_3D('',#10605,#6823,#6824);
#5667=AXIS2_PLACEMENT_3D('',#10607,#6825,#6826);
#5668=AXIS2_PLACEMENT_3D('',#10608,#6827,#6828);
#5669=AXIS2_PLACEMENT_3D('',#10609,#6829,#6830);
#5670=AXIS2_PLACEMENT_3D('',#10612,#6831,#6832);
#5671=AXIS2_PLACEMENT_3D('',#10614,#6833,#6834);
#5672=AXIS2_PLACEMENT_3D('',#10616,#6835,#6836);
#5673=AXIS2_PLACEMENT_3D('',#10617,#6837,#6838);
#5674=AXIS2_PLACEMENT_3D('',#10618,#6839,#6840);
#5675=AXIS2_PLACEMENT_3D('',#10621,#6841,#6842);
#5676=AXIS2_PLACEMENT_3D('',#10623,#6843,#6844);
#5677=AXIS2_PLACEMENT_3D('',#10625,#6845,#6846);
#5678=AXIS2_PLACEMENT_3D('',#10626,#6847,#6848);
#5679=AXIS2_PLACEMENT_3D('',#10627,#6849,#6850);
#5680=AXIS2_PLACEMENT_3D('',#10630,#6851,#6852);
#5681=AXIS2_PLACEMENT_3D('',#10633,#6855,#6856);
#5682=AXIS2_PLACEMENT_3D('',#10636,#6857,#6858);
#5683=AXIS2_PLACEMENT_3D('',#10637,#6859,#6860);
#5684=AXIS2_PLACEMENT_3D('',#10638,#6861,#6862);
#5685=AXIS2_PLACEMENT_3D('',#10639,#6863,#6864);
#5686=AXIS2_PLACEMENT_3D('',#10642,#6865,#6866);
#5687=AXIS2_PLACEMENT_3D('',#10645,#6869,#6870);
#5688=AXIS2_PLACEMENT_3D('',#10648,#6871,#6872);
#5689=AXIS2_PLACEMENT_3D('',#10649,#6873,#6874);
#5690=AXIS2_PLACEMENT_3D('',#10650,#6875,#6876);
#5691=AXIS2_PLACEMENT_3D('',#10651,#6877,#6878);
#5692=AXIS2_PLACEMENT_3D('',#10654,#6881,#6882);
#5693=AXIS2_PLACEMENT_3D('',#10657,#6885,#6886);
#5694=AXIS2_PLACEMENT_3D('',#10660,#6889,#6890);
#5695=AXIS2_PLACEMENT_3D('',#10663,#6893,#6894);
#5696=AXIS2_PLACEMENT_3D('',#10666,#6897,#6898);
#5697=AXIS2_PLACEMENT_3D('',#10669,#6901,#6902);
#5698=AXIS2_PLACEMENT_3D('',#10672,#6905,#6906);
#5699=AXIS2_PLACEMENT_3D('',#10675,#6909,#6910);
#5700=AXIS2_PLACEMENT_3D('',#10676,#6911,#6912);
#5701=AXIS2_PLACEMENT_3D('',#10677,#6913,#6914);
#5702=AXIS2_PLACEMENT_3D('',#10678,#6915,#6916);
#5703=AXIS2_PLACEMENT_3D('',#10680,#6917,#6918);
#5704=AXIS2_PLACEMENT_3D('',#10681,#6919,#6920);
#5705=AXIS2_PLACEMENT_3D('',#10682,#6921,#6922);
#5706=AXIS2_PLACEMENT_3D('',#10683,#6923,#6924);
#5707=AXIS2_PLACEMENT_3D('',#10685,#6925,#6926);
#5708=AXIS2_PLACEMENT_3D('',#10687,#6928,#6929);
#5709=AXIS2_PLACEMENT_3D('',#10689,#6930,#6931);
#5710=AXIS2_PLACEMENT_3D('',#10690,#6932,#6933);
#5711=AXIS2_PLACEMENT_3D('',#10691,#6934,#6935);
#5712=AXIS2_PLACEMENT_3D('',#10692,#6936,#6937);
#5713=AXIS2_PLACEMENT_3D('',#10694,#6938,#6939);
#5714=AXIS2_PLACEMENT_3D('',#10696,#6941,#6942);
#5715=AXIS2_PLACEMENT_3D('',#10697,#6943,#6944);
#5716=AXIS2_PLACEMENT_3D('',#10698,#6945,#6946);
#5717=AXIS2_PLACEMENT_3D('',#10699,#6947,#6948);
#5718=AXIS2_PLACEMENT_3D('',#10702,#6951,#6952);
#5719=AXIS2_PLACEMENT_3D('',#10703,#6953,#6954);
#5720=AXIS2_PLACEMENT_3D('',#10704,#6955,#6956);
#5721=AXIS2_PLACEMENT_3D('',#10705,#6957,#6958);
#5722=AXIS2_PLACEMENT_3D('',#10708,#6961,#6962);
#5723=AXIS2_PLACEMENT_3D('',#10711,#6965,#6966);
#5724=AXIS2_PLACEMENT_3D('',#10714,#6969,#6970);
#5725=AXIS2_PLACEMENT_3D('',#10717,#6973,#6974);
#5726=AXIS2_PLACEMENT_3D('',#10719,#6975,#6976);
#5727=AXIS2_PLACEMENT_3D('',#10723,#6978,#6979);
#5728=AXIS2_PLACEMENT_3D('',#10726,#6981,#6982);
#5729=AXIS2_PLACEMENT_3D('',#10727,#6983,#6984);
#5730=AXIS2_PLACEMENT_3D('',#10741,#6992,#6993);
#5731=AXIS2_PLACEMENT_3D('',#10744,#6995,#6996);
#5732=AXIS2_PLACEMENT_3D('',#10745,#6997,#6998);
#5733=AXIS2_PLACEMENT_3D('',#10749,#7001,#7002);
#5734=AXIS2_PLACEMENT_3D('',#10752,#7004,#7005);
#5735=AXIS2_PLACEMENT_3D('',#10753,#7006,#7007);
#5736=AXIS2_PLACEMENT_3D('',#10755,#7008,#7009);
#5737=AXIS2_PLACEMENT_3D('',#10756,#7010,#7011);
#5738=AXIS2_PLACEMENT_3D('',#10758,#7013,#7014);
#5739=AXIS2_PLACEMENT_3D('',#10759,#7015,#7016);
#5740=AXIS2_PLACEMENT_3D('',#10760,#7017,#7018);
#5741=AXIS2_PLACEMENT_3D('',#10761,#7019,#7020);
#5742=AXIS2_PLACEMENT_3D('',#10762,#7021,#7022);
#5743=AXIS2_PLACEMENT_3D('',#10764,#7023,#7024);
#5744=AXIS2_PLACEMENT_3D('',#10765,#7025,#7026);
#5745=AXIS2_PLACEMENT_3D('',#10766,#7027,#7028);
#5746=AXIS2_PLACEMENT_3D('',#10768,#7029,#7030);
#5747=AXIS2_PLACEMENT_3D('',#10770,#7031,#7032);
#5748=AXIS2_PLACEMENT_3D('',#10772,#7034,#7035);
#5749=AXIS2_PLACEMENT_3D('',#10776,#7037,#7038);
#5750=AXIS2_PLACEMENT_3D('',#10780,#7040,#7041);
#5751=AXIS2_PLACEMENT_3D('',#10783,#7043,#7044);
#5752=AXIS2_PLACEMENT_3D('',#10785,#7045,#7046);
#5753=AXIS2_PLACEMENT_3D('',#10787,#7047,#7048);
#5754=AXIS2_PLACEMENT_3D('',#10789,#7049,#7050);
#5755=AXIS2_PLACEMENT_3D('',#10791,#7051,#7052);
#5756=AXIS2_PLACEMENT_3D('',#10792,#7053,#7054);
#5757=AXIS2_PLACEMENT_3D('',#10795,#7055,#7056);
#5758=AXIS2_PLACEMENT_3D('',#10824,#7057,#7058);
#5759=AXIS2_PLACEMENT_3D('',#10825,#7059,#7060);
#5760=AXIS2_PLACEMENT_3D('',#10826,#7061,#7062);
#5761=AXIS2_PLACEMENT_3D('',#10827,#7063,#7064);
#5762=AXIS2_PLACEMENT_3D('',#10829,#7065,#7066);
#5763=AXIS2_PLACEMENT_3D('',#10831,#7067,#7068);
#5764=AXIS2_PLACEMENT_3D('',#10832,#7069,#7070);
#5765=AXIS2_PLACEMENT_3D('',#10835,#7072,#7073);
#5766=AXIS2_PLACEMENT_3D('',#10836,#7074,#7075);
#5767=AXIS2_PLACEMENT_3D('',#10840,#7078,#7079);
#5768=AXIS2_PLACEMENT_3D('',#10843,#7081,#7082);
#5769=AXIS2_PLACEMENT_3D('',#10844,#7083,#7084);
#5770=AXIS2_PLACEMENT_3D('',#10851,#7089,#7090);
#5771=AXIS2_PLACEMENT_3D('',#10854,#7092,#7093);
#5772=AXIS2_PLACEMENT_3D('',#10855,#7094,#7095);
#5773=AXIS2_PLACEMENT_3D('',#10858,#7097,#7098);
#5774=AXIS2_PLACEMENT_3D('',#10859,#7099,#7100);
#5775=AXIS2_PLACEMENT_3D('',#10862,#7102,#7103);
#5776=AXIS2_PLACEMENT_3D('',#10863,#7104,#7105);
#5777=AXIS2_PLACEMENT_3D('',#10866,#7107,#7108);
#5778=AXIS2_PLACEMENT_3D('',#10867,#7109,#7110);
#5779=AXIS2_PLACEMENT_3D('',#10870,#7112,#7113);
#5780=AXIS2_PLACEMENT_3D('',#10871,#7114,#7115);
#5781=AXIS2_PLACEMENT_3D('',#10872,#7116,#7117);
#5782=AXIS2_PLACEMENT_3D('',#10875,#7118,#7119);
#5783=AXIS2_PLACEMENT_3D('',#10877,#7120,#7121);
#5784=AXIS2_PLACEMENT_3D('',#10878,#7122,#7123);
#5785=AXIS2_PLACEMENT_3D('',#10879,#7124,#7125);
#5786=AXIS2_PLACEMENT_3D('',#10882,#7126,#7127);
#5787=AXIS2_PLACEMENT_3D('',#10884,#7128,#7129);
#5788=AXIS2_PLACEMENT_3D('',#10885,#7130,#7131);
#5789=AXIS2_PLACEMENT_3D('',#10886,#7132,#7133);
#5790=AXIS2_PLACEMENT_3D('',#10891,#7135,#7136);
#5791=AXIS2_PLACEMENT_3D('',#10894,#7138,#7139);
#5792=AXIS2_PLACEMENT_3D('',#10895,#7140,#7141);
#5793=AXIS2_PLACEMENT_3D('',#10900,#7143,#7144);
#5794=AXIS2_PLACEMENT_3D('',#10903,#7146,#7147);
#5795=AXIS2_PLACEMENT_3D('',#10904,#7148,#7149);
#5796=AXIS2_PLACEMENT_3D('',#10906,#7150,#7151);
#5797=AXIS2_PLACEMENT_3D('',#10914,#7152,#7153);
#5798=AXIS2_PLACEMENT_3D('',#10915,#7154,#7155);
#5799=AXIS2_PLACEMENT_3D('',#10918,#7156,#7157);
#5800=AXIS2_PLACEMENT_3D('',#10925,#7158,#7159);
#5801=AXIS2_PLACEMENT_3D('',#10930,#7160,#7161);
#5802=AXIS2_PLACEMENT_3D('',#10932,#7162,#7163);
#5803=AXIS2_PLACEMENT_3D('',#10939,#7164,#7165);
#5804=AXIS2_PLACEMENT_3D('',#10944,#7166,#7167);
#5805=AXIS2_PLACEMENT_3D('',#10946,#7168,#7169);
#5806=AXIS2_PLACEMENT_3D('',#10948,#7170,#7171);
#5807=AXIS2_PLACEMENT_3D('',#10953,#7172,#7173);
#5808=AXIS2_PLACEMENT_3D('',#10956,#7174,#7175);
#5809=AXIS2_PLACEMENT_3D('',#10959,#7178,#7179);
#5810=AXIS2_PLACEMENT_3D('',#10962,#7180,#7181);
#5811=AXIS2_PLACEMENT_3D('',#10965,#7184,#7185);
#5812=AXIS2_PLACEMENT_3D('',#10968,#7186,#7187);
#5813=AXIS2_PLACEMENT_3D('',#10970,#7188,#7189);
#5814=AXIS2_PLACEMENT_3D('',#10972,#7190,#7191);
#5815=AXIS2_PLACEMENT_3D('',#10973,#7192,#7193);
#5816=AXIS2_PLACEMENT_3D('',#10974,#7194,#7195);
#5817=AXIS2_PLACEMENT_3D('',#10977,#7196,#7197);
#5818=AXIS2_PLACEMENT_3D('',#10980,#7200,#7201);
#5819=AXIS2_PLACEMENT_3D('',#10986,#7202,#7203);
#5820=AXIS2_PLACEMENT_3D('',#10987,#7204,#7205);
#5821=AXIS2_PLACEMENT_3D('',#10988,#7206,#7207);
#5822=AXIS2_PLACEMENT_3D('',#10991,#7208,#7209);
#5823=AXIS2_PLACEMENT_3D('',#10993,#7210,#7211);
#5824=AXIS2_PLACEMENT_3D('',#10998,#7212,#7213);
#5825=AXIS2_PLACEMENT_3D('',#10999,#7214,#7215);
#5826=AXIS2_PLACEMENT_3D('',#11001,#7216,#7217);
#5827=AXIS2_PLACEMENT_3D('',#11007,#7218,#7219);
#5828=AXIS2_PLACEMENT_3D('',#11008,#7220,#7221);
#5829=AXIS2_PLACEMENT_3D('',#11010,#7222,#7223);
#5830=AXIS2_PLACEMENT_3D('',#11012,#7224,#7225);
#5831=AXIS2_PLACEMENT_3D('',#11019,#7226,#7227);
#5832=AXIS2_PLACEMENT_3D('',#11022,#7230,#7231);
#5833=AXIS2_PLACEMENT_3D('',#11024,#7232,#7233);
#5834=AXIS2_PLACEMENT_3D('',#11026,#7234,#7235);
#5835=AXIS2_PLACEMENT_3D('',#11027,#7236,#7237);
#5836=AXIS2_PLACEMENT_3D('',#11028,#7238,#7239);
#5837=AXIS2_PLACEMENT_3D('',#11030,#7240,#7241);
#5838=AXIS2_PLACEMENT_3D('',#11032,#7242,#7243);
#5839=AXIS2_PLACEMENT_3D('',#11033,#7244,#7245);
#5840=AXIS2_PLACEMENT_3D('',#11034,#7246,#7247);
#5841=AXIS2_PLACEMENT_3D('',#11036,#7248,#7249);
#5842=AXIS2_PLACEMENT_3D('',#11037,#7250,#7251);
#5843=AXIS2_PLACEMENT_3D('',#11038,#7252,#7253);
#5844=AXIS2_PLACEMENT_3D('',#11066,#7255,#7256);
#5845=AXIS2_PLACEMENT_3D('',#11070,#7258,#7259);
#5846=AXIS2_PLACEMENT_3D('',#11072,#7261,#7262);
#5847=AXIS2_PLACEMENT_3D('',#11100,#7264,#7265);
#5848=AXIS2_PLACEMENT_3D('',#11104,#7267,#7268);
#5849=AXIS2_PLACEMENT_3D('',#11106,#7270,#7271);
#5850=AXIS2_PLACEMENT_3D('',#11115,#7276,#7277);
#5851=AXIS2_PLACEMENT_3D('',#11118,#7280,#7281);
#5852=AXIS2_PLACEMENT_3D('',#11121,#7284,#7285);
#5853=AXIS2_PLACEMENT_3D('',#11130,#7290,#7291);
#5854=AXIS2_PLACEMENT_3D('',#11131,#7292,#7293);
#5855=AXIS2_PLACEMENT_3D('',#11137,#7297,#7298);
#5856=AXIS2_PLACEMENT_3D('',#11143,#7302,#7303);
#5857=AXIS2_PLACEMENT_3D('',#11152,#7308,#7309);
#5858=AXIS2_PLACEMENT_3D('',#11161,#7314,#7315);
#5859=AXIS2_PLACEMENT_3D('',#11162,#7316,#7317);
#5860=AXIS2_PLACEMENT_3D('',#11163,#7318,#7319);
#5861=AXIS2_PLACEMENT_3D('',#11164,#7320,#7321);
#5862=AXIS2_PLACEMENT_3D('',#11165,#7322,#7323);
#5863=AXIS2_PLACEMENT_3D('',#11166,#7324,#7325);
#5864=AXIS2_PLACEMENT_3D('',#11167,#7326,#7327);
#5865=AXIS2_PLACEMENT_3D('',#11168,#7328,#7329);
#5866=AXIS2_PLACEMENT_3D('',#11171,#7332,#7333);
#5867=AXIS2_PLACEMENT_3D('',#11178,#7338,#7339);
#5868=AXIS2_PLACEMENT_3D('',#11184,#7343,#7344);
#5869=AXIS2_PLACEMENT_3D('',#11186,#7346,#7347);
#5870=AXIS2_PLACEMENT_3D('',#11188,#7349,#7350);
#5871=AXIS2_PLACEMENT_3D('',#11189,#7351,#7352);
#5872=AXIS2_PLACEMENT_3D('',#11191,#7354,#7355);
#5873=AXIS2_PLACEMENT_3D('',#11193,#7357,#7358);
#5874=AXIS2_PLACEMENT_3D('',#11195,#7360,#7361);
#5875=AXIS2_PLACEMENT_3D('',#11197,#7363,#7364);
#5876=AXIS2_PLACEMENT_3D('',#11198,#7365,#7366);
#5877=AXIS2_PLACEMENT_3D('',#11200,#7368,#7369);
#5878=AXIS2_PLACEMENT_3D('',#11203,#7372,#7373);
#5879=AXIS2_PLACEMENT_3D('',#11205,#7375,#7376);
#5880=AXIS2_PLACEMENT_3D('',#11206,#7377,#7378);
#5881=AXIS2_PLACEMENT_3D('',#11207,#7379,#7380);
#5882=AXIS2_PLACEMENT_3D('',#11208,#7381,#7382);
#5883=AXIS2_PLACEMENT_3D('',#11211,#7385,#7386);
#5884=AXIS2_PLACEMENT_3D('',#11214,#7389,#7390);
#5885=AXIS2_PLACEMENT_3D('',#11217,#7392,#7393);
#5886=AXIS2_PLACEMENT_3D('',#11218,#7394,#7395);
#5887=AXIS2_PLACEMENT_3D('',#11221,#7397,#7398);
#5888=AXIS2_PLACEMENT_3D('',#11222,#7399,#7400);
#5889=AXIS2_PLACEMENT_3D('',#11225,#7402,#7403);
#5890=AXIS2_PLACEMENT_3D('',#11227,#7404,#7405);
#5891=AXIS2_PLACEMENT_3D('',#11228,#7406,#7407);
#5892=AXIS2_PLACEMENT_3D('',#11230,#7409,#7410);
#5893=AXIS2_PLACEMENT_3D('',#11232,#7411,#7412);
#5894=AXIS2_PLACEMENT_3D('',#11235,#7414,#7415);
#5895=AXIS2_PLACEMENT_3D('',#11236,#7416,#7417);
#5896=AXIS2_PLACEMENT_3D('',#11238,#7418,#7419);
#5897=AXIS2_PLACEMENT_3D('',#11240,#7421,#7422);
#5898=AXIS2_PLACEMENT_3D('',#11241,#7423,#7424);
#5899=AXIS2_PLACEMENT_3D('',#11243,#7425,#7426);
#5900=AXIS2_PLACEMENT_3D('',#11245,#7428,#7429);
#5901=AXIS2_PLACEMENT_3D('',#11246,#7430,#7431);
#5902=AXIS2_PLACEMENT_3D('',#11247,#7432,#7433);
#5903=AXIS2_PLACEMENT_3D('',#11248,#7434,#7435);
#5904=AXIS2_PLACEMENT_3D('',#11249,#7436,#7437);
#5905=AXIS2_PLACEMENT_3D('',#11250,#7438,#7439);
#5906=AXIS2_PLACEMENT_3D('',#11251,#7440,#7441);
#5907=AXIS2_PLACEMENT_3D('',#11252,#7442,#7443);
#5908=AXIS2_PLACEMENT_3D('',#11254,#7445,#7446);
#5909=AXIS2_PLACEMENT_3D('',#11256,#7448,#7449);
#5910=AXIS2_PLACEMENT_3D('',#11257,#7450,#7451);
#5911=AXIS2_PLACEMENT_3D('',#11258,#7452,#7453);
#5912=AXIS2_PLACEMENT_3D('',#11260,#7454,#7455);
#5913=AXIS2_PLACEMENT_3D('',#11262,#7456,#7457);
#5914=AXIS2_PLACEMENT_3D('',#11263,#7458,#7459);
#5915=AXIS2_PLACEMENT_3D('',#11264,#7460,#7461);
#5916=AXIS2_PLACEMENT_3D('',#11267,#7463,#7464);
#5917=AXIS2_PLACEMENT_3D('',#11268,#7465,#7466);
#5918=AXIS2_PLACEMENT_3D('',#11270,#7467,#7468);
#5919=AXIS2_PLACEMENT_3D('',#11271,#7469,#7470);
#5920=AXIS2_PLACEMENT_3D('',#11274,#7472,#7473);
#5921=AXIS2_PLACEMENT_3D('',#11275,#7474,#7475);
#5922=AXIS2_PLACEMENT_3D('',#11276,#7476,#7477);
#5923=AXIS2_PLACEMENT_3D('',#11285,#7482,#7483);
#5924=AXIS2_PLACEMENT_3D('',#11287,#7484,#7485);
#5925=AXIS2_PLACEMENT_3D('',#11289,#7486,#7487);
#5926=AXIS2_PLACEMENT_3D('',#11291,#7489,#7490);
#5927=AXIS2_PLACEMENT_3D('',#11297,#7494,#7495);
#5928=AXIS2_PLACEMENT_3D('',#11299,#7496,#7497);
#5929=AXIS2_PLACEMENT_3D('',#11301,#7498,#7499);
#5930=AXIS2_PLACEMENT_3D('',#11303,#7501,#7502);
#5931=AXIS2_PLACEMENT_3D('',#11309,#7506,#7507);
#5932=AXIS2_PLACEMENT_3D('',#11311,#7508,#7509);
#5933=AXIS2_PLACEMENT_3D('',#11313,#7510,#7511);
#5934=AXIS2_PLACEMENT_3D('',#11315,#7513,#7514);
#5935=AXIS2_PLACEMENT_3D('',#11321,#7518,#7519);
#5936=AXIS2_PLACEMENT_3D('',#11322,#7520,#7521);
#5937=AXIS2_PLACEMENT_3D('',#11323,#7522,#7523);
#5938=AXIS2_PLACEMENT_3D('',#11324,#7524,#7525);
#5939=AXIS2_PLACEMENT_3D('',#11325,#7526,#7527);
#5940=AXIS2_PLACEMENT_3D('',#11326,#7528,#7529);
#5941=AXIS2_PLACEMENT_3D('',#11327,#7530,#7531);
#5942=AXIS2_PLACEMENT_3D('',#11328,#7532,#7533);
#5943=AXIS2_PLACEMENT_3D('',#11329,#7534,#7535);
#5944=DIRECTION('axis',(0.,0.,1.));
#5945=DIRECTION('refdir',(1.,0.,0.));
#5946=DIRECTION('axis',(0.,0.,1.));
#5947=DIRECTION('refdir',(1.,0.,0.));
#5948=DIRECTION('center_axis',(4.08170229641602E-17,-1.42859580374561E-17,
-1.));
#5949=DIRECTION('ref_axis',(1.,-3.5527136788005E-15,4.08170229641602E-17));
#5950=DIRECTION('center_axis',(4.16333634234434E-17,-1.38777878078145E-17,
-1.));
#5951=DIRECTION('ref_axis',(1.,-3.5527136788005E-15,4.16333634234434E-17));
#5952=DIRECTION('',(-4.08170229641602E-17,1.42859580374561E-17,1.));
#5953=DIRECTION('center_axis',(0.,-1.22464679914735E-16,1.));
#5954=DIRECTION('ref_axis',(1.,-3.5527136788005E-15,4.08170229641602E-17));
#5955=DIRECTION('center_axis',(4.16333634234434E-17,-1.38777878078145E-17,
-1.));
#5956=DIRECTION('ref_axis',(1.,-3.5527136788005E-15,4.16333634234434E-17));
#5957=DIRECTION('center_axis',(0.,-1.22464679914733E-16,1.));
#5958=DIRECTION('ref_axis',(0.,-1.,-1.22464679914733E-16));
#5959=DIRECTION('center_axis',(0.,-1.22464679914733E-16,1.));
#5960=DIRECTION('ref_axis',(0.,-1.,-1.22464679914733E-16));
#5961=DIRECTION('center_axis',(0.,-1.22464679914733E-16,1.));
#5962=DIRECTION('ref_axis',(0.,-1.,-1.22464679914733E-16));
#5963=DIRECTION('',(8.65956056235585E-17,-0.707106781186622,-0.707106781186473));
#5964=DIRECTION('center_axis',(0.,1.22464679914735E-16,-1.));
#5965=DIRECTION('ref_axis',(0.,-1.,-1.22464679914735E-16));
#5966=DIRECTION('center_axis',(0.,0.,1.));
#5967=DIRECTION('ref_axis',(1.,0.,0.));
#5968=DIRECTION('center_axis',(0.,0.,1.));
#5969=DIRECTION('ref_axis',(1.,0.,0.));
#5970=DIRECTION('',(-1.19222072745847E-14,-1.,0.));
#5971=DIRECTION('center_axis',(0.,0.,-1.));
#5972=DIRECTION('ref_axis',(0.923871387006683,-0.382703096760855,0.));
#5973=DIRECTION('',(-0.382683432365105,-0.92387953251128,0.));
#5974=DIRECTION('center_axis',(0.,0.,-1.));
#5975=DIRECTION('ref_axis',(0.382511334746734,-0.923950798901257,0.));
#5976=DIRECTION('',(-0.923879532511291,-0.38268343236508,0.));
#5977=DIRECTION('center_axis',(0.,0.,-1.));
#5978=DIRECTION('ref_axis',(-2.12846824186867E-5,-0.999999999773481,0.));
#5979=DIRECTION('',(-1.,1.08460384984404E-14,0.));
#5980=DIRECTION('center_axis',(0.,0.,1.));
#5981=DIRECTION('ref_axis',(1.,0.,0.));
#5982=DIRECTION('',(1.,-1.43489170152584E-15,0.));
#5983=DIRECTION('center_axis',(0.,0.,-1.));
#5984=DIRECTION('ref_axis',(0.382703096760846,0.923871387006686,0.));
#5985=DIRECTION('',(0.923879532511285,-0.382683432365095,0.));
#5986=DIRECTION('center_axis',(0.,0.,-1.));
#5987=DIRECTION('ref_axis',(0.923950798901254,0.382511334746742,0.));
#5988=DIRECTION('',(0.382683432365089,-0.923879532511287,0.));
#5989=DIRECTION('center_axis',(0.,0.,-1.));
#5990=DIRECTION('ref_axis',(0.999999999773481,-2.12846824108898E-5,0.));
#5991=DIRECTION('',(-3.84466038440449E-16,-1.,0.));
#5992=DIRECTION('center_axis',(0.,0.,1.));
#5993=DIRECTION('ref_axis',(1.,0.,0.));
#5994=DIRECTION('',(4.91350148383948E-15,1.,0.));
#5995=DIRECTION('center_axis',(0.,0.,-1.));
#5996=DIRECTION('ref_axis',(-0.923871387006682,0.382703096760855,0.));
#5997=DIRECTION('',(0.382683432365099,0.923879532511283,0.));
#5998=DIRECTION('center_axis',(1.44767179394577E-13,-1.44767179394578E-13,
-1.));
#5999=DIRECTION('ref_axis',(-0.382511334746739,0.923950798901255,-1.87186444947216E-13));
#6000=DIRECTION('',(0.923879532511288,0.382683432365086,0.));
#6001=DIRECTION('center_axis',(0.,0.,-1.));
#6002=DIRECTION('ref_axis',(2.12846824108895E-5,0.999999999773481,0.));
#6003=DIRECTION('',(1.,-3.86307582075409E-15,0.));
#6004=DIRECTION('center_axis',(0.,0.,1.));
#6005=DIRECTION('ref_axis',(1.,0.,0.));
#6006=DIRECTION('',(-1.,1.43489170152584E-15,0.));
#6007=DIRECTION('center_axis',(0.,0.,-1.));
#6008=DIRECTION('ref_axis',(-0.382703096760847,-0.923871387006686,0.));
#6009=DIRECTION('',(-0.923879532511285,0.382683432365095,0.));
#6010=DIRECTION('center_axis',(1.44767179394578E-13,1.44767179394577E-13,
-1.));
#6011=DIRECTION('ref_axis',(-0.923950798901253,-0.382511334746744,-1.87186444947216E-13));
#6012=DIRECTION('',(-0.382683432365089,0.923879532511287,0.));
#6013=DIRECTION('center_axis',(7.95775217339717E-13,1.58289532383105E-13,
-1.));
#6014=DIRECTION('ref_axis',(-0.999999999773481,2.12846824186874E-5,-7.95269902696128E-13));
#6015=DIRECTION('',(3.58722925381461E-16,1.,0.));
#6016=DIRECTION('center_axis',(-0.992935507558206,-0.0619015304297374,-0.101228841545206));
#6017=DIRECTION('ref_axis',(-0.0514428461706992,0.993365705409989,-0.102850419995122));
#6018=DIRECTION('center_axis',(0.0524929666227932,-0.415116496658605,-0.90825259848625));
#6019=DIRECTION('ref_axis',(0.166535650084947,0.900409288424235,-0.401906693860836));
#6020=DIRECTION('center_axis',(0.994521895368273,-6.1642643490911E-14,0.104528463267658));
#6021=DIRECTION('ref_axis',(0.00956453235734003,0.995804919863623,-0.0910004466812627));
#6022=DIRECTION('center_axis',(0.994521895368273,-1.18568961756934E-14,
0.104528463267654));
#6023=DIRECTION('ref_axis',(0.104528463267654,0.,-0.994521895368273));
#6024=DIRECTION('center_axis',(-0.994521895368273,1.18568961756934E-14,
-0.104528463267654));
#6025=DIRECTION('ref_axis',(0.104528463267654,-1.97215226305253E-31,-0.994521895368273));
#6026=DIRECTION('',(0.104505876374886,-0.0207875112748157,-0.99430699543859));
#6027=DIRECTION('center_axis',(-0.104505876374886,0.0207875112748157,0.99430699543859));
#6028=DIRECTION('ref_axis',(0.994521895368273,-4.33680868994202E-18,0.104528463267654));
#6029=DIRECTION('',(-0.104505876374886,0.0207875112748157,0.99430699543859));
#6030=DIRECTION('center_axis',(0.918818423765073,-0.380587052481781,0.104528463267654));
#6031=DIRECTION('ref_axis',(0.382683432365105,0.923879532511281,6.93889390390723E-18));
#6032=DIRECTION('center_axis',(-0.918818423765073,0.380587052481781,-0.104528463267654));
#6033=DIRECTION('ref_axis',(0.382683432365104,0.923879532511281,1.05818132034585E-14));
#6034=DIRECTION('',(0.0799277394361315,-0.0799277394361334,-0.993591018949577));
#6035=DIRECTION('center_axis',(-0.0799277394361314,0.0799277394361334,0.993591018949577));
#6036=DIRECTION('ref_axis',(-2.98372437868011E-16,-0.996780056910764,0.0801842761704158));
#6037=DIRECTION('',(-0.0799277394361314,0.0799277394361334,0.993591018949577));
#6038=DIRECTION('center_axis',(0.380587052481755,-0.918818423765083,0.104528463267654));
#6039=DIRECTION('ref_axis',(0.923879532511291,0.38268343236508,0.));
#6040=DIRECTION('center_axis',(-0.380587052481755,0.918818423765083,-0.104528463267654));
#6041=DIRECTION('ref_axis',(0.923879532511291,0.38268343236508,0.));
#6042=DIRECTION('',(0.0207875112748133,-0.104505876374886,-0.99430699543859));
#6043=DIRECTION('center_axis',(-0.0207875112748133,0.104505876374886,0.99430699543859));
#6044=DIRECTION('ref_axis',(-1.3010426069826E-18,-0.994521895368273,0.104528463267654));
#6045=DIRECTION('',(-0.0207875112748133,0.104505876374886,0.99430699543859));
#6046=DIRECTION('center_axis',(-1.07866227647062E-14,-0.994521895368273,
0.104528463267654));
#6047=DIRECTION('ref_axis',(-1.97215226305253E-31,-0.104528463267654,-0.994521895368273));
#6048=DIRECTION('center_axis',(1.07866227647062E-14,0.994521895368273,-0.104528463267654));
#6049=DIRECTION('ref_axis',(8.88178419700125E-15,-0.104528463267654,-0.994521895368273));
#6050=DIRECTION('center_axis',(1.05673103138168E-13,-0.994521895368272,
0.104528463267664));
#6051=DIRECTION('ref_axis',(-0.995270010437414,-0.0101546625131405,-0.0966151600586222));
#6052=DIRECTION('center_axis',(0.415105596427836,-0.0524791311712546,-0.908258379870949));
#6053=DIRECTION('ref_axis',(0.900397664279663,0.166653894265169,0.40188372159865));
#6054=DIRECTION('center_axis',(0.0619015304292308,0.992935507558232,-0.101228841545257));
#6055=DIRECTION('ref_axis',(-0.993902569482163,0.0520521522602853,-0.0972021389776272));
#6056=DIRECTION('center_axis',(-1.22464679914735E-16,-1.22464679914734E-16,
1.));
#6057=DIRECTION('ref_axis',(-1.,1.07806057163162E-14,-1.22464679914734E-16));
#6058=DIRECTION('center_axis',(1.22464679914735E-16,1.22464679914734E-16,
-1.));
#6059=DIRECTION('ref_axis',(1.,5.32907051820075E-15,1.22464679914736E-16));
#6060=DIRECTION('center_axis',(0.0619015304280826,-0.992935507558292,-0.101228841545373));
#6061=DIRECTION('ref_axis',(-0.993365705410016,-0.0514428461689629,-0.102850419995729));
#6062=DIRECTION('center_axis',(0.41511649665753,0.0524929666172706,-0.90825259848706));
#6063=DIRECTION('ref_axis',(0.900409288441817,-0.166535649953094,0.40190669387608));
#6064=DIRECTION('center_axis',(5.28365564586755E-14,0.994521895368273,0.104528463267658));
#6065=DIRECTION('ref_axis',(-0.99580491983952,0.00956453238473339,-0.0910004469421334));
#6066=DIRECTION('center_axis',(1.42703121464968E-15,0.994521895368273,0.104528463267654));
#6067=DIRECTION('ref_axis',(0.,-0.104528463267654,0.994521895368273));
#6068=DIRECTION('center_axis',(-1.42703121464968E-15,-0.994521895368273,
-0.104528463267654));
#6069=DIRECTION('ref_axis',(-8.88178419700125E-16,-0.104528463267654,0.994521895368273));
#6070=DIRECTION('',(0.0207875112748147,0.104505876374886,-0.99430699543859));
#6071=DIRECTION('center_axis',(-0.0207875112748147,-0.104505876374886,0.99430699543859));
#6072=DIRECTION('ref_axis',(3.03576608295941E-18,-0.994521895368273,-0.104528463267654));
#6073=DIRECTION('',(-0.0207875112748147,-0.104505876374886,0.99430699543859));
#6074=DIRECTION('center_axis',(0.380587052481771,0.918818423765077,0.104528463267654));
#6075=DIRECTION('ref_axis',(-0.923879532511285,0.382683432365095,6.93889390390723E-18));
#6076=DIRECTION('center_axis',(-0.380587052481771,-0.918818423765077,-0.104528463267654));
#6077=DIRECTION('ref_axis',(-0.923879532511285,0.382683432365094,1.05887520973624E-14));
#6078=DIRECTION('',(0.0799277394361328,0.0799277394361324,-0.993591018949577));
#6079=DIRECTION('center_axis',(-0.0799277394361327,-0.0799277394361324,
0.993591018949577));
#6080=DIRECTION('ref_axis',(0.996780056910764,-2.47198095326695E-16,0.0801842761704152));
#6081=DIRECTION('',(-0.0799277394361328,-0.0799277394361324,0.993591018949577));
#6082=DIRECTION('center_axis',(0.918818423765079,0.380587052481765,0.104528463267654));
#6083=DIRECTION('ref_axis',(-0.382683432365089,0.923879532511287,0.));
#6084=DIRECTION('center_axis',(-0.918818423765079,-0.380587052481765,-0.104528463267654));
#6085=DIRECTION('ref_axis',(-0.382683432365089,0.923879532511287,6.93889390390723E-18));
#6086=DIRECTION('',(0.104505876374886,0.0207875112748146,-0.99430699543859));
#6087=DIRECTION('center_axis',(-0.104505876374886,-0.0207875112748146,0.99430699543859));
#6088=DIRECTION('ref_axis',(0.994521895368273,4.33680868994202E-19,0.104528463267654));
#6089=DIRECTION('',(-0.104505876374886,-0.0207875112748146,0.99430699543859));
#6090=DIRECTION('center_axis',(0.994521895368273,-3.82359893254527E-16,
0.104528463267654));
#6091=DIRECTION('ref_axis',(0.104528463267654,0.,-0.994521895368273));
#6092=DIRECTION('center_axis',(-0.994521895368273,3.82359893254527E-16,
-0.104528463267654));
#6093=DIRECTION('ref_axis',(0.104528463267654,-6.16297582203915E-33,-0.994521895368273));
#6094=DIRECTION('center_axis',(0.994521895368274,-8.8060919284303E-14,0.104528463267644));
#6095=DIRECTION('ref_axis',(0.010154662512938,-0.995270010437421,-0.096615160058577));
#6096=DIRECTION('center_axis',(0.0524791311708229,0.415105596427363,-0.90825837987119));
#6097=DIRECTION('ref_axis',(-0.166653894275899,0.900397664278427,0.401883721596969));
#6098=DIRECTION('center_axis',(-0.992935507558236,0.0619015304291687,-0.101228841545263));
#6099=DIRECTION('ref_axis',(-0.0520521522602177,-0.993902569482171,-0.0972021389775814));
#6100=DIRECTION('center_axis',(0.,-2.44929359829471E-16,1.));
#6101=DIRECTION('ref_axis',(0.,-1.,-2.44929359829471E-16));
#6102=DIRECTION('center_axis',(0.,2.44929359829471E-16,-1.));
#6103=DIRECTION('ref_axis',(2.01616501271928E-13,-1.,-2.44929359829471E-16));
#6104=DIRECTION('center_axis',(0.992935507558287,0.061901530428191,-0.10122884154536));
#6105=DIRECTION('ref_axis',(0.0514428461691361,-0.993365705410064,-0.102850419995176));
#6106=DIRECTION('center_axis',(-0.0524929666169393,0.415116496657346,-0.908252598487163));
#6107=DIRECTION('ref_axis',(0.166535649969084,0.900409288439765,0.401906693874051));
#6108=DIRECTION('center_axis',(-0.994521895368273,8.80609274369006E-14,
0.104528463267661));
#6109=DIRECTION('ref_axis',(-0.00956453238478987,-0.995804919839513,-0.0910004469422071));
#6110=DIRECTION('center_axis',(-0.994521895368273,4.88658480860286E-15,
0.104528463267654));
#6111=DIRECTION('ref_axis',(0.104528463267654,0.,0.994521895368273));
#6112=DIRECTION('center_axis',(0.994521895368273,-4.88658480860286E-15,
-0.104528463267654));
#6113=DIRECTION('ref_axis',(0.104528463267654,-9.86076131526265E-32,0.994521895368273));
#6114=DIRECTION('',(-0.104505876374886,0.0207875112748152,-0.99430699543859));
#6115=DIRECTION('center_axis',(0.104505876374886,-0.0207875112748152,0.99430699543859));
#6116=DIRECTION('ref_axis',(0.994521895368273,-1.3010426069826E-18,-0.104528463267654));
#6117=DIRECTION('',(0.104505876374886,-0.0207875112748152,0.99430699543859));
#6118=DIRECTION('center_axis',(-0.918818423765076,0.380587052481774,0.104528463267654));
#6119=DIRECTION('ref_axis',(-0.382683432365099,-0.923879532511283,0.));
#6120=DIRECTION('center_axis',(0.918818423765076,-0.380587052481774,-0.104528463267654));
#6121=DIRECTION('ref_axis',(-0.382683432365098,-0.923879532511283,0.));
#6122=DIRECTION('',(-0.079927739436132,0.0799277394361331,-0.993591018949577));
#6123=DIRECTION('center_axis',(0.079927739436132,-0.0799277394361331,0.993591018949577));
#6124=DIRECTION('ref_axis',(-2.74086309204336E-16,-0.996780056910764,-0.0801842761704155));
#6125=DIRECTION('',(0.079927739436132,-0.0799277394361331,0.993591018949577));
#6126=DIRECTION('center_axis',(-0.380587052481762,0.918818423765081,0.104528463267654));
#6127=DIRECTION('ref_axis',(-0.923879532511288,-0.382683432365086,0.));
#6128=DIRECTION('center_axis',(0.380587052481762,-0.918818423765081,-0.104528463267654));
#6129=DIRECTION('ref_axis',(-0.923879532511288,-0.382683432365086,0.));
#6130=DIRECTION('',(-0.020787511274814,0.104505876374886,-0.99430699543859));
#6131=DIRECTION('center_axis',(0.020787511274814,-0.104505876374886,0.99430699543859));
#6132=DIRECTION('ref_axis',(-3.03576608295941E-18,-0.994521895368273,-0.104528463267654));
#6133=DIRECTION('',(0.020787511274814,-0.104505876374886,0.99430699543859));
#6134=DIRECTION('center_axis',(3.8419134872077E-15,0.994521895368273,0.104528463267654));
#6135=DIRECTION('ref_axis',(-4.93038065763132E-32,-0.104528463267654,0.994521895368273));
#6136=DIRECTION('center_axis',(-3.8419134872077E-15,-0.994521895368273,
-0.104528463267654));
#6137=DIRECTION('ref_axis',(9.76996261670137E-15,-0.104528463267654,0.994521895368273));
#6138=DIRECTION('center_axis',(-2.02540114344504E-13,0.994521895368271,
0.104528463267673));
#6139=DIRECTION('ref_axis',(0.995270010437381,0.0101546625132762,-0.0966151600589522));
#6140=DIRECTION('center_axis',(-0.41510559642686,0.0524791311701895,-0.908258379871457));
#6141=DIRECTION('ref_axis',(0.90039766427556,0.166653894298969,-0.401883721593825));
#6142=DIRECTION('center_axis',(-0.0619015304291889,-0.992935507558234,-0.101228841545262));
#6143=DIRECTION('ref_axis',(0.993902569482184,-0.0520521522602715,-0.0972021389774195));
#6144=DIRECTION('center_axis',(0.,0.,1.));
#6145=DIRECTION('ref_axis',(1.,0.,0.));
#6146=DIRECTION('center_axis',(0.,0.,-1.));
#6147=DIRECTION('ref_axis',(-1.,0.,0.));
#6148=DIRECTION('center_axis',(-0.0619015304298455,0.9929355075582,-0.101228841545193));
#6149=DIRECTION('ref_axis',(0.993365705409977,0.0514428461708129,-0.102850419995183));
#6150=DIRECTION('center_axis',(-0.415116496665487,-0.0524929666495228,-0.90825259848156));
#6151=DIRECTION('ref_axis',(0.900409288346751,-0.166535650659889,-0.401906693796189));
#6152=DIRECTION('center_axis',(-1.76121766775913E-14,-0.994521895368273,
0.104528463267656));
#6153=DIRECTION('ref_axis',(0.995804919969322,-0.00956453223705731,-0.0910004455372511));
#6154=DIRECTION('center_axis',(-1.42703121464968E-15,-0.994521895368273,
0.104528463267654));
#6155=DIRECTION('ref_axis',(0.,-0.104528463267654,-0.994521895368273));
#6156=DIRECTION('center_axis',(1.42703121464968E-15,0.994521895368273,-0.104528463267654));
#6157=DIRECTION('ref_axis',(-4.93038065763132E-32,-0.104528463267654,-0.994521895368273));
#6158=DIRECTION('',(-0.0207875112748148,-0.104505876374886,-0.99430699543859));
#6159=DIRECTION('center_axis',(0.0207875112748148,0.104505876374886,0.99430699543859));
#6160=DIRECTION('ref_axis',(-1.73472347597681E-18,-0.994521895368273,0.104528463267654));
#6161=DIRECTION('',(0.0207875112748148,0.104505876374886,0.99430699543859));
#6162=DIRECTION('center_axis',(-0.380587052481771,-0.918818423765077,0.104528463267654));
#6163=DIRECTION('ref_axis',(0.923879532511285,-0.382683432365095,0.));
#6164=DIRECTION('center_axis',(0.380587052481771,0.918818423765077,-0.104528463267654));
#6165=DIRECTION('ref_axis',(0.923879532511285,-0.382683432365094,1.05818132034585E-14));
#6166=DIRECTION('',(-0.0799277394361327,-0.0799277394361322,-0.993591018949577));
#6167=DIRECTION('center_axis',(0.0799277394361327,0.0799277394361322,0.993591018949577));
#6168=DIRECTION('ref_axis',(0.996780056910764,-2.4459601011273E-16,-0.0801842761704152));
#6169=DIRECTION('',(0.0799277394361327,0.0799277394361322,0.993591018949577));
#6170=DIRECTION('center_axis',(-0.918818423765079,-0.380587052481765,0.104528463267654));
#6171=DIRECTION('ref_axis',(0.382683432365089,-0.923879532511287,6.93889390390723E-18));
#6172=DIRECTION('center_axis',(0.918818423765079,0.380587052481765,-0.104528463267654));
#6173=DIRECTION('ref_axis',(0.382683432365086,-0.923879532511289,-3.84692278032617E-14));
#6174=DIRECTION('',(-0.104505876374886,-0.0207875112748143,-0.99430699543859));
#6175=DIRECTION('center_axis',(0.104505876374886,0.0207875112748143,0.99430699543859));
#6176=DIRECTION('ref_axis',(0.994521895368273,1.30104260698261E-18,-0.104528463267654));
#6177=DIRECTION('',(0.104505876374886,0.0207875112748143,0.99430699543859));
#6178=DIRECTION('center_axis',(-0.994521895368273,3.56757803662422E-16,
0.104528463267654));
#6179=DIRECTION('ref_axis',(0.104528463267654,-6.16297582203915E-33,0.994521895368273));
#6180=DIRECTION('center_axis',(0.994521895368273,-3.56757803662422E-16,
-0.104528463267654));
#6181=DIRECTION('ref_axis',(0.104528463267654,-6.21724893790088E-15,0.994521895368273));
#6182=DIRECTION('center_axis',(-0.994521895368273,0.,0.104528463267654));
#6183=DIRECTION('ref_axis',(-0.0101546626332519,0.99527001032515,-0.0966151612024824));
#6184=DIRECTION('center_axis',(-0.0524791311982549,-0.415105596434788,-0.908258379866211));
#6185=DIRECTION('ref_axis',(-0.166653894857643,0.900397664199777,-0.401883721531941));
#6186=DIRECTION('center_axis',(0.992935507558214,-0.0619015304295788,-0.101228841545222));
#6187=DIRECTION('ref_axis',(0.0520521522606235,0.99390256948214,-0.0972021389776779));
#6188=DIRECTION('center_axis',(0.,0.,1.));
#6189=DIRECTION('ref_axis',(1.,0.,0.));
#6190=DIRECTION('center_axis',(0.,0.,-1.));
#6191=DIRECTION('ref_axis',(1.,0.,0.));
#6192=DIRECTION('center_axis',(-1.,6.57983632274473E-17,0.));
#6193=DIRECTION('ref_axis',(0.,1.,0.));
#6194=DIRECTION('center_axis',(0.,-1.22464679914735E-16,1.));
#6195=DIRECTION('ref_axis',(0.,-1.,-1.22464679914735E-16));
#6196=DIRECTION('center_axis',(0.,-1.22464679914735E-16,1.));
#6197=DIRECTION('ref_axis',(0.,-1.,0.));
#6198=DIRECTION('center_axis',(-1.,-1.22464679914735E-16,-1.49975978266186E-32));
#6199=DIRECTION('ref_axis',(-1.22464679914735E-16,1.,0.));
#6200=DIRECTION('center_axis',(0.,-1.22464679914735E-16,1.));
#6201=DIRECTION('ref_axis',(0.,-1.,-1.22464679914735E-16));
#6202=DIRECTION('center_axis',(0.,-1.22464679914735E-16,1.));
#6203=DIRECTION('ref_axis',(0.,-1.,-1.22464679914735E-16));
#6204=DIRECTION('',(0.,1.22464679914735E-16,-1.));
#6205=DIRECTION('center_axis',(0.,-1.22464679914735E-16,1.));
#6206=DIRECTION('ref_axis',(0.,-1.,-1.22464679914735E-16));
#6207=DIRECTION('center_axis',(0.,-1.22464679914735E-16,1.));
#6208=DIRECTION('ref_axis',(0.,-1.,0.));
#6209=DIRECTION('center_axis',(-1.,-1.22464679914735E-16,-1.49975978266186E-32));
#6210=DIRECTION('ref_axis',(-1.22464679914735E-16,1.,0.));
#6211=DIRECTION('center_axis',(0.,-1.1468607016635E-16,1.));
#6212=DIRECTION('ref_axis',(0.,1.,1.1468607016635E-16));
#6213=DIRECTION('center_axis',(0.,-1.1468607016635E-16,1.));
#6214=DIRECTION('ref_axis',(0.,1.,1.1468607016635E-16));
#6215=DIRECTION('center_axis',(0.,1.22464679914735E-16,-1.));
#6216=DIRECTION('ref_axis',(0.,1.,1.22464679914735E-16));
#6217=DIRECTION('center_axis',(1.,-1.22464679914735E-16,-1.49975978266186E-32));
#6218=DIRECTION('ref_axis',(-1.22464679914735E-16,-1.,0.));
#6219=DIRECTION('center_axis',(0.,1.22464679914735E-16,-1.));
#6220=DIRECTION('ref_axis',(0.,1.,1.22464679914735E-16));
#6221=DIRECTION('',(0.,-1.22464679914735E-16,1.));
#6222=DIRECTION('center_axis',(0.,-1.22464679914735E-16,1.));
#6223=DIRECTION('ref_axis',(0.,-1.,-1.22464679914735E-16));
#6224=DIRECTION('center_axis',(0.,0.,1.));
#6225=DIRECTION('ref_axis',(1.,0.,0.));
#6226=DIRECTION('center_axis',(0.,0.,1.));
#6227=DIRECTION('ref_axis',(1.,0.,0.));
#6228=DIRECTION('center_axis',(1.22464679914735E-16,-1.,0.));
#6229=DIRECTION('ref_axis',(-1.,-1.22464679914735E-16,0.));
#6230=DIRECTION('center_axis',(0.,0.,-1.));
#6231=DIRECTION('ref_axis',(1.,0.,0.));
#6232=DIRECTION('center_axis',(0.,0.,1.));
#6233=DIRECTION('ref_axis',(1.,0.,0.));
#6234=DIRECTION('center_axis',(0.,0.,-1.));
#6235=DIRECTION('ref_axis',(0.790077243703778,-0.613007299288876,0.));
#6236=DIRECTION('',(0.,-1.,0.));
#6237=DIRECTION('',(-1.,0.,0.));
#6238=DIRECTION('',(0.,1.,0.));
#6239=DIRECTION('center_axis',(0.,0.,-1.));
#6240=DIRECTION('ref_axis',(-0.707106781186548,-0.707106781186547,0.));
#6241=DIRECTION('',(-1.,0.,0.));
#6242=DIRECTION('',(0.,1.,0.));
#6243=DIRECTION('',(1.,0.,0.));
#6244=DIRECTION('center_axis',(0.,0.,-1.));
#6245=DIRECTION('ref_axis',(-0.707106781186548,0.707106781186547,0.));
#6246=DIRECTION('',(0.,1.,0.));
#6247=DIRECTION('',(1.,0.,0.));
#6248=DIRECTION('',(0.,-1.,0.));
#6249=DIRECTION('center_axis',(0.,0.,-1.));
#6250=DIRECTION('ref_axis',(0.790077243703778,0.613007299288876,0.));
#6251=DIRECTION('',(0.,-1.,0.));
#6252=DIRECTION('center_axis',(0.,0.,-1.));
#6253=DIRECTION('ref_axis',(1.,0.,0.));
#6254=DIRECTION('center_axis',(0.,0.,-1.));
#6255=DIRECTION('ref_axis',(1.,0.,0.));
#6256=DIRECTION('',(0.,0.,1.));
#6257=DIRECTION('center_axis',(0.,1.,0.));
#6258=DIRECTION('ref_axis',(-0.707106781186548,0.,-0.707106781186547));
#6259=DIRECTION('center_axis',(0.,1.,0.));
#6260=DIRECTION('ref_axis',(0.,0.,-1.));
#6261=DIRECTION('',(0.,1.,0.));
#6262=DIRECTION('center_axis',(-0.707106781186548,-0.707106781186548,0.));
#6263=DIRECTION('ref_axis',(0.707106781186547,-0.707106781186547,0.));
#6264=DIRECTION('center_axis',(0.,0.,-1.));
#6265=DIRECTION('ref_axis',(-1.,0.,0.));
#6266=DIRECTION('center_axis',(0.,0.,1.));
#6267=DIRECTION('ref_axis',(0.790077243703778,-0.613007299288876,0.));
#6268=DIRECTION('center_axis',(-1.,0.,0.));
#6269=DIRECTION('ref_axis',(0.,0.707106781186548,-0.707106781186547));
#6270=DIRECTION('',(1.,0.,0.));
#6271=DIRECTION('center_axis',(-0.707106781186548,0.707106781186548,0.));
#6272=DIRECTION('ref_axis',(0.707106781186547,0.707106781186547,0.));
#6273=DIRECTION('center_axis',(0.,-1.,0.));
#6274=DIRECTION('ref_axis',(0.707106781186548,0.,-0.707106781186547));
#6275=DIRECTION('',(0.,-1.,0.));
#6276=DIRECTION('center_axis',(0.,1.,0.));
#6277=DIRECTION('ref_axis',(1.,0.,0.));
#6278=DIRECTION('center_axis',(0.,0.,-1.));
#6279=DIRECTION('ref_axis',(-1.,0.,0.));
#6280=DIRECTION('center_axis',(-1.,0.,0.));
#6281=DIRECTION('ref_axis',(0.,1.,0.));
#6282=DIRECTION('center_axis',(0.,0.,1.));
#6283=DIRECTION('ref_axis',(-0.707106781186548,-0.707106781186547,0.));
#6284=DIRECTION('center_axis',(1.,0.,0.));
#6285=DIRECTION('ref_axis',(0.,0.707106781186548,-0.707106781186547));
#6286=DIRECTION('',(1.,0.,0.));
#6287=DIRECTION('center_axis',(-0.707106781186548,0.707106781186548,0.));
#6288=DIRECTION('ref_axis',(-0.707106781186547,-0.707106781186547,0.));
#6289=DIRECTION('center_axis',(0.,1.,0.));
#6290=DIRECTION('ref_axis',(0.707106781186548,0.,-0.707106781186547));
#6291=DIRECTION('',(0.,-1.,0.));
#6292=DIRECTION('center_axis',(0.707106781186548,0.707106781186548,0.));
#6293=DIRECTION('ref_axis',(0.707106781186547,-0.707106781186547,0.));
#6294=DIRECTION('center_axis',(-1.,0.,0.));
#6295=DIRECTION('ref_axis',(0.,-0.707106781186548,-0.707106781186547));
#6296=DIRECTION('',(-1.,0.,0.));
#6297=DIRECTION('center_axis',(1.,0.,0.));
#6298=DIRECTION('ref_axis',(0.,-1.,0.));
#6299=DIRECTION('center_axis',(0.,0.,-1.));
#6300=DIRECTION('ref_axis',(-1.,0.,0.));
#6301=DIRECTION('center_axis',(0.,1.,0.));
#6302=DIRECTION('ref_axis',(1.,0.,0.));
#6303=DIRECTION('center_axis',(0.,0.,1.));
#6304=DIRECTION('ref_axis',(-0.707106781186548,0.707106781186547,0.));
#6305=DIRECTION('center_axis',(0.,-1.,0.));
#6306=DIRECTION('ref_axis',(0.707106781186548,0.,-0.707106781186547));
#6307=DIRECTION('',(0.,-1.,0.));
#6308=DIRECTION('center_axis',(0.707106781186548,0.707106781186548,0.));
#6309=DIRECTION('ref_axis',(-0.707106781186547,0.707106781186547,0.));
#6310=DIRECTION('center_axis',(1.,0.,0.));
#6311=DIRECTION('ref_axis',(0.,-0.707106781186548,-0.707106781186547));
#6312=DIRECTION('',(-1.,0.,0.));
#6313=DIRECTION('center_axis',(0.707106781186548,-0.707106781186548,0.));
#6314=DIRECTION('ref_axis',(-0.707106781186547,-0.707106781186547,0.));
#6315=DIRECTION('center_axis',(0.,1.,0.));
#6316=DIRECTION('ref_axis',(-0.707106781186548,0.,-0.707106781186547));
#6317=DIRECTION('',(0.,1.,0.));
#6318=DIRECTION('center_axis',(0.,-1.,0.));
#6319=DIRECTION('ref_axis',(-1.,0.,0.));
#6320=DIRECTION('center_axis',(0.,0.,-1.));
#6321=DIRECTION('ref_axis',(-1.,0.,0.));
#6322=DIRECTION('center_axis',(0.,0.,1.));
#6323=DIRECTION('ref_axis',(0.790077243703778,0.613007299288876,0.));
#6324=DIRECTION('center_axis',(-0.554700196225229,0.,-0.832050294337844));
#6325=DIRECTION('ref_axis',(-0.832050294337844,0.,0.554700196225229));
#6326=DIRECTION('',(0.,-1.,0.));
#6327=DIRECTION('',(-0.832050294337844,3.07920464806671E-16,0.554700196225229));
#6328=DIRECTION('',(0.,1.,0.));
#6329=DIRECTION('',(0.832050294337844,0.,-0.554700196225229));
#6330=DIRECTION('center_axis',(0.,-1.,0.));
#6331=DIRECTION('ref_axis',(-0.28978414868843,0.,-0.957092026489053));
#6332=DIRECTION('',(0.,1.,0.));
#6333=DIRECTION('center_axis',(0.,-1.,0.));
#6334=DIRECTION('ref_axis',(-0.28978414868843,0.,-0.957092026489053));
#6335=DIRECTION('',(0.,1.,0.));
#6336=DIRECTION('center_axis',(3.70074341541719E-16,1.,0.));
#6337=DIRECTION('ref_axis',(-0.28978414868843,0.,-0.957092026489053));
#6338=DIRECTION('center_axis',(3.70074341541719E-16,1.,0.));
#6339=DIRECTION('ref_axis',(-1.,3.70074341541719E-16,0.));
#6340=DIRECTION('',(0.,0.,1.));
#6341=DIRECTION('',(-1.,3.70074341541719E-16,0.));
#6342=DIRECTION('',(0.,0.,1.));
#6343=DIRECTION('center_axis',(1.,0.,0.));
#6344=DIRECTION('ref_axis',(0.,1.,0.));
#6345=DIRECTION('',(0.,0.,1.));
#6346=DIRECTION('',(0.,1.,0.));
#6347=DIRECTION('center_axis',(0.,-1.,0.));
#6348=DIRECTION('ref_axis',(1.,0.,0.));
#6349=DIRECTION('',(0.832050294337844,0.,-0.554700196225229));
#6350=DIRECTION('',(0.,0.,-1.));
#6351=DIRECTION('',(1.,0.,0.));
#6352=DIRECTION('center_axis',(-0.554700196225229,0.,-0.832050294337844));
#6353=DIRECTION('ref_axis',(-0.832050294337844,0.,0.554700196225229));
#6354=DIRECTION('',(-0.832050294337844,0.,0.554700196225229));
#6355=DIRECTION('',(0.,1.,0.));
#6356=DIRECTION('center_axis',(0.,0.,1.));
#6357=DIRECTION('ref_axis',(0.707106781186548,-0.707106781186548,0.));
#6358=DIRECTION('center_axis',(0.,0.,-1.));
#6359=DIRECTION('ref_axis',(0.707106781186548,-0.707106781186548,0.));
#6360=DIRECTION('',(0.,0.,-1.));
#6361=DIRECTION('center_axis',(0.,0.,1.));
#6362=DIRECTION('ref_axis',(0.707106781186548,-0.707106781186548,0.));
#6363=DIRECTION('',(0.,0.,1.));
#6364=DIRECTION('center_axis',(1.,0.,0.));
#6365=DIRECTION('ref_axis',(0.,1.,0.));
#6366=DIRECTION('',(0.,0.,1.));
#6367=DIRECTION('',(0.,1.,0.));
#6368=DIRECTION('',(0.,0.,-1.));
#6369=DIRECTION('',(0.,1.,0.));
#6370=DIRECTION('',(0.,1.,0.));
#6371=DIRECTION('',(0.,0.,-1.));
#6372=DIRECTION('center_axis',(0.,0.,-1.));
#6373=DIRECTION('ref_axis',(1.,0.,0.));
#6374=DIRECTION('',(1.,0.,0.));
#6375=DIRECTION('',(0.,-1.,0.));
#6376=DIRECTION('center_axis',(0.,0.,-1.));
#6377=DIRECTION('ref_axis',(-0.707106781186547,0.707106781186547,0.));
#6378=DIRECTION('',(-1.,0.,0.));
#6379=DIRECTION('center_axis',(0.,0.,-1.));
#6380=DIRECTION('ref_axis',(1.,0.,0.));
#6381=DIRECTION('center_axis',(0.,0.,1.));
#6382=DIRECTION('ref_axis',(0.707106781186548,0.707106781186548,0.));
#6383=DIRECTION('center_axis',(0.,0.,-1.));
#6384=DIRECTION('ref_axis',(0.707106781186548,0.707106781186548,0.));
#6385=DIRECTION('center_axis',(0.,0.,1.));
#6386=DIRECTION('ref_axis',(0.707106781186548,0.707106781186548,0.));
#6387=DIRECTION('',(0.,0.,1.));
#6388=DIRECTION('center_axis',(0.,1.,0.));
#6389=DIRECTION('ref_axis',(-1.,0.,0.));
#6390=DIRECTION('',(0.,0.,1.));
#6391=DIRECTION('',(-1.,0.,0.));
#6392=DIRECTION('',(0.,0.,-1.));
#6393=DIRECTION('',(-1.,0.,0.));
#6394=DIRECTION('',(-1.,0.,0.));
#6395=DIRECTION('',(0.,0.,-1.));
#6396=DIRECTION('center_axis',(0.,0.,-1.));
#6397=DIRECTION('ref_axis',(1.,0.,0.));
#6398=DIRECTION('',(1.,0.,0.));
#6399=DIRECTION('center_axis',(0.,0.,-1.));
#6400=DIRECTION('ref_axis',(-0.707106781186547,-0.707106781186547,0.));
#6401=DIRECTION('',(0.,-1.,0.));
#6402=DIRECTION('center_axis',(0.,0.,-1.));
#6403=DIRECTION('ref_axis',(1.,0.,0.));
#6404=DIRECTION('center_axis',(0.,0.,1.));
#6405=DIRECTION('ref_axis',(-0.707106781186548,-0.707106781186548,0.));
#6406=DIRECTION('center_axis',(0.,0.,-1.));
#6407=DIRECTION('ref_axis',(-0.707106781186548,-0.707106781186548,0.));
#6408=DIRECTION('',(0.,0.,-1.));
#6409=DIRECTION('center_axis',(0.,0.,1.));
#6410=DIRECTION('ref_axis',(-0.707106781186548,-0.707106781186548,0.));
#6411=DIRECTION('',(0.,0.,1.));
#6412=DIRECTION('center_axis',(-1.,0.,0.));
#6413=DIRECTION('ref_axis',(0.,-1.,0.));
#6414=DIRECTION('',(0.,-1.,0.));
#6415=DIRECTION('',(0.,0.,1.));
#6416=DIRECTION('',(0.,-1.,0.));
#6417=DIRECTION('',(0.,-1.,0.));
#6418=DIRECTION('',(0.,-1.,0.));
#6419=DIRECTION('center_axis',(0.,0.,1.));
#6420=DIRECTION('ref_axis',(1.,0.,0.));
#6421=DIRECTION('center_axis',(0.,0.,-1.));
#6422=DIRECTION('ref_axis',(-0.707106781186548,0.707106781186548,0.));
#6423=DIRECTION('',(1.,0.,0.));
#6424=DIRECTION('center_axis',(0.,0.,-1.));
#6425=DIRECTION('ref_axis',(1.,0.,0.));
#6426=DIRECTION('center_axis',(0.,0.,-1.));
#6427=DIRECTION('ref_axis',(1.,0.,0.));
#6428=DIRECTION('center_axis',(0.,0.,-1.));
#6429=DIRECTION('ref_axis',(1.,0.,0.));
#6430=DIRECTION('center_axis',(0.,0.,-1.));
#6431=DIRECTION('ref_axis',(1.,0.,0.));
#6432=DIRECTION('center_axis',(0.,0.,1.));
#6433=DIRECTION('ref_axis',(-0.707106781186548,0.707106781186548,0.));
#6434=DIRECTION('center_axis',(0.,0.,1.));
#6435=DIRECTION('ref_axis',(-0.707106781186548,0.707106781186548,0.));
#6436=DIRECTION('center_axis',(0.,0.,1.));
#6437=DIRECTION('ref_axis',(0.707106781186547,-0.707106781186547,0.));
#6438=DIRECTION('',(0.,0.,1.));
#6439=DIRECTION('center_axis',(0.,0.,-1.));
#6440=DIRECTION('ref_axis',(0.707106781186547,-0.707106781186547,0.));
#6441=DIRECTION('',(0.,0.,-1.));
#6442=DIRECTION('center_axis',(0.,1.,0.));
#6443=DIRECTION('ref_axis',(-1.,0.,0.));
#6444=DIRECTION('',(0.,0.,-1.));
#6445=DIRECTION('',(-1.,0.,0.));
#6446=DIRECTION('center_axis',(0.,0.,1.));
#6447=DIRECTION('ref_axis',(0.707106781186547,0.707106781186547,0.));
#6448=DIRECTION('',(0.,0.,1.));
#6449=DIRECTION('center_axis',(0.,0.,-1.));
#6450=DIRECTION('ref_axis',(0.707106781186547,0.707106781186547,0.));
#6451=DIRECTION('center_axis',(0.,0.,1.));
#6452=DIRECTION('ref_axis',(1.,0.,0.));
#6453=DIRECTION('center_axis',(0.,0.,1.));
#6454=DIRECTION('ref_axis',(-0.707106781186547,-0.707106781186547,0.));
#6455=DIRECTION('',(0.,0.,1.));
#6456=DIRECTION('',(0.,0.,-1.));
#6457=DIRECTION('center_axis',(-1.,0.,0.));
#6458=DIRECTION('ref_axis',(0.,-1.,0.));
#6459=DIRECTION('center_axis',(0.,0.,1.));
#6460=DIRECTION('ref_axis',(-0.707106781186547,0.707106781186547,0.));
#6461=DIRECTION('',(0.,0.,1.));
#6462=DIRECTION('',(0.,0.,-1.));
#6463=DIRECTION('center_axis',(0.,1.,0.));
#6464=DIRECTION('ref_axis',(-1.,0.,0.));
#6465=DIRECTION('center_axis',(1.,0.,0.));
#6466=DIRECTION('ref_axis',(0.,1.,0.));
#6467=DIRECTION('',(0.,0.,-1.));
#6468=DIRECTION('',(0.,1.,0.));
#6469=DIRECTION('center_axis',(0.,0.,-1.));
#6470=DIRECTION('ref_axis',(1.,0.,0.));
#6471=DIRECTION('',(0.,1.,0.));
#6472=DIRECTION('',(1.,0.,0.));
#6473=DIRECTION('center_axis',(0.,0.,-1.));
#6474=DIRECTION('ref_axis',(1.,0.,0.));
#6475=DIRECTION('center_axis',(0.,-1.,0.));
#6476=DIRECTION('ref_axis',(1.,0.,0.));
#6477=DIRECTION('center_axis',(1.,0.,0.));
#6478=DIRECTION('ref_axis',(0.,1.,0.));
#6479=DIRECTION('center_axis',(-1.,0.,0.));
#6480=DIRECTION('ref_axis',(0.,-1.,0.));
#6481=DIRECTION('',(0.,0.,1.));
#6482=DIRECTION('center_axis',(0.,0.,-1.));
#6483=DIRECTION('ref_axis',(1.,0.,0.));
#6484=DIRECTION('',(1.,0.,0.));
#6485=DIRECTION('center_axis',(0.,0.,-1.));
#6486=DIRECTION('ref_axis',(1.,0.,0.));
#6487=DIRECTION('center_axis',(0.,-1.,0.));
#6488=DIRECTION('ref_axis',(1.,0.,0.));
#6489=DIRECTION('center_axis',(0.,0.,1.));
#6490=DIRECTION('ref_axis',(1.,0.,0.));
#6491=DIRECTION('',(0.,0.,1.));
#6492=DIRECTION('center_axis',(0.,0.,1.));
#6493=DIRECTION('ref_axis',(1.,0.,0.));
#6494=DIRECTION('',(0.,0.,1.));
#6495=DIRECTION('center_axis',(0.,0.,1.));
#6496=DIRECTION('ref_axis',(1.,0.,0.));
#6497=DIRECTION('',(0.,0.,1.));
#6498=DIRECTION('center_axis',(0.,0.,1.));
#6499=DIRECTION('ref_axis',(1.,0.,0.));
#6500=DIRECTION('',(0.,0.,1.));
#6501=DIRECTION('center_axis',(0.,0.,-1.));
#6502=DIRECTION('ref_axis',(1.,0.,0.));
#6503=DIRECTION('center_axis',(0.,0.,1.));
#6504=DIRECTION('ref_axis',(1.,0.,0.));
#6505=DIRECTION('',(0.,0.,1.));
#6506=DIRECTION('center_axis',(0.,0.,-1.));
#6507=DIRECTION('ref_axis',(1.,0.,0.));
#6508=DIRECTION('center_axis',(0.,0.,1.));
#6509=DIRECTION('ref_axis',(1.,0.,0.));
#6510=DIRECTION('center_axis',(0.,-1.,0.));
#6511=DIRECTION('ref_axis',(1.,0.,0.));
#6512=DIRECTION('center_axis',(0.,0.,1.));
#6513=DIRECTION('ref_axis',(1.,0.,0.));
#6514=DIRECTION('center_axis',(0.,0.,1.));
#6515=DIRECTION('ref_axis',(0.707106781186548,-0.707106781186548,0.));
#6516=DIRECTION('center_axis',(0.,0.,-1.));
#6517=DIRECTION('ref_axis',(0.707106781186548,-0.707106781186548,0.));
#6518=DIRECTION('',(0.,0.,-1.));
#6519=DIRECTION('center_axis',(0.,0.,1.));
#6520=DIRECTION('ref_axis',(0.707106781186548,-0.707106781186548,0.));
#6521=DIRECTION('',(0.,0.,1.));
#6522=DIRECTION('center_axis',(0.,0.,1.));
#6523=DIRECTION('ref_axis',(1.,0.,0.));
#6524=DIRECTION('',(0.,1.,0.));
#6525=DIRECTION('center_axis',(0.,0.,-1.));
#6526=DIRECTION('ref_axis',(0.707106781186548,0.707106781186548,0.));
#6527=DIRECTION('',(-1.,0.,0.));
#6528=DIRECTION('center_axis',(0.,0.,-1.));
#6529=DIRECTION('ref_axis',(-0.707106781186548,0.707106781186548,0.));
#6530=DIRECTION('',(0.,-1.,0.));
#6531=DIRECTION('center_axis',(0.,0.,-1.));
#6532=DIRECTION('ref_axis',(-0.707106781186548,-0.707106781186548,0.));
#6533=DIRECTION('',(1.,0.,0.));
#6534=DIRECTION('center_axis',(0.,0.,-1.));
#6535=DIRECTION('ref_axis',(1.,0.,0.));
#6536=DIRECTION('center_axis',(0.,0.,-1.));
#6537=DIRECTION('ref_axis',(1.,0.,0.));
#6538=DIRECTION('center_axis',(0.,0.,-1.));
#6539=DIRECTION('ref_axis',(1.,0.,0.));
#6540=DIRECTION('center_axis',(0.,0.,-1.));
#6541=DIRECTION('ref_axis',(1.,0.,0.));
#6542=DIRECTION('center_axis',(1.,0.,0.));
#6543=DIRECTION('ref_axis',(0.,1.,0.));
#6544=DIRECTION('',(0.,-1.,0.));
#6545=DIRECTION('',(0.,0.,-1.));
#6546=DIRECTION('center_axis',(0.,0.,1.));
#6547=DIRECTION('ref_axis',(0.707106781186548,0.707106781186548,0.));
#6548=DIRECTION('center_axis',(0.,0.,1.));
#6549=DIRECTION('ref_axis',(0.707106781186548,0.707106781186548,0.));
#6550=DIRECTION('',(0.,0.,1.));
#6551=DIRECTION('center_axis',(0.,0.,1.));
#6552=DIRECTION('ref_axis',(-0.707106781186548,-0.707106781186548,0.));
#6553=DIRECTION('',(0.,0.,-1.));
#6554=DIRECTION('center_axis',(0.,0.,1.));
#6555=DIRECTION('ref_axis',(-0.707106781186548,-0.707106781186548,0.));
#6556=DIRECTION('',(0.,0.,1.));
#6557=DIRECTION('center_axis',(-1.,0.,0.));
#6558=DIRECTION('ref_axis',(0.,-1.,0.));
#6559=DIRECTION('',(0.,0.,1.));
#6560=DIRECTION('',(0.,1.,0.));
#6561=DIRECTION('center_axis',(0.,0.,1.));
#6562=DIRECTION('ref_axis',(-0.707106781186548,0.707106781186548,0.));
#6563=DIRECTION('',(0.,0.,-1.));
#6564=DIRECTION('center_axis',(0.,0.,1.));
#6565=DIRECTION('ref_axis',(-0.707106781186548,0.707106781186548,0.));
#6566=DIRECTION('center_axis',(0.,0.,1.));
#6567=DIRECTION('ref_axis',(1.,0.,0.));
#6568=DIRECTION('center_axis',(0.,0.,1.));
#6569=DIRECTION('ref_axis',(1.,0.,0.));
#6570=DIRECTION('',(0.,0.,1.));
#6571=DIRECTION('center_axis',(0.,0.,1.));
#6572=DIRECTION('ref_axis',(1.,0.,0.));
#6573=DIRECTION('center_axis',(0.,0.,1.));
#6574=DIRECTION('ref_axis',(1.,0.,0.));
#6575=DIRECTION('',(0.,0.,1.));
#6576=DIRECTION('center_axis',(0.,0.,1.));
#6577=DIRECTION('ref_axis',(1.,0.,0.));
#6578=DIRECTION('center_axis',(0.,0.,1.));
#6579=DIRECTION('ref_axis',(1.,0.,0.));
#6580=DIRECTION('',(0.,0.,1.));
#6581=DIRECTION('center_axis',(0.,0.,1.));
#6582=DIRECTION('ref_axis',(1.,0.,0.));
#6583=DIRECTION('center_axis',(0.,0.,1.));
#6584=DIRECTION('ref_axis',(1.,0.,0.));
#6585=DIRECTION('',(0.,0.,1.));
#6586=DIRECTION('center_axis',(0.,1.,0.));
#6587=DIRECTION('ref_axis',(-1.,0.,0.));
#6588=DIRECTION('',(1.,0.,0.));
#6589=DIRECTION('center_axis',(0.,-1.,0.));
#6590=DIRECTION('ref_axis',(1.,0.,0.));
#6591=DIRECTION('',(-1.,0.,0.));
#6592=DIRECTION('center_axis',(0.,0.,1.));
#6593=DIRECTION('ref_axis',(1.,0.,0.));
#6594=DIRECTION('',(-1.,0.,0.));
#6595=DIRECTION('center_axis',(-1.,0.,0.));
#6596=DIRECTION('ref_axis',(0.,0.,1.));
#6597=DIRECTION('center_axis',(1.,0.,0.));
#6598=DIRECTION('ref_axis',(0.,1.,0.));
#6599=DIRECTION('',(-1.,0.,0.));
#6600=DIRECTION('center_axis',(1.,0.,0.));
#6601=DIRECTION('ref_axis',(0.,1.,0.));
#6602=DIRECTION('center_axis',(-0.924260576009078,0.381762213472428,0.));
#6603=DIRECTION('ref_axis',(0.,0.,-1.));
#6604=DIRECTION('center_axis',(-0.924260576009078,0.381762213472428,0.));
#6605=DIRECTION('ref_axis',(0.,0.,-1.));
#6606=DIRECTION('center_axis',(0.92426057600908,0.381762213472424,0.));
#6607=DIRECTION('ref_axis',(0.381762213472424,-0.92426057600908,0.));
#6608=DIRECTION('center_axis',(0.92426057600908,0.381762213472424,0.));
#6609=DIRECTION('ref_axis',(0.381762213472424,-0.92426057600908,0.));
#6610=DIRECTION('center_axis',(-0.381762213472422,-0.92426057600908,0.));
#6611=DIRECTION('ref_axis',(0.,0.,-1.));
#6612=DIRECTION('center_axis',(-0.381762213472427,0.924260576009078,0.));
#6613=DIRECTION('ref_axis',(0.924260576009078,0.381762213472427,0.));
#6614=DIRECTION('center_axis',(-0.381762213472427,0.924260576009078,0.));
#6615=DIRECTION('ref_axis',(0.924260576009078,0.381762213472427,0.));
#6616=DIRECTION('center_axis',(0.,-1.,0.));
#6617=DIRECTION('ref_axis',(0.,0.,1.));
#6618=DIRECTION('',(0.,-1.,0.));
#6619=DIRECTION('center_axis',(0.,-1.,0.));
#6620=DIRECTION('ref_axis',(0.,0.,1.));
#6621=DIRECTION('center_axis',(0.,1.,0.));
#6622=DIRECTION('ref_axis',(-1.,0.,0.));
#6623=DIRECTION('',(0.,-1.,0.));
#6624=DIRECTION('center_axis',(0.,1.,0.));
#6625=DIRECTION('ref_axis',(-1.,0.,0.));
#6626=DIRECTION('center_axis',(0.92426057600908,-0.381762213472424,0.));
#6627=DIRECTION('ref_axis',(0.,0.,-1.));
#6628=DIRECTION('center_axis',(-0.924260576009078,-0.381762213472428,1.28266921529823E-15));
#6629=DIRECTION('ref_axis',(-0.381762213472428,0.924260576009078,0.));
#6630=DIRECTION('center_axis',(-0.924260576009078,-0.381762213472428,1.28266921529823E-15));
#6631=DIRECTION('ref_axis',(-0.381762213472428,0.924260576009078,0.));
#6632=DIRECTION('center_axis',(1.,0.,0.));
#6633=DIRECTION('ref_axis',(0.,0.,1.));
#6634=DIRECTION('',(1.,0.,0.));
#6635=DIRECTION('center_axis',(1.,0.,0.));
#6636=DIRECTION('ref_axis',(0.,0.,1.));
#6637=DIRECTION('center_axis',(-1.,0.,0.));
#6638=DIRECTION('ref_axis',(0.,-1.,0.));
#6639=DIRECTION('',(1.,0.,0.));
#6640=DIRECTION('center_axis',(-1.,0.,0.));
#6641=DIRECTION('ref_axis',(0.,-1.,0.));
#6642=DIRECTION('center_axis',(-0.863404741594328,0.504511894995976,0.));
#6643=DIRECTION('ref_axis',(0.356743782140924,0.610519347689963,0.707106781186555));
#6644=DIRECTION('',(-0.863404741594328,0.504511894995976,0.));
#6645=DIRECTION('',(0.863404741594328,-0.504511894995976,0.));
#6646=DIRECTION('center_axis',(0.504511894995976,0.863404741594328,0.));
#6647=DIRECTION('ref_axis',(-0.863404741594328,0.504511894995976,0.));
#6648=DIRECTION('',(0.,0.,1.));
#6649=DIRECTION('',(0.863404741594328,-0.504511894995976,0.));
#6650=DIRECTION('',(0.,0.,1.));
#6651=DIRECTION('center_axis',(0.863404741594374,0.504511894995898,0.));
#6652=DIRECTION('ref_axis',(0.35674378214087,-0.610519347689992,0.707106781186557));
#6653=DIRECTION('',(0.863404741594374,0.504511894995898,0.));
#6654=DIRECTION('',(-0.863404741594374,-0.504511894995898,0.));
#6655=DIRECTION('center_axis',(0.504511894995898,-0.863404741594374,0.));
#6656=DIRECTION('ref_axis',(0.863404741594374,0.504511894995898,0.));
#6657=DIRECTION('',(0.,0.,1.));
#6658=DIRECTION('',(-0.863404741594374,-0.504511894995898,0.));
#6659=DIRECTION('',(0.,0.,1.));
#6660=DIRECTION('center_axis',(-0.0712470499879096,0.,-0.997458699830735));
#6661=DIRECTION('ref_axis',(-0.705309810603833,-0.707106781186545,0.0503792721859881));
#6662=DIRECTION('center_axis',(0.0712470499879096,0.,0.997458699830735));
#6663=DIRECTION('ref_axis',(-0.705309810603833,-0.707106781186545,0.0503792721859881));
#6664=DIRECTION('',(0.0712470499879096,0.,0.997458699830735));
#6665=DIRECTION('center_axis',(0.0712470499879094,0.,0.997458699830735));
#6666=DIRECTION('ref_axis',(-0.705309810603833,-0.707106781186545,0.0503792721859881));
#6667=DIRECTION('',(-0.0712470499879096,0.,-0.997458699830735));
#6668=DIRECTION('center_axis',(-0.997458699830735,-6.25927231925852E-34,
0.0712470499879096));
#6669=DIRECTION('ref_axis',(-8.74764499586104E-20,1.,-1.22467029942054E-18));
#6670=DIRECTION('',(-8.74764499586104E-20,1.,-1.22467029942054E-18));
#6671=DIRECTION('',(-0.0712470499879096,0.,-0.997458699830735));
#6672=DIRECTION('',(-6.24336562945411E-34,1.,4.45954687818149E-35));
#6673=DIRECTION('center_axis',(-0.0712470499879096,0.,-0.997458699830735));
#6674=DIRECTION('ref_axis',(0.705309810603825,-0.707106781186552,-0.0503792721859886));
#6675=DIRECTION('center_axis',(0.0712470499879096,0.,0.997458699830735));
#6676=DIRECTION('ref_axis',(0.705309810603825,-0.707106781186552,-0.0503792721859886));
#6677=DIRECTION('',(0.0712470499879096,0.,0.997458699830735));
#6678=DIRECTION('center_axis',(0.0712470499879094,0.,0.997458699830735));
#6679=DIRECTION('ref_axis',(0.705309810603825,-0.707106781186552,-0.0503792721859886));
#6680=DIRECTION('',(-0.0712470499879096,0.,-0.997458699830735));
#6681=DIRECTION('center_axis',(-0.0712470499879096,0.,-0.997458699830735));
#6682=DIRECTION('ref_axis',(-0.997458699830735,0.,0.0712470499879096));
#6683=DIRECTION('',(-0.997458699830735,0.,0.0712470499879091));
#6684=DIRECTION('',(4.90289971073536E-18,-1.,6.86405959502946E-17));
#6685=DIRECTION('center_axis',(0.0712470499879096,0.,0.997458699830735));
#6686=DIRECTION('ref_axis',(0.705309810603833,0.707106781186545,-0.0503792721859881));
#6687=DIRECTION('',(0.997458699830735,0.,-0.0712470499879092));
#6688=DIRECTION('center_axis',(0.0712470499879096,0.,0.997458699830735));
#6689=DIRECTION('ref_axis',(-0.705309810603825,0.707106781186552,0.0503792721859886));
#6690=DIRECTION('center_axis',(0.997458699830735,3.46667389989702E-32,-0.0712470499879096));
#6691=DIRECTION('ref_axis',(4.90289971073536E-18,-1.,6.86405959502946E-17));
#6692=DIRECTION('',(3.45786404092843E-32,-1.,-2.46990288637744E-33));
#6693=DIRECTION('',(0.0712470499879096,0.,0.997458699830735));
#6694=DIRECTION('center_axis',(-0.0712470499879096,0.,-0.997458699830735));
#6695=DIRECTION('ref_axis',(0.705309810603833,0.707106781186545,-0.0503792721859881));
#6696=DIRECTION('center_axis',(0.0712470499879094,0.,0.997458699830735));
#6697=DIRECTION('ref_axis',(0.705309810603833,0.707106781186545,-0.0503792721859881));
#6698=DIRECTION('',(-0.0712470499879096,0.,-0.997458699830735));
#6699=DIRECTION('center_axis',(0.,1.,0.));
#6700=DIRECTION('ref_axis',(0.997458699830735,0.,-0.0712470499879092));
#6701=DIRECTION('',(0.997458699830735,0.,-0.0712470499879094));
#6702=DIRECTION('',(0.0712470499879096,0.,0.997458699830735));
#6703=DIRECTION('center_axis',(-0.0712470499879096,0.,-0.997458699830735));
#6704=DIRECTION('ref_axis',(-0.705309810603825,0.707106781186552,0.0503792721859886));
#6705=DIRECTION('center_axis',(0.0712470499879094,0.,0.997458699830735));
#6706=DIRECTION('ref_axis',(-0.705309810603825,0.707106781186552,0.0503792721859886));
#6707=DIRECTION('center_axis',(0.,-1.,0.));
#6708=DIRECTION('ref_axis',(0.,0.,-1.));
#6709=DIRECTION('center_axis',(0.,-1.,0.));
#6710=DIRECTION('ref_axis',(-0.707106781186547,0.,-0.707106781186547));
#6711=DIRECTION('center_axis',(1.,0.,0.));
#6712=DIRECTION('ref_axis',(0.,0.,1.));
#6713=DIRECTION('center_axis',(0.,1.,0.));
#6714=DIRECTION('ref_axis',(-1.,0.,0.));
#6715=DIRECTION('center_axis',(0.,0.,1.));
#6716=DIRECTION('ref_axis',(0.,-1.,0.));
#6717=DIRECTION('center_axis',(0.,-1.,0.));
#6718=DIRECTION('ref_axis',(0.,0.,-1.));
#6719=DIRECTION('center_axis',(0.,-1.,0.));
#6720=DIRECTION('ref_axis',(0.,0.,-1.));
#6721=DIRECTION('center_axis',(1.,0.,0.));
#6722=DIRECTION('ref_axis',(0.,1.,0.));
#6723=DIRECTION('center_axis',(0.,1.,0.));
#6724=DIRECTION('ref_axis',(-0.707106781186547,0.,-0.707106781186547));
#6725=DIRECTION('center_axis',(0.,0.,1.));
#6726=DIRECTION('ref_axis',(1.,0.,0.));
#6727=DIRECTION('center_axis',(1.,0.,0.));
#6728=DIRECTION('ref_axis',(0.,-0.707106781186548,0.707106781186548));
#6729=DIRECTION('center_axis',(-1.,0.,0.));
#6730=DIRECTION('ref_axis',(0.,-1.,0.));
#6731=DIRECTION('',(-1.,0.,0.));
#6732=DIRECTION('',(1.,0.,0.));
#6733=DIRECTION('center_axis',(0.,0.,-1.));
#6734=DIRECTION('ref_axis',(-1.,0.,0.));
#6735=DIRECTION('center_axis',(0.,-1.,0.));
#6736=DIRECTION('ref_axis',(1.,0.,0.));
#6737=DIRECTION('center_axis',(0.,0.,-1.));
#6738=DIRECTION('ref_axis',(0.707106781186548,-0.707106781186548,0.));
#6739=DIRECTION('center_axis',(0.,0.,1.));
#6740=DIRECTION('ref_axis',(0.707106781186548,-0.707106781186548,0.));
#6741=DIRECTION('center_axis',(0.,1.,0.));
#6742=DIRECTION('ref_axis',(0.707106781186555,0.,0.70710678118654));
#6743=DIRECTION('center_axis',(0.,-1.,0.));
#6744=DIRECTION('ref_axis',(1.,0.,0.));
#6745=DIRECTION('',(0.,-1.,0.));
#6746=DIRECTION('',(0.,1.,0.));
#6747=DIRECTION('center_axis',(0.,0.,-1.));
#6748=DIRECTION('ref_axis',(-1.,0.,0.));
#6749=DIRECTION('center_axis',(1.,0.,0.));
#6750=DIRECTION('ref_axis',(0.,1.,0.));
#6751=DIRECTION('center_axis',(0.,0.,-1.));
#6752=DIRECTION('ref_axis',(0.707106781186548,0.707106781186548,0.));
#6753=DIRECTION('center_axis',(0.,0.,1.));
#6754=DIRECTION('ref_axis',(0.707106781186548,0.707106781186548,0.));
#6755=DIRECTION('center_axis',(-1.,0.,0.));
#6756=DIRECTION('ref_axis',(0.,0.707106781186548,0.707106781186548));
#6757=DIRECTION('',(1.,0.,0.));
#6758=DIRECTION('',(-1.,0.,0.));
#6759=DIRECTION('center_axis',(0.,0.,1.));
#6760=DIRECTION('ref_axis',(1.,0.,0.));
#6761=DIRECTION('center_axis',(0.,-1.,0.));
#6762=DIRECTION('ref_axis',(0.0712470499879112,0.,0.997458699830735));
#6763=DIRECTION('center_axis',(0.997458699830735,0.,-0.0712470499879096));
#6764=DIRECTION('ref_axis',(0.,-1.,0.));
#6765=DIRECTION('center_axis',(0.,0.,1.));
#6766=DIRECTION('ref_axis',(1.,0.,0.));
#6767=DIRECTION('center_axis',(0.,0.,1.));
#6768=DIRECTION('ref_axis',(1.,0.,0.));
#6769=DIRECTION('center_axis',(0.997458699830735,0.,-0.0712470499879096));
#6770=DIRECTION('ref_axis',(0.0712470499879096,0.,0.997458699830735));
#6771=DIRECTION('center_axis',(0.,1.,0.));
#6772=DIRECTION('ref_axis',(1.,0.,0.));
#6773=DIRECTION('center_axis',(-2.22044604925031E-14,0.,1.));
#6774=DIRECTION('ref_axis',(0.,1.,0.));
#6775=DIRECTION('center_axis',(0.,1.,0.));
#6776=DIRECTION('ref_axis',(0.731863050709592,0.,0.681451740775566));
#6777=DIRECTION('',(0.,-1.,0.));
#6778=DIRECTION('',(0.,1.,0.));
#6779=DIRECTION('center_axis',(0.,0.,1.));
#6780=DIRECTION('ref_axis',(0.707106781186548,0.707106781186548,0.));
#6781=DIRECTION('',(0.,0.,-1.));
#6782=DIRECTION('',(0.,0.,1.));
#6783=DIRECTION('center_axis',(-0.0159495645098138,-0.89431341771974,-0.447156708859863));
#6784=DIRECTION('ref_axis',(0.0318788562621814,-0.447441069735934,0.893745057405622));
#6785=DIRECTION('center_axis',(1.,0.,1.4432899320127E-13));
#6786=DIRECTION('ref_axis',(0.,-1.,0.));
#6787=DIRECTION('center_axis',(-0.997458699830735,-1.43962209906418E-13,
0.0712470499879096));
#6788=DIRECTION('ref_axis',(0.0712470499879096,0.,0.997458699830735));
#6789=DIRECTION('center_axis',(0.,-1.,0.));
#6790=DIRECTION('ref_axis',(0.,0.,1.));
#6791=DIRECTION('center_axis',(0.997458699830735,0.,-0.0712470499879094));
#6792=DIRECTION('ref_axis',(0.0503792721859881,-0.707106781186545,0.705309810603833));
#6793=DIRECTION('',(-0.997458699830735,0.,0.0712470499879094));
#6794=DIRECTION('',(0.997458699830735,0.,-0.0712470499879094));
#6795=DIRECTION('center_axis',(0.0159495645097696,-0.894313417719739,0.447156708859867));
#6796=DIRECTION('ref_axis',(0.031878856262111,0.447441069735939,0.893745057405622));
#6797=DIRECTION('center_axis',(-0.997458699830733,0.,0.0712470499879317));
#6798=DIRECTION('ref_axis',(0.,1.,0.));
#6799=DIRECTION('center_axis',(1.,2.22044604925031E-14,0.));
#6800=DIRECTION('ref_axis',(0.,0.,1.));
#6801=DIRECTION('center_axis',(0.,1.,0.));
#6802=DIRECTION('ref_axis',(0.0712470499879096,0.,0.997458699830735));
#6803=DIRECTION('center_axis',(0.92426057600908,-0.381762213472424,0.));
#6804=DIRECTION('ref_axis',(0.,0.,-1.));
#6805=DIRECTION('center_axis',(1.,0.,0.));
#6806=DIRECTION('ref_axis',(0.,-0.70710678118654,0.707106781186555));
#6807=DIRECTION('',(-1.,0.,0.));
#6808=DIRECTION('',(1.,0.,0.));
#6809=DIRECTION('center_axis',(-0.381762213472422,-0.92426057600908,0.));
#6810=DIRECTION('ref_axis',(0.,0.,-1.));
#6811=DIRECTION('center_axis',(-1.,0.,0.));
#6812=DIRECTION('ref_axis',(0.,0.,1.));
#6813=DIRECTION('center_axis',(0.408248290463864,-0.816496580927728,-0.408248290463859));
#6814=DIRECTION('ref_axis',(-0.577350269189627,-0.577350269189627,0.577350269189623));
#6815=DIRECTION('center_axis',(0.,-1.,0.));
#6816=DIRECTION('ref_axis',(-1.,0.,0.));
#6817=DIRECTION('center_axis',(0.,0.,1.));
#6818=DIRECTION('ref_axis',(0.,-1.,0.));
#6819=DIRECTION('center_axis',(-1.,0.,0.));
#6820=DIRECTION('ref_axis',(0.,0.,1.));
#6821=DIRECTION('center_axis',(-0.408248290463864,-0.816496580927728,0.408248290463859));
#6822=DIRECTION('ref_axis',(-0.577350269189627,0.577350269189627,0.577350269189623));
#6823=DIRECTION('center_axis',(-1.,0.,0.));
#6824=DIRECTION('ref_axis',(0.,1.,0.));
#6825=DIRECTION('center_axis',(0.,0.,1.));
#6826=DIRECTION('ref_axis',(-1.,0.,0.));
#6827=DIRECTION('center_axis',(0.,1.,0.));
#6828=DIRECTION('ref_axis',(0.,0.,1.));
#6829=DIRECTION('center_axis',(0.,1.,0.));
#6830=DIRECTION('ref_axis',(0.,0.,1.));
#6831=DIRECTION('center_axis',(0.,1.,0.));
#6832=DIRECTION('ref_axis',(0.,0.,-1.));
#6833=DIRECTION('center_axis',(-1.,0.,0.));
#6834=DIRECTION('ref_axis',(0.,-1.,0.));
#6835=DIRECTION('center_axis',(0.,-1.,0.));
#6836=DIRECTION('ref_axis',(0.707106781186547,0.,-0.707106781186547));
#6837=DIRECTION('center_axis',(0.,0.,1.));
#6838=DIRECTION('ref_axis',(-1.,0.,0.));
#6839=DIRECTION('center_axis',(0.,1.,0.));
#6840=DIRECTION('ref_axis',(0.,0.,1.));
#6841=DIRECTION('center_axis',(0.,1.,0.));
#6842=DIRECTION('ref_axis',(0.707106781186547,0.,-0.707106781186547));
#6843=DIRECTION('center_axis',(-1.,0.,0.));
#6844=DIRECTION('ref_axis',(0.,0.,1.));
#6845=DIRECTION('center_axis',(0.,-1.,0.));
#6846=DIRECTION('ref_axis',(1.,0.,0.));
#6847=DIRECTION('center_axis',(0.,0.,1.));
#6848=DIRECTION('ref_axis',(0.,1.,0.));
#6849=DIRECTION('center_axis',(-1.,0.,0.));
#6850=DIRECTION('ref_axis',(0.,0.707106781186548,0.707106781186548));
#6851=DIRECTION('center_axis',(1.,0.,0.));
#6852=DIRECTION('ref_axis',(0.,1.,0.));
#6853=DIRECTION('',(1.,0.,0.));
#6854=DIRECTION('',(-1.,0.,0.));
#6855=DIRECTION('center_axis',(0.,0.,-1.));
#6856=DIRECTION('ref_axis',(-1.,0.,0.));
#6857=DIRECTION('center_axis',(0.,1.,0.));
#6858=DIRECTION('ref_axis',(-1.,0.,0.));
#6859=DIRECTION('center_axis',(0.,0.,-1.));
#6860=DIRECTION('ref_axis',(-0.707106781186548,0.707106781186548,0.));
#6861=DIRECTION('center_axis',(0.,0.,1.));
#6862=DIRECTION('ref_axis',(-0.707106781186548,0.707106781186548,0.));
#6863=DIRECTION('center_axis',(0.,-1.,0.));
#6864=DIRECTION('ref_axis',(-0.707106781186548,0.,0.707106781186548));
#6865=DIRECTION('center_axis',(0.,1.,0.));
#6866=DIRECTION('ref_axis',(-1.,0.,0.));
#6867=DIRECTION('',(0.,1.,0.));
#6868=DIRECTION('',(0.,-1.,0.));
#6869=DIRECTION('center_axis',(0.,0.,-1.));
#6870=DIRECTION('ref_axis',(-1.,0.,0.));
#6871=DIRECTION('center_axis',(-1.,0.,0.));
#6872=DIRECTION('ref_axis',(0.,-1.,0.));
#6873=DIRECTION('center_axis',(0.,0.,-1.));
#6874=DIRECTION('ref_axis',(-0.707106781186549,-0.707106781186546,0.));
#6875=DIRECTION('center_axis',(0.,0.,1.));
#6876=DIRECTION('ref_axis',(-0.707106781186549,-0.707106781186546,0.));
#6877=DIRECTION('center_axis',(1.,0.,0.));
#6878=DIRECTION('ref_axis',(0.,-0.707106781186548,0.707106781186548));
#6879=DIRECTION('',(-1.,0.,0.));
#6880=DIRECTION('',(1.,0.,0.));
#6881=DIRECTION('center_axis',(0.,1.,0.));
#6882=DIRECTION('ref_axis',(0.707106781186548,0.,-0.707106781186548));
#6883=DIRECTION('',(0.,-1.,0.));
#6884=DIRECTION('',(0.,1.,0.));
#6885=DIRECTION('center_axis',(0.,0.,1.));
#6886=DIRECTION('ref_axis',(-0.707106781186548,0.707106781186548,0.));
#6887=DIRECTION('',(0.,0.,-1.));
#6888=DIRECTION('',(0.,0.,1.));
#6889=DIRECTION('center_axis',(0.,0.,1.));
#6890=DIRECTION('ref_axis',(-0.707106781186548,-0.707106781186548,0.));
#6891=DIRECTION('',(0.,0.,-1.));
#6892=DIRECTION('',(0.,0.,1.));
#6893=DIRECTION('center_axis',(0.,-1.,0.));
#6894=DIRECTION('ref_axis',(-0.70710678118654,0.,0.707106781186555));
#6895=DIRECTION('',(0.,1.,0.));
#6896=DIRECTION('',(0.,-1.,0.));
#6897=DIRECTION('center_axis',(-1.,0.,0.));
#6898=DIRECTION('ref_axis',(0.,0.70710678118654,0.707106781186555));
#6899=DIRECTION('',(1.,0.,0.));
#6900=DIRECTION('',(-1.,0.,0.));
#6901=DIRECTION('center_axis',(1.,0.,0.));
#6902=DIRECTION('ref_axis',(0.,-0.70710678118654,0.707106781186555));
#6903=DIRECTION('',(-1.,0.,0.));
#6904=DIRECTION('',(1.,0.,0.));
#6905=DIRECTION('center_axis',(0.,-1.,0.));
#6906=DIRECTION('ref_axis',(-0.70710678118654,0.,0.707106781186555));
#6907=DIRECTION('',(0.,1.,0.));
#6908=DIRECTION('',(0.,-1.,0.));
#6909=DIRECTION('center_axis',(0.,0.,-1.));
#6910=DIRECTION('ref_axis',(-1.,0.,0.));
#6911=DIRECTION('center_axis',(0.,0.,1.));
#6912=DIRECTION('ref_axis',(-0.707106781186547,0.707106781186548,0.));
#6913=DIRECTION('center_axis',(0.,0.,-1.));
#6914=DIRECTION('ref_axis',(-0.707106781186547,0.707106781186548,0.));
#6915=DIRECTION('center_axis',(0.,0.,-1.));
#6916=DIRECTION('ref_axis',(-1.,0.,0.));
#6917=DIRECTION('center_axis',(0.863404741594327,-0.504511894995978,0.));
#6918=DIRECTION('ref_axis',(-0.504511894995978,-0.863404741594327,0.));
#6919=DIRECTION('center_axis',(0.,0.,1.));
#6920=DIRECTION('ref_axis',(0.261338151066116,0.965247310691588,0.));
#6921=DIRECTION('center_axis',(0.,0.,-1.));
#6922=DIRECTION('ref_axis',(0.261338151066116,0.965247310691589,0.));
#6923=DIRECTION('center_axis',(0.863404741594328,-0.504511894995976,0.));
#6924=DIRECTION('ref_axis',(-0.356743782140932,-0.610519347689977,-0.707106781186539));
#6925=DIRECTION('center_axis',(0.863404741594328,-0.504511894995977,0.));
#6926=DIRECTION('ref_axis',(-0.504511894995977,-0.863404741594328,0.));
#6927=DIRECTION('',(-0.863404741594328,0.504511894995976,0.));
#6928=DIRECTION('center_axis',(0.,0.,-1.));
#6929=DIRECTION('ref_axis',(1.,-4.4531385664921E-14,0.));
#6930=DIRECTION('center_axis',(-0.863404741594372,-0.504511894995901,0.));
#6931=DIRECTION('ref_axis',(-0.504511894995901,0.863404741594372,0.));
#6932=DIRECTION('center_axis',(0.,0.,1.));
#6933=DIRECTION('ref_axis',(1.,3.11306536104894E-13,0.));
#6934=DIRECTION('center_axis',(0.,0.,-1.));
#6935=DIRECTION('ref_axis',(1.,3.11306536104894E-13,0.));
#6936=DIRECTION('center_axis',(-0.863404741594374,-0.504511894995898,0.));
#6937=DIRECTION('ref_axis',(-0.356743782140884,0.610519347690006,-0.707106781186538));
#6938=DIRECTION('center_axis',(-0.863404741594374,-0.504511894995898,0.));
#6939=DIRECTION('ref_axis',(-0.504511894995898,0.863404741594374,0.));
#6940=DIRECTION('',(0.863404741594374,0.504511894995898,0.));
#6941=DIRECTION('center_axis',(0.,0.,-1.));
#6942=DIRECTION('ref_axis',(-1.,0.,0.));
#6943=DIRECTION('center_axis',(0.,0.,1.));
#6944=DIRECTION('ref_axis',(0.261338151066416,-0.965247310691507,0.));
#6945=DIRECTION('center_axis',(0.,0.,-1.));
#6946=DIRECTION('ref_axis',(0.261338151066416,-0.965247310691507,0.));
#6947=DIRECTION('center_axis',(-1.,0.,0.));
#6948=DIRECTION('ref_axis',(0.,0.70710678118654,0.707106781186555));
#6949=DIRECTION('',(1.,0.,0.));
#6950=DIRECTION('',(-1.,0.,0.));
#6951=DIRECTION('center_axis',(0.,0.,-1.));
#6952=DIRECTION('ref_axis',(-1.,0.,0.));
#6953=DIRECTION('center_axis',(0.,0.,1.));
#6954=DIRECTION('ref_axis',(-0.707106781186547,-0.707106781186548,0.));
#6955=DIRECTION('center_axis',(0.,0.,-1.));
#6956=DIRECTION('ref_axis',(-0.707106781186547,-0.707106781186548,0.));
#6957=DIRECTION('center_axis',(0.,-1.,0.));
#6958=DIRECTION('ref_axis',(0.0356461791028503,0.,0.999364473010406));
#6959=DIRECTION('',(0.,1.,0.));
#6960=DIRECTION('',(0.,-1.,0.));
#6961=DIRECTION('center_axis',(-0.997458699830735,0.,0.0712470499879094));
#6962=DIRECTION('ref_axis',(0.0503792721859881,0.707106781186545,0.705309810603833));
#6963=DIRECTION('',(0.997458699830735,0.,-0.0712470499879094));
#6964=DIRECTION('',(-0.997458699830735,0.,0.0712470499879094));
#6965=DIRECTION('center_axis',(0.,0.,1.));
#6966=DIRECTION('ref_axis',(0.707106781186548,-0.707106781186548,0.));
#6967=DIRECTION('',(0.,0.,-1.));
#6968=DIRECTION('',(0.,0.,1.));
#6969=DIRECTION('center_axis',(0.,-1.,0.));
#6970=DIRECTION('ref_axis',(-0.707106781186548,0.,-0.707106781186548));
#6971=DIRECTION('',(0.,1.,0.));
#6972=DIRECTION('',(0.,-1.,0.));
#6973=DIRECTION('center_axis',(0.,0.,1.));
#6974=DIRECTION('ref_axis',(1.,0.,0.));
#6975=DIRECTION('center_axis',(0.,0.,1.));
#6976=DIRECTION('ref_axis',(1.,0.,0.));
#6977=DIRECTION('',(0.,0.,1.));
#6978=DIRECTION('center_axis',(0.,0.,1.));
#6979=DIRECTION('ref_axis',(1.,0.,0.));
#6980=DIRECTION('',(0.,0.,1.));
#6981=DIRECTION('center_axis',(0.,0.,1.));
#6982=DIRECTION('ref_axis',(1.,0.,0.));
#6983=DIRECTION('center_axis',(0.,-1.,0.));
#6984=DIRECTION('ref_axis',(1.,0.,0.));
#6985=DIRECTION('',(0.,0.,1.));
#6986=DIRECTION('',(-1.,2.37480860882386E-16,0.));
#6987=DIRECTION('',(0.,0.,1.));
#6988=DIRECTION('',(-1.,0.,0.));
#6989=DIRECTION('',(0.,0.,-1.));
#6990=DIRECTION('',(-1.,2.37480860882386E-16,0.));
#6991=DIRECTION('',(0.,0.,-1.));
#6992=DIRECTION('center_axis',(0.,0.,1.));
#6993=DIRECTION('ref_axis',(-0.707106781186549,-0.707106781186546,0.));
#6994=DIRECTION('',(0.,0.,-1.));
#6995=DIRECTION('center_axis',(0.,0.,1.));
#6996=DIRECTION('ref_axis',(-0.707106781186549,-0.707106781186546,0.));
#6997=DIRECTION('center_axis',(-1.,0.,0.));
#6998=DIRECTION('ref_axis',(0.,-1.,0.));
#6999=DIRECTION('',(0.,0.,1.));
#7000=DIRECTION('',(0.,1.,0.));
#7001=DIRECTION('center_axis',(0.,0.,1.));
#7002=DIRECTION('ref_axis',(-0.707106781186546,0.707106781186549,0.));
#7003=DIRECTION('',(0.,0.,-1.));
#7004=DIRECTION('center_axis',(0.,0.,1.));
#7005=DIRECTION('ref_axis',(-0.707106781186546,0.707106781186549,0.));
#7006=DIRECTION('center_axis',(0.,0.,1.));
#7007=DIRECTION('ref_axis',(1.,0.,0.));
#7008=DIRECTION('center_axis',(0.,0.,-1.));
#7009=DIRECTION('ref_axis',(1.,0.,0.));
#7010=DIRECTION('center_axis',(0.0712470499879094,0.,0.997458699830735));
#7011=DIRECTION('ref_axis',(0.997458699830735,0.,-0.0712470499879094));
#7012=DIRECTION('',(-0.997458699830735,0.,0.0712470499879094));
#7013=DIRECTION('center_axis',(1.,0.,0.));
#7014=DIRECTION('ref_axis',(0.,1.,0.));
#7015=DIRECTION('center_axis',(0.,0.,1.));
#7016=DIRECTION('ref_axis',(1.,0.,0.));
#7017=DIRECTION('center_axis',(0.,0.,1.));
#7018=DIRECTION('ref_axis',(1.,0.,0.));
#7019=DIRECTION('center_axis',(0.,0.,1.));
#7020=DIRECTION('ref_axis',(1.,0.,0.));
#7021=DIRECTION('center_axis',(0.,0.,1.));
#7022=DIRECTION('ref_axis',(1.,0.,0.));
#7023=DIRECTION('center_axis',(0.,0.,-1.));
#7024=DIRECTION('ref_axis',(1.,0.,0.));
#7025=DIRECTION('center_axis',(-1.,0.,0.));
#7026=DIRECTION('ref_axis',(0.,-1.,0.));
#7027=DIRECTION('center_axis',(0.,0.,1.));
#7028=DIRECTION('ref_axis',(-0.707106781186548,-0.707106781186548,0.));
#7029=DIRECTION('center_axis',(0.,0.,1.));
#7030=DIRECTION('ref_axis',(-0.707106781186548,-0.707106781186548,0.));
#7031=DIRECTION('center_axis',(0.,0.,1.));
#7032=DIRECTION('ref_axis',(-0.707106781186548,-0.707106781186548,0.));
#7033=DIRECTION('',(0.,0.,-1.));
#7034=DIRECTION('center_axis',(0.,0.,1.));
#7035=DIRECTION('ref_axis',(1.,0.,0.));
#7036=DIRECTION('',(0.,1.,0.));
#7037=DIRECTION('center_axis',(0.,0.,1.));
#7038=DIRECTION('ref_axis',(-0.707106781186548,0.707106781186548,0.));
#7039=DIRECTION('',(1.,0.,0.));
#7040=DIRECTION('center_axis',(0.,0.,1.));
#7041=DIRECTION('ref_axis',(0.707106781186548,0.707106781186548,0.));
#7042=DIRECTION('',(0.,-1.,0.));
#7043=DIRECTION('center_axis',(0.,0.,1.));
#7044=DIRECTION('ref_axis',(0.707106781186548,-0.707106781186548,0.));
#7045=DIRECTION('center_axis',(0.,0.,1.));
#7046=DIRECTION('ref_axis',(1.,0.,0.));
#7047=DIRECTION('center_axis',(0.,0.,1.));
#7048=DIRECTION('ref_axis',(1.,0.,0.));
#7049=DIRECTION('center_axis',(0.,0.,1.));
#7050=DIRECTION('ref_axis',(1.,0.,0.));
#7051=DIRECTION('center_axis',(0.,0.,1.));
#7052=DIRECTION('ref_axis',(1.,0.,0.));
#7053=DIRECTION('center_axis',(0.,0.,1.));
#7054=DIRECTION('ref_axis',(1.,0.,0.));
#7055=DIRECTION('center_axis',(0.,0.,-1.));
#7056=DIRECTION('ref_axis',(1.,0.,0.));
#7057=DIRECTION('center_axis',(0.,0.,1.));
#7058=DIRECTION('ref_axis',(-1.,-3.21624529935327E-16,0.));
#7059=DIRECTION('center_axis',(0.,0.,1.));
#7060=DIRECTION('ref_axis',(-1.,-1.22464679914735E-16,0.));
#7061=DIRECTION('center_axis',(0.,0.,-1.));
#7062=DIRECTION('ref_axis',(-1.,-1.22464679914735E-16,0.));
#7063=DIRECTION('center_axis',(0.,0.,1.));
#7064=DIRECTION('ref_axis',(1.,0.,0.));
#7065=DIRECTION('center_axis',(0.,0.,-1.));
#7066=DIRECTION('ref_axis',(1.,0.,0.));
#7067=DIRECTION('center_axis',(0.,0.,-1.));
#7068=DIRECTION('ref_axis',(1.,0.,0.));
#7069=DIRECTION('center_axis',(0.,0.,1.));
#7070=DIRECTION('ref_axis',(0.707106781186548,-0.707106781186548,0.));
#7071=DIRECTION('',(0.,0.,1.));
#7072=DIRECTION('center_axis',(0.,0.,1.));
#7073=DIRECTION('ref_axis',(0.707106781186548,-0.707106781186548,0.));
#7074=DIRECTION('center_axis',(1.,0.,0.));
#7075=DIRECTION('ref_axis',(0.,1.,0.));
#7076=DIRECTION('',(0.,0.,-1.));
#7077=DIRECTION('',(0.,1.,0.));
#7078=DIRECTION('center_axis',(0.,0.,1.));
#7079=DIRECTION('ref_axis',(0.707106781186548,0.707106781186548,0.));
#7080=DIRECTION('',(0.,0.,1.));
#7081=DIRECTION('center_axis',(0.,0.,1.));
#7082=DIRECTION('ref_axis',(0.707106781186548,0.707106781186548,0.));
#7083=DIRECTION('center_axis',(0.,1.,0.));
#7084=DIRECTION('ref_axis',(-1.,0.,0.));
#7085=DIRECTION('',(0.,0.,1.));
#7086=DIRECTION('',(1.,0.,0.));
#7087=DIRECTION('',(0.,0.,-1.));
#7088=DIRECTION('',(1.,0.,0.));
#7089=DIRECTION('center_axis',(0.,0.,1.));
#7090=DIRECTION('ref_axis',(-0.707106781186548,0.707106781186548,0.));
#7091=DIRECTION('',(0.,0.,1.));
#7092=DIRECTION('center_axis',(0.,0.,1.));
#7093=DIRECTION('ref_axis',(-0.707106781186548,0.707106781186548,0.));
#7094=DIRECTION('center_axis',(0.,0.,1.));
#7095=DIRECTION('ref_axis',(1.,0.,0.));
#7096=DIRECTION('',(0.,0.,1.));
#7097=DIRECTION('center_axis',(0.,0.,-1.));
#7098=DIRECTION('ref_axis',(1.,0.,0.));
#7099=DIRECTION('center_axis',(0.,0.,1.));
#7100=DIRECTION('ref_axis',(1.,0.,0.));
#7101=DIRECTION('',(0.,0.,1.));
#7102=DIRECTION('center_axis',(0.,0.,-1.));
#7103=DIRECTION('ref_axis',(1.,0.,0.));
#7104=DIRECTION('center_axis',(0.,0.,1.));
#7105=DIRECTION('ref_axis',(1.,0.,0.));
#7106=DIRECTION('',(0.,0.,1.));
#7107=DIRECTION('center_axis',(0.,0.,-1.));
#7108=DIRECTION('ref_axis',(1.,0.,0.));
#7109=DIRECTION('center_axis',(0.,0.,1.));
#7110=DIRECTION('ref_axis',(1.,0.,0.));
#7111=DIRECTION('',(0.,0.,1.));
#7112=DIRECTION('center_axis',(0.,0.,-1.));
#7113=DIRECTION('ref_axis',(1.,0.,0.));
#7114=DIRECTION('center_axis',(0.,-1.,0.));
#7115=DIRECTION('ref_axis',(-0.997458699830735,0.,0.0712470499879091));
#7116=DIRECTION('center_axis',(0.,0.,1.));
#7117=DIRECTION('ref_axis',(1.,0.,0.));
#7118=DIRECTION('center_axis',(0.,0.,1.));
#7119=DIRECTION('ref_axis',(0.880018169614709,0.474940018473888,0.));
#7120=DIRECTION('center_axis',(-0.474940018473888,0.880018169614709,0.));
#7121=DIRECTION('ref_axis',(0.880018169614709,0.474940018473888,0.));
#7122=DIRECTION('center_axis',(0.965844407316646,0.259122713892776,0.));
#7123=DIRECTION('ref_axis',(-0.259122713892776,0.965844407316646,0.));
#7124=DIRECTION('center_axis',(0.,0.,1.));
#7125=DIRECTION('ref_axis',(1.,0.,0.));
#7126=DIRECTION('center_axis',(0.965844407316646,-0.259122713892776,0.));
#7127=DIRECTION('ref_axis',(-0.259122713892776,-0.965844407316646,0.));
#7128=DIRECTION('center_axis',(-0.474940018473888,-0.880018169614709,0.));
#7129=DIRECTION('ref_axis',(0.880018169614709,-0.474940018473888,0.));
#7130=DIRECTION('center_axis',(0.,0.,1.));
#7131=DIRECTION('ref_axis',(0.880018169614709,-0.474940018473888,0.));
#7132=DIRECTION('center_axis',(0.,1.,0.));
#7133=DIRECTION('ref_axis',(0.,0.,-1.));
#7134=DIRECTION('',(0.,1.,0.));
#7135=DIRECTION('center_axis',(0.,-1.,0.));
#7136=DIRECTION('ref_axis',(0.,0.,-1.));
#7137=DIRECTION('',(0.,1.,0.));
#7138=DIRECTION('center_axis',(0.,1.,0.));
#7139=DIRECTION('ref_axis',(0.,0.,-1.));
#7140=DIRECTION('center_axis',(0.,-1.,0.));
#7141=DIRECTION('ref_axis',(0.,0.,1.));
#7142=DIRECTION('',(0.,-1.,0.));
#7143=DIRECTION('center_axis',(0.,1.,0.));
#7144=DIRECTION('ref_axis',(0.,0.,1.));
#7145=DIRECTION('',(0.,-1.,0.));
#7146=DIRECTION('center_axis',(0.,-1.,0.));
#7147=DIRECTION('ref_axis',(0.,0.,1.));
#7148=DIRECTION('center_axis',(0.,0.,1.));
#7149=DIRECTION('ref_axis',(1.,0.,0.));
#7150=DIRECTION('center_axis',(0.,0.,1.));
#7151=DIRECTION('ref_axis',(1.,0.,0.));
#7152=DIRECTION('center_axis',(0.,0.,1.));
#7153=DIRECTION('ref_axis',(1.,0.,0.));
#7154=DIRECTION('center_axis',(0.,0.,-1.));
#7155=DIRECTION('ref_axis',(1.,0.,0.));
#7156=DIRECTION('center_axis',(0.,0.,-1.));
#7157=DIRECTION('ref_axis',(1.,0.,0.));
#7158=DIRECTION('center_axis',(0.,0.,-1.));
#7159=DIRECTION('ref_axis',(1.,0.,0.));
#7160=DIRECTION('center_axis',(0.,0.,-1.));
#7161=DIRECTION('ref_axis',(1.,0.,0.));
#7162=DIRECTION('center_axis',(0.,0.,-1.));
#7163=DIRECTION('ref_axis',(1.,0.,0.));
#7164=DIRECTION('center_axis',(0.,0.,-1.));
#7165=DIRECTION('ref_axis',(1.,0.,0.));
#7166=DIRECTION('center_axis',(0.,0.,1.));
#7167=DIRECTION('ref_axis',(1.,0.,0.));
#7168=DIRECTION('center_axis',(0.,0.,1.));
#7169=DIRECTION('ref_axis',(1.,0.,0.));
#7170=DIRECTION('center_axis',(0.,0.,1.));
#7171=DIRECTION('ref_axis',(1.,0.,0.));
#7172=DIRECTION('center_axis',(0.,0.,1.));
#7173=DIRECTION('ref_axis',(-0.395758223515705,-0.918354740021356,0.));
#7174=DIRECTION('center_axis',(0.,0.,1.));
#7175=DIRECTION('ref_axis',(0.,1.,0.));
#7176=DIRECTION('',(0.,0.,1.));
#7177=DIRECTION('',(0.,0.,1.));
#7178=DIRECTION('center_axis',(0.,0.,1.));
#7179=DIRECTION('ref_axis',(0.,1.,0.));
#7180=DIRECTION('center_axis',(0.,0.,1.));
#7181=DIRECTION('ref_axis',(0.,1.,0.));
#7182=DIRECTION('',(0.,0.,1.));
#7183=DIRECTION('',(0.,0.,1.));
#7184=DIRECTION('center_axis',(0.,0.,-1.));
#7185=DIRECTION('ref_axis',(1.,0.,0.));
#7186=DIRECTION('center_axis',(-0.863404741594508,0.504511894995669,0.));
#7187=DIRECTION('ref_axis',(0.,0.,1.));
#7188=DIRECTION('center_axis',(0.,0.,-1.));
#7189=DIRECTION('ref_axis',(1.,0.,0.));
#7190=DIRECTION('center_axis',(-0.863404741594374,-0.504511894995899,0.));
#7191=DIRECTION('ref_axis',(0.,0.,1.));
#7192=DIRECTION('center_axis',(0.,0.,-1.));
#7193=DIRECTION('ref_axis',(1.,0.,0.));
#7194=DIRECTION('center_axis',(0.863404741594328,-0.504511894995976,0.));
#7195=DIRECTION('ref_axis',(0.,0.,1.));
#7196=DIRECTION('center_axis',(-0.863404741594508,0.504511894995669,0.));
#7197=DIRECTION('ref_axis',(0.,0.,1.));
#7198=DIRECTION('',(0.863404741594328,-0.504511894995976,0.));
#7199=DIRECTION('',(0.863404741594328,-0.504511894995976,0.));
#7200=DIRECTION('center_axis',(0.,0.,-1.));
#7201=DIRECTION('ref_axis',(1.,0.,0.));
#7202=DIRECTION('center_axis',(0.,0.,-1.));
#7203=DIRECTION('ref_axis',(1.,0.,0.));
#7204=DIRECTION('center_axis',(0.,0.,-1.));
#7205=DIRECTION('ref_axis',(1.,0.,0.));
#7206=DIRECTION('center_axis',(0.,0.,-1.));
#7207=DIRECTION('ref_axis',(1.,0.,0.));
#7208=DIRECTION('center_axis',(0.863404741594374,0.504511894995899,0.));
#7209=DIRECTION('ref_axis',(0.,0.,1.));
#7210=DIRECTION('center_axis',(0.,0.,-1.));
#7211=DIRECTION('ref_axis',(1.,0.,0.));
#7212=DIRECTION('center_axis',(0.,0.,-1.));
#7213=DIRECTION('ref_axis',(1.,0.,0.));
#7214=DIRECTION('center_axis',(0.,0.,1.));
#7215=DIRECTION('ref_axis',(1.,0.,0.));
#7216=DIRECTION('center_axis',(0.,0.,1.));
#7217=DIRECTION('ref_axis',(1.,0.,0.));
#7218=DIRECTION('center_axis',(0.,0.,1.));
#7219=DIRECTION('ref_axis',(1.,0.,0.));
#7220=DIRECTION('center_axis',(0.,0.,1.));
#7221=DIRECTION('ref_axis',(1.,0.,0.));
#7222=DIRECTION('center_axis',(0.,0.,1.));
#7223=DIRECTION('ref_axis',(1.,0.,0.));
#7224=DIRECTION('center_axis',(0.,0.,1.));
#7225=DIRECTION('ref_axis',(1.,0.,0.));
#7226=DIRECTION('center_axis',(-0.863404741594374,-0.504511894995898,0.));
#7227=DIRECTION('ref_axis',(0.,0.,1.));
#7228=DIRECTION('',(-0.863404741594374,-0.504511894995898,0.));
#7229=DIRECTION('',(-0.863404741594374,-0.504511894995898,0.));
#7230=DIRECTION('center_axis',(0.,0.,-1.));
#7231=DIRECTION('ref_axis',(1.,0.,0.));
#7232=DIRECTION('center_axis',(0.,0.,-1.));
#7233=DIRECTION('ref_axis',(-1.,0.,0.));
#7234=DIRECTION('center_axis',(1.22464679914735E-16,1.,0.));
#7235=DIRECTION('ref_axis',(-1.,1.22464679914735E-16,0.));
#7236=DIRECTION('center_axis',(0.,0.,-1.));
#7237=DIRECTION('ref_axis',(1.,0.,0.));
#7238=DIRECTION('center_axis',(0.,0.,-1.));
#7239=DIRECTION('ref_axis',(1.,0.,0.));
#7240=DIRECTION('center_axis',(0.,0.,1.));
#7241=DIRECTION('ref_axis',(1.,0.,0.));
#7242=DIRECTION('center_axis',(1.22464679914735E-16,1.,0.));
#7243=DIRECTION('ref_axis',(-1.,1.22464679914735E-16,0.));
#7244=DIRECTION('center_axis',(0.,0.,-1.));
#7245=DIRECTION('ref_axis',(1.,0.,0.));
#7246=DIRECTION('center_axis',(0.,0.,1.));
#7247=DIRECTION('ref_axis',(1.,0.,0.));
#7248=DIRECTION('center_axis',(1.22464679914735E-16,-1.,0.));
#7249=DIRECTION('ref_axis',(-1.,-1.22464679914735E-16,0.));
#7250=DIRECTION('center_axis',(0.,0.,1.));
#7251=DIRECTION('ref_axis',(1.,0.,0.));
#7252=DIRECTION('center_axis',(0.,1.,0.));
#7253=DIRECTION('ref_axis',(1.22464679914735E-16,0.,1.));
#7254=DIRECTION('',(0.,-1.,0.));
#7255=DIRECTION('center_axis',(0.,1.,0.));
#7256=DIRECTION('ref_axis',(0.,0.,-1.));
#7257=DIRECTION('',(0.,1.,0.));
#7258=DIRECTION('center_axis',(0.,-1.,0.));
#7259=DIRECTION('ref_axis',(0.,0.,-1.));
#7260=DIRECTION('',(0.,-1.,0.));
#7261=DIRECTION('center_axis',(0.,-1.,0.));
#7262=DIRECTION('ref_axis',(0.,0.,1.));
#7263=DIRECTION('',(0.,1.,0.));
#7264=DIRECTION('center_axis',(0.,-1.,0.));
#7265=DIRECTION('ref_axis',(0.,0.,1.));
#7266=DIRECTION('',(0.,-1.,0.));
#7267=DIRECTION('center_axis',(0.,1.,0.));
#7268=DIRECTION('ref_axis',(0.,0.,1.));
#7269=DIRECTION('',(0.,1.,0.));
#7270=DIRECTION('center_axis',(0.,0.,1.));
#7271=DIRECTION('ref_axis',(1.,0.,0.));
#7272=DIRECTION('',(-1.,0.,0.));
#7273=DIRECTION('',(0.,-1.,0.));
#7274=DIRECTION('',(1.,0.,0.));
#7275=DIRECTION('',(0.,1.,0.));
#7276=DIRECTION('center_axis',(-1.,0.,0.));
#7277=DIRECTION('ref_axis',(0.,-1.,0.));
#7278=DIRECTION('',(0.,0.,1.));
#7279=DIRECTION('',(0.,0.,-1.));
#7280=DIRECTION('center_axis',(1.,0.,0.));
#7281=DIRECTION('ref_axis',(0.,1.,0.));
#7282=DIRECTION('',(0.,0.,1.));
#7283=DIRECTION('',(0.,0.,-1.));
#7284=DIRECTION('center_axis',(0.,0.,1.));
#7285=DIRECTION('ref_axis',(1.,0.,0.));
#7286=DIRECTION('',(0.,-1.,0.));
#7287=DIRECTION('',(-1.,0.,0.));
#7288=DIRECTION('',(1.,0.,0.));
#7289=DIRECTION('',(0.,-1.,0.));
#7290=DIRECTION('center_axis',(0.,0.,1.));
#7291=DIRECTION('ref_axis',(1.,0.,0.));
#7292=DIRECTION('center_axis',(1.,0.,0.));
#7293=DIRECTION('ref_axis',(0.,1.,0.));
#7294=DIRECTION('',(0.,0.,-1.));
#7295=DIRECTION('',(0.,1.,0.));
#7296=DIRECTION('',(0.,0.,1.));
#7297=DIRECTION('center_axis',(1.,0.,0.));
#7298=DIRECTION('ref_axis',(0.,1.,0.));
#7299=DIRECTION('',(0.,1.,0.));
#7300=DIRECTION('',(0.,0.,1.));
#7301=DIRECTION('',(0.,0.,-1.));
#7302=DIRECTION('center_axis',(-1.,0.,0.));
#7303=DIRECTION('ref_axis',(0.,-1.,0.));
#7304=DIRECTION('',(0.,-1.,0.));
#7305=DIRECTION('',(0.,0.,-1.));
#7306=DIRECTION('',(0.,-1.,0.));
#7307=DIRECTION('',(0.,0.,1.));
#7308=DIRECTION('center_axis',(-1.,0.,0.));
#7309=DIRECTION('ref_axis',(0.,-1.,0.));
#7310=DIRECTION('',(0.,-1.,0.));
#7311=DIRECTION('',(0.,0.,1.));
#7312=DIRECTION('',(0.,-1.,0.));
#7313=DIRECTION('',(0.,0.,-1.));
#7314=DIRECTION('center_axis',(0.,0.,1.));
#7315=DIRECTION('ref_axis',(-1.,1.22464679914735E-16,0.));
#7316=DIRECTION('center_axis',(0.,0.,-1.));
#7317=DIRECTION('ref_axis',(1.,0.,0.));
#7318=DIRECTION('center_axis',(0.,0.,-1.));
#7319=DIRECTION('ref_axis',(1.,0.,0.));
#7320=DIRECTION('center_axis',(0.,0.,1.));
#7321=DIRECTION('ref_axis',(1.,0.,0.));
#7322=DIRECTION('center_axis',(0.,0.,-1.));
#7323=DIRECTION('ref_axis',(1.,0.,0.));
#7324=DIRECTION('center_axis',(0.,0.,-1.));
#7325=DIRECTION('ref_axis',(1.,0.,0.));
#7326=DIRECTION('center_axis',(0.,0.,-1.));
#7327=DIRECTION('ref_axis',(1.,0.,0.));
#7328=DIRECTION('center_axis',(0.,0.,1.));
#7329=DIRECTION('ref_axis',(1.,0.,0.));
#7330=DIRECTION('',(-1.,0.,0.));
#7331=DIRECTION('',(1.,0.,0.));
#7332=DIRECTION('center_axis',(-1.,0.,0.));
#7333=DIRECTION('ref_axis',(0.,-1.,0.));
#7334=DIRECTION('',(0.,0.,1.));
#7335=DIRECTION('',(0.,-1.,0.));
#7336=DIRECTION('',(0.,-1.,0.));
#7337=DIRECTION('',(0.,0.,-1.));
#7338=DIRECTION('center_axis',(1.,0.,0.));
#7339=DIRECTION('ref_axis',(0.,1.,0.));
#7340=DIRECTION('',(0.,0.,1.));
#7341=DIRECTION('',(0.,1.,0.));
#7342=DIRECTION('',(0.,0.,-1.));
#7343=DIRECTION('center_axis',(0.,0.,1.));
#7344=DIRECTION('ref_axis',(1.,0.,0.));
#7345=DIRECTION('',(1.,0.,0.));
#7346=DIRECTION('center_axis',(0.,0.,1.));
#7347=DIRECTION('ref_axis',(1.,0.,0.));
#7348=DIRECTION('',(-1.,0.,0.));
#7349=DIRECTION('center_axis',(0.,0.,1.));
#7350=DIRECTION('ref_axis',(1.,0.,0.));
#7351=DIRECTION('center_axis',(0.,0.,1.));
#7352=DIRECTION('ref_axis',(1.,0.,0.));
#7353=DIRECTION('',(0.,0.,1.));
#7354=DIRECTION('center_axis',(0.,0.,1.));
#7355=DIRECTION('ref_axis',(1.,0.,0.));
#7356=DIRECTION('',(0.,0.,1.));
#7357=DIRECTION('center_axis',(0.,0.,1.));
#7358=DIRECTION('ref_axis',(1.,0.,0.));
#7359=DIRECTION('',(0.863404741594328,-0.504511894995976,0.));
#7360=DIRECTION('center_axis',(0.504511894995976,0.863404741594328,0.));
#7361=DIRECTION('ref_axis',(-0.863404741594328,0.504511894995976,0.));
#7362=DIRECTION('',(0.,0.,1.));
#7363=DIRECTION('center_axis',(0.,0.,1.));
#7364=DIRECTION('ref_axis',(-1.,1.22464679914735E-16,0.));
#7365=DIRECTION('center_axis',(0.,0.,1.));
#7366=DIRECTION('ref_axis',(1.,0.,0.));
#7367=DIRECTION('',(0.,0.,1.));
#7368=DIRECTION('center_axis',(0.,0.,1.));
#7369=DIRECTION('ref_axis',(1.,0.,0.));
#7370=DIRECTION('',(-1.,0.,0.));
#7371=DIRECTION('',(1.,0.,0.));
#7372=DIRECTION('center_axis',(0.,0.,1.));
#7373=DIRECTION('ref_axis',(1.,0.,0.));
#7374=DIRECTION('',(-0.863404741594374,-0.504511894995898,0.));
#7375=DIRECTION('center_axis',(0.504511894995898,-0.863404741594374,0.));
#7376=DIRECTION('ref_axis',(0.863404741594374,0.504511894995898,0.));
#7377=DIRECTION('center_axis',(0.,0.,1.));
#7378=DIRECTION('ref_axis',(1.,0.,0.));
#7379=DIRECTION('center_axis',(0.,0.,1.));
#7380=DIRECTION('ref_axis',(1.,0.,0.));
#7381=DIRECTION('center_axis',(0.,-1.,0.));
#7382=DIRECTION('ref_axis',(1.,0.,0.));
#7383=DIRECTION('',(1.,-2.37480860882386E-16,0.));
#7384=DIRECTION('',(1.,-2.37480860882386E-16,0.));
#7385=DIRECTION('center_axis',(0.,1.,0.));
#7386=DIRECTION('ref_axis',(-1.,0.,0.));
#7387=DIRECTION('',(-1.,0.,0.));
#7388=DIRECTION('',(-1.,0.,0.));
#7389=DIRECTION('center_axis',(0.,0.,1.));
#7390=DIRECTION('ref_axis',(1.,0.,0.));
#7391=DIRECTION('',(0.,-1.,0.));
#7392=DIRECTION('center_axis',(0.,0.,1.));
#7393=DIRECTION('ref_axis',(1.,0.,0.));
#7394=DIRECTION('center_axis',(0.,0.,1.));
#7395=DIRECTION('ref_axis',(0.707106781186546,0.707106781186549,0.));
#7396=DIRECTION('',(0.,0.,-1.));
#7397=DIRECTION('center_axis',(0.,0.,1.));
#7398=DIRECTION('ref_axis',(0.707106781186546,0.707106781186549,0.));
#7399=DIRECTION('center_axis',(0.,0.,1.));
#7400=DIRECTION('ref_axis',(1.,0.,0.));
#7401=DIRECTION('',(0.,-1.,0.));
#7402=DIRECTION('center_axis',(0.,0.,1.));
#7403=DIRECTION('ref_axis',(0.707106781186546,-0.707106781186549,0.));
#7404=DIRECTION('center_axis',(0.,0.,1.));
#7405=DIRECTION('ref_axis',(1.,0.,0.));
#7406=DIRECTION('center_axis',(0.,0.,1.));
#7407=DIRECTION('ref_axis',(0.707106781186546,-0.707106781186549,0.));
#7408=DIRECTION('',(0.,0.,1.));
#7409=DIRECTION('center_axis',(0.,0.,1.));
#7410=DIRECTION('ref_axis',(1.,0.,0.));
#7411=DIRECTION('center_axis',(0.,0.,-1.));
#7412=DIRECTION('ref_axis',(1.,0.,0.));
#7413=DIRECTION('',(0.,0.,-1.));
#7414=DIRECTION('center_axis',(0.,0.,1.));
#7415=DIRECTION('ref_axis',(1.,0.,0.));
#7416=DIRECTION('center_axis',(0.,0.,1.));
#7417=DIRECTION('ref_axis',(1.,0.,0.));
#7418=DIRECTION('center_axis',(0.,0.,1.));
#7419=DIRECTION('ref_axis',(1.,0.,0.));
#7420=DIRECTION('',(0.,0.,-1.));
#7421=DIRECTION('center_axis',(0.,0.,1.));
#7422=DIRECTION('ref_axis',(1.,0.,0.));
#7423=DIRECTION('center_axis',(0.,0.,1.));
#7424=DIRECTION('ref_axis',(1.,0.,0.));
#7425=DIRECTION('center_axis',(0.,0.,1.));
#7426=DIRECTION('ref_axis',(1.,0.,0.));
#7427=DIRECTION('',(0.,0.,-1.));
#7428=DIRECTION('center_axis',(0.,0.,1.));
#7429=DIRECTION('ref_axis',(1.,0.,0.));
#7430=DIRECTION('center_axis',(0.,0.,1.));
#7431=DIRECTION('ref_axis',(1.,0.,0.));
#7432=DIRECTION('center_axis',(0.,0.,1.));
#7433=DIRECTION('ref_axis',(1.,0.,0.));
#7434=DIRECTION('center_axis',(0.,0.,1.));
#7435=DIRECTION('ref_axis',(-1.,-1.22464679914735E-16,0.));
#7436=DIRECTION('center_axis',(0.,0.,1.));
#7437=DIRECTION('ref_axis',(1.,0.,0.));
#7438=DIRECTION('center_axis',(0.,0.,1.));
#7439=DIRECTION('ref_axis',(1.,0.,0.));
#7440=DIRECTION('center_axis',(0.,0.,1.));
#7441=DIRECTION('ref_axis',(1.,0.,0.));
#7442=DIRECTION('center_axis',(0.,0.,1.));
#7443=DIRECTION('ref_axis',(1.,0.,0.));
#7444=DIRECTION('',(0.,0.,-1.));
#7445=DIRECTION('center_axis',(0.,0.,1.));
#7446=DIRECTION('ref_axis',(1.,0.,0.));
#7447=DIRECTION('',(0.,0.,-1.));
#7448=DIRECTION('center_axis',(1.,0.,0.));
#7449=DIRECTION('ref_axis',(0.,1.,0.));
#7450=DIRECTION('center_axis',(-1.,0.,0.));
#7451=DIRECTION('ref_axis',(0.,-1.,0.));
#7452=DIRECTION('center_axis',(0.,0.,1.));
#7453=DIRECTION('ref_axis',(1.,0.,0.));
#7454=DIRECTION('center_axis',(0.,0.,-1.));
#7455=DIRECTION('ref_axis',(1.,0.,0.));
#7456=DIRECTION('center_axis',(1.22464679914735E-16,-1.,0.));
#7457=DIRECTION('ref_axis',(-1.,-1.22464679914735E-16,0.));
#7458=DIRECTION('center_axis',(0.,0.,1.));
#7459=DIRECTION('ref_axis',(1.,0.,0.));
#7460=DIRECTION('center_axis',(0.,0.,1.));
#7461=DIRECTION('ref_axis',(1.,0.,0.));
#7462=DIRECTION('',(0.,0.,-1.));
#7463=DIRECTION('center_axis',(0.,0.,-1.));
#7464=DIRECTION('ref_axis',(1.,0.,0.));
#7465=DIRECTION('center_axis',(0.,0.,1.));
#7466=DIRECTION('ref_axis',(1.,0.,0.));
#7467=DIRECTION('center_axis',(0.,0.,-1.));
#7468=DIRECTION('ref_axis',(1.,0.,0.));
#7469=DIRECTION('center_axis',(0.,0.,1.));
#7470=DIRECTION('ref_axis',(1.,0.,0.));
#7471=DIRECTION('',(0.,0.,-1.));
#7472=DIRECTION('center_axis',(0.,0.,1.));
#7473=DIRECTION('ref_axis',(1.,0.,0.));
#7474=DIRECTION('center_axis',(0.,0.,1.));
#7475=DIRECTION('ref_axis',(1.,0.,0.));
#7476=DIRECTION('center_axis',(0.,0.,-1.));
#7477=DIRECTION('ref_axis',(1.,0.,0.));
#7478=DIRECTION('',(-1.,0.,0.));
#7479=DIRECTION('',(0.,-1.,0.));
#7480=DIRECTION('',(1.,0.,0.));
#7481=DIRECTION('',(0.,-1.,0.));
#7482=DIRECTION('center_axis',(0.,-1.,0.));
#7483=DIRECTION('ref_axis',(-1.,0.,0.));
#7484=DIRECTION('center_axis',(0.,-1.,0.));
#7485=DIRECTION('ref_axis',(-1.,0.,0.));
#7486=DIRECTION('center_axis',(0.,-1.,0.));
#7487=DIRECTION('ref_axis',(-1.,0.,0.));
#7488=DIRECTION('',(0.,-1.,0.));
#7489=DIRECTION('center_axis',(-1.,0.,-5.8432790769745E-17));
#7490=DIRECTION('ref_axis',(5.8432790769745E-17,0.,-1.));
#7491=DIRECTION('',(-5.8432790769745E-17,0.,1.));
#7492=DIRECTION('',(5.8432790769745E-17,0.,-1.));
#7493=DIRECTION('',(0.,-1.,0.));
#7494=DIRECTION('center_axis',(0.,-1.,0.));
#7495=DIRECTION('ref_axis',(0.,0.,1.));
#7496=DIRECTION('center_axis',(0.,-1.,0.));
#7497=DIRECTION('ref_axis',(0.,0.,1.));
#7498=DIRECTION('center_axis',(0.,-1.,0.));
#7499=DIRECTION('ref_axis',(0.,0.,1.));
#7500=DIRECTION('',(0.,-1.,0.));
#7501=DIRECTION('center_axis',(0.,0.,1.));
#7502=DIRECTION('ref_axis',(-1.,0.,0.));
#7503=DIRECTION('',(1.,0.,0.));
#7504=DIRECTION('',(-1.,0.,0.));
#7505=DIRECTION('',(0.,-1.,0.));
#7506=DIRECTION('center_axis',(0.,-1.,0.));
#7507=DIRECTION('ref_axis',(1.,0.,0.));
#7508=DIRECTION('center_axis',(0.,-1.,0.));
#7509=DIRECTION('ref_axis',(1.,0.,0.));
#7510=DIRECTION('center_axis',(0.,-1.,0.));
#7511=DIRECTION('ref_axis',(1.,0.,0.));
#7512=DIRECTION('',(0.,-1.,0.));
#7513=DIRECTION('center_axis',(1.,0.,0.));
#7514=DIRECTION('ref_axis',(0.,0.,1.));
#7515=DIRECTION('',(0.,0.,-1.));
#7516=DIRECTION('',(0.,0.,1.));
#7517=DIRECTION('',(0.,-1.,0.));
#7518=DIRECTION('center_axis',(0.,-1.,0.));
#7519=DIRECTION('ref_axis',(0.,0.,-1.));
#7520=DIRECTION('center_axis',(0.,-1.,0.));
#7521=DIRECTION('ref_axis',(0.,0.,-1.));
#7522=DIRECTION('center_axis',(0.,-1.,0.));
#7523=DIRECTION('ref_axis',(0.,0.,-1.));
#7524=DIRECTION('center_axis',(0.,-1.,0.));
#7525=DIRECTION('ref_axis',(1.,0.,0.));
#7526=DIRECTION('center_axis',(0.,-1.,0.));
#7527=DIRECTION('ref_axis',(1.,0.,0.));
#7528=DIRECTION('',(0.,-1.22464679914735E-16,-1.));
#7529=DIRECTION('',(1.,0.,0.));
#7530=DIRECTION('',(-9.92616735063637E-24,-1.22464679914735E-16,-1.));
#7531=DIRECTION('',(1.,0.,4.96308367531816E-24));
#7532=DIRECTION('',(-9.92616735063637E-24,-1.22464679914735E-16,-1.));
#7533=DIRECTION('',(1.,0.,4.96308367531816E-24));
#7534=DIRECTION('',(-9.92616735063637E-24,-1.22464679914735E-16,-1.));
#7535=DIRECTION('',(1.,0.,4.96308367531816E-24));
#7536=CARTESIAN_POINT('',(0.,0.,0.));
#7537=CARTESIAN_POINT('',(0.,0.,0.));
#7538=CARTESIAN_POINT('Origin',(1.55431223447522E-14,0.173579999999999,
8.9662));
#7539=CARTESIAN_POINT('',(-0.399999999999984,0.17358,-8.0338));
#7540=CARTESIAN_POINT('Origin',(1.62370117351429E-14,0.173579999999998,
-8.0338));
#7541=CARTESIAN_POINT('',(-0.399999999999985,0.17358,8.9662));
#7542=CARTESIAN_POINT('',(-0.399999999999985,0.17358,8.9662));
#7543=CARTESIAN_POINT('Origin',(1.55431223447522E-14,0.173579999999999,
8.9662));
#7544=CARTESIAN_POINT('Origin',(1.62370117351429E-14,0.173579999999998,
-8.0338));
#7545=CARTESIAN_POINT('Origin',(2.12574191395998E-17,0.173579999999998,
8.9662));
#7546=CARTESIAN_POINT('',(1.0291074447275E-16,-0.493170000000003,8.97910828000001));
#7547=CARTESIAN_POINT('',(-6.03959061935502E-17,0.84033,8.97910828000001));
#7548=CARTESIAN_POINT('Origin',(2.12574191395998E-17,0.173579999999998,
8.97910828000001));
#7549=CARTESIAN_POINT('Origin',(2.12574191395998E-17,0.173579999999998,
8.97910828000001));
#7550=CARTESIAN_POINT('',(-5.88150978150993E-17,0.827421719999991,8.9662));
#7551=CARTESIAN_POINT('',(-5.88150978150995E-17,0.827421719999992,8.9662));
#7552=CARTESIAN_POINT('Origin',(2.12574191395998E-17,0.173579999999998,
8.9662));
#7553=CARTESIAN_POINT('Origin',(2.12574191395998E-17,0.173580000000001,
9.308465));
#7554=CARTESIAN_POINT('',(0.0344725815085921,0.683032979045767,9.308465));
#7555=CARTESIAN_POINT('',(-0.0344725815085856,0.683032979045767,9.308465));
#7556=CARTESIAN_POINT('Origin',(2.12574191395998E-17,0.173580000000001,
9.308465));
#7557=CARTESIAN_POINT('',(-0.0484161877501565,0.668113981355778,9.308465));
#7558=CARTESIAN_POINT('Ctrl Pts',(-0.034472581520006,0.683032979214543,
9.308465));
#7559=CARTESIAN_POINT('Ctrl Pts',(-0.036312155266171,0.682908502858264,
9.308465));
#7560=CARTESIAN_POINT('Ctrl Pts',(-0.0381129999580868,0.682448079192186,
9.308465));
#7561=CARTESIAN_POINT('Ctrl Pts',(-0.0415224253921031,0.680864468682181,
9.308465));
#7562=CARTESIAN_POINT('Ctrl Pts',(-0.0430876805488661,0.679731333413946,
9.30846499999979));
#7563=CARTESIAN_POINT('Ctrl Pts',(-0.045703602760794,0.676932421510555,
9.30846499999979));
#7564=CARTESIAN_POINT('Ctrl Pts',(-0.0467284298031476,0.675294367489976,
9.308465));
#7565=CARTESIAN_POINT('Ctrl Pts',(-0.0480783444141364,0.67178584393973,
9.308465));
#7566=CARTESIAN_POINT('Ctrl Pts',(-0.0484161877503332,0.66995789492766,
9.308465));
#7567=CARTESIAN_POINT('Ctrl Pts',(-0.0484161877501563,0.668113981507494,
9.308465));
#7568=CARTESIAN_POINT('',(-0.0484161877501582,0.521405267559441,9.308465));
#7569=CARTESIAN_POINT('',(-0.0484161877501624,0.173580000000002,9.308465));
#7570=CARTESIAN_POINT('',(-0.0560044409012096,0.483256542816915,9.308465));
#7571=CARTESIAN_POINT('Origin',(-0.148092943618248,0.52140314597135,9.308465));
#7572=CARTESIAN_POINT('',(-0.114501560178884,0.342032004097003,9.308465));
#7573=CARTESIAN_POINT('',(-0.157289972119634,0.238731639677243,9.308465));
#7574=CARTESIAN_POINT('',(-0.168452004097003,0.288081560178886,9.308465));
#7575=CARTESIAN_POINT('Origin',(-0.206566433649203,0.380146433649207,9.308465));
#7576=CARTESIAN_POINT('',(-0.309676542816916,0.229584440901215,9.308465));
#7577=CARTESIAN_POINT('',(-0.0651516396772364,0.330869972119635,9.308465));
#7578=CARTESIAN_POINT('',(-0.347825267559443,0.221996187750165,9.308465));
#7579=CARTESIAN_POINT('Origin',(-0.347823145971349,0.321672943618256,9.308465));
#7580=CARTESIAN_POINT('',(-0.494533981355776,0.221996187750167,9.308465));
#7581=CARTESIAN_POINT('',(5.46381255425555E-16,0.221996187750161,9.308465));
#7582=CARTESIAN_POINT('',(-0.509452979045767,0.208052581508596,9.308465));
#7583=CARTESIAN_POINT('Ctrl Pts',(-0.494533981507492,0.221996187750167,
9.308465));
#7584=CARTESIAN_POINT('Ctrl Pts',(-0.496377894927658,0.221996187750344,
9.308465));
#7585=CARTESIAN_POINT('Ctrl Pts',(-0.498205843939728,0.221658344414147,
9.308465));
#7586=CARTESIAN_POINT('Ctrl Pts',(-0.501714367489971,0.220308429803159,
9.308465));
#7587=CARTESIAN_POINT('Ctrl Pts',(-0.503352421510552,0.219283602760806,
9.3084649999998));
#7588=CARTESIAN_POINT('Ctrl Pts',(-0.506151333413946,0.216667680548876,
9.3084649999998));
#7589=CARTESIAN_POINT('Ctrl Pts',(-0.507284468682181,0.215102425392111,
9.308465));
#7590=CARTESIAN_POINT('Ctrl Pts',(-0.508868079192185,0.211692999958097,
9.308465));
#7591=CARTESIAN_POINT('Ctrl Pts',(-0.509328502858264,0.209892155266182,
9.308465));
#7592=CARTESIAN_POINT('Ctrl Pts',(-0.509452979214542,0.208052581520017,
9.308465));
#7593=CARTESIAN_POINT('',(-0.509452979045767,0.139107418491408,9.308465));
#7594=CARTESIAN_POINT('Origin',(-3.55246247748063E-17,0.173579999999996,
9.308465));
#7595=CARTESIAN_POINT('',(-0.494533981355777,0.125163812249837,9.308465));
#7596=CARTESIAN_POINT('Ctrl Pts',(-0.50945297921453,0.139107418479988,9.308465));
#7597=CARTESIAN_POINT('Ctrl Pts',(-0.50932850285825,0.137267844733823,9.308465));
#7598=CARTESIAN_POINT('Ctrl Pts',(-0.508868079192171,0.135467000041908,
9.308465));
#7599=CARTESIAN_POINT('Ctrl Pts',(-0.507284468682167,0.132057574607894,
9.308465));
#7600=CARTESIAN_POINT('Ctrl Pts',(-0.506151333413933,0.13049231945113,9.30846499999979));
#7601=CARTESIAN_POINT('Ctrl Pts',(-0.503352421510544,0.127876397239201,
9.30846499999979));
#7602=CARTESIAN_POINT('Ctrl Pts',(-0.501714367489967,0.126851570196848,
9.308465));
#7603=CARTESIAN_POINT('Ctrl Pts',(-0.498205843939723,0.125501655585858,
9.308465));
#7604=CARTESIAN_POINT('Ctrl Pts',(-0.496377894927652,0.12516381224966,9.308465));
#7605=CARTESIAN_POINT('Ctrl Pts',(-0.494533981507484,0.125163812249837,
9.308465));
#7606=CARTESIAN_POINT('',(-0.347825267559442,0.125163812249837,9.308465));
#7607=CARTESIAN_POINT('',(-4.82145668826284E-17,0.125163812249836,9.308465));
#7608=CARTESIAN_POINT('',(-0.309676542816916,0.117575559098786,9.308465));
#7609=CARTESIAN_POINT('Origin',(-0.347823145971349,0.0254870563817472,9.308465));
#7610=CARTESIAN_POINT('',(-0.168452004097003,0.059078439821113,9.308465));
#7611=CARTESIAN_POINT('',(-0.0651516396772409,0.0162900278803636,9.308465));
#7612=CARTESIAN_POINT('',(-0.114501560178886,0.00512799590299495,9.308465));
#7613=CARTESIAN_POINT('Origin',(-0.206566433649205,-0.0329864336492063,
9.308465));
#7614=CARTESIAN_POINT('',(-0.0560044409012134,-0.136096542816918,9.308465));
#7615=CARTESIAN_POINT('',(-0.157289972119636,0.108428360322762,9.308465));
#7616=CARTESIAN_POINT('',(-0.0484161877501627,-0.174245267559444,9.308465));
#7617=CARTESIAN_POINT('Origin',(-0.148092943618254,-0.174243145971351,9.308465));
#7618=CARTESIAN_POINT('',(-0.0484161877501627,-0.320953981355778,9.308465));
#7619=CARTESIAN_POINT('',(-0.0484161877501625,0.173580000000001,9.308465));
#7620=CARTESIAN_POINT('',(-0.0344725815085921,-0.335872979045768,9.308465));
#7621=CARTESIAN_POINT('Ctrl Pts',(-0.0484161877501625,-0.320953981507494,
9.308465));
#7622=CARTESIAN_POINT('Ctrl Pts',(-0.0484161877503394,-0.322797894927659,
9.308465));
#7623=CARTESIAN_POINT('Ctrl Pts',(-0.0480783444141429,-0.324625843939729,
9.308465));
#7624=CARTESIAN_POINT('Ctrl Pts',(-0.0467284298031542,-0.328134367489976,
9.308465));
#7625=CARTESIAN_POINT('Ctrl Pts',(-0.0457036027608006,-0.329772421510555,
9.30846499999979));
#7626=CARTESIAN_POINT('Ctrl Pts',(-0.0430876805488723,-0.332571333413946,
9.30846499999979));
#7627=CARTESIAN_POINT('Ctrl Pts',(-0.0415224253921091,-0.333704468682182,
9.308465));
#7628=CARTESIAN_POINT('Ctrl Pts',(-0.0381129999580928,-0.335288079192187,
9.308465));
#7629=CARTESIAN_POINT('Ctrl Pts',(-0.0363121552661768,-0.335748502858265,
9.308465));
#7630=CARTESIAN_POINT('Ctrl Pts',(-0.0344725815200125,-0.335872979214544,
9.308465));
#7631=CARTESIAN_POINT('',(0.0344725815085892,-0.335872979045769,9.308465));
#7632=CARTESIAN_POINT('Origin',(2.24013080990391E-15,0.173579999999999,
9.308465));
#7633=CARTESIAN_POINT('',(0.04841618775016,-0.320953981355779,9.308465));
#7634=CARTESIAN_POINT('Ctrl Pts',(0.0344725815200087,-0.335872979214532,
9.308465));
#7635=CARTESIAN_POINT('Ctrl Pts',(0.0363121552661741,-0.335748502858251,
9.308465));
#7636=CARTESIAN_POINT('Ctrl Pts',(0.0381129999580887,-0.335288079192172,
9.308465));
#7637=CARTESIAN_POINT('Ctrl Pts',(0.0415224253921026,-0.333704468682168,
9.308465));
#7638=CARTESIAN_POINT('Ctrl Pts',(0.0430876805488666,-0.332571333413934,
9.30846499999979));
#7639=CARTESIAN_POINT('Ctrl Pts',(0.045703602760795,-0.329772421510546,
9.30846499999979));
#7640=CARTESIAN_POINT('Ctrl Pts',(0.0467284298031488,-0.32813436748997,
9.308465));
#7641=CARTESIAN_POINT('Ctrl Pts',(0.0480783444141399,-0.324625843939723,
9.308465));
#7642=CARTESIAN_POINT('Ctrl Pts',(0.0484161877503368,-0.322797894927651,
9.308465));
#7643=CARTESIAN_POINT('Ctrl Pts',(0.0484161877501599,-0.320953981507485,
9.308465));
#7644=CARTESIAN_POINT('',(0.0484161877501607,-0.174245267559443,9.308465));
#7645=CARTESIAN_POINT('',(0.0484161877501624,0.173580000000001,9.308465));
#7646=CARTESIAN_POINT('',(0.0560044409012118,-0.136096542816917,9.308465));
#7647=CARTESIAN_POINT('Origin',(0.148092943618248,-0.174243145971351,9.308465));
#7648=CARTESIAN_POINT('',(0.114501560178885,0.00512799590299498,9.308465));
#7649=CARTESIAN_POINT('',(0.157289972119636,0.10842836032276,9.308465));
#7650=CARTESIAN_POINT('',(0.168452004097003,0.0590784398211125,9.308465));
#7651=CARTESIAN_POINT('Origin',(0.206566433649205,-0.0329864336492075,9.30846500000002));
#7652=CARTESIAN_POINT('',(0.309676542816917,0.117575559098784,9.308465));
#7653=CARTESIAN_POINT('',(0.0651516396772391,0.0162900278803635,9.308465));
#7654=CARTESIAN_POINT('',(0.347825267559443,0.125163812249835,9.308465));
#7655=CARTESIAN_POINT('Origin',(0.34782314597135,0.0254870563817415,9.308465));
#7656=CARTESIAN_POINT('',(0.494533981355777,0.125163812249834,9.308465));
#7657=CARTESIAN_POINT('',(-1.65777985091152E-16,0.125163812249836,9.308465));
#7658=CARTESIAN_POINT('',(0.509452979045767,0.139107418491405,9.308465));
#7659=CARTESIAN_POINT('Ctrl Pts',(0.494533981507493,0.125163812249835,9.308465));
#7660=CARTESIAN_POINT('Ctrl Pts',(0.496377894927659,0.125163812249658,9.308465));
#7661=CARTESIAN_POINT('Ctrl Pts',(0.498205843939729,0.125501655585854,9.308465));
#7662=CARTESIAN_POINT('Ctrl Pts',(0.501714367489976,0.126851570196843,9.308465));
#7663=CARTESIAN_POINT('Ctrl Pts',(0.503352421510554,0.127876397239197,9.30846499999979));
#7664=CARTESIAN_POINT('Ctrl Pts',(0.506151333413945,0.130492319451125,9.30846499999979));
#7665=CARTESIAN_POINT('Ctrl Pts',(0.507284468682181,0.132057574607888,9.308465));
#7666=CARTESIAN_POINT('Ctrl Pts',(0.508868079192185,0.135467000041904,9.308465));
#7667=CARTESIAN_POINT('Ctrl Pts',(0.509328502858264,0.137267844733819,9.308465));
#7668=CARTESIAN_POINT('Ctrl Pts',(0.509452979214542,0.139107418479985,9.308465));
#7669=CARTESIAN_POINT('',(0.509452979045767,0.20805258150859,9.308465));
#7670=CARTESIAN_POINT('Origin',(2.12574191395998E-17,0.173580000000001,
9.308465));
#7671=CARTESIAN_POINT('',(0.494533981355777,0.221996187750161,9.308465));
#7672=CARTESIAN_POINT('Ctrl Pts',(0.5094529792146,0.208052581520014,9.308465));
#7673=CARTESIAN_POINT('Ctrl Pts',(0.509328502858329,0.20989215526618,9.308465));
#7674=CARTESIAN_POINT('Ctrl Pts',(0.508868079192254,0.211692999958095,9.308465));
#7675=CARTESIAN_POINT('Ctrl Pts',(0.507284468682245,0.215102425392114,9.308465));
#7676=CARTESIAN_POINT('Ctrl Pts',(0.506151333414003,0.216667680548879,9.30846499999979));
#7677=CARTESIAN_POINT('Ctrl Pts',(0.503352421510596,0.219283602760808,9.30846499999979));
#7678=CARTESIAN_POINT('Ctrl Pts',(0.501714367490007,0.220308429803162,9.308465));
#7679=CARTESIAN_POINT('Ctrl Pts',(0.498205843939754,0.221658344414144,9.308465));
#7680=CARTESIAN_POINT('Ctrl Pts',(0.49637789492769,0.221996187750337,9.308465));
#7681=CARTESIAN_POINT('Ctrl Pts',(0.494533981507533,0.22199618775016,9.308465));
#7682=CARTESIAN_POINT('',(0.347825267559442,0.221996187750161,9.308465));
#7683=CARTESIAN_POINT('',(9.07294051618215E-17,0.221996187750161,9.308465));
#7684=CARTESIAN_POINT('',(0.309676542816916,0.229584440901212,9.308465));
#7685=CARTESIAN_POINT('Origin',(0.347823145971349,0.321672943618249,9.308465));
#7686=CARTESIAN_POINT('',(0.168452004097004,0.288081560178885,9.308465));
#7687=CARTESIAN_POINT('',(0.0651516396772394,0.330869972119635,9.308465));
#7688=CARTESIAN_POINT('',(0.114501560178886,0.342032004097003,9.308465));
#7689=CARTESIAN_POINT('Origin',(0.206566433649206,0.380146433649204,9.30846500000002));
#7690=CARTESIAN_POINT('',(0.0560044409012134,0.483256542816916,9.308465));
#7691=CARTESIAN_POINT('',(0.157289972119635,0.23873163967724,9.308465));
#7692=CARTESIAN_POINT('',(0.0484161877501627,0.521405267559442,9.308465));
#7693=CARTESIAN_POINT('Origin',(0.148092943618251,0.521403145971348,9.30846500000008));
#7694=CARTESIAN_POINT('',(0.0484161877501627,0.668113981355777,9.308465));
#7695=CARTESIAN_POINT('',(0.0484161877501625,0.173580000000001,9.308465));
#7696=CARTESIAN_POINT('Ctrl Pts',(0.0484161877501628,0.668113981507533,
9.308465));
#7697=CARTESIAN_POINT('Ctrl Pts',(0.0484161877503397,0.669957894927586,
9.308465));
#7698=CARTESIAN_POINT('Ctrl Pts',(0.0480783444141838,0.67178584393955,9.308465));
#7699=CARTESIAN_POINT('Ctrl Pts',(0.0467284298033127,0.675294367489731,
9.308465));
#7700=CARTESIAN_POINT('Ctrl Pts',(0.0457036027609948,0.676932421510338,
9.30846499999979));
#7701=CARTESIAN_POINT('Ctrl Pts',(0.0430876805491262,0.679731333413801,
9.30846499999979));
#7702=CARTESIAN_POINT('Ctrl Pts',(0.0415224253923834,0.680864468682078,
9.308465));
#7703=CARTESIAN_POINT('Ctrl Pts',(0.0381129999582988,0.682448079192202,
9.308465));
#7704=CARTESIAN_POINT('Ctrl Pts',(0.0363121552662856,0.682908502858322,
9.308465));
#7705=CARTESIAN_POINT('Ctrl Pts',(0.0344725815200163,0.6830329792146,9.308465));
#7706=CARTESIAN_POINT('Ctrl Pts',(-0.0695161850116991,0.713889306750364,
9.63333270342237));
#7707=CARTESIAN_POINT('Ctrl Pts',(-0.0824358167686633,0.712100691501108,
9.63214014907952));
#7708=CARTESIAN_POINT('Ctrl Pts',(-0.0825611592808809,0.699058440219214,
9.63333270342237));
#7709=CARTESIAN_POINT('Ctrl Pts',(-0.0577817518007444,0.703852208293205,
9.52436991057502));
#7710=CARTESIAN_POINT('Ctrl Pts',(-0.0708838480032627,0.702191865823756,
9.52223050808164));
#7711=CARTESIAN_POINT('Ctrl Pts',(-0.0711087086189472,0.688985062402528,
9.52436991393073));
#7712=CARTESIAN_POINT('Ctrl Pts',(-0.0460317081508276,0.693523331905985,
9.41543116984527));
#7713=CARTESIAN_POINT('Ctrl Pts',(-0.0594112034318079,0.692078147271471,
9.41307558637496));
#7714=CARTESIAN_POINT('Ctrl Pts',(-0.0596587857509471,0.678625629510045,
9.41543117479184));
#7715=CARTESIAN_POINT('Ctrl Pts',(-0.0342632628708659,0.682843050402193,
9.30652797914676));
#7716=CARTESIAN_POINT('Ctrl Pts',(-0.0480711243701896,0.68177226214233,
9.30518194124319));
#7717=CARTESIAN_POINT('Ctrl Pts',(-0.0482125986546824,0.66792366612292,
9.30652797914676));
#7718=CARTESIAN_POINT('',(-0.0686885770432413,0.713180944952616,9.62564803885476));
#7719=CARTESIAN_POINT('Origin',(2.85433522283012,-55.1000897670919,15.0840998662266));
#7720=CARTESIAN_POINT('',(-0.0823574593390764,0.698879238709453,9.63139462793674));
#7721=CARTESIAN_POINT('Origin',(-0.0673418603491905,0.698822278067262,9.63228849676617));
#7722=CARTESIAN_POINT('Origin',(-0.632460495414577,-56.5747321925396,14.8652754004946));
#7723=CARTESIAN_POINT('Origin',(-0.0946678319999997,0.17358,9.74852));
#7724=CARTESIAN_POINT('',(-0.0889568738656202,0.529469311409864,9.69418386292675));
#7725=CARTESIAN_POINT('Origin',(0.0379209092178813,0.173579999999997,8.48702239352648));
#7726=CARTESIAN_POINT('',(-0.0938922241572811,0.530451013620226,9.74114058431086));
#7727=CARTESIAN_POINT('Origin',(-0.194910245166228,0.530715686256586,9.74332281978088));
#7728=CARTESIAN_POINT('',(-0.0975804879783474,0.491526532767317,9.7040346644578));
#7729=CARTESIAN_POINT('Ctrl Pts',(-0.0975804879783481,0.491526532767315,
9.7040346644578));
#7730=CARTESIAN_POINT('Ctrl Pts',(-0.092175524834366,0.503815046652508,
9.70126670606188));
#7731=CARTESIAN_POINT('Ctrl Pts',(-0.0893363608647068,0.517087094504436,
9.6977944405417));
#7732=CARTESIAN_POINT('Ctrl Pts',(-0.08895687386562,0.529469311409865,9.69418386292675));
#7733=CARTESIAN_POINT('',(-0.102811076505584,0.492566961514059,9.75380039001601));
#7734=CARTESIAN_POINT('Origin',(-0.200020919587053,0.256431377651298,9.74852));
#7735=CARTESIAN_POINT('',(-0.147891164090462,0.375421608008582,9.72353504710595));
#7736=CARTESIAN_POINT('Origin',(-0.0762950505287957,0.205182444670966,8.47435711489321));
#7737=CARTESIAN_POINT('',(-0.149448221850848,0.376978665768968,9.74289101310248));
#7738=CARTESIAN_POINT('Origin',(-0.241547390511491,0.415127390511495,9.73241344286735));
#7739=CARTESIAN_POINT('',(-0.201841608008581,0.321471164090465,9.72353504710595));
#7740=CARTESIAN_POINT('Ctrl Pts',(-0.201841608008581,0.321471164090465,
9.72353504710595));
#7741=CARTESIAN_POINT('Ctrl Pts',(-0.201830335578684,0.321475976670426,
9.72353630749246));
#7742=CARTESIAN_POINT('Ctrl Pts',(-0.201819072846549,0.321480794667084,
9.72353763389669));
#7743=CARTESIAN_POINT('Ctrl Pts',(-0.189557859570976,0.326721269472641,
9.72490749276777));
#7744=CARTESIAN_POINT('Ctrl Pts',(-0.178329333984354,0.334518483614687,
9.72557629548751));
#7745=CARTESIAN_POINT('Ctrl Pts',(-0.160674461452375,0.352283942548228,
9.72555473101645));
#7746=CARTESIAN_POINT('Ctrl Pts',(-0.153043144815119,0.363354205072126,
9.72488432068746));
#7747=CARTESIAN_POINT('Ctrl Pts',(-0.147891164090461,0.375421608008585,
9.72353504710595));
#7748=CARTESIAN_POINT('',(-0.203398665768966,0.323028221850851,9.74289101310248));
#7749=CARTESIAN_POINT('Origin',(-0.0828513776512943,0.373600919587053,9.74852));
#7750=CARTESIAN_POINT('',(-0.317946532767318,0.271160487978353,9.7040346644578));
#7751=CARTESIAN_POINT('Origin',(-0.0316024446709673,0.249875050528794,8.47435711489321));
#7752=CARTESIAN_POINT('',(-0.318986961514059,0.27639107650559,9.75380039001601));
#7753=CARTESIAN_POINT('Origin',(-0.356871013620225,0.367159645968983,9.73066301407574));
#7754=CARTESIAN_POINT('',(-0.355889311409864,0.262536873865627,9.69418386292675));
#7755=CARTESIAN_POINT('Ctrl Pts',(-0.355889311409863,0.262536873865627,
9.69418386292675));
#7756=CARTESIAN_POINT('Ctrl Pts',(-0.343507094504436,0.262916360864714,
9.6977944405417));
#7757=CARTESIAN_POINT('Ctrl Pts',(-0.330235046652508,0.265755524834373,
9.70126670606188));
#7758=CARTESIAN_POINT('Ctrl Pts',(-0.317946532767316,0.271160487978354,
9.7040346644578));
#7759=CARTESIAN_POINT('',(-0.356871013620226,0.267472224157288,9.74114058431086));
#7760=CARTESIAN_POINT('Origin',(1.82373309697424E-16,0.268247831999999,
9.74852));
#7761=CARTESIAN_POINT('',(-0.525299238709451,0.255937459339087,9.63139462793674));
#7762=CARTESIAN_POINT('Origin',(-3.90034222133379E-16,0.135659090782118,
8.48702239352648));
#7763=CARTESIAN_POINT('Origin',(56.7483121984405,0.806040495477248,14.8652754010704));
#7764=CARTESIAN_POINT('Ctrl Pts',(-0.525478440219212,0.256141159280892,
9.63333270342237));
#7765=CARTESIAN_POINT('Ctrl Pts',(-0.538520691501106,0.256015816768675,
9.63214014907953));
#7766=CARTESIAN_POINT('Ctrl Pts',(-0.540309306750362,0.243096185011711,
9.63333270342237));
#7767=CARTESIAN_POINT('Ctrl Pts',(-0.515405062402503,0.244688708618959,
9.52436991393074));
#7768=CARTESIAN_POINT('Ctrl Pts',(-0.528611865823736,0.244463848003275,
9.52223050808165));
#7769=CARTESIAN_POINT('Ctrl Pts',(-0.530272208293204,0.231361751800763,
9.52436991057503));
#7770=CARTESIAN_POINT('Ctrl Pts',(-0.505045629510003,0.233238785750958,
9.41543117479184));
#7771=CARTESIAN_POINT('Ctrl Pts',(-0.518498147271428,0.232991203431836,
9.41307558637496));
#7772=CARTESIAN_POINT('Ctrl Pts',(-0.519943331905983,0.219611708150839,
9.41543116984526));
#7773=CARTESIAN_POINT('Ctrl Pts',(-0.494343666122919,0.221792598654693,
9.30652797914676));
#7774=CARTESIAN_POINT('Ctrl Pts',(-0.508192262142328,0.2216511243702,9.30518194124319));
#7775=CARTESIAN_POINT('Ctrl Pts',(-0.509263050402193,0.207843262870877,
9.30652797914676));
#7776=CARTESIAN_POINT('',(-0.539600944952615,0.242268577043253,9.62564803885477));
#7777=CARTESIAN_POINT('Origin',(-0.525242418719418,0.240922054639879,9.63228818615194));
#7778=CARTESIAN_POINT('Origin',(55.2736697670853,-2.6807552227995,15.0840998662444));
#7779=CARTESIAN_POINT('Origin',(3.13941887572367E-17,0.173579999999996,
9.74852));
#7780=CARTESIAN_POINT('',(-0.539600944952541,0.104891422956761,9.62564803885478));
#7781=CARTESIAN_POINT('Origin',(4.64416641264751E-17,0.173579999999996,
9.62564803904183));
#7782=CARTESIAN_POINT('Origin',(55.2736697612244,3.02791522242867,15.084099865653));
#7783=CARTESIAN_POINT('Ctrl Pts',(-0.540309306743888,0.104063814995864,
9.63333270335207));
#7784=CARTESIAN_POINT('Ctrl Pts',(-0.538520691494767,0.0911441832387213,
9.6321401490092));
#7785=CARTESIAN_POINT('Ctrl Pts',(-0.525478440212715,0.0910188407265008,
9.63333270335207));
#7786=CARTESIAN_POINT('Ctrl Pts',(-0.530272208893452,0.115798247497379,
9.52436991709265));
#7787=CARTESIAN_POINT('Ctrl Pts',(-0.52861186642212,0.10269615129928,9.52223051471751));
#7788=CARTESIAN_POINT('Ctrl Pts',(-0.515405063005171,0.102471290696034,
9.52436992044818));
#7789=CARTESIAN_POINT('Ctrl Pts',(-0.519943330634831,0.127548293249422,
9.41543115688807));
#7790=CARTESIAN_POINT('Ctrl Pts',(-0.518498146056854,0.114168797904471,
9.41307557366108));
#7791=CARTESIAN_POINT('Ctrl Pts',(-0.50504562823648,0.113921215610933,9.41543116183436));
#7792=CARTESIAN_POINT('Ctrl Pts',(-0.509263050421381,0.139316737107985,
9.3065279793424));
#7793=CARTESIAN_POINT('Ctrl Pts',(-0.508192262161027,0.12550887560923,9.30518194143894));
#7794=CARTESIAN_POINT('Ctrl Pts',(-0.494343666142146,0.125367401324748,
9.3065279793424));
#7795=CARTESIAN_POINT('',(-0.525299238709452,0.0912225406609168,9.63139462793674));
#7796=CARTESIAN_POINT('Origin',(-0.525242278066942,0.106238139651056,9.63228849676624));
#7797=CARTESIAN_POINT('Origin',(56.7483174972425,-0.45888054795417,14.8652759003892));
#7798=CARTESIAN_POINT('Origin',(-1.14580667398641E-16,0.078912167999999,
9.74852));
#7799=CARTESIAN_POINT('',(-0.355889311409864,0.0846231261343748,9.69418386292675));
#7800=CARTESIAN_POINT('Origin',(7.5669817090655E-17,0.21150090921788,8.48702239352648));
#7801=CARTESIAN_POINT('',(-0.356871013620226,0.0796877758427139,9.74114058431086));
#7802=CARTESIAN_POINT('Origin',(-0.357135686256585,-0.0213302451662325,
9.74332281978088));
#7803=CARTESIAN_POINT('',(-0.317946532767317,0.075999512021648,9.7040346644578));
#7804=CARTESIAN_POINT('Ctrl Pts',(-0.317946532767315,0.0759995120216471,
9.70403466445781));
#7805=CARTESIAN_POINT('Ctrl Pts',(-0.330235046652508,0.0814044751656292,
9.70126670606188));
#7806=CARTESIAN_POINT('Ctrl Pts',(-0.343507094504436,0.0842436391352882,
9.6977944405417));
#7807=CARTESIAN_POINT('Ctrl Pts',(-0.355889311409864,0.0846231261343749,
9.69418386292675));
#7808=CARTESIAN_POINT('',(-0.318986961514059,0.0707689234944114,9.75380039001601));
#7809=CARTESIAN_POINT('Origin',(-0.0828513776512969,-0.0264409195870549,
9.74852));
#7810=CARTESIAN_POINT('',(-0.201841608008582,0.0256888359095347,9.72353504710595));
#7811=CARTESIAN_POINT('Origin',(-0.0316024446709675,0.0972849494712033,
8.47435711489321));
#7812=CARTESIAN_POINT('',(-0.203398665768968,0.0241317781491489,9.74289101310248));
#7813=CARTESIAN_POINT('Origin',(-0.241547390511494,-0.067967390511495,9.73241344286735));
#7814=CARTESIAN_POINT('',(-0.147891164090464,-0.0282616080085833,9.72353504710595));
#7815=CARTESIAN_POINT('Ctrl Pts',(-0.147891164090464,-0.0282616080085835,
9.72353504710595));
#7816=CARTESIAN_POINT('Ctrl Pts',(-0.147895976670425,-0.028250335578687,
9.72353630749246));
#7817=CARTESIAN_POINT('Ctrl Pts',(-0.147900794667083,-0.0282390728465519,
9.72353763389669));
#7818=CARTESIAN_POINT('Ctrl Pts',(-0.15314126947264,-0.0159778595709795,
9.72490749276777));
#7819=CARTESIAN_POINT('Ctrl Pts',(-0.160938483614686,-0.00474933398435799,
9.72557629548751));
#7820=CARTESIAN_POINT('Ctrl Pts',(-0.178703942548227,0.0129055385476219,
9.72555473101645));
#7821=CARTESIAN_POINT('Ctrl Pts',(-0.189774205072125,0.0205368551848773,
9.72488432068746));
#7822=CARTESIAN_POINT('Ctrl Pts',(-0.201841608008585,0.025688835909536,
9.72353504710595));
#7823=CARTESIAN_POINT('',(-0.14944822185085,-0.0298186657689691,9.74289101310248));
#7824=CARTESIAN_POINT('Origin',(-0.200020919587053,0.0907286223487024,9.74852));
#7825=CARTESIAN_POINT('',(-0.0975804879783512,-0.14436653276732,9.7040346644578));
#7826=CARTESIAN_POINT('Origin',(-0.0762950505287943,0.14197755532903,8.47435711489321));
#7827=CARTESIAN_POINT('',(-0.102811076505588,-0.145406961514061,9.75380039001601));
#7828=CARTESIAN_POINT('Origin',(-0.193579645968981,-0.183291013620229,9.73066301407574));
#7829=CARTESIAN_POINT('',(-0.0889568738656246,-0.182309311409867,9.69418386292675));
#7830=CARTESIAN_POINT('Ctrl Pts',(-0.0889568738656248,-0.182309311409866,
9.69418386292675));
#7831=CARTESIAN_POINT('Ctrl Pts',(-0.0893363608647116,-0.169927094504438,
9.6977944405417));
#7832=CARTESIAN_POINT('Ctrl Pts',(-0.0921755248343695,-0.15665504665251,
9.70126670606188));
#7833=CARTESIAN_POINT('Ctrl Pts',(-0.0975804879783512,-0.144366532767318,
9.70403466445781));
#7834=CARTESIAN_POINT('',(-0.0938922241572856,-0.183291013620229,9.74114058431086));
#7835=CARTESIAN_POINT('Origin',(-0.0946678319999998,0.173579999999998,9.74852));
#7836=CARTESIAN_POINT('',(-0.0823574593390832,-0.351719238709454,9.63139462793674));
#7837=CARTESIAN_POINT('Origin',(0.037920909217881,0.173579999999997,8.48702239352648));
#7838=CARTESIAN_POINT('Origin',(-0.63246049548215,56.9218922000635,14.8652754012253));
#7839=CARTESIAN_POINT('Ctrl Pts',(-0.0825611592808878,-0.351898440219215,
9.63333270342237));
#7840=CARTESIAN_POINT('Ctrl Pts',(-0.0824358167686703,-0.364940691501108,
9.63214014907953));
#7841=CARTESIAN_POINT('Ctrl Pts',(-0.0695161850117062,-0.366729306750364,
9.63333270342237));
#7842=CARTESIAN_POINT('Ctrl Pts',(-0.0711087086189542,-0.341825062402487,
9.52436991393073));
#7843=CARTESIAN_POINT('Ctrl Pts',(-0.0708838480032688,-0.35503186582372,
9.52223050808165));
#7844=CARTESIAN_POINT('Ctrl Pts',(-0.0577817518007581,-0.356692208293204,
9.52436991057501));
#7845=CARTESIAN_POINT('Ctrl Pts',(-0.0596587857509541,-0.331465629510005,
9.41543117479184));
#7846=CARTESIAN_POINT('Ctrl Pts',(-0.0594112034318296,-0.344918147271431,
9.41307558637496));
#7847=CARTESIAN_POINT('Ctrl Pts',(-0.0460317081508407,-0.346363331905986,
9.41543116984527));
#7848=CARTESIAN_POINT('Ctrl Pts',(-0.0482125986546887,-0.320763666122921,
9.30652797914676));
#7849=CARTESIAN_POINT('Ctrl Pts',(-0.048071124370196,-0.33461226214233,
9.30518194124319));
#7850=CARTESIAN_POINT('Ctrl Pts',(-0.0342632628708724,-0.335683050402194,
9.30652797914676));
#7851=CARTESIAN_POINT('',(-0.0686885770432483,-0.366020944952617,9.62564803885477));
#7852=CARTESIAN_POINT('Origin',(-0.0673420546398943,-0.351662418719437,
9.63228818615192));
#7853=CARTESIAN_POINT('Origin',(2.85433522279451,55.4472497670627,15.0840998662396));
#7854=CARTESIAN_POINT('Origin',(2.33476830357884E-15,0.173579999999999,
9.74852));
#7855=CARTESIAN_POINT('',(0.0686885770432356,-0.366020944952543,9.62564803885478));
#7856=CARTESIAN_POINT('Origin',(2.33476830357884E-15,0.173579999999999,
9.62564803904183));
#7857=CARTESIAN_POINT('Origin',(-2.85433522243836,55.4472497612263,15.0840998656219));
#7858=CARTESIAN_POINT('Ctrl Pts',(0.0695161850041325,-0.36672930674389,
9.63333270335207));
#7859=CARTESIAN_POINT('Ctrl Pts',(0.0824358167612756,-0.364940691494769,
9.6321401490092));
#7860=CARTESIAN_POINT('Ctrl Pts',(0.0825611592734962,-0.351898440212717,
9.63333270335207));
#7861=CARTESIAN_POINT('Ctrl Pts',(0.057781752502619,-0.356692208893455,
9.52436991709266));
#7862=CARTESIAN_POINT('Ctrl Pts',(0.0708838487007354,-0.355031866422097,
9.5222305147175));
#7863=CARTESIAN_POINT('Ctrl Pts',(0.071108709303962,-0.341825063005148,
9.52436992044817));
#7864=CARTESIAN_POINT('Ctrl Pts',(0.0460317067505746,-0.346363330634831,
9.41543115688807));
#7865=CARTESIAN_POINT('Ctrl Pts',(0.0594112020955162,-0.344918146056832,
9.41307557366108));
#7866=CARTESIAN_POINT('Ctrl Pts',(0.0596587843890657,-0.331465628236465,
9.41543116183437));
#7867=CARTESIAN_POINT('Ctrl Pts',(0.0342632628920116,-0.335683050421382,
9.3065279793424));
#7868=CARTESIAN_POINT('Ctrl Pts',(0.0480711243907674,-0.334612262161029,
9.30518194143894));
#7869=CARTESIAN_POINT('Ctrl Pts',(0.0482125986752492,-0.320763666142148,
9.3065279793424));
#7870=CARTESIAN_POINT('',(0.0823574593390803,-0.351719238709455,9.63139462793674));
#7871=CARTESIAN_POINT('Origin',(0.0673418603489751,-0.351662278066975,9.63228849676622));
#7872=CARTESIAN_POINT('Origin',(0.632460547993486,56.9218975009975,14.8652759007366));
#7873=CARTESIAN_POINT('Origin',(0.0946678319999998,0.173579999999998,9.74852));
#7874=CARTESIAN_POINT('',(0.0889568738656227,-0.182309311409866,9.69418386292675));
#7875=CARTESIAN_POINT('Origin',(-0.0379209092178813,0.173579999999997,8.48702239352648));
#7876=CARTESIAN_POINT('',(0.0938922241572837,-0.183291013620228,9.74114058431086));
#7877=CARTESIAN_POINT('Origin',(0.19491024516623,-0.183555686256587,9.74332281978088));
#7878=CARTESIAN_POINT('',(0.0975804879783497,-0.144366532767319,9.7040346644578));
#7879=CARTESIAN_POINT('Ctrl Pts',(0.0975804879783506,-0.144366532767317,
9.70403466445781));
#7880=CARTESIAN_POINT('Ctrl Pts',(0.0921755248343685,-0.15665504665251,
9.70126670606188));
#7881=CARTESIAN_POINT('Ctrl Pts',(0.0893363608647094,-0.169927094504438,
9.6977944405417));
#7882=CARTESIAN_POINT('Ctrl Pts',(0.0889568738656226,-0.182309311409866,
9.69418386292675));
#7883=CARTESIAN_POINT('',(0.102811076505586,-0.14540696151406,9.75380039001601));
#7884=CARTESIAN_POINT('Origin',(0.200020919587053,0.0907286223487011,9.74852));
#7885=CARTESIAN_POINT('',(0.147891164090463,-0.0282616080085837,9.72353504710595));
#7886=CARTESIAN_POINT('Origin',(0.0762950505287946,0.141977555329029,8.47435711489321));
#7887=CARTESIAN_POINT('',(0.149448221850849,-0.0298186657689693,9.74289101310248));
#7888=CARTESIAN_POINT('Origin',(0.241547390511493,-0.0679673905114962,9.73241344286735));
#7889=CARTESIAN_POINT('',(0.201841608008582,0.0256888359095338,9.72353504710595));
#7890=CARTESIAN_POINT('Ctrl Pts',(0.201841608008582,0.0256888359095338,
9.72353504710595));
#7891=CARTESIAN_POINT('Ctrl Pts',(0.201830335578685,0.0256840233295733,
9.72353630749246));
#7892=CARTESIAN_POINT('Ctrl Pts',(0.20181907284655,0.0256792053329148,9.72353763389669));
#7893=CARTESIAN_POINT('Ctrl Pts',(0.189557859570978,0.0204387305273579,
9.72490749276777));
#7894=CARTESIAN_POINT('Ctrl Pts',(0.178329333984356,0.0126415163853118,
9.72557629548751));
#7895=CARTESIAN_POINT('Ctrl Pts',(0.160674461452376,-0.00512394254822927,
9.72555473101645));
#7896=CARTESIAN_POINT('Ctrl Pts',(0.153043144815121,-0.0161942050721269,
9.72488432068746));
#7897=CARTESIAN_POINT('Ctrl Pts',(0.147891164090462,-0.0282616080085868,
9.72353504710595));
#7898=CARTESIAN_POINT('',(0.203398665768967,0.0241317781491482,9.74289101310248));
#7899=CARTESIAN_POINT('Origin',(0.0828513776512957,-0.0264409195870547,
9.74852));
#7900=CARTESIAN_POINT('',(0.317946532767318,0.0759995120216464,9.7040346644578));
#7901=CARTESIAN_POINT('Origin',(0.0316024446709665,0.0972849494712034,8.47435711489321));
#7902=CARTESIAN_POINT('',(0.31898696151406,0.0707689234944099,9.75380039001601));
#7903=CARTESIAN_POINT('Origin',(0.356871013620227,-0.0199996459689831,9.73066301407574));
#7904=CARTESIAN_POINT('',(0.355889311409865,0.0846231261343729,9.69418386292675));
#7905=CARTESIAN_POINT('Ctrl Pts',(0.355889311409865,0.0846231261343728,
9.69418386292675));
#7906=CARTESIAN_POINT('Ctrl Pts',(0.343507094504437,0.0842436391352861,
9.6977944405417));
#7907=CARTESIAN_POINT('Ctrl Pts',(0.33023504665251,0.0814044751656275,9.70126670606188));
#7908=CARTESIAN_POINT('Ctrl Pts',(0.317946532767316,0.0759995120216455,
9.7040346644578));
#7909=CARTESIAN_POINT('',(0.356871013620227,0.0796877758427119,9.74114058431086));
#7910=CARTESIAN_POINT('Origin',(5.21203466215248E-16,0.0789121679999989,
9.74852));
#7911=CARTESIAN_POINT('',(0.525299238709452,0.0912225406609138,9.63139462793674));
#7912=CARTESIAN_POINT('Origin',(1.67748766640214E-16,0.21150090921788,8.48702239352648));
#7913=CARTESIAN_POINT('Origin',(-56.748312197407,-0.458880495474525,14.8652754009893));
#7914=CARTESIAN_POINT('Ctrl Pts',(0.525478440219213,0.0910188407191093,
9.63333270342237));
#7915=CARTESIAN_POINT('Ctrl Pts',(0.538520691501107,0.0911441832313267,
9.63214014907953));
#7916=CARTESIAN_POINT('Ctrl Pts',(0.540309306750363,0.104063814988291,9.63333270342237));
#7917=CARTESIAN_POINT('Ctrl Pts',(0.51540506240248,0.102471291381043,9.52436991393073));
#7918=CARTESIAN_POINT('Ctrl Pts',(0.528611865823695,0.102696151996723,9.52223050808165));
#7919=CARTESIAN_POINT('Ctrl Pts',(0.530272208293203,0.115798248199235,9.52436991057501));
#7920=CARTESIAN_POINT('Ctrl Pts',(0.505045629510039,0.113921214249043,9.41543117479184));
#7921=CARTESIAN_POINT('Ctrl Pts',(0.518498147271464,0.114168796568166,9.41307558637496));
#7922=CARTESIAN_POINT('Ctrl Pts',(0.519943331905984,0.127548291849161,9.41543116984527));
#7923=CARTESIAN_POINT('Ctrl Pts',(0.49434366612292,0.125367401345308,9.30652797914676));
#7924=CARTESIAN_POINT('Ctrl Pts',(0.508192262142329,0.125508875629801,9.30518194124319));
#7925=CARTESIAN_POINT('Ctrl Pts',(0.509263050402193,0.139316737129125,9.30652797914676));
#7926=CARTESIAN_POINT('',(0.539600944952615,0.104891422956749,9.62564803885476));
#7927=CARTESIAN_POINT('Origin',(0.52524241871948,0.106237945360051,9.63228818615189));
#7928=CARTESIAN_POINT('Origin',(-55.2736697671225,3.02791522280062,15.0840998662362));
#7929=CARTESIAN_POINT('Origin',(2.12574191395998E-17,0.173580000000001,
9.74852));
#7930=CARTESIAN_POINT('',(0.539600944952947,0.242268577043288,9.6256480388547));
#7931=CARTESIAN_POINT('Origin',(2.12574191395998E-17,0.173579999999997,
9.62564803904183));
#7932=CARTESIAN_POINT('Origin',(-55.273669767018,-2.68075522283271,15.0840998662225));
#7933=CARTESIAN_POINT('Ctrl Pts',(0.540309306779421,0.243096185045675,9.63333270373782));
#7934=CARTESIAN_POINT('Ctrl Pts',(0.538520691529559,0.256015816801837,9.63214014939511));
#7935=CARTESIAN_POINT('Ctrl Pts',(0.525478440248377,0.256141159314041,9.63333270373782));
#7936=CARTESIAN_POINT('Ctrl Pts',(0.530272205618464,0.231361748673241,9.52436988153204));
#7937=CARTESIAN_POINT('Ctrl Pts',(0.528611863157327,0.244463844895326,9.52223047851222));
#7938=CARTESIAN_POINT('Ctrl Pts',(0.515405059717136,0.244688705566505,9.52436988488864));
#7939=CARTESIAN_POINT('Ctrl Pts',(0.5199433374646,0.219611714273912,9.41543122650559));
#7940=CARTESIAN_POINT('Ctrl Pts',(0.518498152582738,0.232991209275205,9.41307564197143));
#7941=CARTESIAN_POINT('Ctrl Pts',(0.505045635079154,0.233238791706317,9.41543123145336));
#7942=CARTESIAN_POINT('Ctrl Pts',(0.509263050318358,0.207843262778493,9.30652797829192));
#7943=CARTESIAN_POINT('Ctrl Pts',(0.508192262060633,0.221651124280299,9.3051819403879));
#7944=CARTESIAN_POINT('Ctrl Pts',(0.494343666038915,0.221792598564839,9.30652797829192));
#7945=CARTESIAN_POINT('',(0.525299238709453,0.255937459339081,9.63139462793674));
#7946=CARTESIAN_POINT('Origin',(0.525242278068672,0.240921860350292,9.63228849676592));
#7947=CARTESIAN_POINT('Origin',(-56.7482888597509,0.806040264330786,14.8652732019023));
#7948=CARTESIAN_POINT('Origin',(1.5709550567784E-16,0.268247831999999,9.74852));
#7949=CARTESIAN_POINT('',(0.355889311409864,0.262536873865623,9.69418386292675));
#7950=CARTESIAN_POINT('Origin',(-3.31549788114501E-17,0.135659090782118,
8.48702239352648));
#7951=CARTESIAN_POINT('',(0.356871013620226,0.267472224157284,9.74114058431086));
#7952=CARTESIAN_POINT('Origin',(0.357135686256585,0.36849024516623,9.74332281978088));
#7953=CARTESIAN_POINT('',(0.317946532767317,0.27116048797835,9.7040346644578));
#7954=CARTESIAN_POINT('Ctrl Pts',(0.317946532767316,0.27116048797835,9.7040346644578));
#7955=CARTESIAN_POINT('Ctrl Pts',(0.330235046652508,0.265755524834368,9.70126670606188));
#7956=CARTESIAN_POINT('Ctrl Pts',(0.343507094504436,0.262916360864709,9.6977944405417));
#7957=CARTESIAN_POINT('Ctrl Pts',(0.355889311409864,0.262536873865623,9.69418386292675));
#7958=CARTESIAN_POINT('',(0.318986961514059,0.276391076505586,9.75380039001601));
#7959=CARTESIAN_POINT('Origin',(0.082851377651297,0.373600919587052,9.74852));
#7960=CARTESIAN_POINT('',(0.201841608008582,0.321471164090463,9.72353504710595));
#7961=CARTESIAN_POINT('Origin',(0.0316024446709688,0.249875050528794,8.47435711489321));
#7962=CARTESIAN_POINT('',(0.203398665768968,0.323028221850849,9.74289101310248));
#7963=CARTESIAN_POINT('Origin',(0.241547390511494,0.415127390511492,9.73241344286735));
#7964=CARTESIAN_POINT('',(0.147891164090464,0.375421608008581,9.72353504710595));
#7965=CARTESIAN_POINT('Ctrl Pts',(0.147891164090464,0.375421608008581,9.72353504710595));
#7966=CARTESIAN_POINT('Ctrl Pts',(0.147896076965368,0.375410100659427,9.72353633375912));
#7967=CARTESIAN_POINT('Ctrl Pts',(0.14790099533568,0.375398603039784,9.72353768641212));
#7968=CARTESIAN_POINT('Ctrl Pts',(0.153141763652002,0.363136958807686,9.72490757207251));
#7969=CARTESIAN_POINT('Ctrl Pts',(0.160939259578311,0.351908296179631,9.72557634654682));
#7970=CARTESIAN_POINT('Ctrl Pts',(0.178704811693719,0.334253860393181,9.72555467873932));
#7971=CARTESIAN_POINT('Ctrl Pts',(0.189774673646118,0.326622944765102,9.72488426829553));
#7972=CARTESIAN_POINT('Ctrl Pts',(0.201841608008585,0.321471164090461,9.72353504710595));
#7973=CARTESIAN_POINT('',(0.14944822185085,0.376978665768967,9.74289101310248));
#7974=CARTESIAN_POINT('Origin',(0.200020919587053,0.256431377651295,9.74852));
#7975=CARTESIAN_POINT('',(0.0975804879783512,0.491526532767317,9.7040346644578));
#7976=CARTESIAN_POINT('Origin',(0.0762950505287957,0.205182444670965,8.47435711489321));
#7977=CARTESIAN_POINT('',(0.102811076505588,0.492566961514059,9.75380039001601));
#7978=CARTESIAN_POINT('Origin',(0.193579645968981,0.530451013620226,9.73066301407574));
#7979=CARTESIAN_POINT('',(0.0889568738656246,0.529469311409864,9.69418386292674));
#7980=CARTESIAN_POINT('Ctrl Pts',(0.0889568738656246,0.529469311409864,
9.69418386292675));
#7981=CARTESIAN_POINT('Ctrl Pts',(0.0893363608647114,0.517087094504436,
9.6977944405417));
#7982=CARTESIAN_POINT('Ctrl Pts',(0.0921755248343695,0.503815046652507,
9.70126670606188));
#7983=CARTESIAN_POINT('Ctrl Pts',(0.097580487978351,0.491526532767315,9.7040346644578));
#7984=CARTESIAN_POINT('',(0.0938922241572857,0.530451013620226,9.74114058431086));
#7985=CARTESIAN_POINT('Origin',(0.0946678319999999,0.17358,9.74852));
#7986=CARTESIAN_POINT('',(0.0823574593390829,0.698879238709452,9.63139462793674));
#7987=CARTESIAN_POINT('Origin',(-0.037920909217881,0.173579999999997,8.48702239352648));
#7988=CARTESIAN_POINT('Origin',(0.63246026430396,-56.5747088573476,14.8652732016655));
#7989=CARTESIAN_POINT('Ctrl Pts',(0.0825611593140429,0.699058440248376,
9.63333270373782));
#7990=CARTESIAN_POINT('Ctrl Pts',(0.0824358168018391,0.712100691529558,
9.63214014939511));
#7991=CARTESIAN_POINT('Ctrl Pts',(0.0695161850456776,0.713889306779421,
9.63333270373782));
#7992=CARTESIAN_POINT('Ctrl Pts',(0.0711087055665078,0.688985059717157,
9.52436988488864));
#7993=CARTESIAN_POINT('Ctrl Pts',(0.0708838448953587,0.702191863157353,
9.52223047851221));
#7994=CARTESIAN_POINT('Ctrl Pts',(0.05778174867324,0.703852205618463,9.52436988153204));
#7995=CARTESIAN_POINT('Ctrl Pts',(0.0596587917063176,0.678625635079159,
9.41543123145334));
#7996=CARTESIAN_POINT('Ctrl Pts',(0.0594112092752306,0.692078152582761,
9.41307564197142));
#7997=CARTESIAN_POINT('Ctrl Pts',(0.0460317142739128,0.6935233374646,9.41543122650559));
#7998=CARTESIAN_POINT('Ctrl Pts',(0.0482125985648416,0.667923666038915,
9.30652797829192));
#7999=CARTESIAN_POINT('Ctrl Pts',(0.0480711242803013,0.681772262060633,
9.3051819403879));
#8000=CARTESIAN_POINT('Ctrl Pts',(0.0342632627784957,0.682843050318358,
9.30652797829192));
#8001=CARTESIAN_POINT('',(0.0686885770432902,0.713180944952946,9.6256480388547));
#8002=CARTESIAN_POINT('Origin',(0.0673420546410069,0.698822418720872,9.63228818615167));
#8003=CARTESIAN_POINT('Origin',(-2.85433522281738,-55.1000897670626,15.0840998662451));
#8004=CARTESIAN_POINT('Origin',(2.12574191395998E-17,0.173580000000001,
9.74852));
#8005=CARTESIAN_POINT('Origin',(2.12574191395998E-17,0.173580000000001,
9.62564803904183));
#8006=CARTESIAN_POINT('Origin',(2.12574191395998E-17,0.173579999999997,
8.48303674536256));
#8007=CARTESIAN_POINT('',(1.45397375027605E-16,1.16969933290213,9.26354564498279));
#8008=CARTESIAN_POINT('Origin',(2.12574191395998E-17,0.173579999999998,
9.26354564498279));
#8009=CARTESIAN_POINT('Origin',(2.12574191395998E-17,0.173579999999998,
9.16178));
#8010=CARTESIAN_POINT('',(-1.05033057375672E-16,1.20482,9.16178));
#8011=CARTESIAN_POINT('Origin',(-8.48265811332284E-17,1.0398216,9.16178));
#8012=CARTESIAN_POINT('Origin',(2.12574191395998E-17,0.173579999999998,
9.16178));
#8013=CARTESIAN_POINT('Origin',(2.12574191395998E-17,0.173579999999998,
9.74852));
#8014=CARTESIAN_POINT('',(-1.05033057375672E-16,1.20482,9.1311984));
#8015=CARTESIAN_POINT('',(-1.05033057375672E-16,1.20482,9.74852));
#8016=CARTESIAN_POINT('Origin',(2.12574191395998E-17,0.173579999999998,
9.1311984));
#8017=CARTESIAN_POINT('Origin',(2.12574191395998E-17,0.173579999999998,
9.1311984));
#8018=CARTESIAN_POINT('',(1.41055152091486E-16,1.09878545080744,8.97709539451173));
#8019=CARTESIAN_POINT('Origin',(-8.48265811332284E-17,1.0398216,9.1311984));
#8020=CARTESIAN_POINT('',(-9.20475702489016E-17,-0.75162545080744,8.97709539451173));
#8021=CARTESIAN_POINT('Origin',(2.12574191395998E-17,0.173579999999998,
8.97709539451173));
#8022=CARTESIAN_POINT('Origin',(2.12574191395998E-17,0.173579999999998,
8.97709539451173));
#8023=CARTESIAN_POINT('Ctrl Pts',(2.12574191395998E-17,-0.493170000000003,
9.005316));
#8024=CARTESIAN_POINT('Ctrl Pts',(-0.666750000000002,-0.493170000000003,
9.005316));
#8025=CARTESIAN_POINT('Ctrl Pts',(-0.666750000000002,0.173579999999998,
9.005316));
#8026=CARTESIAN_POINT('Ctrl Pts',(-0.666750000000002,0.84033,9.005316));
#8027=CARTESIAN_POINT('Ctrl Pts',(2.12574191395998E-17,0.84033,9.005316));
#8028=CARTESIAN_POINT('Ctrl Pts',(0.666750000000002,0.84033,9.005316));
#8029=CARTESIAN_POINT('Ctrl Pts',(0.666750000000002,0.173579999999998,9.005316));
#8030=CARTESIAN_POINT('Ctrl Pts',(0.666750000000002,-0.493170000000003,
9.005316));
#8031=CARTESIAN_POINT('Ctrl Pts',(2.12574191395998E-17,-0.493170000000003,
9.005316));
#8032=CARTESIAN_POINT('Ctrl Pts',(2.12574191395998E-17,-0.623938421433996,
9.005316));
#8033=CARTESIAN_POINT('Ctrl Pts',(-0.797518421433995,-0.623938421433996,
9.005316));
#8034=CARTESIAN_POINT('Ctrl Pts',(-0.797518421433995,0.173579999999998,
9.005316));
#8035=CARTESIAN_POINT('Ctrl Pts',(-0.797518421433995,0.971098421433993,
9.005316));
#8036=CARTESIAN_POINT('Ctrl Pts',(2.12574191395998E-17,0.971098421433993,
9.005316));
#8037=CARTESIAN_POINT('Ctrl Pts',(0.797518421433995,0.971098421433993,9.005316));
#8038=CARTESIAN_POINT('Ctrl Pts',(0.797518421433995,0.173579999999998,9.005316));
#8039=CARTESIAN_POINT('Ctrl Pts',(0.797518421433995,-0.623938421433996,
9.005316));
#8040=CARTESIAN_POINT('Ctrl Pts',(2.12574191395998E-17,-0.623938421433996,
9.005316));
#8041=CARTESIAN_POINT('Ctrl Pts',(2.12574191395998E-17,-0.751625450807441,
8.97709539451173));
#8042=CARTESIAN_POINT('Ctrl Pts',(-0.925205450807439,-0.75162545080744,
8.97709539451173));
#8043=CARTESIAN_POINT('Ctrl Pts',(-0.925205450807439,0.173579999999998,
8.97709539451173));
#8044=CARTESIAN_POINT('Ctrl Pts',(-0.925205450807439,1.09878545080744,8.97709539451173));
#8045=CARTESIAN_POINT('Ctrl Pts',(2.12574191395998E-17,1.09878545080744,
8.97709539451173));
#8046=CARTESIAN_POINT('Ctrl Pts',(0.925205450807439,1.09878545080744,8.97709539451173));
#8047=CARTESIAN_POINT('Ctrl Pts',(0.925205450807439,0.173579999999998,8.97709539451173));
#8048=CARTESIAN_POINT('Ctrl Pts',(0.925205450807439,-0.75162545080744,8.97709539451173));
#8049=CARTESIAN_POINT('Ctrl Pts',(2.12574191395998E-17,-0.751625450807441,
8.97709539451173));
#8050=CARTESIAN_POINT('',(-6.03959061935502E-17,-0.493170000000003,9.005316));
#8051=CARTESIAN_POINT('Origin',(2.12574191395998E-17,0.173579999999998,
9.005316));
#8052=CARTESIAN_POINT('Origin',(-6.03959061935502E-17,-0.493170000000003,
7.80768714943745));
#8053=CARTESIAN_POINT('Origin',(2.12574191395998E-17,0.17358,-4.3688));
#8054=CARTESIAN_POINT('',(-6.03959061935502E-17,-0.493170000000001,-4.3688));
#8055=CARTESIAN_POINT('Origin',(2.12574191395998E-17,0.70698,8.9662));
#8056=CARTESIAN_POINT('Origin',(0.,0.,-0.2));
#8057=CARTESIAN_POINT('',(-2.,-2.44929359829471E-16,-0.2));
#8058=CARTESIAN_POINT('Origin',(0.,0.,-0.2));
#8059=CARTESIAN_POINT('',(-2.2,2.69422295812418E-16,0.));
#8060=CARTESIAN_POINT('Origin',(-2.2,-2.69422295812418E-16,-0.2));
#8061=CARTESIAN_POINT('Origin',(0.,0.,0.));
#8062=CARTESIAN_POINT('Origin',(5.575,0.,0.));
#8063=CARTESIAN_POINT('',(-3.35,4.8,0.));
#8064=CARTESIAN_POINT('',(-4.4894448724536,3.38364710867855,0.));
#8065=CARTESIAN_POINT('Origin',(-4.8,4.8,0.));
#8066=CARTESIAN_POINT('',(-3.35,5.85,0.));
#8067=CARTESIAN_POINT('',(-3.35,1.775,0.));
#8068=CARTESIAN_POINT('',(14.5,5.85,0.));
#8069=CARTESIAN_POINT('',(11.3875,5.85,0.));
#8070=CARTESIAN_POINT('',(14.5,4.8,0.));
#8071=CARTESIAN_POINT('',(14.5,3.025,0.));
#8072=CARTESIAN_POINT('',(15.95,3.35,0.));
#8073=CARTESIAN_POINT('Origin',(15.95,4.8,0.));
#8074=CARTESIAN_POINT('',(17.,3.35,0.));
#8075=CARTESIAN_POINT('',(10.1375,3.35,0.));
#8076=CARTESIAN_POINT('',(17.,-3.35,0.));
#8077=CARTESIAN_POINT('',(17.,-3.025,0.));
#8078=CARTESIAN_POINT('',(15.95,-3.35,0.));
#8079=CARTESIAN_POINT('',(11.3875,-3.35,0.));
#8080=CARTESIAN_POINT('',(14.5,-4.8,0.));
#8081=CARTESIAN_POINT('Origin',(15.95,-4.8,0.));
#8082=CARTESIAN_POINT('',(14.5,-5.85,0.));
#8083=CARTESIAN_POINT('',(14.5,-1.775,0.));
#8084=CARTESIAN_POINT('',(-3.35,-5.85,0.));
#8085=CARTESIAN_POINT('',(-0.237499999999999,-5.85,0.));
#8086=CARTESIAN_POINT('',(-3.35,-4.8,0.));
#8087=CARTESIAN_POINT('',(-3.35,-3.025,0.));
#8088=CARTESIAN_POINT('',(-4.4894448724536,-3.38364710867855,0.));
#8089=CARTESIAN_POINT('Origin',(-4.8,-4.8,0.));
#8090=CARTESIAN_POINT('',(-4.4894448724536,1.5125,0.));
#8091=CARTESIAN_POINT('Origin',(0.,0.,0.));
#8092=CARTESIAN_POINT('',(-2.,-2.44929359829471E-16,-4.));
#8093=CARTESIAN_POINT('Origin',(0.,0.,-4.));
#8094=CARTESIAN_POINT('',(-2.,2.44929359829471E-16,0.));
#8095=CARTESIAN_POINT('Origin',(-3.35,1.775,0.2));
#8096=CARTESIAN_POINT('',(-3.55,4.8,0.2));
#8097=CARTESIAN_POINT('Origin',(-3.35,4.8,0.2));
#8098=CARTESIAN_POINT('',(-3.55,6.05,0.2));
#8099=CARTESIAN_POINT('',(-3.55,1.775,0.2));
#8100=CARTESIAN_POINT('Origin',(-3.35,5.85,0.2));
#8101=CARTESIAN_POINT('Origin',(-4.8,4.8,0.2));
#8102=CARTESIAN_POINT('',(-4.83125664161226,3.55,0.187504427741505));
#8103=CARTESIAN_POINT('',(-4.8,3.55,0.2));
#8104=CARTESIAN_POINT('Ctrl Pts',(-4.83125664161226,3.55,0.187504427741505));
#8105=CARTESIAN_POINT('Ctrl Pts',(-4.82074801765872,3.55,0.191700732053502));
#8106=CARTESIAN_POINT('Ctrl Pts',(-4.81032653720644,3.55,0.195869385117425));
#8107=CARTESIAN_POINT('Ctrl Pts',(-4.8,3.55,0.2));
#8108=CARTESIAN_POINT('Origin',(-4.8,4.8,0.2));
#8109=CARTESIAN_POINT('',(-4.60038491169865,3.47590204477935,0.0335899411324318));
#8110=CARTESIAN_POINT('Ctrl Pts',(-4.4894448724536,3.38364710867855,0.));
#8111=CARTESIAN_POINT('Ctrl Pts',(-4.48976451736687,3.38390426052231,-8.71277747777593E-19));
#8112=CARTESIAN_POINT('Ctrl Pts',(-4.4900841283114,3.38416145507125,7.6629650417794E-7));
#8113=CARTESIAN_POINT('Ctrl Pts',(-4.5100280040829,3.40021489320862,9.63813363154671E-5));
#8114=CARTESIAN_POINT('Ctrl Pts',(-4.52957086377676,3.41621579024942,0.00307821122013562));
#8115=CARTESIAN_POINT('Ctrl Pts',(-4.56648454404406,3.44695992221967,0.0144654965146421));
#8116=CARTESIAN_POINT('Ctrl Pts',(-4.58403919145758,3.46183582932919,0.0226927943050526));
#8117=CARTESIAN_POINT('Ctrl Pts',(-4.60038491169865,3.47590204477935,0.0335899411324313));
#8118=CARTESIAN_POINT('Ctrl Pts',(-4.60038491169865,3.47590204477935,0.0335899411324317));
#8119=CARTESIAN_POINT('Ctrl Pts',(-4.60347767937126,3.47856350819477,0.0356517862475032));
#8120=CARTESIAN_POINT('Ctrl Pts',(-4.60658406119347,3.48105515782312,0.0377227074623094));
#8121=CARTESIAN_POINT('Ctrl Pts',(-4.63565632443402,3.50307133774234,0.0571042162893445));
#8122=CARTESIAN_POINT('Ctrl Pts',(-4.67039006581197,3.51803589515922,0.0802600438746447));
#8123=CARTESIAN_POINT('Ctrl Pts',(-4.74018792438917,3.53946633581656,0.126791949592783));
#8124=CARTESIAN_POINT('Ctrl Pts',(-4.78821666062699,3.5471270038594,0.158811107084658));
#8125=CARTESIAN_POINT('Ctrl Pts',(-4.83125664161226,3.55,0.187504427741505));
#8126=CARTESIAN_POINT('Origin',(11.3875,5.85,0.2));
#8127=CARTESIAN_POINT('',(14.7,6.05,0.2));
#8128=CARTESIAN_POINT('',(11.3875,6.05,0.2));
#8129=CARTESIAN_POINT('Origin',(14.5,5.85,0.2));
#8130=CARTESIAN_POINT('Origin',(14.5,3.025,0.2));
#8131=CARTESIAN_POINT('',(14.7,4.8,0.2));
#8132=CARTESIAN_POINT('',(14.7,3.025,0.2));
#8133=CARTESIAN_POINT('Origin',(14.5,4.8,0.2));
#8134=CARTESIAN_POINT('Origin',(15.95,4.8,0.2));
#8135=CARTESIAN_POINT('',(15.95,3.55,0.2));
#8136=CARTESIAN_POINT('Origin',(15.95,3.35,0.2));
#8137=CARTESIAN_POINT('Origin',(15.95,4.8,0.2));
#8138=CARTESIAN_POINT('Origin',(10.1375,3.35,0.2));
#8139=CARTESIAN_POINT('',(17.2,3.55,0.2));
#8140=CARTESIAN_POINT('',(10.1375,3.55,0.2));
#8141=CARTESIAN_POINT('Origin',(17.,3.35,0.2));
#8142=CARTESIAN_POINT('Origin',(17.,-3.025,0.2));
#8143=CARTESIAN_POINT('',(17.2,-3.55,0.2));
#8144=CARTESIAN_POINT('',(17.2,-3.025,0.2));
#8145=CARTESIAN_POINT('Origin',(17.,-3.35,0.2));
#8146=CARTESIAN_POINT('Origin',(11.3875,-3.35,0.2));
#8147=CARTESIAN_POINT('',(15.95,-3.55,0.2));
#8148=CARTESIAN_POINT('',(11.3875,-3.55,0.2));
#8149=CARTESIAN_POINT('Origin',(15.95,-3.35,0.2));
#8150=CARTESIAN_POINT('Origin',(15.95,-4.8,0.2));
#8151=CARTESIAN_POINT('',(14.7,-4.8,0.2));
#8152=CARTESIAN_POINT('Origin',(14.5,-4.8,0.2));
#8153=CARTESIAN_POINT('Origin',(15.95,-4.8,0.2));
#8154=CARTESIAN_POINT('Origin',(14.5,-1.775,0.2));
#8155=CARTESIAN_POINT('',(14.7,-6.05,0.2));
#8156=CARTESIAN_POINT('',(14.7,-1.775,0.2));
#8157=CARTESIAN_POINT('Origin',(14.5,-5.85,0.2));
#8158=CARTESIAN_POINT('Origin',(-0.237499999999999,-5.85,0.2));
#8159=CARTESIAN_POINT('',(-3.55,-6.05,0.2));
#8160=CARTESIAN_POINT('',(-0.237499999999999,-6.05,0.2));
#8161=CARTESIAN_POINT('Origin',(-3.35,-5.85,0.2));
#8162=CARTESIAN_POINT('Origin',(-3.35,-3.025,0.2));
#8163=CARTESIAN_POINT('',(-3.55,-4.8,0.2));
#8164=CARTESIAN_POINT('',(-3.55,-3.025,0.2));
#8165=CARTESIAN_POINT('Origin',(-3.35,-4.8,0.2));
#8166=CARTESIAN_POINT('Origin',(-4.8,-4.8,0.2));
#8167=CARTESIAN_POINT('',(-4.60038491169865,-3.47590204477935,0.0335899411324319));
#8168=CARTESIAN_POINT('Ctrl Pts',(-4.60038491169865,-3.47590204477935,0.0335899411324313));
#8169=CARTESIAN_POINT('Ctrl Pts',(-4.58403919145758,-3.46183582932919,0.0226927943050526));
#8170=CARTESIAN_POINT('Ctrl Pts',(-4.56648454404406,-3.44695992221967,0.0144654965146421));
#8171=CARTESIAN_POINT('Ctrl Pts',(-4.52957086377676,-3.41621579024942,0.00307821122013562));
#8172=CARTESIAN_POINT('Ctrl Pts',(-4.5100280040829,-3.40021489320862,9.63813363154671E-5));
#8173=CARTESIAN_POINT('Ctrl Pts',(-4.4900841283114,-3.38416145507125,7.6629650417794E-7));
#8174=CARTESIAN_POINT('Ctrl Pts',(-4.48976451736687,-3.38390426052231,-8.71277747777593E-19));
#8175=CARTESIAN_POINT('Ctrl Pts',(-4.4894448724536,-3.38364710867855,0.));
#8176=CARTESIAN_POINT('',(-4.8,-3.55,0.2));
#8177=CARTESIAN_POINT('Origin',(-4.8,-4.8,0.2));
#8178=CARTESIAN_POINT('',(-4.83125664161225,-3.55,0.187504427741501));
#8179=CARTESIAN_POINT('Ctrl Pts',(-4.8,-3.55,0.2));
#8180=CARTESIAN_POINT('Ctrl Pts',(-4.81032653720644,-3.55,0.195869385117425));
#8181=CARTESIAN_POINT('Ctrl Pts',(-4.82074801765871,-3.55,0.191700732053496));
#8182=CARTESIAN_POINT('Ctrl Pts',(-4.83125664161225,-3.55,0.187504427741501));
#8183=CARTESIAN_POINT('Ctrl Pts',(-4.83125664161225,-3.55,0.187504427741501));
#8184=CARTESIAN_POINT('Ctrl Pts',(-4.78821666062698,-3.54712700385939,0.158811107084656));
#8185=CARTESIAN_POINT('Ctrl Pts',(-4.74018792438917,-3.53946633581656,0.126791949592781));
#8186=CARTESIAN_POINT('Ctrl Pts',(-4.67039006581197,-3.51803589515922,0.0802600438746444));
#8187=CARTESIAN_POINT('Ctrl Pts',(-4.63565632443402,-3.50307133774234,0.0571042162893444));
#8188=CARTESIAN_POINT('Ctrl Pts',(-4.60658406119346,-3.48105515782312,0.0377227074623094));
#8189=CARTESIAN_POINT('Ctrl Pts',(-4.60347767937126,-3.47856350819477,0.0356517862475032));
#8190=CARTESIAN_POINT('Ctrl Pts',(-4.60038491169865,-3.47590204477935,0.0335899411324317));
#8191=CARTESIAN_POINT('Origin',(-5.3,3.025,0.5));
#8192=CARTESIAN_POINT('',(-4.60038491169865,2.,0.033589941132432));
#8193=CARTESIAN_POINT('',(-4.60038491169865,1.5125,0.0335899411324318));
#8194=CARTESIAN_POINT('',(-6.05,2.,1.));
#8195=CARTESIAN_POINT('',(-4.925,2.,0.25));
#8196=CARTESIAN_POINT('',(-6.05,3.55,1.));
#8197=CARTESIAN_POINT('',(-6.05,3.025,1.));
#8198=CARTESIAN_POINT('',(-5.44423076923077,3.55,0.596153846153846));
#8199=CARTESIAN_POINT('Origin',(-4.4894448724536,1.5125,0.2));
#8200=CARTESIAN_POINT('',(-4.60038491169865,-2.,0.0335899411324322));
#8201=CARTESIAN_POINT('',(-4.60038491169865,1.5125,0.0335899411324319));
#8202=CARTESIAN_POINT('',(-4.55,-2.,0.00938762755833586));
#8203=CARTESIAN_POINT('Origin',(-4.4894448724536,-2.,0.2));
#8204=CARTESIAN_POINT('',(-4.55,2.,0.00938762755833586));
#8205=CARTESIAN_POINT('',(-4.55,1.5125,0.00938762755833586));
#8206=CARTESIAN_POINT('Origin',(-4.4894448724536,2.,0.2));
#8207=CARTESIAN_POINT('Origin',(-4.55,2.,0.));
#8208=CARTESIAN_POINT('',(-4.55,2.,2.));
#8209=CARTESIAN_POINT('',(-4.55,2.,0.));
#8210=CARTESIAN_POINT('',(-6.05,2.,2.));
#8211=CARTESIAN_POINT('',(-4.55,2.,2.));
#8212=CARTESIAN_POINT('',(-6.05,2.,0.));
#8213=CARTESIAN_POINT('Origin',(-4.55,-2.,0.));
#8214=CARTESIAN_POINT('',(-4.55,-2.,2.));
#8215=CARTESIAN_POINT('',(-4.55,-2.,0.));
#8216=CARTESIAN_POINT('',(-4.55,-2.,2.));
#8217=CARTESIAN_POINT('Origin',(-6.05,-2.,0.));
#8218=CARTESIAN_POINT('',(-6.05,-2.,1.));
#8219=CARTESIAN_POINT('',(-5.44423076923077,-2.,0.596153846153846));
#8220=CARTESIAN_POINT('',(-6.05,-2.,2.));
#8221=CARTESIAN_POINT('',(-6.05,-2.,0.));
#8222=CARTESIAN_POINT('',(-6.05,-2.,2.));
#8223=CARTESIAN_POINT('Origin',(-5.3,3.025,0.5));
#8224=CARTESIAN_POINT('',(-6.05,-3.55,1.));
#8225=CARTESIAN_POINT('',(-4.57884615384615,-3.55,0.019230769230769));
#8226=CARTESIAN_POINT('',(-6.05,3.025,1.));
#8227=CARTESIAN_POINT('Origin',(17.,-5.85,0.));
#8228=CARTESIAN_POINT('',(17.2,-5.85,5.6));
#8229=CARTESIAN_POINT('',(17.,-6.05,5.6));
#8230=CARTESIAN_POINT('Origin',(17.,-5.85,5.6));
#8231=CARTESIAN_POINT('',(17.,-6.05,1.));
#8232=CARTESIAN_POINT('',(17.,-6.05,0.));
#8233=CARTESIAN_POINT('',(17.2,-5.85,1.));
#8234=CARTESIAN_POINT('Origin',(17.,-5.85,1.));
#8235=CARTESIAN_POINT('',(17.2,-5.85,0.));
#8236=CARTESIAN_POINT('Origin',(17.2,-6.05,0.));
#8237=CARTESIAN_POINT('',(17.2,3.55,1.));
#8238=CARTESIAN_POINT('',(17.2,3.55,0.));
#8239=CARTESIAN_POINT('',(17.2,5.85,1.));
#8240=CARTESIAN_POINT('',(17.2,-0.625,1.));
#8241=CARTESIAN_POINT('',(17.2,5.85,5.6));
#8242=CARTESIAN_POINT('',(17.2,5.85,0.));
#8243=CARTESIAN_POINT('',(17.2,-6.05,5.6));
#8244=CARTESIAN_POINT('',(17.2,-3.55,1.));
#8245=CARTESIAN_POINT('',(17.2,-5.425,1.));
#8246=CARTESIAN_POINT('',(17.2,-3.55,0.));
#8247=CARTESIAN_POINT('Origin',(15.95,-4.8,1.));
#8248=CARTESIAN_POINT('',(14.7,-6.05,1.));
#8249=CARTESIAN_POINT('',(4.95,-6.05,1.));
#8250=CARTESIAN_POINT('',(14.7,-4.8,1.));
#8251=CARTESIAN_POINT('',(14.7,-6.05,1.));
#8252=CARTESIAN_POINT('',(15.95,-3.55,1.));
#8253=CARTESIAN_POINT('Origin',(15.95,-4.8,1.));
#8254=CARTESIAN_POINT('',(14.7,-3.55,1.));
#8255=CARTESIAN_POINT('',(15.525,-4.8,1.));
#8256=CARTESIAN_POINT('Origin',(15.95,-4.8,1.));
#8257=CARTESIAN_POINT('Origin',(17.,5.85,0.));
#8258=CARTESIAN_POINT('',(17.,6.05,5.6));
#8259=CARTESIAN_POINT('Origin',(17.,5.85,5.6));
#8260=CARTESIAN_POINT('',(17.,6.05,1.));
#8261=CARTESIAN_POINT('Origin',(17.,5.85,1.));
#8262=CARTESIAN_POINT('',(17.,6.05,0.));
#8263=CARTESIAN_POINT('Origin',(17.2,6.05,0.));
#8264=CARTESIAN_POINT('',(-3.55,6.05,1.));
#8265=CARTESIAN_POINT('',(-3.55,6.05,0.));
#8266=CARTESIAN_POINT('',(-5.85,6.05,1.));
#8267=CARTESIAN_POINT('',(6.2,6.05,1.));
#8268=CARTESIAN_POINT('',(-5.85,6.05,5.6));
#8269=CARTESIAN_POINT('',(-5.85,6.05,0.));
#8270=CARTESIAN_POINT('',(21.875,6.05,5.6));
#8271=CARTESIAN_POINT('',(14.7,6.05,1.));
#8272=CARTESIAN_POINT('',(16.575,6.05,1.));
#8273=CARTESIAN_POINT('',(14.7,6.05,0.));
#8274=CARTESIAN_POINT('Origin',(15.95,4.8,1.));
#8275=CARTESIAN_POINT('',(15.95,3.55,1.));
#8276=CARTESIAN_POINT('',(14.7,3.55,1.));
#8277=CARTESIAN_POINT('',(14.7,4.8,1.));
#8278=CARTESIAN_POINT('Origin',(15.95,4.8,1.));
#8279=CARTESIAN_POINT('',(14.7,6.05,1.));
#8280=CARTESIAN_POINT('',(15.525,4.8,1.));
#8281=CARTESIAN_POINT('Origin',(15.95,4.8,1.));
#8282=CARTESIAN_POINT('Origin',(-5.85,-5.85,0.));
#8283=CARTESIAN_POINT('',(-5.85,-6.05,5.6));
#8284=CARTESIAN_POINT('',(-6.05,-5.85,5.6));
#8285=CARTESIAN_POINT('Origin',(-5.85,-5.85,5.6));
#8286=CARTESIAN_POINT('',(-6.05,-5.85,1.));
#8287=CARTESIAN_POINT('',(-6.05,-5.85,0.));
#8288=CARTESIAN_POINT('',(-5.85,-6.05,1.));
#8289=CARTESIAN_POINT('Origin',(-5.85,-5.85,1.));
#8290=CARTESIAN_POINT('',(-5.85,-6.05,0.));
#8291=CARTESIAN_POINT('Origin',(-6.05,6.05,0.));
#8292=CARTESIAN_POINT('',(-6.05,5.85,5.6));
#8293=CARTESIAN_POINT('',(-6.05,-6.05,5.6));
#8294=CARTESIAN_POINT('',(-6.05,5.85,1.));
#8295=CARTESIAN_POINT('',(-6.05,5.85,0.));
#8296=CARTESIAN_POINT('',(-6.05,5.425,1.));
#8297=CARTESIAN_POINT('',(-6.05,3.025,2.));
#8298=CARTESIAN_POINT('',(-6.05,0.625,1.));
#8299=CARTESIAN_POINT('Origin',(5.575,0.,5.6));
#8300=CARTESIAN_POINT('Origin',(-5.85,5.85,5.6));
#8301=CARTESIAN_POINT('',(-6.05,-6.05,5.6));
#8302=CARTESIAN_POINT('',(-5.225,4.8,5.6));
#8303=CARTESIAN_POINT('Origin',(-4.8,4.8,5.6));
#8304=CARTESIAN_POINT('',(15.525,4.8,5.6));
#8305=CARTESIAN_POINT('Origin',(15.95,4.8,5.6));
#8306=CARTESIAN_POINT('',(-5.225,-4.8,5.6));
#8307=CARTESIAN_POINT('Origin',(-4.8,-4.8,5.6));
#8308=CARTESIAN_POINT('',(15.525,-4.8,5.6));
#8309=CARTESIAN_POINT('Origin',(15.95,-4.8,5.6));
#8310=CARTESIAN_POINT('Origin',(-5.85,5.85,0.));
#8311=CARTESIAN_POINT('Origin',(-5.85,5.85,1.));
#8312=CARTESIAN_POINT('Origin',(-4.8,4.8,0.));
#8313=CARTESIAN_POINT('',(-4.8,3.55,1.));
#8314=CARTESIAN_POINT('',(-4.8,3.55,0.));
#8315=CARTESIAN_POINT('',(-3.55,4.8,1.));
#8316=CARTESIAN_POINT('Origin',(-4.8,4.8,1.));
#8317=CARTESIAN_POINT('',(-3.55,4.8,0.));
#8318=CARTESIAN_POINT('Origin',(-3.55,-3.55,0.));
#8319=CARTESIAN_POINT('',(-4.8,-3.55,1.));
#8320=CARTESIAN_POINT('',(-4.8,-3.55,0.));
#8321=CARTESIAN_POINT('',(-3.55,-3.55,1.));
#8322=CARTESIAN_POINT('Origin',(-4.8,-4.8,0.));
#8323=CARTESIAN_POINT('',(-3.55,-4.8,1.));
#8324=CARTESIAN_POINT('',(-3.55,-4.8,0.));
#8325=CARTESIAN_POINT('Origin',(-4.8,-4.8,1.));
#8326=CARTESIAN_POINT('Origin',(-5.3,2.77555756156289E-16,2.));
#8327=CARTESIAN_POINT('Origin',(15.95,4.8,0.));
#8328=CARTESIAN_POINT('',(14.7,4.8,0.));
#8329=CARTESIAN_POINT('',(15.95,3.55,0.));
#8330=CARTESIAN_POINT('Origin',(14.7,6.05,0.));
#8331=CARTESIAN_POINT('Origin',(15.95,-4.8,0.));
#8332=CARTESIAN_POINT('',(15.95,-3.55,0.));
#8333=CARTESIAN_POINT('',(14.7,-4.8,0.));
#8334=CARTESIAN_POINT('Origin',(17.2,-3.55,0.));
#8335=CARTESIAN_POINT('Origin',(-3.55,-6.05,0.));
#8336=CARTESIAN_POINT('',(-3.55,-6.05,1.));
#8337=CARTESIAN_POINT('',(-3.55,-6.05,0.));
#8338=CARTESIAN_POINT('',(-3.55,-6.05,1.));
#8339=CARTESIAN_POINT('Origin',(-4.8,4.8,1.));
#8340=CARTESIAN_POINT('',(-3.55,6.05,1.));
#8341=CARTESIAN_POINT('',(-3.55,3.55,1.));
#8342=CARTESIAN_POINT('',(-5.225,4.8,1.));
#8343=CARTESIAN_POINT('Origin',(-4.8,4.8,1.));
#8344=CARTESIAN_POINT('Origin',(-6.05,3.55,0.));
#8345=CARTESIAN_POINT('Origin',(-3.55,3.55,0.));
#8346=CARTESIAN_POINT('Origin',(14.7,-3.55,0.));
#8347=CARTESIAN_POINT('',(14.7,-6.05,0.));
#8348=CARTESIAN_POINT('Origin',(-4.8,-4.8,1.));
#8349=CARTESIAN_POINT('',(-5.425,-6.05,1.));
#8350=CARTESIAN_POINT('',(-5.225,-4.8,1.));
#8351=CARTESIAN_POINT('Origin',(-4.8,-4.8,1.));
#8352=CARTESIAN_POINT('Origin',(14.7,3.55,0.));
#8353=CARTESIAN_POINT('Origin',(-4.8,4.8,0.));
#8354=CARTESIAN_POINT('',(-5.225,4.8,0.));
#8355=CARTESIAN_POINT('Origin',(15.95,4.8,0.));
#8356=CARTESIAN_POINT('',(15.525,4.8,0.));
#8357=CARTESIAN_POINT('Origin',(-4.8,-4.8,0.));
#8358=CARTESIAN_POINT('',(-5.225,-4.8,0.));
#8359=CARTESIAN_POINT('Origin',(15.95,-4.8,0.));
#8360=CARTESIAN_POINT('',(15.525,-4.8,0.));
#8361=CARTESIAN_POINT('Origin',(0.,0.,0.));
#8362=CARTESIAN_POINT('',(-0.875,-1.07156594925393E-16,-4.));
#8363=CARTESIAN_POINT('Origin',(0.,0.,-4.));
#8364=CARTESIAN_POINT('',(-0.875,-1.07156594925393E-16,0.));
#8365=CARTESIAN_POINT('',(-0.875,1.07156594925393E-16,0.));
#8366=CARTESIAN_POINT('Origin',(0.,0.,0.));
#8367=CARTESIAN_POINT('Origin',(0.,0.,-4.));
#8368=CARTESIAN_POINT('Origin',(-6.05,-6.05,0.));
#8369=CARTESIAN_POINT('Origin',(5.575,0.,0.));
#8370=CARTESIAN_POINT('Origin',(17.,-5.85,5.6));
#8371=CARTESIAN_POINT('',(17.2,-5.85,15.7));
#8372=CARTESIAN_POINT('',(17.,-6.05,15.7));
#8373=CARTESIAN_POINT('Origin',(17.,-5.85,15.7));
#8374=CARTESIAN_POINT('',(17.,-6.05,5.6));
#8375=CARTESIAN_POINT('',(17.,-6.05,5.6));
#8376=CARTESIAN_POINT('',(17.2,-5.85,5.6));
#8377=CARTESIAN_POINT('Origin',(17.,-5.85,5.6));
#8378=CARTESIAN_POINT('',(17.2,-5.85,5.6));
#8379=CARTESIAN_POINT('Origin',(5.575,0.,15.7));
#8380=CARTESIAN_POINT('',(17.2,5.85,15.7));
#8381=CARTESIAN_POINT('',(17.2,-3.025,15.7));
#8382=CARTESIAN_POINT('',(17.,6.05,15.7));
#8383=CARTESIAN_POINT('Origin',(17.,5.85,15.7));
#8384=CARTESIAN_POINT('',(-5.85,6.05,15.7));
#8385=CARTESIAN_POINT('',(11.3875,6.05,15.7));
#8386=CARTESIAN_POINT('',(-6.05,5.85,15.7));
#8387=CARTESIAN_POINT('Origin',(-5.85,5.85,15.7));
#8388=CARTESIAN_POINT('',(-6.05,-5.85,15.7));
#8389=CARTESIAN_POINT('',(-6.05,3.025,15.7));
#8390=CARTESIAN_POINT('',(-5.85,-6.05,15.7));
#8391=CARTESIAN_POINT('Origin',(-5.85,-5.85,15.7));
#8392=CARTESIAN_POINT('',(-0.237499999999999,-6.05,15.7));
#8393=CARTESIAN_POINT('',(-5.225,4.8,15.7));
#8394=CARTESIAN_POINT('Origin',(-4.8,4.8,15.7));
#8395=CARTESIAN_POINT('',(15.525,4.8,15.7));
#8396=CARTESIAN_POINT('Origin',(15.95,4.8,15.7));
#8397=CARTESIAN_POINT('',(-5.225,-4.8,15.7));
#8398=CARTESIAN_POINT('Origin',(-4.8,-4.8,15.7));
#8399=CARTESIAN_POINT('',(15.525,-4.8,15.7));
#8400=CARTESIAN_POINT('Origin',(15.95,-4.8,15.7));
#8401=CARTESIAN_POINT('Origin',(17.2,-6.05,5.6));
#8402=CARTESIAN_POINT('',(17.2,5.85,5.6));
#8403=CARTESIAN_POINT('',(17.2,-3.025,5.6));
#8404=CARTESIAN_POINT('',(17.2,5.85,5.6));
#8405=CARTESIAN_POINT('Origin',(17.,5.85,5.6));
#8406=CARTESIAN_POINT('',(17.,6.05,5.6));
#8407=CARTESIAN_POINT('Origin',(17.,5.85,5.6));
#8408=CARTESIAN_POINT('',(17.,6.05,5.6));
#8409=CARTESIAN_POINT('Origin',(-5.85,-5.85,5.6));
#8410=CARTESIAN_POINT('',(-6.05,-5.85,5.6));
#8411=CARTESIAN_POINT('',(-6.05,-5.85,5.6));
#8412=CARTESIAN_POINT('',(-5.85,-6.05,5.6));
#8413=CARTESIAN_POINT('Origin',(-5.85,-5.85,5.6));
#8414=CARTESIAN_POINT('',(-5.85,-6.05,5.6));
#8415=CARTESIAN_POINT('Origin',(-6.05,6.05,5.6));
#8416=CARTESIAN_POINT('',(-6.05,5.85,5.6));
#8417=CARTESIAN_POINT('',(-6.05,5.85,5.6));
#8418=CARTESIAN_POINT('',(-6.05,3.025,5.6));
#8419=CARTESIAN_POINT('Origin',(-5.85,5.85,5.6));
#8420=CARTESIAN_POINT('',(-5.85,6.05,5.6));
#8421=CARTESIAN_POINT('',(-5.85,6.05,5.6));
#8422=CARTESIAN_POINT('Origin',(-5.85,5.85,5.6));
#8423=CARTESIAN_POINT('Origin',(-4.8,4.8,0.));
#8424=CARTESIAN_POINT('',(-5.225,4.8,5.6));
#8425=CARTESIAN_POINT('Origin',(-4.8,4.8,5.6));
#8426=CARTESIAN_POINT('',(-5.225,4.8,0.));
#8427=CARTESIAN_POINT('Origin',(15.95,4.8,0.));
#8428=CARTESIAN_POINT('',(15.525,4.8,5.6));
#8429=CARTESIAN_POINT('Origin',(15.95,4.8,5.6));
#8430=CARTESIAN_POINT('',(15.525,4.8,0.));
#8431=CARTESIAN_POINT('Origin',(-4.8,-4.8,0.));
#8432=CARTESIAN_POINT('',(-5.225,-4.8,5.6));
#8433=CARTESIAN_POINT('Origin',(-4.8,-4.8,5.6));
#8434=CARTESIAN_POINT('',(-5.225,-4.8,0.));
#8435=CARTESIAN_POINT('Origin',(15.95,-4.8,0.));
#8436=CARTESIAN_POINT('',(15.525,-4.8,5.6));
#8437=CARTESIAN_POINT('Origin',(15.95,-4.8,5.6));
#8438=CARTESIAN_POINT('',(15.525,-4.8,0.));
#8439=CARTESIAN_POINT('Origin',(17.2,6.05,5.6));
#8440=CARTESIAN_POINT('',(11.3875,6.05,5.6));
#8441=CARTESIAN_POINT('Origin',(-6.05,-6.05,5.6));
#8442=CARTESIAN_POINT('',(-0.237499999999999,-6.05,5.6));
#8443=CARTESIAN_POINT('Origin',(5.575,0.,5.6));
#8444=CARTESIAN_POINT('Ctrl Pts',(-3.8597597340484E-16,6.01880376932915,
21.4));
#8445=CARTESIAN_POINT('Ctrl Pts',(-0.0561219907649832,6.02006691210981,
21.3966725160133));
#8446=CARTESIAN_POINT('Ctrl Pts',(-0.167908981153276,6.0219331772533,21.390017385767));
#8447=CARTESIAN_POINT('Ctrl Pts',(-0.345882641321153,6.02275175907955,21.3800904253604));
#8448=CARTESIAN_POINT('Ctrl Pts',(-0.546705581896906,6.02124288306332,21.3703048474279));
#8449=CARTESIAN_POINT('Ctrl Pts',(-0.786738961249888,6.01681960637953,21.3608463373475));
#8450=CARTESIAN_POINT('Ctrl Pts',(-1.08838678463149,6.00899609287714,21.3521577262917));
#8451=CARTESIAN_POINT('Ctrl Pts',(-1.47530245910499,5.99871041134736,21.345293820642));
#8452=CARTESIAN_POINT('Ctrl Pts',(-1.92664071462793,5.99163131805313,21.3416678970072));
#8453=CARTESIAN_POINT('Ctrl Pts',(-2.22739920368526,5.99142135623731,21.3414213562373));
#8454=CARTESIAN_POINT('Ctrl Pts',(-2.39996979771956,5.99142135623731,21.3414213562373));
#8455=CARTESIAN_POINT('Ctrl Pts',(-6.19833711006227E-16,6.02356737906682,
21.3874512720465));
#8456=CARTESIAN_POINT('Ctrl Pts',(-0.0532348604559276,6.02478823860574,
21.3844935085027));
#8457=CARTESIAN_POINT('Ctrl Pts',(-0.16147768910872,6.02658839376451,21.3784845223289));
#8458=CARTESIAN_POINT('Ctrl Pts',(-0.338428468375262,6.02728794948458,21.3692749134596));
#8459=CARTESIAN_POINT('Ctrl Pts',(-0.541088091817999,6.02569848240449,21.359974682647));
#8460=CARTESIAN_POINT('Ctrl Pts',(-0.784528542960101,6.0214160942258,21.3508074038214));
#8461=CARTESIAN_POINT('Ctrl Pts',(-1.08871075390431,6.01434441889361,21.3422950166587));
#8462=CARTESIAN_POINT('Ctrl Pts',(-1.46953066962394,6.0061270294342,21.3355423475355));
#8463=CARTESIAN_POINT('Ctrl Pts',(-1.90450231855293,6.00178833279139,21.3314394542379));
#8464=CARTESIAN_POINT('Ctrl Pts',(-2.21407860421465,6.00288486490907,21.3299578475655));
#8465=CARTESIAN_POINT('Ctrl Pts',(-2.39996979771956,6.00376269773219,21.3290800147424));
#8466=CARTESIAN_POINT('Ctrl Pts',(-9.7217233774606E-16,6.0344777378641,
21.3632554154471));
#8467=CARTESIAN_POINT('Ctrl Pts',(-0.0516471540060221,6.03525577073916,
21.3605309784222));
#8468=CARTESIAN_POINT('Ctrl Pts',(-0.159860118817244,6.03625887779347,21.3549247442733));
#8469=CARTESIAN_POINT('Ctrl Pts',(-0.343488911587208,6.03596792247127,21.3460178760518));
#8470=CARTESIAN_POINT('Ctrl Pts',(-0.556365542719954,6.03376008920858,21.3367212532951));
#8471=CARTESIAN_POINT('Ctrl Pts',(-0.808450262201357,6.02972679906103,21.3274536205546));
#8472=CARTESIAN_POINT('Ctrl Pts',(-1.11008579647816,6.02467794289426,21.3190829735449));
#8473=CARTESIAN_POINT('Ctrl Pts',(-1.46474629848596,6.02087582726826,21.3125688315584));
#8474=CARTESIAN_POINT('Ctrl Pts',(-1.87160156448175,6.02097117252169,21.3073453044819));
#8475=CARTESIAN_POINT('Ctrl Pts',(-2.20039780647866,6.02362982828219,21.3036396389993));
#8476=CARTESIAN_POINT('Ctrl Pts',(-2.39996979771956,6.025194803667,21.3011490673119));
#8477=CARTESIAN_POINT('Ctrl Pts',(-1.95274523678914E-16,6.04325178446001,
21.3013062932567));
#8478=CARTESIAN_POINT('Ctrl Pts',(-0.0586695035810582,6.04338639185231,
21.2982928028343));
#8479=CARTESIAN_POINT('Ctrl Pts',(-0.179469298551518,6.0433140832886,21.2923480464335));
#8480=CARTESIAN_POINT('Ctrl Pts',(-0.376849911263797,6.04250358202331,21.2841616756552));
#8481=CARTESIAN_POINT('Ctrl Pts',(-0.598650538517386,6.04137554331055,21.277239187662));
#8482=CARTESIAN_POINT('Ctrl Pts',(-0.855115165458536,6.04044948518437,21.2719597752908));
#8483=CARTESIAN_POINT('Ctrl Pts',(-1.15629033285196,6.04036458871024,21.2681501904508));
#8484=CARTESIAN_POINT('Ctrl Pts',(-1.5097427599632,6.04147548705022,21.2646711799587));
#8485=CARTESIAN_POINT('Ctrl Pts',(-1.91853252599061,6.0434506502261,21.2600460555217));
#8486=CARTESIAN_POINT('Ctrl Pts',(-2.23417199595441,6.04475012968636,21.2552259471308));
#8487=CARTESIAN_POINT('Ctrl Pts',(-2.39996979771956,6.04540462510854,21.2523582422946));
#8488=CARTESIAN_POINT('Ctrl Pts',(-1.08199613264927E-15,6.05,21.2349065850399));
#8489=CARTESIAN_POINT('Ctrl Pts',(-0.0721800714416779,6.05,21.2338781399153));
#8490=CARTESIAN_POINT('Ctrl Pts',(-0.222885554969221,6.05,21.2321977613107));
#8491=CARTESIAN_POINT('Ctrl Pts',(-0.47095228121428,6.05,21.2304632246136));
#8492=CARTESIAN_POINT('Ctrl Pts',(-0.742385880681089,6.05,21.2291130404365));
#8493=CARTESIAN_POINT('Ctrl Pts',(-1.03677648770305,6.05,21.2277454525751));
#8494=CARTESIAN_POINT('Ctrl Pts',(-1.35218451521704,6.05,21.2260335468514));
#8495=CARTESIAN_POINT('Ctrl Pts',(-1.6858731164947,6.05,21.223789366399));
#8496=CARTESIAN_POINT('Ctrl Pts',(-2.03520504538074,6.05,21.2209629363227));
#8497=CARTESIAN_POINT('Ctrl Pts',(-2.27711460177045,6.05,21.2186947356039));
#8498=CARTESIAN_POINT('Ctrl Pts',(-2.39996979771956,6.05,21.2174532925199));
#8499=CARTESIAN_POINT('Ctrl Pts',(-1.11022302462516E-15,6.05,21.2));
#8500=CARTESIAN_POINT('Ctrl Pts',(-0.0999987415716495,6.05,21.2));
#8501=CARTESIAN_POINT('Ctrl Pts',(-0.299996224714947,6.05,21.2));
#8502=CARTESIAN_POINT('Ctrl Pts',(-0.599992449429889,6.05,21.2));
#8503=CARTESIAN_POINT('Ctrl Pts',(-0.899988674144838,6.05,21.2));
#8504=CARTESIAN_POINT('Ctrl Pts',(-1.19998489885978,6.05,21.2));
#8505=CARTESIAN_POINT('Ctrl Pts',(-1.49998112357472,6.05,21.2));
#8506=CARTESIAN_POINT('Ctrl Pts',(-1.79997734828967,6.05,21.2));
#8507=CARTESIAN_POINT('Ctrl Pts',(-2.09997357300461,6.05,21.2));
#8508=CARTESIAN_POINT('Ctrl Pts',(-2.29997105614791,6.05,21.2));
#8509=CARTESIAN_POINT('Ctrl Pts',(-2.39996979771956,6.05,21.2));
#8510=CARTESIAN_POINT('',(-3.8597597340484E-16,6.01880376932915,21.4));
#8511=CARTESIAN_POINT('',(-2.39996979771956,5.99142135623731,21.3414213562373));
#8512=CARTESIAN_POINT('Ctrl Pts',(-3.8597597340484E-16,6.01880376932915,
21.4));
#8513=CARTESIAN_POINT('Ctrl Pts',(-0.0561219907649832,6.02006691210981,
21.3966725160133));
#8514=CARTESIAN_POINT('Ctrl Pts',(-0.167908981153276,6.0219331772533,21.390017385767));
#8515=CARTESIAN_POINT('Ctrl Pts',(-0.345882641321153,6.02275175907955,21.3800904253604));
#8516=CARTESIAN_POINT('Ctrl Pts',(-0.546705581896906,6.02124288306332,21.3703048474279));
#8517=CARTESIAN_POINT('Ctrl Pts',(-0.786738961249888,6.01681960637953,21.3608463373475));
#8518=CARTESIAN_POINT('Ctrl Pts',(-1.08838678463149,6.00899609287714,21.3521577262917));
#8519=CARTESIAN_POINT('Ctrl Pts',(-1.47530245910499,5.99871041134736,21.345293820642));
#8520=CARTESIAN_POINT('Ctrl Pts',(-1.92664071462793,5.99163131805313,21.3416678970072));
#8521=CARTESIAN_POINT('Ctrl Pts',(-2.22739920368526,5.99142135623731,21.3414213562373));
#8522=CARTESIAN_POINT('Ctrl Pts',(-2.39996979771956,5.99142135623731,21.3414213562373));
#8523=CARTESIAN_POINT('',(-1.11022302462516E-15,6.05,21.2));
#8524=CARTESIAN_POINT('Ctrl Pts',(-3.8597597340484E-16,6.01880376932915,
21.4));
#8525=CARTESIAN_POINT('Ctrl Pts',(-6.19833711006227E-16,6.02356737906682,
21.3874512720465));
#8526=CARTESIAN_POINT('Ctrl Pts',(-9.7217233774606E-16,6.0344777378641,
21.3632554154471));
#8527=CARTESIAN_POINT('Ctrl Pts',(-1.95274523678914E-16,6.04325178446001,
21.3013062932567));
#8528=CARTESIAN_POINT('Ctrl Pts',(-1.08199613264927E-15,6.05,21.2349065850399));
#8529=CARTESIAN_POINT('Ctrl Pts',(-1.11022302462516E-15,6.05,21.2));
#8530=CARTESIAN_POINT('',(-2.39996979771956,6.05,21.2));
#8531=CARTESIAN_POINT('',(-1.11022302462516E-15,6.05,21.2));
#8532=CARTESIAN_POINT('Origin',(-2.39996979771956,5.85,21.2));
#8533=CARTESIAN_POINT('Ctrl Pts',(-3.8597597340484E-16,6.01880376932915,
21.4));
#8534=CARTESIAN_POINT('Ctrl Pts',(-6.19833711006227E-16,6.02356737906682,
21.3874512720465));
#8535=CARTESIAN_POINT('Ctrl Pts',(-9.7217233774606E-16,6.0344777378641,
21.3632554154471));
#8536=CARTESIAN_POINT('Ctrl Pts',(-1.95274523678914E-16,6.04325178446001,
21.3013062932567));
#8537=CARTESIAN_POINT('Ctrl Pts',(-1.08199613264927E-15,6.05,21.2349065850399));
#8538=CARTESIAN_POINT('Ctrl Pts',(-1.11022302462516E-15,6.05,21.2));
#8539=CARTESIAN_POINT('Ctrl Pts',(0.0561219907649823,6.02006691210981,21.3966725160133));
#8540=CARTESIAN_POINT('Ctrl Pts',(0.0532348604559262,6.02478823860574,21.3844935085027));
#8541=CARTESIAN_POINT('Ctrl Pts',(0.0516471540060201,6.03525577073916,21.3605309784222));
#8542=CARTESIAN_POINT('Ctrl Pts',(0.0586695035810579,6.04338639185231,21.2982928028343));
#8543=CARTESIAN_POINT('Ctrl Pts',(0.0721800714416757,6.05,21.2338781399153));
#8544=CARTESIAN_POINT('Ctrl Pts',(0.0999987415716473,6.05,21.2));
#8545=CARTESIAN_POINT('Ctrl Pts',(0.167908981153277,6.0219331772533,21.390017385767));
#8546=CARTESIAN_POINT('Ctrl Pts',(0.161477689108721,6.02658839376451,21.3784845223289));
#8547=CARTESIAN_POINT('Ctrl Pts',(0.159860118817242,6.03625887779347,21.3549247442733));
#8548=CARTESIAN_POINT('Ctrl Pts',(0.179469298551516,6.0433140832886,21.2923480464335));
#8549=CARTESIAN_POINT('Ctrl Pts',(0.222885554969218,6.05,21.2321977613107));
#8550=CARTESIAN_POINT('Ctrl Pts',(0.299996224714944,6.05,21.2));
#8551=CARTESIAN_POINT('Ctrl Pts',(0.34588264132115,6.02275175907955,21.3800904253604));
#8552=CARTESIAN_POINT('Ctrl Pts',(0.33842846837526,6.02728794948458,21.3692749134596));
#8553=CARTESIAN_POINT('Ctrl Pts',(0.343488911587206,6.03596792247128,21.3460178760518));
#8554=CARTESIAN_POINT('Ctrl Pts',(0.376849911263795,6.0425035820233,21.2841616756552));
#8555=CARTESIAN_POINT('Ctrl Pts',(0.470952281214279,6.05,21.2304632246136));
#8556=CARTESIAN_POINT('Ctrl Pts',(0.599992449429889,6.05,21.2));
#8557=CARTESIAN_POINT('Ctrl Pts',(0.546705581896905,6.02124288306332,21.3703048474279));
#8558=CARTESIAN_POINT('Ctrl Pts',(0.541088091817997,6.02569848240449,21.359974682647));
#8559=CARTESIAN_POINT('Ctrl Pts',(0.556365542719951,6.03376008920857,21.3367212532951));
#8560=CARTESIAN_POINT('Ctrl Pts',(0.598650538517383,6.04137554331056,21.277239187662));
#8561=CARTESIAN_POINT('Ctrl Pts',(0.742385880681086,6.05,21.2291130404365));
#8562=CARTESIAN_POINT('Ctrl Pts',(0.899988674144834,6.05,21.2));
#8563=CARTESIAN_POINT('Ctrl Pts',(0.786738961249885,6.01681960637954,21.3608463373475));
#8564=CARTESIAN_POINT('Ctrl Pts',(0.784528542960097,6.02141609422581,21.3508074038214));
#8565=CARTESIAN_POINT('Ctrl Pts',(0.808450262201355,6.02972679906103,21.3274536205546));
#8566=CARTESIAN_POINT('Ctrl Pts',(0.855115165458534,6.04044948518436,21.2719597752908));
#8567=CARTESIAN_POINT('Ctrl Pts',(1.03677648770305,6.05,21.227745452575));
#8568=CARTESIAN_POINT('Ctrl Pts',(1.19998489885978,6.05,21.2));
#8569=CARTESIAN_POINT('Ctrl Pts',(1.08838678463148,6.00899609287714,21.3521577262917));
#8570=CARTESIAN_POINT('Ctrl Pts',(1.08871075390431,6.01434441889361,21.3422950166587));
#8571=CARTESIAN_POINT('Ctrl Pts',(1.11008579647815,6.02467794289426,21.3190829735449));
#8572=CARTESIAN_POINT('Ctrl Pts',(1.15629033285196,6.04036458871024,21.2681501904508));
#8573=CARTESIAN_POINT('Ctrl Pts',(1.35218451521704,6.05,21.2260335468514));
#8574=CARTESIAN_POINT('Ctrl Pts',(1.49998112357472,6.05,21.2));
#8575=CARTESIAN_POINT('Ctrl Pts',(1.47530245910499,5.99871041134737,21.345293820642));
#8576=CARTESIAN_POINT('Ctrl Pts',(1.46953066962394,6.00612702943421,21.3355423475355));
#8577=CARTESIAN_POINT('Ctrl Pts',(1.46474629848596,6.02087582726826,21.3125688315584));
#8578=CARTESIAN_POINT('Ctrl Pts',(1.5097427599632,6.04147548705021,21.2646711799587));
#8579=CARTESIAN_POINT('Ctrl Pts',(1.68587311649469,6.05,21.223789366399));
#8580=CARTESIAN_POINT('Ctrl Pts',(1.79997734828967,6.05,21.2));
#8581=CARTESIAN_POINT('Ctrl Pts',(1.92664071462792,5.99163131805313,21.3416678970072));
#8582=CARTESIAN_POINT('Ctrl Pts',(1.90450231855293,6.00178833279139,21.3314394542379));
#8583=CARTESIAN_POINT('Ctrl Pts',(1.87160156448175,6.02097117252168,21.3073453044819));
#8584=CARTESIAN_POINT('Ctrl Pts',(1.9185325259906,6.0434506502261,21.2600460555217));
#8585=CARTESIAN_POINT('Ctrl Pts',(2.03520504538075,6.05,21.2209629363227));
#8586=CARTESIAN_POINT('Ctrl Pts',(2.09997357300462,6.05,21.2));
#8587=CARTESIAN_POINT('Ctrl Pts',(2.22739920368526,5.99142135623731,21.3414213562373));
#8588=CARTESIAN_POINT('Ctrl Pts',(2.21407860421465,6.00288486490907,21.3299578475655));
#8589=CARTESIAN_POINT('Ctrl Pts',(2.20039780647865,6.02362982828218,21.3036396389993));
#8590=CARTESIAN_POINT('Ctrl Pts',(2.23417199595441,6.04475012968636,21.2552259471308));
#8591=CARTESIAN_POINT('Ctrl Pts',(2.27711460177045,6.05,21.2186947356039));
#8592=CARTESIAN_POINT('Ctrl Pts',(2.29997105614791,6.05,21.2));
#8593=CARTESIAN_POINT('Ctrl Pts',(2.39996979771956,5.99142135623731,21.3414213562373));
#8594=CARTESIAN_POINT('Ctrl Pts',(2.39996979771956,6.00376269773219,21.3290800147424));
#8595=CARTESIAN_POINT('Ctrl Pts',(2.39996979771956,6.025194803667,21.3011490673119));
#8596=CARTESIAN_POINT('Ctrl Pts',(2.39996979771956,6.04540462510854,21.2523582422946));
#8597=CARTESIAN_POINT('Ctrl Pts',(2.39996979771956,6.05,21.2174532925199));
#8598=CARTESIAN_POINT('Ctrl Pts',(2.39996979771956,6.05,21.2));
#8599=CARTESIAN_POINT('',(2.39996979771956,5.99142135623731,21.3414213562373));
#8600=CARTESIAN_POINT('Ctrl Pts',(-3.8597597340484E-16,6.01880376932915,
21.4));
#8601=CARTESIAN_POINT('Ctrl Pts',(0.0561219907649823,6.02006691210981,21.3966725160133));
#8602=CARTESIAN_POINT('Ctrl Pts',(0.167908981153277,6.0219331772533,21.390017385767));
#8603=CARTESIAN_POINT('Ctrl Pts',(0.34588264132115,6.02275175907955,21.3800904253604));
#8604=CARTESIAN_POINT('Ctrl Pts',(0.546705581896905,6.02124288306332,21.3703048474279));
#8605=CARTESIAN_POINT('Ctrl Pts',(0.786738961249885,6.01681960637954,21.3608463373475));
#8606=CARTESIAN_POINT('Ctrl Pts',(1.08838678463148,6.00899609287714,21.3521577262917));
#8607=CARTESIAN_POINT('Ctrl Pts',(1.47530245910499,5.99871041134737,21.345293820642));
#8608=CARTESIAN_POINT('Ctrl Pts',(1.92664071462792,5.99163131805313,21.3416678970072));
#8609=CARTESIAN_POINT('Ctrl Pts',(2.22739920368526,5.99142135623731,21.3414213562373));
#8610=CARTESIAN_POINT('Ctrl Pts',(2.39996979771956,5.99142135623731,21.3414213562373));
#8611=CARTESIAN_POINT('',(2.39996979771956,6.05,21.2));
#8612=CARTESIAN_POINT('Origin',(2.39996979771956,5.85,21.2));
#8613=CARTESIAN_POINT('',(-1.11022302462516E-15,6.05,21.2));
#8614=CARTESIAN_POINT('Ctrl Pts',(-3.8597597340484E-16,6.01880376932915,
21.4));
#8615=CARTESIAN_POINT('Ctrl Pts',(0.0561219907649823,6.02006691210981,21.3966725160133));
#8616=CARTESIAN_POINT('Ctrl Pts',(0.167908981153277,6.0219331772533,21.390017385767));
#8617=CARTESIAN_POINT('Ctrl Pts',(0.34588264132115,6.02275175907955,21.3800904253604));
#8618=CARTESIAN_POINT('Ctrl Pts',(0.546705581896905,6.02124288306332,21.3703048474279));
#8619=CARTESIAN_POINT('Ctrl Pts',(0.786738961249885,6.01681960637954,21.3608463373475));
#8620=CARTESIAN_POINT('Ctrl Pts',(1.08838678463148,6.00899609287714,21.3521577262917));
#8621=CARTESIAN_POINT('Ctrl Pts',(1.47530245910499,5.99871041134737,21.345293820642));
#8622=CARTESIAN_POINT('Ctrl Pts',(1.92664071462792,5.99163131805313,21.3416678970072));
#8623=CARTESIAN_POINT('Ctrl Pts',(2.22739920368526,5.99142135623731,21.3414213562373));
#8624=CARTESIAN_POINT('Ctrl Pts',(2.39996979771956,5.99142135623731,21.3414213562373));
#8625=CARTESIAN_POINT('Ctrl Pts',(0.211649281299243,6.01880376932915,21.4));
#8626=CARTESIAN_POINT('Ctrl Pts',(0.261231308305975,6.01906446330611,21.3968256592351));
#8627=CARTESIAN_POINT('Ctrl Pts',(0.36285662492063,6.0192030386105,21.3905917463656));
#8628=CARTESIAN_POINT('Ctrl Pts',(0.530907752362677,6.01784543061168,21.3816023634659));
#8629=CARTESIAN_POINT('Ctrl Pts',(0.725028146952496,6.01439058421457,21.3730557838838));
#8630=CARTESIAN_POINT('Ctrl Pts',(0.959684338598703,6.00821541451722,21.3651513916878));
#8631=CARTESIAN_POINT('Ctrl Pts',(1.25372931795003,5.99901651550603,21.3583313029258));
#8632=CARTESIAN_POINT('Ctrl Pts',(1.61981768000038,5.98832616127629,21.353518555019));
#8633=CARTESIAN_POINT('Ctrl Pts',(2.01962542500887,5.98134753679325,21.3517885941076));
#8634=CARTESIAN_POINT('Ctrl Pts',(2.26783665588365,5.97995784756554,21.3528848649091));
#8635=CARTESIAN_POINT('Ctrl Pts',(2.39996979771956,5.97908001474242,21.3537626977322));
#8636=CARTESIAN_POINT('Ctrl Pts',(0.612265851673043,6.01113658543742,21.4));
#8637=CARTESIAN_POINT('Ctrl Pts',(0.654400267121118,6.01008907904193,21.3973466610643));
#8638=CARTESIAN_POINT('Ctrl Pts',(0.744290998790043,6.00757155322126,21.3922955937346));
#8639=CARTESIAN_POINT('Ctrl Pts',(0.902907064159377,6.00211942564082,21.3855423219701));
#8640=CARTESIAN_POINT('Ctrl Pts',(1.09350308234664,5.99461317699522,21.3796924124256));
#8641=CARTESIAN_POINT('Ctrl Pts',(1.32581990121929,5.98488849285137,21.3748798542292));
#8642=CARTESIAN_POINT('Ctrl Pts',(1.60580527097182,5.97366238655967,21.3714010941805));
#8643=CARTESIAN_POINT('Ctrl Pts',(1.91473837492399,5.96357419031806,21.3698622849744));
#8644=CARTESIAN_POINT('Ctrl Pts',(2.1944861084314,5.95719434343537,21.3710111743587));
#8645=CARTESIAN_POINT('Ctrl Pts',(2.33517776709071,5.9536396389993,21.3736298282822));
#8646=CARTESIAN_POINT('Ctrl Pts',(2.39996979771956,5.95114906731192,21.375194803667));
#8647=CARTESIAN_POINT('Ctrl Pts',(1.5702633937921,5.93950082338145,21.4));
#8648=CARTESIAN_POINT('Ctrl Pts',(1.6059435835018,5.93784484751606,21.398680861495));
#8649=CARTESIAN_POINT('Ctrl Pts',(1.68090574018674,5.93464329003177,21.3963678589491));
#8650=CARTESIAN_POINT('Ctrl Pts',(1.8030086834637,5.92995511080842,21.3937462464654));
#8651=CARTESIAN_POINT('Ctrl Pts',(1.93311130999688,5.92526743117725,21.3919018021434));
#8652=CARTESIAN_POINT('Ctrl Pts',(2.06569240688806,5.92078827197474,21.3908673467483));
#8653=CARTESIAN_POINT('Ctrl Pts',(2.18717491868304,5.91704180422049,21.3907796356958));
#8654=CARTESIAN_POINT('Ctrl Pts',(2.28073035805199,5.91397461184234,21.3917174694579));
#8655=CARTESIAN_POINT('Ctrl Pts',(2.34346778371869,5.91003014518929,21.3934582775235));
#8656=CARTESIAN_POINT('Ctrl Pts',(2.38178523241094,5.90522594713079,21.3947501296864));
#8657=CARTESIAN_POINT('Ctrl Pts',(2.39996979771956,5.90235824229462,21.3954046251085));
#8658=CARTESIAN_POINT('Ctrl Pts',(2.17131817579418,5.85776534011738,21.4));
#8659=CARTESIAN_POINT('Ctrl Pts',(2.17766142001036,5.85992837635127,21.4));
#8660=CARTESIAN_POINT('Ctrl Pts',(2.19320390162762,5.86357592832911,21.4));
#8661=CARTESIAN_POINT('Ctrl Pts',(2.22274111462832,5.86759624068519,21.4));
#8662=CARTESIAN_POINT('Ctrl Pts',(2.25574642660286,5.87053668149773,21.4));
#8663=CARTESIAN_POINT('Ctrl Pts',(2.28947641105063,5.87251401236149,21.4));
#8664=CARTESIAN_POINT('Ctrl Pts',(2.32172320101827,5.87340408413531,21.4));
#8665=CARTESIAN_POINT('Ctrl Pts',(2.35123540563154,5.87294515589991,21.4));
#8666=CARTESIAN_POINT('Ctrl Pts',(2.37763447619959,5.87095014124332,21.4));
#8667=CARTESIAN_POINT('Ctrl Pts',(2.39302023212157,5.86869473560389,21.4));
#8668=CARTESIAN_POINT('Ctrl Pts',(2.39996979771956,5.86745329251994,21.4));
#8669=CARTESIAN_POINT('Ctrl Pts',(2.35987272401785,5.81986433173781,21.4));
#8670=CARTESIAN_POINT('Ctrl Pts',(2.3603486741183,5.82236254813989,21.4));
#8671=CARTESIAN_POINT('Ctrl Pts',(2.3616231222131,5.82729357059423,21.4));
#8672=CARTESIAN_POINT('Ctrl Pts',(2.36444942571984,5.83405470023853,21.4));
#8673=CARTESIAN_POINT('Ctrl Pts',(2.36819350375629,5.83982060746051,21.4));
#8674=CARTESIAN_POINT('Ctrl Pts',(2.37287618065972,5.84433770004854,21.4));
#8675=CARTESIAN_POINT('Ctrl Pts',(2.37849931973942,5.84748420393677,21.4));
#8676=CARTESIAN_POINT('Ctrl Pts',(2.38500872304904,5.84929607507722,21.4));
#8677=CARTESIAN_POINT('Ctrl Pts',(2.39225703115895,5.84999291131169,21.4));
#8678=CARTESIAN_POINT('Ctrl Pts',(2.39739706435706,5.85,21.4));
#8679=CARTESIAN_POINT('Ctrl Pts',(2.39996979771956,5.85,21.4));
#8680=CARTESIAN_POINT('',(2.35987272401785,5.81986433173781,21.4));
#8681=CARTESIAN_POINT('Ctrl Pts',(-3.8597597340484E-16,6.01880376932915,
21.4));
#8682=CARTESIAN_POINT('Ctrl Pts',(0.211649281299243,6.01880376932915,21.4));
#8683=CARTESIAN_POINT('Ctrl Pts',(0.612265851673043,6.01113658543742,21.4));
#8684=CARTESIAN_POINT('Ctrl Pts',(1.5702633937921,5.93950082338145,21.4));
#8685=CARTESIAN_POINT('Ctrl Pts',(2.17131817579418,5.85776534011738,21.4));
#8686=CARTESIAN_POINT('Ctrl Pts',(2.35987272401785,5.81986433173781,21.4));
#8687=CARTESIAN_POINT('',(2.39996979771956,5.85,21.4));
#8688=CARTESIAN_POINT('Ctrl Pts',(2.35987272401785,5.81986433173781,21.4));
#8689=CARTESIAN_POINT('Ctrl Pts',(2.36051015605221,5.82321015131417,21.4));
#8690=CARTESIAN_POINT('Ctrl Pts',(2.36143571546651,5.82649576448112,21.4));
#8691=CARTESIAN_POINT('Ctrl Pts',(2.36263203716505,5.82955069562457,21.4));
#8692=CARTESIAN_POINT('Ctrl Pts',(2.36378917615735,5.83250556967657,21.4));
#8693=CARTESIAN_POINT('Ctrl Pts',(2.36520132538595,5.83524376149603,21.4));
#8694=CARTESIAN_POINT('Ctrl Pts',(2.36687326358298,5.83765328511112,21.4));
#8695=CARTESIAN_POINT('Ctrl Pts',(2.36844277602778,5.83991519724796,21.4));
#8696=CARTESIAN_POINT('Ctrl Pts',(2.3702424078587,5.84188713453255,21.4));
#8697=CARTESIAN_POINT('Ctrl Pts',(2.37227436924537,5.84352230241438,21.4));
#8698=CARTESIAN_POINT('Ctrl Pts',(2.37413969133745,5.84502337167398,21.4));
#8699=CARTESIAN_POINT('Ctrl Pts',(2.37620141334053,5.84624069137277,21.4));
#8700=CARTESIAN_POINT('Ctrl Pts',(2.3784478799176,5.84717945808771,21.4));
#8701=CARTESIAN_POINT('Ctrl Pts',(2.38060882983442,5.84808248859582,21.4));
#8702=CARTESIAN_POINT('Ctrl Pts',(2.38294121334898,5.84872760673194,21.4));
#8703=CARTESIAN_POINT('Ctrl Pts',(2.38541400092686,5.84916066215377,21.4));
#8704=CARTESIAN_POINT('Ctrl Pts',(2.38776172257024,5.84957181497406,21.4));
#8705=CARTESIAN_POINT('Ctrl Pts',(2.39023628029557,5.84979181593574,21.4));
#8706=CARTESIAN_POINT('Ctrl Pts',(2.39278689737267,5.8498987410384,21.4));
#8707=CARTESIAN_POINT('Ctrl Pts',(2.39513743624324,5.8499972786089,21.4));
#8708=CARTESIAN_POINT('Ctrl Pts',(2.39755258748782,5.85,21.4));
#8709=CARTESIAN_POINT('Ctrl Pts',(2.39996979771956,5.85,21.4));
#8710=CARTESIAN_POINT('Origin',(2.39996979771956,5.85,21.2));
#8711=CARTESIAN_POINT('Ctrl Pts',(-3.8597597340484E-16,6.01880376932915,
21.4));
#8712=CARTESIAN_POINT('Ctrl Pts',(0.211649281299243,6.01880376932915,21.4));
#8713=CARTESIAN_POINT('Ctrl Pts',(0.612265851673043,6.01113658543742,21.4));
#8714=CARTESIAN_POINT('Ctrl Pts',(1.5702633937921,5.93950082338145,21.4));
#8715=CARTESIAN_POINT('Ctrl Pts',(2.17131817579418,5.85776534011738,21.4));
#8716=CARTESIAN_POINT('Ctrl Pts',(2.35987272401785,5.81986433173781,21.4));
#8717=CARTESIAN_POINT('Ctrl Pts',(0.0561219907649824,6.01754062654848,21.4033274839867));
#8718=CARTESIAN_POINT('Ctrl Pts',(0.261839682319146,6.01665444682722,21.4031743407649));
#8719=CARTESIAN_POINT('Ctrl Pts',(0.657079127726257,6.0075736111378,21.4026533389357));
#8720=CARTESIAN_POINT('Ctrl Pts',(1.60801176072565,5.93284724459694,21.401319138505));
#8721=CARTESIAN_POINT('Ctrl Pts',(2.17608561488404,5.8533689655469,21.4));
#8722=CARTESIAN_POINT('Ctrl Pts',(2.3593967739174,5.81736611533572,21.4));
#8723=CARTESIAN_POINT('Ctrl Pts',(0.168816538998579,6.01435859958081,21.409982614233));
#8724=CARTESIAN_POINT('Ctrl Pts',(0.365497712941136,6.01173130451979,21.4094082536344));
#8725=CARTESIAN_POINT('Ctrl Pts',(0.753851049688755,5.99947974077086,21.4077044062653));
#8726=CARTESIAN_POINT('Ctrl Pts',(1.68538538309563,5.91857682298445,21.4036321410509));
#8727=CARTESIAN_POINT('Ctrl Pts',(2.18857172361023,5.84408848052773,21.4));
#8728=CARTESIAN_POINT('Ctrl Pts',(2.35876845191239,5.81230836706993,21.4));
#8729=CARTESIAN_POINT('Ctrl Pts',(0.351988625677337,6.00705675949322,21.4199095746396));
#8730=CARTESIAN_POINT('Ctrl Pts',(0.541119502155878,6.00146457508659,21.4183976365341));
#8731=CARTESIAN_POINT('Ctrl Pts',(0.926202801199135,5.98295884745678,21.4144576780298));
#8732=CARTESIAN_POINT('Ctrl Pts',(1.80599155415316,5.89379076236963,21.4062537535346));
#8733=CARTESIAN_POINT('Ctrl Pts',(2.21386977846909,5.82905254772415,21.4));
#8734=CARTESIAN_POINT('Ctrl Pts',(2.35891526047208,5.80496340727484,21.4));
#8735=CARTESIAN_POINT('Ctrl Pts',(0.564437638386445,5.99561661793123,21.4296951525721));
#8736=CARTESIAN_POINT('Ctrl Pts',(0.749196196744856,5.9862880957594,21.4269442161162));
#8737=CARTESIAN_POINT('Ctrl Pts',(1.13171800118122,5.95979221151807,21.4203075875744));
#8738=CARTESIAN_POINT('Ctrl Pts',(1.92979253884562,5.86513292484641,21.4080981978566));
#8739=CARTESIAN_POINT('Ctrl Pts',(2.24309954815095,5.81361588456549,21.4));
#8740=CARTESIAN_POINT('Ctrl Pts',(2.36028582154575,5.79819125094634,21.4));
#8741=CARTESIAN_POINT('Ctrl Pts',(0.825443067202996,5.97635129936751,21.4391536626525));
#8742=CARTESIAN_POINT('Ctrl Pts',(1.00482812538685,5.96225743042701,21.4348486083122));
#8743=CARTESIAN_POINT('Ctrl Pts',(1.37587784364349,5.92647190809279,21.4251201457708));
#8744=CARTESIAN_POINT('Ctrl Pts',(2.05214782300028,5.83277583981199,21.4091326532517));
#8745=CARTESIAN_POINT('Ctrl Pts',(2.27366785919016,5.79873542075157,21.4));
#8746=CARTESIAN_POINT('Ctrl Pts',(2.3629875761164,5.79221826640736,21.4));
#8747=CARTESIAN_POINT('Ctrl Pts',(1.15771879812801,5.94149131614988,21.4478422737083));
#8748=CARTESIAN_POINT('Ctrl Pts',(1.32325495253877,5.92224778061587,21.4416686970742));
#8749=CARTESIAN_POINT('Ctrl Pts',(1.65699717861103,5.87848528830675,21.4285989058195));
#8750=CARTESIAN_POINT('Ctrl Pts',(2.16174074402401,5.79893195307801,21.4092203643042));
#8751=CARTESIAN_POINT('Ctrl Pts',(2.30350360156725,5.78539552457363,21.4));
#8752=CARTESIAN_POINT('Ctrl Pts',(2.3670600652689,5.78715623571258,21.4));
#8753=CARTESIAN_POINT('Ctrl Pts',(1.57318151685536,5.87738712885207,21.454706179358));
#8754=CARTESIAN_POINT('Ctrl Pts',(1.70186620443403,5.85578719762015,21.446481444981));
#8755=CARTESIAN_POINT('Ctrl Pts',(1.94578919807445,5.81455320835079,21.4301377150256));
#8756=CARTESIAN_POINT('Ctrl Pts',(2.24622742722099,5.7683096346356,21.4082825305421));
#8757=CARTESIAN_POINT('Ctrl Pts',(2.33142888313083,5.77434542838242,21.4));
#8758=CARTESIAN_POINT('Ctrl Pts',(2.37243353925656,5.78299241824864,21.4));
#8759=CARTESIAN_POINT('Ctrl Pts',(2.00768216722644,5.77240535651992,21.4583321029928));
#8760=CARTESIAN_POINT('Ctrl Pts',(2.06704565415979,5.76166502102588,21.4482114058923));
#8761=CARTESIAN_POINT('Ctrl Pts',(2.18197341876591,5.74510893500291,21.4289888256413));
#8762=CARTESIAN_POINT('Ctrl Pts',(2.30686304258172,5.74463616218484,21.4065417224764));
#8763=CARTESIAN_POINT('Ctrl Pts',(2.3570429450545,5.7659273859724,21.4));
#8764=CARTESIAN_POINT('Ctrl Pts',(2.37888756656761,5.77957961433439,21.4));
#8765=CARTESIAN_POINT('Ctrl Pts',(2.21849129459657,5.69281286375728,21.4585786437627));
#8766=CARTESIAN_POINT('Ctrl Pts',(2.24343560192227,5.69491261218748,21.4471151350909));
#8767=CARTESIAN_POINT('Ctrl Pts',(2.29269258414231,5.70304208800846,21.4263701717178));
#8768=CARTESIAN_POINT('Ctrl Pts',(2.34709999886419,5.73295031682671,21.4052498703136));
#8769=CARTESIAN_POINT('Ctrl Pts',(2.37235800826456,5.76204239177641,21.4));
#8770=CARTESIAN_POINT('Ctrl Pts',(2.38363595818313,5.77761077243988,21.4));
#8771=CARTESIAN_POINT('Ctrl Pts',(2.33202450421324,5.64591841588086,21.4585786437627));
#8772=CARTESIAN_POINT('Ctrl Pts',(2.33673596205954,5.65732503127965,21.4462373022678));
#8773=CARTESIAN_POINT('Ctrl Pts',(2.34739894237499,5.68314050484024,21.424805196333));
#8774=CARTESIAN_POINT('Ctrl Pts',(2.36602543573074,5.72823594087469,21.4045953748915));
#8775=CARTESIAN_POINT('Ctrl Pts',(2.37935082661787,5.760497209859,21.4));
#8776=CARTESIAN_POINT('Ctrl Pts',(2.38601383420266,5.77662860005674,21.4));
#8777=CARTESIAN_POINT('',(2.33202450421324,5.64591841588086,21.4585786437627));
#8778=CARTESIAN_POINT('Ctrl Pts',(-3.8597597340484E-16,6.01880376932915,
21.4));
#8779=CARTESIAN_POINT('Ctrl Pts',(0.0561219907649824,6.01754062654848,21.4033274839867));
#8780=CARTESIAN_POINT('Ctrl Pts',(0.168816538998579,6.01435859958081,21.409982614233));
#8781=CARTESIAN_POINT('Ctrl Pts',(0.351988625677337,6.00705675949322,21.4199095746396));
#8782=CARTESIAN_POINT('Ctrl Pts',(0.564437638386445,5.99561661793123,21.4296951525721));
#8783=CARTESIAN_POINT('Ctrl Pts',(0.825443067202996,5.97635129936751,21.4391536626525));
#8784=CARTESIAN_POINT('Ctrl Pts',(1.15771879812801,5.94149131614988,21.4478422737083));
#8785=CARTESIAN_POINT('Ctrl Pts',(1.57318151685536,5.87738712885207,21.454706179358));
#8786=CARTESIAN_POINT('Ctrl Pts',(2.00768216722644,5.77240535651992,21.4583321029928));
#8787=CARTESIAN_POINT('Ctrl Pts',(2.21849129459657,5.69281286375728,21.4585786437627));
#8788=CARTESIAN_POINT('Ctrl Pts',(2.33202450421324,5.64591841588086,21.4585786437627));
#8789=CARTESIAN_POINT('',(2.38601383420266,5.77662860005674,21.4));
#8790=CARTESIAN_POINT('Origin',(2.38601383420266,5.77662860005674,21.6));
#8791=CARTESIAN_POINT('Ctrl Pts',(2.38601383420266,5.77662860005674,21.4));
#8792=CARTESIAN_POINT('Ctrl Pts',(2.38356840614999,5.77763867454278,21.4));
#8793=CARTESIAN_POINT('Ctrl Pts',(2.38112697887977,5.77865123640635,21.4));
#8794=CARTESIAN_POINT('Ctrl Pts',(2.37880641933646,5.77974681352033,21.4));
#8795=CARTESIAN_POINT('Ctrl Pts',(2.37640556001629,5.78088030157611,21.4));
#8796=CARTESIAN_POINT('Ctrl Pts',(2.37413375425425,5.78210268687861,21.4));
#8797=CARTESIAN_POINT('Ctrl Pts',(2.37207178386382,5.78347082939568,21.4));
#8798=CARTESIAN_POINT('Ctrl Pts',(2.36992636077383,5.78489434379729,21.4));
#8799=CARTESIAN_POINT('Ctrl Pts',(2.36800768078028,5.7864757077642,21.4));
#8800=CARTESIAN_POINT('Ctrl Pts',(2.36636069777914,5.78824378974357,21.4));
#8801=CARTESIAN_POINT('Ctrl Pts',(2.36457524285434,5.79016052517762,21.4));
#8802=CARTESIAN_POINT('Ctrl Pts',(2.36310868372222,5.79229701977161,21.4));
#8803=CARTESIAN_POINT('Ctrl Pts',(2.36197136404626,5.79464612177468,21.4));
#8804=CARTESIAN_POINT('Ctrl Pts',(2.36077881173841,5.79710930523521,21.4));
#8805=CARTESIAN_POINT('Ctrl Pts',(2.35994719370794,5.79980630291144,21.4));
#8806=CARTESIAN_POINT('Ctrl Pts',(2.35945084622384,5.8026797164475,21.4));
#8807=CARTESIAN_POINT('Ctrl Pts',(2.3589219917037,5.80574131701062,21.4));
#8808=CARTESIAN_POINT('Ctrl Pts',(2.35877216278266,5.80900333998239,21.4));
#8809=CARTESIAN_POINT('Ctrl Pts',(2.35894954282683,5.81234004816532,21.4));
#8810=CARTESIAN_POINT('Ctrl Pts',(2.35908198590217,5.81483144394387,21.4));
#8811=CARTESIAN_POINT('Ctrl Pts',(2.35939622591049,5.81736323890007,21.4));
#8812=CARTESIAN_POINT('Ctrl Pts',(2.35987272401785,5.81986433173781,21.4));
#8813=CARTESIAN_POINT('Ctrl Pts',(-3.8597597340484E-16,6.01880376932915,
21.4));
#8814=CARTESIAN_POINT('Ctrl Pts',(0.0561219907649824,6.01754062654848,21.4033274839867));
#8815=CARTESIAN_POINT('Ctrl Pts',(0.168816538998579,6.01435859958081,21.409982614233));
#8816=CARTESIAN_POINT('Ctrl Pts',(0.351988625677337,6.00705675949322,21.4199095746396));
#8817=CARTESIAN_POINT('Ctrl Pts',(0.564437638386445,5.99561661793123,21.4296951525721));
#8818=CARTESIAN_POINT('Ctrl Pts',(0.825443067202996,5.97635129936751,21.4391536626525));
#8819=CARTESIAN_POINT('Ctrl Pts',(1.15771879812801,5.94149131614988,21.4478422737083));
#8820=CARTESIAN_POINT('Ctrl Pts',(1.57318151685536,5.87738712885207,21.454706179358));
#8821=CARTESIAN_POINT('Ctrl Pts',(2.00768216722644,5.77240535651992,21.4583321029928));
#8822=CARTESIAN_POINT('Ctrl Pts',(2.21849129459657,5.69281286375728,21.4585786437627));
#8823=CARTESIAN_POINT('Ctrl Pts',(2.33202450421324,5.64591841588086,21.4585786437627));
#8824=CARTESIAN_POINT('Ctrl Pts',(-1.26198674314956E-16,6.01404015959147,
21.4125487279535));
#8825=CARTESIAN_POINT('Ctrl Pts',(0.0538432344690978,6.01301543196477,21.4155064914973));
#8826=CARTESIAN_POINT('Ctrl Pts',(0.164078865157763,6.01039028352973,21.4215154776711));
#8827=CARTESIAN_POINT('Ctrl Pts',(0.348215443093904,6.00397803610599,21.4307250865404));
#8828=CARTESIAN_POINT('Ctrl Pts',(0.565355917162426,5.99317403213472,21.440025317353));
#8829=CARTESIAN_POINT('Ctrl Pts',(0.833847666744888,5.97375079025002,21.4491925961786));
#8830=CARTESIAN_POINT('Ctrl Pts',(1.17364381491826,5.93720339753211,21.4577049833413));
#8831=CARTESIAN_POINT('Ctrl Pts',(1.58630177451662,5.87005074369808,21.4644576524645));
#8832=CARTESIAN_POINT('Ctrl Pts',(2.00228819813663,5.76388062069985,21.4685605457621));
#8833=CARTESIAN_POINT('Ctrl Pts',(2.2113870100286,5.68334436375077,21.4700421524345));
#8834=CARTESIAN_POINT('Ctrl Pts',(2.32731304636693,5.63451180048207,21.4709199852576));
#8835=CARTESIAN_POINT('Ctrl Pts',(5.94688723972386E-17,6.00189570346844,
21.4367445845529));
#8836=CARTESIAN_POINT('Ctrl Pts',(0.0530727991682962,6.00151676891508,21.4394690215778));
#8837=CARTESIAN_POINT('Ctrl Pts',(0.164911242642494,6.00044774226095,21.4450752557267));
#8838=CARTESIAN_POINT('Ctrl Pts',(0.359597356771686,5.99658229608841,21.4539821239481));
#8839=CARTESIAN_POINT('Ctrl Pts',(0.593853846984456,5.98753256147733,21.4632787467049));
#8840=CARTESIAN_POINT('Ctrl Pts',(0.88192889781104,5.96768563551242,21.4725463794454));
#8841=CARTESIAN_POINT('Ctrl Pts',(1.23276262935113,5.92713886585191,21.4809170264551));
#8842=CARTESIAN_POINT('Ctrl Pts',(1.6276884208034,5.85337477754563,21.4874311684416));
#8843=CARTESIAN_POINT('Ctrl Pts',(2.0065234177404,5.74340050556201,21.4926546955181));
#8844=CARTESIAN_POINT('Ctrl Pts',(2.20757412769803,5.66247433047707,21.4963603610007));
#8845=CARTESIAN_POINT('Ctrl Pts',(2.31913107816588,5.61470294990568,21.4988509326881));
#8846=CARTESIAN_POINT('Ctrl Pts',(9.95970191528531E-16,6.0256922670204,
21.4986937067433));
#8847=CARTESIAN_POINT('Ctrl Pts',(0.0646453719729652,6.02795105752016,21.5017071971657));
#8848=CARTESIAN_POINT('Ctrl Pts',(0.199454978806315,6.03079093685281,21.5076519535665));
#8849=CARTESIAN_POINT('Ctrl Pts',(0.430293596042336,6.02734629948412,21.5158383243448));
#8850=CARTESIAN_POINT('Ctrl Pts',(0.702636562896651,6.01117814282333,21.522760812338));
#8851=CARTESIAN_POINT('Ctrl Pts',(1.02424857476275,5.97387441361087,21.5280402247092));
#8852=CARTESIAN_POINT('Ctrl Pts',(1.38557739196414,5.90600843940713,21.5318498095492));
#8853=CARTESIAN_POINT('Ctrl Pts',(1.75042729647804,5.8071811877157,21.5353288200413));
#8854=CARTESIAN_POINT('Ctrl Pts',(2.06626378416805,5.69618633234538,21.5399539444783));
#8855=CARTESIAN_POINT('Ctrl Pts',(2.23001016342711,5.63035618886614,21.5447740528692));
#8856=CARTESIAN_POINT('Ctrl Pts',(2.31141573199848,5.59602380869908,21.5476417577054));
#8857=CARTESIAN_POINT('Ctrl Pts',(1.63496125029514E-15,6.05,21.5650934149601));
#8858=CARTESIAN_POINT('Ctrl Pts',(0.0838647040425265,6.05,21.5661218600847));
#8859=CARTESIAN_POINT('Ctrl Pts',(0.258952223491938,6.0470945654748,21.5678022386893));
#8860=CARTESIAN_POINT('Ctrl Pts',(0.557705878063827,6.02897405543159,21.5695367753864));
#8861=CARTESIAN_POINT('Ctrl Pts',(0.894281027793141,5.99002524399343,21.5708869595635));
#8862=CARTESIAN_POINT('Ctrl Pts',(1.25227739937902,5.92565330904013,21.5722545474249));
#8863=CARTESIAN_POINT('Ctrl Pts',(1.60050681426478,5.83962901186088,21.5739664531486));
#8864=CARTESIAN_POINT('Ctrl Pts',(1.90376687267136,5.74567106329818,21.576210633601));
#8865=CARTESIAN_POINT('Ctrl Pts',(2.13847677279567,5.66083473858026,21.5790370636773));
#8866=CARTESIAN_POINT('Ctrl Pts',(2.25312136908215,5.61513011982694,21.5813052643961));
#8867=CARTESIAN_POINT('Ctrl Pts',(2.30966139150818,5.59177648485492,21.5825467074801));
#8868=CARTESIAN_POINT('Ctrl Pts',(1.55080214865998E-15,6.05,21.6));
#8869=CARTESIAN_POINT('Ctrl Pts',(0.115699599825331,6.05,21.6));
#8870=CARTESIAN_POINT('Ctrl Pts',(0.347905281940018,6.04348361037539,21.6));
#8871=CARTESIAN_POINT('Ctrl Pts',(0.711366504804178,6.01186279946324,21.6));
#8872=CARTESIAN_POINT('Ctrl Pts',(1.08022841486867,5.95662191157149,21.6));
#8873=CARTESIAN_POINT('Ctrl Pts',(1.43215007076025,5.8814079763946,21.6));
#8874=CARTESIAN_POINT('Ctrl Pts',(1.74202364579509,5.79625131269028,21.6));
#8875=CARTESIAN_POINT('Ctrl Pts',(1.99117064783095,5.71445059227965,21.6));
#8876=CARTESIAN_POINT('Ctrl Pts',(2.17512064983531,5.64626978355296,21.6));
#8877=CARTESIAN_POINT('Ctrl Pts',(2.26526972608818,5.61011228851285,21.6));
#8878=CARTESIAN_POINT('Ctrl Pts',(2.30966139150818,5.59177648485492,21.6));
#8879=CARTESIAN_POINT('',(1.55080214865998E-15,6.05,21.6));
#8880=CARTESIAN_POINT('Ctrl Pts',(-3.8597597340484E-16,6.01880376932915,
21.4));
#8881=CARTESIAN_POINT('Ctrl Pts',(-1.26198674314956E-16,6.01404015959147,
21.4125487279535));
#8882=CARTESIAN_POINT('Ctrl Pts',(5.94688723972386E-17,6.00189570346844,
21.4367445845529));
#8883=CARTESIAN_POINT('Ctrl Pts',(9.95970191528531E-16,6.0256922670204,
21.4986937067433));
#8884=CARTESIAN_POINT('Ctrl Pts',(1.63496125029514E-15,6.05,21.5650934149601));
#8885=CARTESIAN_POINT('Ctrl Pts',(1.55080214865998E-15,6.05,21.6));
#8886=CARTESIAN_POINT('',(2.30966139150818,5.59177648485492,21.6));
#8887=CARTESIAN_POINT('Ctrl Pts',(1.57537274936666E-15,6.05,21.6));
#8888=CARTESIAN_POINT('Ctrl Pts',(0.171012445488809,6.05,21.6));
#8889=CARTESIAN_POINT('Ctrl Pts',(0.342024743643901,6.04274476800463,21.6));
#8890=CARTESIAN_POINT('Ctrl Pts',(0.512422685221312,6.02826036196767,21.6));
#8891=CARTESIAN_POINT('Ctrl Pts',(0.682835494181028,6.01377469215252,21.6));
#8892=CARTESIAN_POINT('Ctrl Pts',(0.852633545589596,5.9920586109469,21.6));
#8893=CARTESIAN_POINT('Ctrl Pts',(1.02120688499251,5.96319012761155,21.6));
#8894=CARTESIAN_POINT('Ctrl Pts',(1.18976840663784,5.93432366808816,21.6));
#8895=CARTESIAN_POINT('Ctrl Pts',(1.35710509759521,5.89830585957916,21.6));
#8896=CARTESIAN_POINT('Ctrl Pts',(1.52261592938226,5.85526606838591,21.6));
#8897=CARTESIAN_POINT('Ctrl Pts',(1.68813350475966,5.81222452357498,21.6));
#8898=CARTESIAN_POINT('Ctrl Pts',(1.85182478684078,5.7621604976936,21.6));
#8899=CARTESIAN_POINT('Ctrl Pts',(2.01310179261445,5.70525382192348,21.6));
#8900=CARTESIAN_POINT('Ctrl Pts',(2.11292503509733,5.67003113864606,21.6));
#8901=CARTESIAN_POINT('Ctrl Pts',(2.21182363049344,5.63218798911647,21.6));
#8902=CARTESIAN_POINT('Ctrl Pts',(2.30966139150818,5.59177648485492,21.6));
#8903=CARTESIAN_POINT('Origin',(2.38601383420266,5.77662860005674,21.6));
#8904=CARTESIAN_POINT('Ctrl Pts',(-3.8597597340484E-16,6.01880376932915,
21.4));
#8905=CARTESIAN_POINT('Ctrl Pts',(-1.26198674314956E-16,6.01404015959147,
21.4125487279535));
#8906=CARTESIAN_POINT('Ctrl Pts',(5.94688723972386E-17,6.00189570346844,
21.4367445845529));
#8907=CARTESIAN_POINT('Ctrl Pts',(9.95970191528531E-16,6.0256922670204,
21.4986937067433));
#8908=CARTESIAN_POINT('Ctrl Pts',(1.63496125029514E-15,6.05,21.5650934149601));
#8909=CARTESIAN_POINT('Ctrl Pts',(1.55080214865998E-15,6.05,21.6));
#8910=CARTESIAN_POINT('Ctrl Pts',(-0.0561219907649831,6.01754062654848,
21.4033274839867));
#8911=CARTESIAN_POINT('Ctrl Pts',(-0.0538432344690979,6.01301543196477,
21.4155064914973));
#8912=CARTESIAN_POINT('Ctrl Pts',(-0.053072799168296,6.00151676891508,21.4394690215778));
#8913=CARTESIAN_POINT('Ctrl Pts',(-0.0646453719729632,6.02795105752016,
21.5017071971657));
#8914=CARTESIAN_POINT('Ctrl Pts',(-0.0838647040425233,6.05,21.5661218600847));
#8915=CARTESIAN_POINT('Ctrl Pts',(-0.115699599825328,6.05,21.6));
#8916=CARTESIAN_POINT('Ctrl Pts',(-0.168816538998579,6.0143585995808,21.409982614233));
#8917=CARTESIAN_POINT('Ctrl Pts',(-0.164078865157764,6.01039028352972,21.4215154776711));
#8918=CARTESIAN_POINT('Ctrl Pts',(-0.164911242642491,6.00044774226095,21.4450752557267));
#8919=CARTESIAN_POINT('Ctrl Pts',(-0.199454978806315,6.0307909368528,21.5076519535665));
#8920=CARTESIAN_POINT('Ctrl Pts',(-0.258952223491936,6.0470945654748,21.5678022386893));
#8921=CARTESIAN_POINT('Ctrl Pts',(-0.347905281940016,6.04348361037539,21.6));
#8922=CARTESIAN_POINT('Ctrl Pts',(-0.351988625677338,6.00705675949322,21.4199095746396));
#8923=CARTESIAN_POINT('Ctrl Pts',(-0.348215443093904,6.00397803610599,21.4307250865403));
#8924=CARTESIAN_POINT('Ctrl Pts',(-0.359597356771688,5.99658229608841,21.4539821239482));
#8925=CARTESIAN_POINT('Ctrl Pts',(-0.430293596042333,6.02734629948412,21.5158383243448));
#8926=CARTESIAN_POINT('Ctrl Pts',(-0.557705878063829,6.02897405543159,21.5695367753864));
#8927=CARTESIAN_POINT('Ctrl Pts',(-0.711366504804181,6.01186279946324,21.6));
#8928=CARTESIAN_POINT('Ctrl Pts',(-0.564437638386443,5.99561661793124,21.4296951525721));
#8929=CARTESIAN_POINT('Ctrl Pts',(-0.565355917162424,5.99317403213472,21.440025317353));
#8930=CARTESIAN_POINT('Ctrl Pts',(-0.593853846984455,5.98753256147732,21.4632787467049));
#8931=CARTESIAN_POINT('Ctrl Pts',(-0.702636562896658,6.01117814282334,21.522760812338));
#8932=CARTESIAN_POINT('Ctrl Pts',(-0.894281027793137,5.99002524399343,21.5708869595635));
#8933=CARTESIAN_POINT('Ctrl Pts',(-1.08022841486867,5.95662191157149,21.6));
#8934=CARTESIAN_POINT('Ctrl Pts',(-0.825443067202999,5.97635129936751,21.4391536626525));
#8935=CARTESIAN_POINT('Ctrl Pts',(-0.833847666744891,5.97375079025002,21.4491925961786));
#8936=CARTESIAN_POINT('Ctrl Pts',(-0.881928897811045,5.96768563551242,21.4725463794454));
#8937=CARTESIAN_POINT('Ctrl Pts',(-1.02424857476273,5.97387441361087,21.5280402247092));
#8938=CARTESIAN_POINT('Ctrl Pts',(-1.25227739937903,5.92565330904013,21.5722545474249));
#8939=CARTESIAN_POINT('Ctrl Pts',(-1.43215007076026,5.8814079763946,21.6));
#8940=CARTESIAN_POINT('Ctrl Pts',(-1.15771879812801,5.94149131614988,21.4478422737083));
#8941=CARTESIAN_POINT('Ctrl Pts',(-1.17364381491826,5.93720339753212,21.4577049833413));
#8942=CARTESIAN_POINT('Ctrl Pts',(-1.23276262935112,5.92713886585191,21.4809170264551));
#8943=CARTESIAN_POINT('Ctrl Pts',(-1.38557739196416,5.90600843940713,21.5318498095492));
#8944=CARTESIAN_POINT('Ctrl Pts',(-1.60050681426478,5.83962901186088,21.5739664531486));
#8945=CARTESIAN_POINT('Ctrl Pts',(-1.74202364579509,5.79625131269028,21.6));
#8946=CARTESIAN_POINT('Ctrl Pts',(-1.57318151685537,5.87738712885208,21.454706179358));
#8947=CARTESIAN_POINT('Ctrl Pts',(-1.58630177451662,5.87005074369808,21.4644576524645));
#8948=CARTESIAN_POINT('Ctrl Pts',(-1.62768842080341,5.85337477754563,21.4874311684416));
#8949=CARTESIAN_POINT('Ctrl Pts',(-1.75042729647803,5.8071811877157,21.5353288200412));
#8950=CARTESIAN_POINT('Ctrl Pts',(-1.90376687267136,5.74567106329818,21.576210633601));
#8951=CARTESIAN_POINT('Ctrl Pts',(-1.99117064783095,5.71445059227965,21.6));
#8952=CARTESIAN_POINT('Ctrl Pts',(-2.00768216722644,5.77240535651991,21.4583321029928));
#8953=CARTESIAN_POINT('Ctrl Pts',(-2.00228819813663,5.76388062069984,21.4685605457621));
#8954=CARTESIAN_POINT('Ctrl Pts',(-2.00652341774039,5.74340050556201,21.4926546955181));
#8955=CARTESIAN_POINT('Ctrl Pts',(-2.06626378416807,5.69618633234538,21.5399539444783));
#8956=CARTESIAN_POINT('Ctrl Pts',(-2.13847677279567,5.66083473858025,21.5790370636773));
#8957=CARTESIAN_POINT('Ctrl Pts',(-2.17512064983531,5.64626978355296,21.6));
#8958=CARTESIAN_POINT('Ctrl Pts',(-2.21849129459657,5.69281286375728,21.4585786437627));
#8959=CARTESIAN_POINT('Ctrl Pts',(-2.2113870100286,5.68334436375077,21.4700421524345));
#8960=CARTESIAN_POINT('Ctrl Pts',(-2.20757412769803,5.66247433047706,21.4963603610007));
#8961=CARTESIAN_POINT('Ctrl Pts',(-2.23001016342709,5.63035618886615,21.5447740528692));
#8962=CARTESIAN_POINT('Ctrl Pts',(-2.25312136908215,5.61513011982694,21.5813052643961));
#8963=CARTESIAN_POINT('Ctrl Pts',(-2.26526972608818,5.61011228851285,21.6));
#8964=CARTESIAN_POINT('Ctrl Pts',(-2.33202450421324,5.64591841588086,21.4585786437627));
#8965=CARTESIAN_POINT('Ctrl Pts',(-2.32731304636693,5.63451180048207,21.4709199852576));
#8966=CARTESIAN_POINT('Ctrl Pts',(-2.31913107816589,5.61470294990568,21.4988509326881));
#8967=CARTESIAN_POINT('Ctrl Pts',(-2.31141573199847,5.59602380869909,21.5476417577054));
#8968=CARTESIAN_POINT('Ctrl Pts',(-2.30966139150818,5.59177648485492,21.5825467074801));
#8969=CARTESIAN_POINT('Ctrl Pts',(-2.30966139150818,5.59177648485492,21.6));
#8970=CARTESIAN_POINT('',(-2.33202450421324,5.64591841588086,21.4585786437627));
#8971=CARTESIAN_POINT('Ctrl Pts',(-3.8597597340484E-16,6.01880376932915,
21.4));
#8972=CARTESIAN_POINT('Ctrl Pts',(-0.0561219907649831,6.01754062654848,
21.4033274839867));
#8973=CARTESIAN_POINT('Ctrl Pts',(-0.168816538998579,6.0143585995808,21.409982614233));
#8974=CARTESIAN_POINT('Ctrl Pts',(-0.351988625677338,6.00705675949322,21.4199095746396));
#8975=CARTESIAN_POINT('Ctrl Pts',(-0.564437638386443,5.99561661793124,21.4296951525721));
#8976=CARTESIAN_POINT('Ctrl Pts',(-0.825443067202999,5.97635129936751,21.4391536626525));
#8977=CARTESIAN_POINT('Ctrl Pts',(-1.15771879812801,5.94149131614988,21.4478422737083));
#8978=CARTESIAN_POINT('Ctrl Pts',(-1.57318151685537,5.87738712885208,21.454706179358));
#8979=CARTESIAN_POINT('Ctrl Pts',(-2.00768216722644,5.77240535651991,21.4583321029928));
#8980=CARTESIAN_POINT('Ctrl Pts',(-2.21849129459657,5.69281286375728,21.4585786437627));
#8981=CARTESIAN_POINT('Ctrl Pts',(-2.33202450421324,5.64591841588086,21.4585786437627));
#8982=CARTESIAN_POINT('',(-2.30966139150818,5.59177648485492,21.6));
#8983=CARTESIAN_POINT('Origin',(-2.38601383420266,5.77662860005674,21.6));
#8984=CARTESIAN_POINT('Ctrl Pts',(-2.30966139150818,5.59177648485492,21.6));
#8985=CARTESIAN_POINT('Ctrl Pts',(-2.15160133013601,5.65706257457605,21.6));
#8986=CARTESIAN_POINT('Ctrl Pts',(-1.99077163151278,5.71564288314762,21.6));
#8987=CARTESIAN_POINT('Ctrl Pts',(-1.82774993297021,5.76730701302847,21.6));
#8988=CARTESIAN_POINT('Ctrl Pts',(-1.66471401062952,5.81897565065376,21.6));
#8989=CARTESIAN_POINT('Ctrl Pts',(-1.49948598660043,5.86372681287903,21.6));
#8990=CARTESIAN_POINT('Ctrl Pts',(-1.33265939872643,5.9013997430259,21.6));
#8991=CARTESIAN_POINT('Ctrl Pts',(-1.16584450615495,5.93907003212903,21.6));
#8992=CARTESIAN_POINT('Ctrl Pts',(-0.997431561482581,5.96966301722494,21.6));
#8993=CARTESIAN_POINT('Ctrl Pts',(-0.828025458806165,5.99306881652204,21.6));
#8994=CARTESIAN_POINT('Ctrl Pts',(-0.658612453829957,6.01647556946744,21.6));
#8995=CARTESIAN_POINT('Ctrl Pts',(-0.488206501830205,6.03269451024244,21.6));
#8996=CARTESIAN_POINT('Ctrl Pts',(-0.317419705073484,6.04166738002276,21.6));
#8997=CARTESIAN_POINT('Ctrl Pts',(-0.211710327944502,6.04722118449447,21.6));
#8998=CARTESIAN_POINT('Ctrl Pts',(-0.105855170667791,6.05,21.6));
#8999=CARTESIAN_POINT('Ctrl Pts',(1.57537274936666E-15,6.05,21.6));
#9000=CARTESIAN_POINT('Ctrl Pts',(-3.8597597340484E-16,6.01880376932915,
21.4));
#9001=CARTESIAN_POINT('Ctrl Pts',(-0.0561219907649831,6.01754062654848,
21.4033274839867));
#9002=CARTESIAN_POINT('Ctrl Pts',(-0.168816538998579,6.0143585995808,21.409982614233));
#9003=CARTESIAN_POINT('Ctrl Pts',(-0.351988625677338,6.00705675949322,21.4199095746396));
#9004=CARTESIAN_POINT('Ctrl Pts',(-0.564437638386443,5.99561661793124,21.4296951525721));
#9005=CARTESIAN_POINT('Ctrl Pts',(-0.825443067202999,5.97635129936751,21.4391536626525));
#9006=CARTESIAN_POINT('Ctrl Pts',(-1.15771879812801,5.94149131614988,21.4478422737083));
#9007=CARTESIAN_POINT('Ctrl Pts',(-1.57318151685537,5.87738712885208,21.454706179358));
#9008=CARTESIAN_POINT('Ctrl Pts',(-2.00768216722644,5.77240535651991,21.4583321029928));
#9009=CARTESIAN_POINT('Ctrl Pts',(-2.21849129459657,5.69281286375728,21.4585786437627));
#9010=CARTESIAN_POINT('Ctrl Pts',(-2.33202450421324,5.64591841588086,21.4585786437627));
#9011=CARTESIAN_POINT('Ctrl Pts',(-0.211649281299244,6.01880376932915,21.4));
#9012=CARTESIAN_POINT('Ctrl Pts',(-0.261839682319147,6.01665444682722,21.4031743407649));
#9013=CARTESIAN_POINT('Ctrl Pts',(-0.365497712941135,6.01173130451978,21.4094082536344));
#9014=CARTESIAN_POINT('Ctrl Pts',(-0.541119502155879,6.00146457508659,21.4183976365341));
#9015=CARTESIAN_POINT('Ctrl Pts',(-0.749196196744856,5.98628809575941,21.4269442161162));
#9016=CARTESIAN_POINT('Ctrl Pts',(-1.00482812538686,5.96225743042701,21.4348486083122));
#9017=CARTESIAN_POINT('Ctrl Pts',(-1.32325495253876,5.92224778061587,21.4416686970742));
#9018=CARTESIAN_POINT('Ctrl Pts',(-1.70186620443403,5.85578719762015,21.446481444981));
#9019=CARTESIAN_POINT('Ctrl Pts',(-2.06704565415979,5.76166502102587,21.4482114058923));
#9020=CARTESIAN_POINT('Ctrl Pts',(-2.24343560192227,5.69491261218748,21.4471151350909));
#9021=CARTESIAN_POINT('Ctrl Pts',(-2.33673596205954,5.65732503127965,21.4462373022678));
#9022=CARTESIAN_POINT('Ctrl Pts',(-0.612265851673043,6.01113658543742,21.4));
#9023=CARTESIAN_POINT('Ctrl Pts',(-0.657079127726257,6.0075736111378,21.4026533389357));
#9024=CARTESIAN_POINT('Ctrl Pts',(-0.753851049688756,5.99947974077086,21.4077044062653));
#9025=CARTESIAN_POINT('Ctrl Pts',(-0.926202801199132,5.98295884745678,21.4144576780299));
#9026=CARTESIAN_POINT('Ctrl Pts',(-1.13171800118122,5.95979221151806,21.4203075875744));
#9027=CARTESIAN_POINT('Ctrl Pts',(-1.37587784364349,5.92647190809279,21.4251201457708));
#9028=CARTESIAN_POINT('Ctrl Pts',(-1.65699717861104,5.87848528830675,21.4285989058195));
#9029=CARTESIAN_POINT('Ctrl Pts',(-1.94578919807445,5.81455320835079,21.4301377150257));
#9030=CARTESIAN_POINT('Ctrl Pts',(-2.18197341876591,5.74510893500291,21.4289888256413));
#9031=CARTESIAN_POINT('Ctrl Pts',(-2.29269258414231,5.70304208800846,21.4263701717178));
#9032=CARTESIAN_POINT('Ctrl Pts',(-2.34739894237499,5.68314050484024,21.424805196333));
#9033=CARTESIAN_POINT('Ctrl Pts',(-1.5702633937921,5.93950082338145,21.4));
#9034=CARTESIAN_POINT('Ctrl Pts',(-1.60801176072566,5.93284724459694,21.401319138505));
#9035=CARTESIAN_POINT('Ctrl Pts',(-1.68538538309563,5.91857682298445,21.4036321410509));
#9036=CARTESIAN_POINT('Ctrl Pts',(-1.80599155415316,5.89379076236963,21.4062537535346));
#9037=CARTESIAN_POINT('Ctrl Pts',(-1.92979253884562,5.86513292484641,21.4080981978565));
#9038=CARTESIAN_POINT('Ctrl Pts',(-2.05214782300028,5.83277583981198,21.4091326532517));
#9039=CARTESIAN_POINT('Ctrl Pts',(-2.16174074402401,5.79893195307801,21.4092203643042));
#9040=CARTESIAN_POINT('Ctrl Pts',(-2.246227427221,5.76830963463559,21.4082825305421));
#9041=CARTESIAN_POINT('Ctrl Pts',(-2.30686304258172,5.74463616218484,21.4065417224765));
#9042=CARTESIAN_POINT('Ctrl Pts',(-2.34709999886419,5.73295031682672,21.4052498703136));
#9043=CARTESIAN_POINT('Ctrl Pts',(-2.36602543573074,5.72823594087469,21.4045953748915));
#9044=CARTESIAN_POINT('Ctrl Pts',(-2.17131817579418,5.85776534011738,21.4));
#9045=CARTESIAN_POINT('Ctrl Pts',(-2.17608561488404,5.85336896554691,21.4));
#9046=CARTESIAN_POINT('Ctrl Pts',(-2.18857172361023,5.84408848052773,21.4));
#9047=CARTESIAN_POINT('Ctrl Pts',(-2.21386977846908,5.82905254772415,21.4));
#9048=CARTESIAN_POINT('Ctrl Pts',(-2.24309954815095,5.8136158845655,21.4));
#9049=CARTESIAN_POINT('Ctrl Pts',(-2.27366785919016,5.79873542075158,21.4));
#9050=CARTESIAN_POINT('Ctrl Pts',(-2.30350360156725,5.78539552457363,21.4));
#9051=CARTESIAN_POINT('Ctrl Pts',(-2.33142888313083,5.77434542838242,21.4));
#9052=CARTESIAN_POINT('Ctrl Pts',(-2.3570429450545,5.7659273859724,21.4));
#9053=CARTESIAN_POINT('Ctrl Pts',(-2.37235800826456,5.76204239177641,21.4));
#9054=CARTESIAN_POINT('Ctrl Pts',(-2.37935082661787,5.760497209859,21.4));
#9055=CARTESIAN_POINT('Ctrl Pts',(-2.35987272401785,5.81986433173781,21.4));
#9056=CARTESIAN_POINT('Ctrl Pts',(-2.3593967739174,5.81736611533572,21.4));
#9057=CARTESIAN_POINT('Ctrl Pts',(-2.35876845191239,5.81230836706993,21.4));
#9058=CARTESIAN_POINT('Ctrl Pts',(-2.35891526047208,5.80496340727485,21.4));
#9059=CARTESIAN_POINT('Ctrl Pts',(-2.36028582154575,5.79819125094634,21.4));
#9060=CARTESIAN_POINT('Ctrl Pts',(-2.3629875761164,5.79221826640736,21.4));
#9061=CARTESIAN_POINT('Ctrl Pts',(-2.3670600652689,5.78715623571258,21.4));
#9062=CARTESIAN_POINT('Ctrl Pts',(-2.37243353925656,5.78299241824864,21.4));
#9063=CARTESIAN_POINT('Ctrl Pts',(-2.37888756656761,5.77957961433439,21.4));
#9064=CARTESIAN_POINT('Ctrl Pts',(-2.38363595818313,5.77761077243988,21.4));
#9065=CARTESIAN_POINT('Ctrl Pts',(-2.38601383420266,5.77662860005674,21.4));
#9066=CARTESIAN_POINT('',(-2.35987272401785,5.81986433173781,21.4));
#9067=CARTESIAN_POINT('Ctrl Pts',(-3.8597597340484E-16,6.01880376932915,
21.4));
#9068=CARTESIAN_POINT('Ctrl Pts',(-0.211649281299244,6.01880376932915,21.4));
#9069=CARTESIAN_POINT('Ctrl Pts',(-0.612265851673043,6.01113658543742,21.4));
#9070=CARTESIAN_POINT('Ctrl Pts',(-1.5702633937921,5.93950082338145,21.4));
#9071=CARTESIAN_POINT('Ctrl Pts',(-2.17131817579418,5.85776534011738,21.4));
#9072=CARTESIAN_POINT('Ctrl Pts',(-2.35987272401785,5.81986433173781,21.4));
#9073=CARTESIAN_POINT('',(-2.38601383420266,5.77662860005674,21.4));
#9074=CARTESIAN_POINT('Ctrl Pts',(-2.35987272401785,5.81986433173781,21.4));
#9075=CARTESIAN_POINT('Ctrl Pts',(-2.35923311172794,5.8165070682093,21.4));
#9076=CARTESIAN_POINT('Ctrl Pts',(-2.35888532166328,5.81309633724617,21.4));
#9077=CARTESIAN_POINT('Ctrl Pts',(-2.3588784734342,5.80979774020577,21.4));
#9078=CARTESIAN_POINT('Ctrl Pts',(-2.3588718816953,5.80662268717897,21.4));
#9079=CARTESIAN_POINT('Ctrl Pts',(-2.35918293534592,5.80355164607445,21.4));
#9080=CARTESIAN_POINT('Ctrl Pts',(-2.35985593688056,5.80068566506831,21.4));
#9081=CARTESIAN_POINT('Ctrl Pts',(-2.36048902022885,5.79798967589428,21.4));
#9082=CARTESIAN_POINT('Ctrl Pts',(-2.36144352549424,5.79547502631421,21.4));
#9083=CARTESIAN_POINT('Ctrl Pts',(-2.36273671053015,5.79318407610233,21.4));
#9084=CARTESIAN_POINT('Ctrl Pts',(-2.36392847796746,5.79107279288517,21.4));
#9085=CARTESIAN_POINT('Ctrl Pts',(-2.36540841087459,5.78915124065135,21.4));
#9086=CARTESIAN_POINT('Ctrl Pts',(-2.36716196752525,5.78741883532876,21.4));
#9087=CARTESIAN_POINT('Ctrl Pts',(-2.36885113254183,5.78575004495101,21.4));
#9088=CARTESIAN_POINT('Ctrl Pts',(-2.37079469030446,5.78425673986079,21.4));
#9089=CARTESIAN_POINT('Ctrl Pts',(-2.37294516971244,5.78290739430255,21.4));
#9090=CARTESIAN_POINT('Ctrl Pts',(-2.37499050397347,5.78162402339929,21.4));
#9091=CARTESIAN_POINT('Ctrl Pts',(-2.37722327121833,5.78047077859543,21.4));
#9092=CARTESIAN_POINT('Ctrl Pts',(-2.37956576436202,5.7793929665645,21.4));
#9093=CARTESIAN_POINT('Ctrl Pts',(-2.38165617602418,5.77843114055227,21.4));
#9094=CARTESIAN_POINT('Ctrl Pts',(-2.38383373248855,5.77752908253709,21.4));
#9095=CARTESIAN_POINT('Ctrl Pts',(-2.38601383420266,5.77662860005674,21.4));
#9096=CARTESIAN_POINT('Origin',(-2.38601383420266,5.77662860005674,21.6));
#9097=CARTESIAN_POINT('Ctrl Pts',(-6.01880376932915,-1.90819582357449E-16,
21.4));
#9098=CARTESIAN_POINT('Ctrl Pts',(-6.01754062654848,0.0561219907649825,
21.4033274839867));
#9099=CARTESIAN_POINT('Ctrl Pts',(-6.0143585995808,0.168816538998579,21.409982614233));
#9100=CARTESIAN_POINT('Ctrl Pts',(-6.00705675949322,0.351988625677338,21.4199095746396));
#9101=CARTESIAN_POINT('Ctrl Pts',(-5.99561661793123,0.564437638386443,21.4296951525721));
#9102=CARTESIAN_POINT('Ctrl Pts',(-5.97635129936751,0.825443067203,21.4391536626525));
#9103=CARTESIAN_POINT('Ctrl Pts',(-5.94149131614988,1.15771879812801,21.4478422737083));
#9104=CARTESIAN_POINT('Ctrl Pts',(-5.87738712885208,1.57318151685537,21.454706179358));
#9105=CARTESIAN_POINT('Ctrl Pts',(-5.77240535651992,2.00768216722644,21.4583321029928));
#9106=CARTESIAN_POINT('Ctrl Pts',(-5.69281286375728,2.21849129459656,21.4585786437627));
#9107=CARTESIAN_POINT('Ctrl Pts',(-5.64591841588086,2.33202450421324,21.4585786437627));
#9108=CARTESIAN_POINT('Ctrl Pts',(-6.01404015959147,-3.51129567908569E-16,
21.4125487279535));
#9109=CARTESIAN_POINT('Ctrl Pts',(-6.01301543196477,0.0538432344690975,
21.4155064914973));
#9110=CARTESIAN_POINT('Ctrl Pts',(-6.01039028352972,0.164078865157763,21.4215154776711));
#9111=CARTESIAN_POINT('Ctrl Pts',(-6.003978036106,0.348215443093905,21.4307250865404));
#9112=CARTESIAN_POINT('Ctrl Pts',(-5.99317403213471,0.565355917162424,21.440025317353));
#9113=CARTESIAN_POINT('Ctrl Pts',(-5.97375079025002,0.833847666744891,21.4491925961786));
#9114=CARTESIAN_POINT('Ctrl Pts',(-5.93720339753212,1.17364381491826,21.4577049833413));
#9115=CARTESIAN_POINT('Ctrl Pts',(-5.87005074369808,1.58630177451662,21.4644576524645));
#9116=CARTESIAN_POINT('Ctrl Pts',(-5.76388062069985,2.00228819813663,21.4685605457621));
#9117=CARTESIAN_POINT('Ctrl Pts',(-5.68334436375077,2.2113870100286,21.4700421524345));
#9118=CARTESIAN_POINT('Ctrl Pts',(-5.63451180048207,2.32731304636693,21.4709199852576));
#9119=CARTESIAN_POINT('Ctrl Pts',(-6.00189570346844,-1.3446316574744E-15,
21.4367445845529));
#9120=CARTESIAN_POINT('Ctrl Pts',(-6.00151676891508,0.0530727991682932,
21.4394690215778));
#9121=CARTESIAN_POINT('Ctrl Pts',(-6.00044774226096,0.164911242642496,21.4450752557267));
#9122=CARTESIAN_POINT('Ctrl Pts',(-5.9965822960884,0.359597356771683,21.4539821239481));
#9123=CARTESIAN_POINT('Ctrl Pts',(-5.98753256147732,0.593853846984459,21.4632787467049));
#9124=CARTESIAN_POINT('Ctrl Pts',(-5.96768563551242,0.881928897811048,21.4725463794454));
#9125=CARTESIAN_POINT('Ctrl Pts',(-5.9271388658519,1.23276262935112,21.4809170264551));
#9126=CARTESIAN_POINT('Ctrl Pts',(-5.85337477754562,1.62768842080341,21.4874311684416));
#9127=CARTESIAN_POINT('Ctrl Pts',(-5.74340050556201,2.00652341774039,21.4926546955181));
#9128=CARTESIAN_POINT('Ctrl Pts',(-5.66247433047706,2.20757412769803,21.4963603610007));
#9129=CARTESIAN_POINT('Ctrl Pts',(-5.61470294990568,2.3191310781659,21.4988509326881));
#9130=CARTESIAN_POINT('Ctrl Pts',(-6.0256922670204,-1.0901619169122E-15,
21.4986937067433));
#9131=CARTESIAN_POINT('Ctrl Pts',(-6.02795105752016,0.0646453719729656,
21.5017071971657));
#9132=CARTESIAN_POINT('Ctrl Pts',(-6.0307909368528,0.199454978806316,21.5076519535665));
#9133=CARTESIAN_POINT('Ctrl Pts',(-6.02734629948412,0.430293596042334,21.5158383243448));
#9134=CARTESIAN_POINT('Ctrl Pts',(-6.01117814282334,0.70263656289665,21.522760812338));
#9135=CARTESIAN_POINT('Ctrl Pts',(-5.97387441361086,1.02424857476274,21.5280402247092));
#9136=CARTESIAN_POINT('Ctrl Pts',(-5.90600843940713,1.38557739196415,21.5318498095492));
#9137=CARTESIAN_POINT('Ctrl Pts',(-5.80718118771571,1.75042729647805,21.5353288200413));
#9138=CARTESIAN_POINT('Ctrl Pts',(-5.69618633234538,2.06626378416805,21.5399539444783));
#9139=CARTESIAN_POINT('Ctrl Pts',(-5.63035618886615,2.23001016342711,21.5447740528692));
#9140=CARTESIAN_POINT('Ctrl Pts',(-5.59602380869908,2.31141573199849,21.5476417577054));
#9141=CARTESIAN_POINT('Ctrl Pts',(-6.05,-1.27831561021218E-15,21.5650934149601));
#9142=CARTESIAN_POINT('Ctrl Pts',(-6.05,0.0838647040425237,21.5661218600847));
#9143=CARTESIAN_POINT('Ctrl Pts',(-6.0470945654748,0.258952223491928,21.5678022386893));
#9144=CARTESIAN_POINT('Ctrl Pts',(-6.02897405543159,0.55770587806383,21.5695367753864));
#9145=CARTESIAN_POINT('Ctrl Pts',(-5.99002524399343,0.894281027793145,21.5708869595635));
#9146=CARTESIAN_POINT('Ctrl Pts',(-5.92565330904013,1.25227739937901,21.5722545474249));
#9147=CARTESIAN_POINT('Ctrl Pts',(-5.83962901186088,1.60050681426479,21.5739664531486));
#9148=CARTESIAN_POINT('Ctrl Pts',(-5.74567106329818,1.90376687267136,21.576210633601));
#9149=CARTESIAN_POINT('Ctrl Pts',(-5.66083473858026,2.13847677279567,21.5790370636773));
#9150=CARTESIAN_POINT('Ctrl Pts',(-5.61513011982694,2.25312136908216,21.5813052643961));
#9151=CARTESIAN_POINT('Ctrl Pts',(-5.59177648485492,2.30966139150819,21.5825467074801));
#9152=CARTESIAN_POINT('Ctrl Pts',(-6.05,-1.20312292521094E-15,21.6));
#9153=CARTESIAN_POINT('Ctrl Pts',(-6.05,0.115699599825328,21.6));
#9154=CARTESIAN_POINT('Ctrl Pts',(-6.04348361037539,0.34790528194001,21.6));
#9155=CARTESIAN_POINT('Ctrl Pts',(-6.01186279946324,0.711366504804179,21.6));
#9156=CARTESIAN_POINT('Ctrl Pts',(-5.95662191157149,1.08022841486867,21.6));
#9157=CARTESIAN_POINT('Ctrl Pts',(-5.8814079763946,1.43215007076024,21.6));
#9158=CARTESIAN_POINT('Ctrl Pts',(-5.79625131269027,1.7420236457951,21.6));
#9159=CARTESIAN_POINT('Ctrl Pts',(-5.71445059227965,1.99117064783094,21.6));
#9160=CARTESIAN_POINT('Ctrl Pts',(-5.64626978355296,2.17512064983531,21.6));
#9161=CARTESIAN_POINT('Ctrl Pts',(-5.61011228851285,2.26526972608819,21.6));
#9162=CARTESIAN_POINT('Ctrl Pts',(-5.59177648485492,2.30966139150819,21.6));
#9163=CARTESIAN_POINT('',(-6.01880376932915,-1.90819582357449E-16,21.4));
#9164=CARTESIAN_POINT('',(-5.64591841588086,2.33202450421324,21.4585786437627));
#9165=CARTESIAN_POINT('Ctrl Pts',(-6.01880376932915,-1.90819582357449E-16,
21.4));
#9166=CARTESIAN_POINT('Ctrl Pts',(-6.01754062654848,0.0561219907649825,
21.4033274839867));
#9167=CARTESIAN_POINT('Ctrl Pts',(-6.0143585995808,0.168816538998579,21.409982614233));
#9168=CARTESIAN_POINT('Ctrl Pts',(-6.00705675949322,0.351988625677338,21.4199095746396));
#9169=CARTESIAN_POINT('Ctrl Pts',(-5.99561661793123,0.564437638386443,21.4296951525721));
#9170=CARTESIAN_POINT('Ctrl Pts',(-5.97635129936751,0.825443067203,21.4391536626525));
#9171=CARTESIAN_POINT('Ctrl Pts',(-5.94149131614988,1.15771879812801,21.4478422737083));
#9172=CARTESIAN_POINT('Ctrl Pts',(-5.87738712885208,1.57318151685537,21.454706179358));
#9173=CARTESIAN_POINT('Ctrl Pts',(-5.77240535651992,2.00768216722644,21.4583321029928));
#9174=CARTESIAN_POINT('Ctrl Pts',(-5.69281286375728,2.21849129459656,21.4585786437627));
#9175=CARTESIAN_POINT('Ctrl Pts',(-5.64591841588086,2.33202450421324,21.4585786437627));
#9176=CARTESIAN_POINT('',(-6.05,-1.20312292521094E-15,21.6));
#9177=CARTESIAN_POINT('Ctrl Pts',(-6.01880376932915,-1.90819582357449E-16,
21.4));
#9178=CARTESIAN_POINT('Ctrl Pts',(-6.01404015959147,-3.51129567908569E-16,
21.4125487279535));
#9179=CARTESIAN_POINT('Ctrl Pts',(-6.00189570346844,-1.3446316574744E-15,
21.4367445845529));
#9180=CARTESIAN_POINT('Ctrl Pts',(-6.0256922670204,-1.0901619169122E-15,
21.4986937067433));
#9181=CARTESIAN_POINT('Ctrl Pts',(-6.05,-1.27831561021218E-15,21.5650934149601));
#9182=CARTESIAN_POINT('Ctrl Pts',(-6.05,-1.20312292521094E-15,21.6));
#9183=CARTESIAN_POINT('',(-5.59177648485492,2.30966139150818,21.6));
#9184=CARTESIAN_POINT('Ctrl Pts',(-6.05,-9.08832545958704E-16,21.6));
#9185=CARTESIAN_POINT('Ctrl Pts',(-6.05,0.171012445488795,21.6));
#9186=CARTESIAN_POINT('Ctrl Pts',(-6.04274476800464,0.342024743643875,21.6));
#9187=CARTESIAN_POINT('Ctrl Pts',(-6.02826036196767,0.512422685221274,21.6));
#9188=CARTESIAN_POINT('Ctrl Pts',(-6.01377469215252,0.682835494181007,21.6));
#9189=CARTESIAN_POINT('Ctrl Pts',(-5.9920586109469,0.852633545589591,21.6));
#9190=CARTESIAN_POINT('Ctrl Pts',(-5.96319012761155,1.02120688499253,21.6));
#9191=CARTESIAN_POINT('Ctrl Pts',(-5.93432366808816,1.1897684066378,21.6));
#9192=CARTESIAN_POINT('Ctrl Pts',(-5.89830585957918,1.35710509759512,21.6));
#9193=CARTESIAN_POINT('Ctrl Pts',(-5.85526606838594,1.52261592938213,21.6));
#9194=CARTESIAN_POINT('Ctrl Pts',(-5.81222452357502,1.68813350475953,21.6));
#9195=CARTESIAN_POINT('Ctrl Pts',(-5.76216049769365,1.85182478684065,21.6));
#9196=CARTESIAN_POINT('Ctrl Pts',(-5.70525382192353,2.01310179261432,21.6));
#9197=CARTESIAN_POINT('Ctrl Pts',(-5.6700311386461,2.11292503509725,21.6));
#9198=CARTESIAN_POINT('Ctrl Pts',(-5.63218798911649,2.2118236304934,21.6));
#9199=CARTESIAN_POINT('Ctrl Pts',(-5.59177648485492,2.30966139150818,21.6));
#9200=CARTESIAN_POINT('Origin',(-5.77662860005674,2.38601383420266,21.6));
#9201=CARTESIAN_POINT('Ctrl Pts',(-6.01880376932915,-1.90819582357449E-16,
21.4));
#9202=CARTESIAN_POINT('Ctrl Pts',(-6.01404015959147,-3.51129567908569E-16,
21.4125487279535));
#9203=CARTESIAN_POINT('Ctrl Pts',(-6.00189570346844,-1.3446316574744E-15,
21.4367445845529));
#9204=CARTESIAN_POINT('Ctrl Pts',(-6.0256922670204,-1.0901619169122E-15,
21.4986937067433));
#9205=CARTESIAN_POINT('Ctrl Pts',(-6.05,-1.27831561021218E-15,21.5650934149601));
#9206=CARTESIAN_POINT('Ctrl Pts',(-6.05,-1.20312292521094E-15,21.6));
#9207=CARTESIAN_POINT('Ctrl Pts',(-6.01754062654848,-0.056121990764983,
21.4033274839867));
#9208=CARTESIAN_POINT('Ctrl Pts',(-6.01301543196477,-0.0538432344690983,
21.4155064914973));
#9209=CARTESIAN_POINT('Ctrl Pts',(-6.00151676891508,-0.0530727991682959,
21.4394690215778));
#9210=CARTESIAN_POINT('Ctrl Pts',(-6.02795105752016,-0.0646453719729678,
21.5017071971657));
#9211=CARTESIAN_POINT('Ctrl Pts',(-6.05,-0.0838647040425262,21.5661218600847));
#9212=CARTESIAN_POINT('Ctrl Pts',(-6.05,-0.115699599825331,21.6));
#9213=CARTESIAN_POINT('Ctrl Pts',(-6.01435859958081,-0.168816538998579,
21.409982614233));
#9214=CARTESIAN_POINT('Ctrl Pts',(-6.01039028352973,-0.164078865157763,
21.4215154776711));
#9215=CARTESIAN_POINT('Ctrl Pts',(-6.00044774226095,-0.1649112426425,21.4450752557267));
#9216=CARTESIAN_POINT('Ctrl Pts',(-6.0307909368528,-0.199454978806316,21.5076519535665));
#9217=CARTESIAN_POINT('Ctrl Pts',(-6.0470945654748,-0.258952223491936,21.5678022386893));
#9218=CARTESIAN_POINT('Ctrl Pts',(-6.04348361037539,-0.347905281940018,
21.6));
#9219=CARTESIAN_POINT('Ctrl Pts',(-6.00705675949322,-0.351988625677337,
21.4199095746396));
#9220=CARTESIAN_POINT('Ctrl Pts',(-6.003978036106,-0.348215443093904,21.4307250865404));
#9221=CARTESIAN_POINT('Ctrl Pts',(-5.9965822960884,-0.359597356771687,21.4539821239481));
#9222=CARTESIAN_POINT('Ctrl Pts',(-6.02734629948412,-0.430293596042335,
21.5158383243448));
#9223=CARTESIAN_POINT('Ctrl Pts',(-6.02897405543159,-0.55770587806383,21.5695367753864));
#9224=CARTESIAN_POINT('Ctrl Pts',(-6.01186279946325,-0.71136650480418,21.6));
#9225=CARTESIAN_POINT('Ctrl Pts',(-5.99561661793124,-0.564437638386444,
21.4296951525721));
#9226=CARTESIAN_POINT('Ctrl Pts',(-5.99317403213472,-0.565355917162425,
21.440025317353));
#9227=CARTESIAN_POINT('Ctrl Pts',(-5.98753256147732,-0.593853846984459,
21.4632787467049));
#9228=CARTESIAN_POINT('Ctrl Pts',(-6.01117814282334,-0.702636562896634,
21.522760812338));
#9229=CARTESIAN_POINT('Ctrl Pts',(-5.99002524399343,-0.894281027793147,
21.5708869595635));
#9230=CARTESIAN_POINT('Ctrl Pts',(-5.95662191157149,-1.08022841486868,21.6));
#9231=CARTESIAN_POINT('Ctrl Pts',(-5.97635129936751,-0.825443067202998,
21.4391536626525));
#9232=CARTESIAN_POINT('Ctrl Pts',(-5.97375079025002,-0.83384766674489,21.4491925961786));
#9233=CARTESIAN_POINT('Ctrl Pts',(-5.96768563551243,-0.881928897811044,
21.4725463794454));
#9234=CARTESIAN_POINT('Ctrl Pts',(-5.97387441361086,-1.02424857476276,21.5280402247092));
#9235=CARTESIAN_POINT('Ctrl Pts',(-5.92565330904013,-1.25227739937901,21.5722545474249));
#9236=CARTESIAN_POINT('Ctrl Pts',(-5.8814079763946,-1.43215007076024,21.6));
#9237=CARTESIAN_POINT('Ctrl Pts',(-5.94149131614988,-1.15771879812801,21.4478422737083));
#9238=CARTESIAN_POINT('Ctrl Pts',(-5.93720339753212,-1.17364381491826,21.4577049833413));
#9239=CARTESIAN_POINT('Ctrl Pts',(-5.9271388658519,-1.23276262935113,21.4809170264551));
#9240=CARTESIAN_POINT('Ctrl Pts',(-5.90600843940713,-1.38557739196413,21.5318498095492));
#9241=CARTESIAN_POINT('Ctrl Pts',(-5.83962901186088,-1.60050681426479,21.5739664531486));
#9242=CARTESIAN_POINT('Ctrl Pts',(-5.79625131269027,-1.7420236457951,21.6));
#9243=CARTESIAN_POINT('Ctrl Pts',(-5.87738712885208,-1.57318151685537,21.454706179358));
#9244=CARTESIAN_POINT('Ctrl Pts',(-5.87005074369809,-1.58630177451662,21.4644576524645));
#9245=CARTESIAN_POINT('Ctrl Pts',(-5.85337477754563,-1.62768842080341,21.4874311684416));
#9246=CARTESIAN_POINT('Ctrl Pts',(-5.80718118771571,-1.75042729647805,21.5353288200413));
#9247=CARTESIAN_POINT('Ctrl Pts',(-5.74567106329818,-1.90376687267135,21.576210633601));
#9248=CARTESIAN_POINT('Ctrl Pts',(-5.71445059227965,-1.99117064783094,21.6));
#9249=CARTESIAN_POINT('Ctrl Pts',(-5.77240535651991,-2.00768216722644,21.4583321029928));
#9250=CARTESIAN_POINT('Ctrl Pts',(-5.76388062069984,-2.00228819813663,21.4685605457621));
#9251=CARTESIAN_POINT('Ctrl Pts',(-5.74340050556202,-2.0065234177404,21.4926546955181));
#9252=CARTESIAN_POINT('Ctrl Pts',(-5.69618633234537,-2.06626378416806,21.5399539444783));
#9253=CARTESIAN_POINT('Ctrl Pts',(-5.66083473858025,-2.13847677279568,21.5790370636773));
#9254=CARTESIAN_POINT('Ctrl Pts',(-5.64626978355296,-2.17512064983532,21.6));
#9255=CARTESIAN_POINT('Ctrl Pts',(-5.69281286375728,-2.21849129459657,21.4585786437627));
#9256=CARTESIAN_POINT('Ctrl Pts',(-5.68334436375077,-2.2113870100286,21.4700421524345));
#9257=CARTESIAN_POINT('Ctrl Pts',(-5.66247433047707,-2.20757412769803,21.4963603610007));
#9258=CARTESIAN_POINT('Ctrl Pts',(-5.63035618886615,-2.23001016342711,21.5447740528692));
#9259=CARTESIAN_POINT('Ctrl Pts',(-5.61513011982694,-2.25312136908215,21.5813052643961));
#9260=CARTESIAN_POINT('Ctrl Pts',(-5.61011228851285,-2.26526972608818,21.6));
#9261=CARTESIAN_POINT('Ctrl Pts',(-5.64591841588086,-2.33202450421324,21.4585786437627));
#9262=CARTESIAN_POINT('Ctrl Pts',(-5.63451180048207,-2.32731304636693,21.4709199852576));
#9263=CARTESIAN_POINT('Ctrl Pts',(-5.61470294990568,-2.31913107816589,21.4988509326881));
#9264=CARTESIAN_POINT('Ctrl Pts',(-5.59602380869908,-2.31141573199848,21.5476417577054));
#9265=CARTESIAN_POINT('Ctrl Pts',(-5.59177648485492,-2.30966139150818,21.5825467074801));
#9266=CARTESIAN_POINT('Ctrl Pts',(-5.59177648485492,-2.30966139150818,21.6));
#9267=CARTESIAN_POINT('',(-5.64591841588086,-2.33202450421324,21.4585786437627));
#9268=CARTESIAN_POINT('Ctrl Pts',(-6.01880376932915,-1.90819582357449E-16,
21.4));
#9269=CARTESIAN_POINT('Ctrl Pts',(-6.01754062654848,-0.056121990764983,
21.4033274839867));
#9270=CARTESIAN_POINT('Ctrl Pts',(-6.01435859958081,-0.168816538998579,
21.409982614233));
#9271=CARTESIAN_POINT('Ctrl Pts',(-6.00705675949322,-0.351988625677337,
21.4199095746396));
#9272=CARTESIAN_POINT('Ctrl Pts',(-5.99561661793124,-0.564437638386444,
21.4296951525721));
#9273=CARTESIAN_POINT('Ctrl Pts',(-5.97635129936751,-0.825443067202998,
21.4391536626525));
#9274=CARTESIAN_POINT('Ctrl Pts',(-5.94149131614988,-1.15771879812801,21.4478422737083));
#9275=CARTESIAN_POINT('Ctrl Pts',(-5.87738712885208,-1.57318151685537,21.454706179358));
#9276=CARTESIAN_POINT('Ctrl Pts',(-5.77240535651991,-2.00768216722644,21.4583321029928));
#9277=CARTESIAN_POINT('Ctrl Pts',(-5.69281286375728,-2.21849129459657,21.4585786437627));
#9278=CARTESIAN_POINT('Ctrl Pts',(-5.64591841588086,-2.33202450421324,21.4585786437627));
#9279=CARTESIAN_POINT('',(-5.59177648485492,-2.30966139150818,21.6));
#9280=CARTESIAN_POINT('Origin',(-5.77662860005674,-2.38601383420267,21.6));
#9281=CARTESIAN_POINT('Ctrl Pts',(-5.59177648485492,-2.30966139150818,21.6));
#9282=CARTESIAN_POINT('Ctrl Pts',(-5.65706257457606,-2.15160133013597,21.6));
#9283=CARTESIAN_POINT('Ctrl Pts',(-5.71564288314764,-1.99077163151271,21.6));
#9284=CARTESIAN_POINT('Ctrl Pts',(-5.76730701302851,-1.8277499329701,21.6));
#9285=CARTESIAN_POINT('Ctrl Pts',(-5.81897565065379,-1.6647140106294,21.6));
#9286=CARTESIAN_POINT('Ctrl Pts',(-5.86372681287906,-1.4994859866003,21.6));
#9287=CARTESIAN_POINT('Ctrl Pts',(-5.90139974302593,-1.33265939872629,21.6));
#9288=CARTESIAN_POINT('Ctrl Pts',(-5.93907003212908,-1.16584450615469,21.6));
#9289=CARTESIAN_POINT('Ctrl Pts',(-5.96966301722501,-0.997431561482197,
21.6));
#9290=CARTESIAN_POINT('Ctrl Pts',(-5.99306881652211,-0.828025458805658,
21.6));
#9291=CARTESIAN_POINT('Ctrl Pts',(-6.0164755694675,-0.658612453829452,21.6));
#9292=CARTESIAN_POINT('Ctrl Pts',(-6.03269451024248,-0.488206501829702,
21.6));
#9293=CARTESIAN_POINT('Ctrl Pts',(-6.04166738002278,-0.317419705072985,
21.6));
#9294=CARTESIAN_POINT('Ctrl Pts',(-6.04722118449448,-0.211710327944169,
21.6));
#9295=CARTESIAN_POINT('Ctrl Pts',(-6.05,-0.105855170667626,21.6));
#9296=CARTESIAN_POINT('Ctrl Pts',(-6.05,-9.08832545958704E-16,21.6));
#9297=CARTESIAN_POINT('Ctrl Pts',(-6.01880376932915,-1.90819582357449E-16,
21.4));
#9298=CARTESIAN_POINT('Ctrl Pts',(-6.01754062654848,-0.056121990764983,
21.4033274839867));
#9299=CARTESIAN_POINT('Ctrl Pts',(-6.01435859958081,-0.168816538998579,
21.409982614233));
#9300=CARTESIAN_POINT('Ctrl Pts',(-6.00705675949322,-0.351988625677337,
21.4199095746396));
#9301=CARTESIAN_POINT('Ctrl Pts',(-5.99561661793124,-0.564437638386444,
21.4296951525721));
#9302=CARTESIAN_POINT('Ctrl Pts',(-5.97635129936751,-0.825443067202998,
21.4391536626525));
#9303=CARTESIAN_POINT('Ctrl Pts',(-5.94149131614988,-1.15771879812801,21.4478422737083));
#9304=CARTESIAN_POINT('Ctrl Pts',(-5.87738712885208,-1.57318151685537,21.454706179358));
#9305=CARTESIAN_POINT('Ctrl Pts',(-5.77240535651991,-2.00768216722644,21.4583321029928));
#9306=CARTESIAN_POINT('Ctrl Pts',(-5.69281286375728,-2.21849129459657,21.4585786437627));
#9307=CARTESIAN_POINT('Ctrl Pts',(-5.64591841588086,-2.33202450421324,21.4585786437627));
#9308=CARTESIAN_POINT('Ctrl Pts',(-6.01880376932915,-0.211649281299243,
21.4));
#9309=CARTESIAN_POINT('Ctrl Pts',(-6.01665444682722,-0.261839682319147,
21.4031743407649));
#9310=CARTESIAN_POINT('Ctrl Pts',(-6.01173130451979,-0.365497712941135,
21.4094082536344));
#9311=CARTESIAN_POINT('Ctrl Pts',(-6.0014645750866,-0.541119502155878,21.4183976365341));
#9312=CARTESIAN_POINT('Ctrl Pts',(-5.9862880957594,-0.749196196744857,21.4269442161162));
#9313=CARTESIAN_POINT('Ctrl Pts',(-5.96225743042701,-1.00482812538685,21.4348486083122));
#9314=CARTESIAN_POINT('Ctrl Pts',(-5.92224778061587,-1.32325495253877,21.4416686970742));
#9315=CARTESIAN_POINT('Ctrl Pts',(-5.85578719762016,-1.70186620443403,21.446481444981));
#9316=CARTESIAN_POINT('Ctrl Pts',(-5.76166502102587,-2.06704565415979,21.4482114058923));
#9317=CARTESIAN_POINT('Ctrl Pts',(-5.69491261218748,-2.24343560192227,21.4471151350909));
#9318=CARTESIAN_POINT('Ctrl Pts',(-5.65732503127965,-2.33673596205954,21.4462373022678));
#9319=CARTESIAN_POINT('Ctrl Pts',(-6.01113658543742,-0.612265851673042,
21.4));
#9320=CARTESIAN_POINT('Ctrl Pts',(-6.0075736111378,-0.657079127726256,21.4026533389357));
#9321=CARTESIAN_POINT('Ctrl Pts',(-5.99947974077087,-0.753851049688756,
21.4077044062654));
#9322=CARTESIAN_POINT('Ctrl Pts',(-5.98295884745677,-0.926202801199137,
21.4144576780298));
#9323=CARTESIAN_POINT('Ctrl Pts',(-5.95979221151807,-1.13171800118122,21.4203075875744));
#9324=CARTESIAN_POINT('Ctrl Pts',(-5.92647190809279,-1.37587784364349,21.4251201457708));
#9325=CARTESIAN_POINT('Ctrl Pts',(-5.87848528830675,-1.65699717861104,21.4285989058195));
#9326=CARTESIAN_POINT('Ctrl Pts',(-5.81455320835079,-1.94578919807444,21.4301377150257));
#9327=CARTESIAN_POINT('Ctrl Pts',(-5.74510893500292,-2.18197341876591,21.4289888256414));
#9328=CARTESIAN_POINT('Ctrl Pts',(-5.70304208800846,-2.29269258414231,21.4263701717178));
#9329=CARTESIAN_POINT('Ctrl Pts',(-5.68314050484024,-2.34739894237499,21.424805196333));
#9330=CARTESIAN_POINT('Ctrl Pts',(-5.93950082338145,-1.5702633937921,21.4));
#9331=CARTESIAN_POINT('Ctrl Pts',(-5.93284724459694,-1.60801176072566,21.401319138505));
#9332=CARTESIAN_POINT('Ctrl Pts',(-5.91857682298445,-1.68538538309563,21.4036321410509));
#9333=CARTESIAN_POINT('Ctrl Pts',(-5.89379076236964,-1.80599155415316,21.4062537535346));
#9334=CARTESIAN_POINT('Ctrl Pts',(-5.86513292484641,-1.92979253884562,21.4080981978565));
#9335=CARTESIAN_POINT('Ctrl Pts',(-5.83277583981199,-2.05214782300027,21.4091326532517));
#9336=CARTESIAN_POINT('Ctrl Pts',(-5.79893195307801,-2.16174074402401,21.4092203643042));
#9337=CARTESIAN_POINT('Ctrl Pts',(-5.7683096346356,-2.24622742722101,21.4082825305421));
#9338=CARTESIAN_POINT('Ctrl Pts',(-5.74463616218483,-2.30686304258172,21.4065417224764));
#9339=CARTESIAN_POINT('Ctrl Pts',(-5.73295031682672,-2.34709999886419,21.4052498703136));
#9340=CARTESIAN_POINT('Ctrl Pts',(-5.72823594087469,-2.36602543573074,21.4045953748915));
#9341=CARTESIAN_POINT('Ctrl Pts',(-5.85776534011738,-2.17131817579418,21.4));
#9342=CARTESIAN_POINT('Ctrl Pts',(-5.8533689655469,-2.17608561488404,21.4));
#9343=CARTESIAN_POINT('Ctrl Pts',(-5.84408848052773,-2.18857172361023,21.4));
#9344=CARTESIAN_POINT('Ctrl Pts',(-5.82905254772415,-2.21386977846908,21.4));
#9345=CARTESIAN_POINT('Ctrl Pts',(-5.8136158845655,-2.24309954815095,21.4));
#9346=CARTESIAN_POINT('Ctrl Pts',(-5.79873542075157,-2.27366785919016,21.4));
#9347=CARTESIAN_POINT('Ctrl Pts',(-5.78539552457363,-2.30350360156725,21.4));
#9348=CARTESIAN_POINT('Ctrl Pts',(-5.77434542838241,-2.33142888313084,21.4));
#9349=CARTESIAN_POINT('Ctrl Pts',(-5.7659273859724,-2.3570429450545,21.4));
#9350=CARTESIAN_POINT('Ctrl Pts',(-5.76204239177641,-2.37235800826456,21.4));
#9351=CARTESIAN_POINT('Ctrl Pts',(-5.760497209859,-2.37935082661787,21.4));
#9352=CARTESIAN_POINT('Ctrl Pts',(-5.81986433173781,-2.35987272401785,21.4));
#9353=CARTESIAN_POINT('Ctrl Pts',(-5.81736611533572,-2.3593967739174,21.4));
#9354=CARTESIAN_POINT('Ctrl Pts',(-5.81230836706992,-2.35876845191239,21.4));
#9355=CARTESIAN_POINT('Ctrl Pts',(-5.80496340727485,-2.35891526047208,21.4));
#9356=CARTESIAN_POINT('Ctrl Pts',(-5.79819125094634,-2.36028582154575,21.4));
#9357=CARTESIAN_POINT('Ctrl Pts',(-5.79221826640736,-2.3629875761164,21.4));
#9358=CARTESIAN_POINT('Ctrl Pts',(-5.78715623571258,-2.3670600652689,21.4));
#9359=CARTESIAN_POINT('Ctrl Pts',(-5.78299241824864,-2.37243353925656,21.4));
#9360=CARTESIAN_POINT('Ctrl Pts',(-5.77957961433439,-2.37888756656761,21.4));
#9361=CARTESIAN_POINT('Ctrl Pts',(-5.77761077243988,-2.38363595818313,21.4));
#9362=CARTESIAN_POINT('Ctrl Pts',(-5.77662860005674,-2.38601383420267,21.4));
#9363=CARTESIAN_POINT('',(-5.81986433173781,-2.35987272401785,21.4));
#9364=CARTESIAN_POINT('Ctrl Pts',(-6.01880376932915,-1.90819582357449E-16,
21.4));
#9365=CARTESIAN_POINT('Ctrl Pts',(-6.01880376932915,-0.211649281299243,
21.4));
#9366=CARTESIAN_POINT('Ctrl Pts',(-6.01113658543742,-0.612265851673042,
21.4));
#9367=CARTESIAN_POINT('Ctrl Pts',(-5.93950082338145,-1.5702633937921,21.4));
#9368=CARTESIAN_POINT('Ctrl Pts',(-5.85776534011738,-2.17131817579418,21.4));
#9369=CARTESIAN_POINT('Ctrl Pts',(-5.81986433173781,-2.35987272401785,21.4));
#9370=CARTESIAN_POINT('',(-5.77662860005674,-2.38601383420267,21.4));
#9371=CARTESIAN_POINT('Ctrl Pts',(-5.81986433173781,-2.35987272401785,21.4));
#9372=CARTESIAN_POINT('Ctrl Pts',(-5.81650706820926,-2.35923311172793,21.4));
#9373=CARTESIAN_POINT('Ctrl Pts',(-5.8130963372461,-2.35888532166327,21.4));
#9374=CARTESIAN_POINT('Ctrl Pts',(-5.80979774020568,-2.3588784734342,21.4));
#9375=CARTESIAN_POINT('Ctrl Pts',(-5.80662268717887,-2.3588718816953,21.4));
#9376=CARTESIAN_POINT('Ctrl Pts',(-5.80355164607434,-2.35918293534594,21.4));
#9377=CARTESIAN_POINT('Ctrl Pts',(-5.8006856650682,-2.35985593688059,21.4));
#9378=CARTESIAN_POINT('Ctrl Pts',(-5.79798967589412,-2.3604890202289,21.4));
#9379=CARTESIAN_POINT('Ctrl Pts',(-5.795475026314,-2.36144352549432,21.4));
#9380=CARTESIAN_POINT('Ctrl Pts',(-5.79318407610208,-2.36273671053029,21.4));
#9381=CARTESIAN_POINT('Ctrl Pts',(-5.79107279288495,-2.36392847796762,21.4));
#9382=CARTESIAN_POINT('Ctrl Pts',(-5.78915124065115,-2.36540841087476,21.4));
#9383=CARTESIAN_POINT('Ctrl Pts',(-5.78741883532858,-2.36716196752543,21.4));
#9384=CARTESIAN_POINT('Ctrl Pts',(-5.78575004495084,-2.36885113254203,21.4));
#9385=CARTESIAN_POINT('Ctrl Pts',(-5.78425673986064,-2.37079469030468,21.4));
#9386=CARTESIAN_POINT('Ctrl Pts',(-5.78290739430241,-2.37294516971266,21.4));
#9387=CARTESIAN_POINT('Ctrl Pts',(-5.78162402339916,-2.3749905039737,21.4));
#9388=CARTESIAN_POINT('Ctrl Pts',(-5.78047077859532,-2.37722327121856,21.4));
#9389=CARTESIAN_POINT('Ctrl Pts',(-5.77939296656439,-2.37956576436226,21.4));
#9390=CARTESIAN_POINT('Ctrl Pts',(-5.77843114055221,-2.38165617602435,21.4));
#9391=CARTESIAN_POINT('Ctrl Pts',(-5.77752908253706,-2.38383373248863,21.4));
#9392=CARTESIAN_POINT('Ctrl Pts',(-5.77662860005674,-2.38601383420267,21.4));
#9393=CARTESIAN_POINT('Origin',(-5.77662860005674,-2.38601383420267,21.6));
#9394=CARTESIAN_POINT('Ctrl Pts',(-6.01880376932915,-1.90819582357449E-16,
21.4));
#9395=CARTESIAN_POINT('Ctrl Pts',(-6.01880376932915,-0.211649281299243,
21.4));
#9396=CARTESIAN_POINT('Ctrl Pts',(-6.01113658543742,-0.612265851673042,
21.4));
#9397=CARTESIAN_POINT('Ctrl Pts',(-5.93950082338145,-1.5702633937921,21.4));
#9398=CARTESIAN_POINT('Ctrl Pts',(-5.85776534011738,-2.17131817579418,21.4));
#9399=CARTESIAN_POINT('Ctrl Pts',(-5.81986433173781,-2.35987272401785,21.4));
#9400=CARTESIAN_POINT('Ctrl Pts',(-6.02217215007758,-0.149658642039954,
21.3911267093688));
#9401=CARTESIAN_POINT('Ctrl Pts',(-6.01949895326772,-0.343868019983863,
21.3915350912935));
#9402=CARTESIAN_POINT('Ctrl Pts',(-6.00834323504945,-0.724624292867909,
21.3929244295048));
#9403=CARTESIAN_POINT('Ctrl Pts',(-5.93508488774041,-1.6654105663513,21.3964822973199));
#9404=CARTESIAN_POINT('Ctrl Pts',(-5.86353343674108,-2.188233493704,21.4));
#9405=CARTESIAN_POINT('Ctrl Pts',(-5.82652624214337,-2.36114192428571,21.4));
#9406=CARTESIAN_POINT('Ctrl Pts',(-6.02587684860716,-0.436680793996771,
21.3736986336023));
#9407=CARTESIAN_POINT('Ctrl Pts',(-6.01960445763623,-0.613594711959858,
21.3755768783873));
#9408=CARTESIAN_POINT('Ctrl Pts',(-6.00066862781885,-0.973670851731751,
21.3807432713202));
#9409=CARTESIAN_POINT('Ctrl Pts',(-5.92650754333004,-1.88185129831625,21.3916328543634));
#9410=CARTESIAN_POINT('Ctrl Pts',(-5.87049588080141,-2.24322930996016,21.4));
#9411=CARTESIAN_POINT('Ctrl Pts',(-5.83929731353488,-2.36589449614318,21.4));
#9412=CARTESIAN_POINT('Ctrl Pts',(-6.00569333508111,-1.13825092975631,21.3468686674265));
#9413=CARTESIAN_POINT('Ctrl Pts',(-5.9945030520965,-1.31159142186653,21.3538145399106));
#9414=CARTESIAN_POINT('Ctrl Pts',(-5.96710523226881,-1.69862784066078,21.3682075861048));
#9415=CARTESIAN_POINT('Ctrl Pts',(-5.9156438865946,-2.25483616402903,21.3899316780358));
#9416=CARTESIAN_POINT('Ctrl Pts',(-5.87497473159149,-2.33515996707213,21.4));
#9417=CARTESIAN_POINT('Ctrl Pts',(-5.84965639846605,-2.37964141861342,21.4));
#9418=CARTESIAN_POINT('Ctrl Pts',(-5.99142135623731,-1.93978154696143,21.3414213562373));
#9419=CARTESIAN_POINT('Ctrl Pts',(-5.98142090227074,-2.04761475282381,21.3514218102039));
#9420=CARTESIAN_POINT('Ctrl Pts',(-5.95779059181159,-2.22719104937596,21.3710215359742));
#9421=CARTESIAN_POINT('Ctrl Pts',(-5.91000545519106,-2.35147762356326,21.3936593039827));
#9422=CARTESIAN_POINT('Ctrl Pts',(-5.87076380741048,-2.3814376227916,21.4));
#9423=CARTESIAN_POINT('Ctrl Pts',(-5.85,-2.39310917541957,21.4));
#9424=CARTESIAN_POINT('Ctrl Pts',(-5.99142135623731,-2.39996979771956,21.3414213562373));
#9425=CARTESIAN_POINT('Ctrl Pts',(-5.97908001474242,-2.39996979771956,21.3537626977322));
#9426=CARTESIAN_POINT('Ctrl Pts',(-5.95114906731192,-2.39996979771956,21.375194803667));
#9427=CARTESIAN_POINT('Ctrl Pts',(-5.90235824229462,-2.39996979771956,21.3954046251085));
#9428=CARTESIAN_POINT('Ctrl Pts',(-5.86745329251994,-2.39996979771956,21.4));
#9429=CARTESIAN_POINT('Ctrl Pts',(-5.85,-2.39996979771956,21.4));
#9430=CARTESIAN_POINT('',(-5.99142135623731,-2.39996979771956,21.3414213562373));
#9431=CARTESIAN_POINT('Ctrl Pts',(-6.01880376932915,-1.90819582357449E-16,
21.4));
#9432=CARTESIAN_POINT('Ctrl Pts',(-6.02217215007758,-0.149658642039954,
21.3911267093688));
#9433=CARTESIAN_POINT('Ctrl Pts',(-6.02587684860716,-0.436680793996771,
21.3736986336023));
#9434=CARTESIAN_POINT('Ctrl Pts',(-6.00569333508111,-1.13825092975631,21.3468686674265));
#9435=CARTESIAN_POINT('Ctrl Pts',(-5.99142135623731,-1.93978154696143,21.3414213562373));
#9436=CARTESIAN_POINT('Ctrl Pts',(-5.99142135623731,-2.39996979771956,21.3414213562373));
#9437=CARTESIAN_POINT('',(-5.85,-2.39996979771956,21.4));
#9438=CARTESIAN_POINT('Origin',(-5.85,-2.39996979771956,21.2));
#9439=CARTESIAN_POINT('Ctrl Pts',(-5.85,-2.39996979771956,21.4));
#9440=CARTESIAN_POINT('Ctrl Pts',(-5.85,-2.39734485915006,21.4));
#9441=CARTESIAN_POINT('Ctrl Pts',(-5.84999622805825,-2.39472276592061,21.4));
#9442=CARTESIAN_POINT('Ctrl Pts',(-5.84987122456209,-2.39218232058286,21.4));
#9443=CARTESIAN_POINT('Ctrl Pts',(-5.84974178296312,-2.38955167970722,21.4));
#9444=CARTESIAN_POINT('Ctrl Pts',(-5.8494824342231,-2.38700826670099,21.4));
#9445=CARTESIAN_POINT('Ctrl Pts',(-5.84901061996362,-2.38460570262142,21.4));
#9446=CARTESIAN_POINT('Ctrl Pts',(-5.84851911301927,-2.38210285980639,21.4));
#9447=CARTESIAN_POINT('Ctrl Pts',(-5.84779713977831,-2.37975244650155,21.4));
#9448=CARTESIAN_POINT('Ctrl Pts',(-5.84680100537117,-2.37758469878557,21.4));
#9449=CARTESIAN_POINT('Ctrl Pts',(-5.84570980966828,-2.37521008249316,21.4));
#9450=CARTESIAN_POINT('Ctrl Pts',(-5.84428939852451,-2.37305415944061,21.4));
#9451=CARTESIAN_POINT('Ctrl Pts',(-5.84254235066424,-2.37112792773249,21.4));
#9452=CARTESIAN_POINT('Ctrl Pts',(-5.8407188623022,-2.36911741549511,21.4));
#9453=CARTESIAN_POINT('Ctrl Pts',(-5.83853995792459,-2.36735603402352,21.4));
#9454=CARTESIAN_POINT('Ctrl Pts',(-5.83606888985706,-2.36583939277853,21.4));
#9455=CARTESIAN_POINT('Ctrl Pts',(-5.83344170345282,-2.36422693243747,21.4));
#9456=CARTESIAN_POINT('Ctrl Pts',(-5.83048480690803,-2.36288947426129,21.4));
#9457=CARTESIAN_POINT('Ctrl Pts',(-5.82733362787738,-2.36182464090485,21.4));
#9458=CARTESIAN_POINT('Ctrl Pts',(-5.82492970346502,-2.36101231673167,21.4));
#9459=CARTESIAN_POINT('Ctrl Pts',(-5.82241410483819,-2.36035849649226,21.4));
#9460=CARTESIAN_POINT('Ctrl Pts',(-5.81986433173781,-2.35987272401785,21.4));
#9461=CARTESIAN_POINT('Ctrl Pts',(-6.01880376932915,-1.90819582357449E-16,
21.4));
#9462=CARTESIAN_POINT('Ctrl Pts',(-6.02217215007758,-0.149658642039954,
21.3911267093688));
#9463=CARTESIAN_POINT('Ctrl Pts',(-6.02587684860716,-0.436680793996771,
21.3736986336023));
#9464=CARTESIAN_POINT('Ctrl Pts',(-6.00569333508111,-1.13825092975631,21.3468686674265));
#9465=CARTESIAN_POINT('Ctrl Pts',(-5.99142135623731,-1.93978154696143,21.3414213562373));
#9466=CARTESIAN_POINT('Ctrl Pts',(-5.99142135623731,-2.39996979771956,21.3414213562373));
#9467=CARTESIAN_POINT('Ctrl Pts',(-6.02356737906682,-5.64291582948245E-17,
21.3874512720465));
#9468=CARTESIAN_POINT('Ctrl Pts',(-6.02682300450394,-0.141959627882472,
21.3795639025965));
#9469=CARTESIAN_POINT('Ctrl Pts',(-6.03017802161902,-0.425220057040906,
21.3634016239023));
#9470=CARTESIAN_POINT('Ctrl Pts',(-6.01062726939204,-1.15310140147633,21.3372351224413));
#9471=CARTESIAN_POINT('Ctrl Pts',(-6.00142181020388,-1.90425994837314,21.3314209022707));
#9472=CARTESIAN_POINT('Ctrl Pts',(-6.00376269773219,-2.39996979771956,21.3290800147424));
#9473=CARTESIAN_POINT('Ctrl Pts',(-6.0344777378641,-4.04087412539359E-17,
21.3632554154471));
#9474=CARTESIAN_POINT('Ctrl Pts',(-6.03655249219759,-0.137725744016056,
21.3559902500472));
#9475=CARTESIAN_POINT('Ctrl Pts',(-6.03741876141485,-0.438146808989478,
21.340172629412));
#9476=CARTESIAN_POINT('Ctrl Pts',(-6.02057250467348,-1.18507147481558,21.3143305054415));
#9477=CARTESIAN_POINT('Ctrl Pts',(-6.02102153597416,-1.86777782107714,21.3077905918116));
#9478=CARTESIAN_POINT('Ctrl Pts',(-6.025194803667,-2.39996979771956,21.3011490673119));
#9479=CARTESIAN_POINT('Ctrl Pts',(-6.04325178446,5.25314131437012E-16,21.3013062932567));
#9480=CARTESIAN_POINT('Ctrl Pts',(-6.04361073750614,-0.156452009549488,
21.2932703187971));
#9481=CARTESIAN_POINT('Ctrl Pts',(-6.0416624444,-0.489928744487335,21.2773920890854));
#9482=CARTESIAN_POINT('Ctrl Pts',(-6.03932514769499,-1.2100809354372,21.2670333631767));
#9483=CARTESIAN_POINT('Ctrl Pts',(-6.04365930398272,-1.95784232634582,21.2600054551911));
#9484=CARTESIAN_POINT('Ctrl Pts',(-6.04540462510854,-2.39996979771956,21.2523582422946));
#9485=CARTESIAN_POINT('Ctrl Pts',(-6.05,2.15005820404028E-16,21.2349065850399));
#9486=CARTESIAN_POINT('Ctrl Pts',(-6.05,-0.192480190511138,21.2321640647077));
#9487=CARTESIAN_POINT('Ctrl Pts',(-6.05,-0.624741989941992,21.2294761782098));
#9488=CARTESIAN_POINT('Ctrl Pts',(-6.05,-1.44377505847715,21.2259751781351));
#9489=CARTESIAN_POINT('Ctrl Pts',(-6.05,-2.07235594185526,21.2207638074105));
#9490=CARTESIAN_POINT('Ctrl Pts',(-6.05,-2.39996979771956,21.2174532925199));
#9491=CARTESIAN_POINT('Ctrl Pts',(-6.05,2.77555756156289E-16,21.2));
#9492=CARTESIAN_POINT('Ctrl Pts',(-6.05,-0.266663310857728,21.2));
#9493=CARTESIAN_POINT('Ctrl Pts',(-6.05,-0.799989932573184,21.2));
#9494=CARTESIAN_POINT('Ctrl Pts',(-6.05,-1.59997986514637,21.2));
#9495=CARTESIAN_POINT('Ctrl Pts',(-6.05,-2.13330648686183,21.2));
#9496=CARTESIAN_POINT('Ctrl Pts',(-6.05,-2.39996979771956,21.2));
#9497=CARTESIAN_POINT('',(-6.05,2.77555756156289E-16,21.2));
#9498=CARTESIAN_POINT('Ctrl Pts',(-6.01880376932915,-1.90819582357449E-16,
21.4));
#9499=CARTESIAN_POINT('Ctrl Pts',(-6.02356737906682,-5.64291582948245E-17,
21.3874512720465));
#9500=CARTESIAN_POINT('Ctrl Pts',(-6.0344777378641,-4.04087412539359E-17,
21.3632554154471));
#9501=CARTESIAN_POINT('Ctrl Pts',(-6.04325178446,5.25314131437012E-16,21.3013062932567));
#9502=CARTESIAN_POINT('Ctrl Pts',(-6.05,2.15005820404028E-16,21.2349065850399));
#9503=CARTESIAN_POINT('Ctrl Pts',(-6.05,2.77555756156289E-16,21.2));
#9504=CARTESIAN_POINT('',(-6.05,-2.39996979771956,21.2));
#9505=CARTESIAN_POINT('',(-6.05,2.77555756156289E-16,21.2));
#9506=CARTESIAN_POINT('Origin',(-5.85,-2.39996979771956,21.2));
#9507=CARTESIAN_POINT('Ctrl Pts',(-6.01880376932915,-1.90819582357449E-16,
21.4));
#9508=CARTESIAN_POINT('Ctrl Pts',(-6.02356737906682,-5.64291582948245E-17,
21.3874512720465));
#9509=CARTESIAN_POINT('Ctrl Pts',(-6.0344777378641,-4.04087412539359E-17,
21.3632554154471));
#9510=CARTESIAN_POINT('Ctrl Pts',(-6.04325178446,5.25314131437012E-16,21.3013062932567));
#9511=CARTESIAN_POINT('Ctrl Pts',(-6.05,2.15005820404028E-16,21.2349065850399));
#9512=CARTESIAN_POINT('Ctrl Pts',(-6.05,2.77555756156289E-16,21.2));
#9513=CARTESIAN_POINT('Ctrl Pts',(-6.02217215007758,0.149658642039954,21.3911267093688));
#9514=CARTESIAN_POINT('Ctrl Pts',(-6.02682300450394,0.141959627882472,21.3795639025965));
#9515=CARTESIAN_POINT('Ctrl Pts',(-6.03655249219759,0.137725744016056,21.3559902500472));
#9516=CARTESIAN_POINT('Ctrl Pts',(-6.04361073750614,0.156452009549489,21.293270318797));
#9517=CARTESIAN_POINT('Ctrl Pts',(-6.05,0.192480190511138,21.2321640647077));
#9518=CARTESIAN_POINT('Ctrl Pts',(-6.05,0.266663310857729,21.2));
#9519=CARTESIAN_POINT('Ctrl Pts',(-6.02587684860716,0.43668079399677,21.3736986336023));
#9520=CARTESIAN_POINT('Ctrl Pts',(-6.03017802161902,0.425220057040906,21.3634016239023));
#9521=CARTESIAN_POINT('Ctrl Pts',(-6.03741876141485,0.438146808989477,21.340172629412));
#9522=CARTESIAN_POINT('Ctrl Pts',(-6.0416624444,0.489928744487335,21.2773920890854));
#9523=CARTESIAN_POINT('Ctrl Pts',(-6.05,0.624741989941994,21.2294761782098));
#9524=CARTESIAN_POINT('Ctrl Pts',(-6.05,0.799989932573187,21.2));
#9525=CARTESIAN_POINT('Ctrl Pts',(-6.00569333508111,1.13825092975631,21.3468686674265));
#9526=CARTESIAN_POINT('Ctrl Pts',(-6.01062726939204,1.15310140147633,21.3372351224413));
#9527=CARTESIAN_POINT('Ctrl Pts',(-6.02057250467349,1.18507147481558,21.3143305054415));
#9528=CARTESIAN_POINT('Ctrl Pts',(-6.03932514769499,1.21008093543721,21.2670333631766));
#9529=CARTESIAN_POINT('Ctrl Pts',(-6.05,1.44377505847715,21.2259751781351));
#9530=CARTESIAN_POINT('Ctrl Pts',(-6.05,1.59997986514637,21.2));
#9531=CARTESIAN_POINT('Ctrl Pts',(-5.99142135623731,1.93978154696143,21.3414213562373));
#9532=CARTESIAN_POINT('Ctrl Pts',(-6.00142181020388,1.90425994837315,21.3314209022707));
#9533=CARTESIAN_POINT('Ctrl Pts',(-6.02102153597416,1.86777782107714,21.3077905918116));
#9534=CARTESIAN_POINT('Ctrl Pts',(-6.04365930398272,1.95784232634582,21.2600054551911));
#9535=CARTESIAN_POINT('Ctrl Pts',(-6.05,2.07235594185526,21.2207638074105));
#9536=CARTESIAN_POINT('Ctrl Pts',(-6.05,2.13330648686183,21.2));
#9537=CARTESIAN_POINT('Ctrl Pts',(-5.99142135623731,2.39996979771956,21.3414213562373));
#9538=CARTESIAN_POINT('Ctrl Pts',(-6.00376269773219,2.39996979771956,21.3290800147424));
#9539=CARTESIAN_POINT('Ctrl Pts',(-6.025194803667,2.39996979771956,21.3011490673119));
#9540=CARTESIAN_POINT('Ctrl Pts',(-6.04540462510854,2.39996979771956,21.2523582422946));
#9541=CARTESIAN_POINT('Ctrl Pts',(-6.05,2.39996979771956,21.2174532925199));
#9542=CARTESIAN_POINT('Ctrl Pts',(-6.05,2.39996979771956,21.2));
#9543=CARTESIAN_POINT('',(-5.99142135623731,2.39996979771956,21.3414213562373));
#9544=CARTESIAN_POINT('Ctrl Pts',(-6.01880376932915,-1.90819582357449E-16,
21.4));
#9545=CARTESIAN_POINT('Ctrl Pts',(-6.02217215007758,0.149658642039954,21.3911267093688));
#9546=CARTESIAN_POINT('Ctrl Pts',(-6.02587684860716,0.43668079399677,21.3736986336023));
#9547=CARTESIAN_POINT('Ctrl Pts',(-6.00569333508111,1.13825092975631,21.3468686674265));
#9548=CARTESIAN_POINT('Ctrl Pts',(-5.99142135623731,1.93978154696143,21.3414213562373));
#9549=CARTESIAN_POINT('Ctrl Pts',(-5.99142135623731,2.39996979771956,21.3414213562373));
#9550=CARTESIAN_POINT('',(-6.05,2.39996979771956,21.2));
#9551=CARTESIAN_POINT('Origin',(-5.85,2.39996979771956,21.2));
#9552=CARTESIAN_POINT('',(-6.05,2.77555756156289E-16,21.2));
#9553=CARTESIAN_POINT('Ctrl Pts',(-6.01880376932915,-1.90819582357449E-16,
21.4));
#9554=CARTESIAN_POINT('Ctrl Pts',(-6.02217215007758,0.149658642039954,21.3911267093688));
#9555=CARTESIAN_POINT('Ctrl Pts',(-6.02587684860716,0.43668079399677,21.3736986336023));
#9556=CARTESIAN_POINT('Ctrl Pts',(-6.00569333508111,1.13825092975631,21.3468686674265));
#9557=CARTESIAN_POINT('Ctrl Pts',(-5.99142135623731,1.93978154696143,21.3414213562373));
#9558=CARTESIAN_POINT('Ctrl Pts',(-5.99142135623731,2.39996979771956,21.3414213562373));
#9559=CARTESIAN_POINT('Ctrl Pts',(-6.01880376932915,0.211649281299243,21.4));
#9560=CARTESIAN_POINT('Ctrl Pts',(-6.01949895326772,0.343868019983863,21.3915350912935));
#9561=CARTESIAN_POINT('Ctrl Pts',(-6.01960445763624,0.613594711959857,21.3755768783873));
#9562=CARTESIAN_POINT('Ctrl Pts',(-5.99450305209649,1.31159142186654,21.3538145399106));
#9563=CARTESIAN_POINT('Ctrl Pts',(-5.98142090227074,2.04761475282381,21.3514218102039));
#9564=CARTESIAN_POINT('Ctrl Pts',(-5.97908001474242,2.39996979771956,21.3537626977322));
#9565=CARTESIAN_POINT('Ctrl Pts',(-6.01113658543741,0.612265851673041,21.4));
#9566=CARTESIAN_POINT('Ctrl Pts',(-6.00834323504944,0.724624292867909,21.3929244295048));
#9567=CARTESIAN_POINT('Ctrl Pts',(-6.00066862781886,0.973670851731754,21.3807432713202));
#9568=CARTESIAN_POINT('Ctrl Pts',(-5.96710523226879,1.69862784066078,21.3682075861048));
#9569=CARTESIAN_POINT('Ctrl Pts',(-5.95779059181159,2.22719104937596,21.3710215359742));
#9570=CARTESIAN_POINT('Ctrl Pts',(-5.95114906731192,2.39996979771956,21.375194803667));
#9571=CARTESIAN_POINT('Ctrl Pts',(-5.93950082338145,1.5702633937921,21.4));
#9572=CARTESIAN_POINT('Ctrl Pts',(-5.93508488774041,1.6654105663513,21.3964822973199));
#9573=CARTESIAN_POINT('Ctrl Pts',(-5.92650754333002,1.88185129831625,21.3916328543634));
#9574=CARTESIAN_POINT('Ctrl Pts',(-5.91564388659463,2.25483616402903,21.3899316780358));
#9575=CARTESIAN_POINT('Ctrl Pts',(-5.91000545519106,2.35147762356326,21.3936593039827));
#9576=CARTESIAN_POINT('Ctrl Pts',(-5.90235824229462,2.39996979771956,21.3954046251085));
#9577=CARTESIAN_POINT('Ctrl Pts',(-5.85776534011738,2.17131817579418,21.4));
#9578=CARTESIAN_POINT('Ctrl Pts',(-5.86353343674108,2.188233493704,21.4));
#9579=CARTESIAN_POINT('Ctrl Pts',(-5.8704958808014,2.24322930996016,21.4));
#9580=CARTESIAN_POINT('Ctrl Pts',(-5.8749747315915,2.33515996707213,21.4));
#9581=CARTESIAN_POINT('Ctrl Pts',(-5.87076380741048,2.3814376227916,21.4));
#9582=CARTESIAN_POINT('Ctrl Pts',(-5.86745329251994,2.39996979771956,21.4));
#9583=CARTESIAN_POINT('Ctrl Pts',(-5.81986433173781,2.35987272401785,21.4));
#9584=CARTESIAN_POINT('Ctrl Pts',(-5.82652624214337,2.36114192428571,21.4));
#9585=CARTESIAN_POINT('Ctrl Pts',(-5.83929731353488,2.36589449614319,21.4));
#9586=CARTESIAN_POINT('Ctrl Pts',(-5.84965639846605,2.37964141861343,21.4));
#9587=CARTESIAN_POINT('Ctrl Pts',(-5.85,2.39310917541957,21.4));
#9588=CARTESIAN_POINT('Ctrl Pts',(-5.85,2.39996979771956,21.4));
#9589=CARTESIAN_POINT('',(-5.81986433173781,2.35987272401785,21.4));
#9590=CARTESIAN_POINT('Ctrl Pts',(-6.01880376932915,-1.90819582357449E-16,
21.4));
#9591=CARTESIAN_POINT('Ctrl Pts',(-6.01880376932915,0.211649281299243,21.4));
#9592=CARTESIAN_POINT('Ctrl Pts',(-6.01113658543741,0.612265851673041,21.4));
#9593=CARTESIAN_POINT('Ctrl Pts',(-5.93950082338145,1.5702633937921,21.4));
#9594=CARTESIAN_POINT('Ctrl Pts',(-5.85776534011738,2.17131817579418,21.4));
#9595=CARTESIAN_POINT('Ctrl Pts',(-5.81986433173781,2.35987272401785,21.4));
#9596=CARTESIAN_POINT('',(-5.85,2.39996979771956,21.4));
#9597=CARTESIAN_POINT('Ctrl Pts',(-5.81986433173781,2.35987272401785,21.4));
#9598=CARTESIAN_POINT('Ctrl Pts',(-5.82321015131417,2.36051015605221,21.4));
#9599=CARTESIAN_POINT('Ctrl Pts',(-5.82649576448113,2.36143571546651,21.4));
#9600=CARTESIAN_POINT('Ctrl Pts',(-5.82955069562458,2.36263203716506,21.4));
#9601=CARTESIAN_POINT('Ctrl Pts',(-5.83250556967663,2.36378917615738,21.4));
#9602=CARTESIAN_POINT('Ctrl Pts',(-5.83524376149614,2.36520132538601,21.4));
#9603=CARTESIAN_POINT('Ctrl Pts',(-5.83765328511127,2.36687326358309,21.4));
#9604=CARTESIAN_POINT('Ctrl Pts',(-5.83991519724817,2.36844277602794,21.4));
#9605=CARTESIAN_POINT('Ctrl Pts',(-5.8418871345328,2.37024240785894,21.4));
#9606=CARTESIAN_POINT('Ctrl Pts',(-5.84352230241464,2.37227436924569,21.4));
#9607=CARTESIAN_POINT('Ctrl Pts',(-5.84502337167421,2.37413969133779,21.4));
#9608=CARTESIAN_POINT('Ctrl Pts',(-5.84624069137296,2.37620141334089,21.4));
#9609=CARTESIAN_POINT('Ctrl Pts',(-5.84717945808786,2.37844787991798,21.4));
#9610=CARTESIAN_POINT('Ctrl Pts',(-5.84808248859595,2.38060882983483,21.4));
#9611=CARTESIAN_POINT('Ctrl Pts',(-5.84872760673204,2.38294121334942,21.4));
#9612=CARTESIAN_POINT('Ctrl Pts',(-5.84916066215385,2.38541400092733,21.4));
#9613=CARTESIAN_POINT('Ctrl Pts',(-5.84957181497412,2.38776172257073,21.4));
#9614=CARTESIAN_POINT('Ctrl Pts',(-5.84979181593578,2.39023628029609,21.4));
#9615=CARTESIAN_POINT('Ctrl Pts',(-5.84989874103843,2.3927868973732,21.4));
#9616=CARTESIAN_POINT('Ctrl Pts',(-5.8499972786089,2.39513743624361,21.4));
#9617=CARTESIAN_POINT('Ctrl Pts',(-5.85,2.397552587488,21.4));
#9618=CARTESIAN_POINT('Ctrl Pts',(-5.85,2.39996979771956,21.4));
#9619=CARTESIAN_POINT('Origin',(-5.85,2.39996979771956,21.2));
#9620=CARTESIAN_POINT('Ctrl Pts',(2.51534904016637E-16,-6.01880376932915,
21.4));
#9621=CARTESIAN_POINT('Ctrl Pts',(-0.0561219907649826,-6.01754062654848,
21.4033274839867));
#9622=CARTESIAN_POINT('Ctrl Pts',(-0.168816538998579,-6.0143585995808,21.409982614233));
#9623=CARTESIAN_POINT('Ctrl Pts',(-0.351988625677338,-6.00705675949322,
21.4199095746396));
#9624=CARTESIAN_POINT('Ctrl Pts',(-0.564437638386446,-5.99561661793124,
21.4296951525721));
#9625=CARTESIAN_POINT('Ctrl Pts',(-0.825443067202998,-5.97635129936751,
21.4391536626525));
#9626=CARTESIAN_POINT('Ctrl Pts',(-1.15771879812801,-5.94149131614988,21.4478422737083));
#9627=CARTESIAN_POINT('Ctrl Pts',(-1.57318151685537,-5.87738712885207,21.454706179358));
#9628=CARTESIAN_POINT('Ctrl Pts',(-2.00768216722644,-5.77240535651992,21.4583321029928));
#9629=CARTESIAN_POINT('Ctrl Pts',(-2.21849129459656,-5.69281286375728,21.4585786437627));
#9630=CARTESIAN_POINT('Ctrl Pts',(-2.33202450421324,-5.64591841588086,21.4585786437627));
#9631=CARTESIAN_POINT('Ctrl Pts',(2.41263747763371E-16,-6.01404015959147,
21.4125487279535));
#9632=CARTESIAN_POINT('Ctrl Pts',(-0.0538432344690978,-6.01301543196477,
21.4155064914973));
#9633=CARTESIAN_POINT('Ctrl Pts',(-0.164078865157763,-6.01039028352972,
21.4215154776711));
#9634=CARTESIAN_POINT('Ctrl Pts',(-0.348215443093905,-6.00397803610599,
21.4307250865404));
#9635=CARTESIAN_POINT('Ctrl Pts',(-0.565355917162428,-5.99317403213472,
21.440025317353));
#9636=CARTESIAN_POINT('Ctrl Pts',(-0.83384766674489,-5.97375079025002,21.4491925961786));
#9637=CARTESIAN_POINT('Ctrl Pts',(-1.17364381491826,-5.93720339753212,21.4577049833413));
#9638=CARTESIAN_POINT('Ctrl Pts',(-1.58630177451662,-5.87005074369808,21.4644576524645));
#9639=CARTESIAN_POINT('Ctrl Pts',(-2.00228819813663,-5.76388062069985,21.4685605457621));
#9640=CARTESIAN_POINT('Ctrl Pts',(-2.2113870100286,-5.68334436375077,21.4700421524345));
#9641=CARTESIAN_POINT('Ctrl Pts',(-2.32731304636693,-5.63451180048207,21.4709199852576));
#9642=CARTESIAN_POINT('Ctrl Pts',(-6.48118110679373E-15,-6.00189570346844,
21.4367445845529));
#9643=CARTESIAN_POINT('Ctrl Pts',(-0.0530727991683039,-6.00151676891508,
21.4394690215778));
#9644=CARTESIAN_POINT('Ctrl Pts',(-0.164911242642489,-6.00044774226095,
21.4450752557267));
#9645=CARTESIAN_POINT('Ctrl Pts',(-0.35959735677169,-5.9965822960884,21.4539821239481));
#9646=CARTESIAN_POINT('Ctrl Pts',(-0.593853846984461,-5.98753256147732,
21.4632787467049));
#9647=CARTESIAN_POINT('Ctrl Pts',(-0.881928897811046,-5.96768563551242,
21.4725463794454));
#9648=CARTESIAN_POINT('Ctrl Pts',(-1.23276262935113,-5.9271388658519,21.4809170264551));
#9649=CARTESIAN_POINT('Ctrl Pts',(-1.6276884208034,-5.85337477754563,21.4874311684416));
#9650=CARTESIAN_POINT('Ctrl Pts',(-2.0065234177404,-5.74340050556201,21.4926546955181));
#9651=CARTESIAN_POINT('Ctrl Pts',(-2.20757412769803,-5.66247433047707,21.4963603610007));
#9652=CARTESIAN_POINT('Ctrl Pts',(-2.31913107816588,-5.61470294990568,21.4988509326881));
#9653=CARTESIAN_POINT('Ctrl Pts',(1.11853135363619E-14,-6.0256922670204,
21.4986937067433));
#9654=CARTESIAN_POINT('Ctrl Pts',(-0.0646453719729518,-6.02795105752016,
21.5017071971657));
#9655=CARTESIAN_POINT('Ctrl Pts',(-0.199454978806323,-6.0307909368528,21.5076519535665));
#9656=CARTESIAN_POINT('Ctrl Pts',(-0.430293596042337,-6.02734629948412,
21.5158383243448));
#9657=CARTESIAN_POINT('Ctrl Pts',(-0.702636562896651,-6.01117814282334,
21.522760812338));
#9658=CARTESIAN_POINT('Ctrl Pts',(-1.02424857476275,-5.97387441361086,21.5280402247092));
#9659=CARTESIAN_POINT('Ctrl Pts',(-1.38557739196415,-5.90600843940713,21.5318498095492));
#9660=CARTESIAN_POINT('Ctrl Pts',(-1.75042729647805,-5.8071811877157,21.5353288200413));
#9661=CARTESIAN_POINT('Ctrl Pts',(-2.06626378416805,-5.69618633234538,21.5399539444783));
#9662=CARTESIAN_POINT('Ctrl Pts',(-2.2300101634271,-5.63035618886615,21.5447740528692));
#9663=CARTESIAN_POINT('Ctrl Pts',(-2.31141573199848,-5.59602380869909,21.5476417577054));
#9664=CARTESIAN_POINT('Ctrl Pts',(5.30266387413115E-16,-6.05,21.5650934149601));
#9665=CARTESIAN_POINT('Ctrl Pts',(-0.0838647040425251,-6.05,21.5661218600847));
#9666=CARTESIAN_POINT('Ctrl Pts',(-0.258952223491942,-6.0470945654748,21.5678022386893));
#9667=CARTESIAN_POINT('Ctrl Pts',(-0.557705878063828,-6.02897405543159,
21.5695367753864));
#9668=CARTESIAN_POINT('Ctrl Pts',(-0.894281027793143,-5.99002524399342,
21.5708869595635));
#9669=CARTESIAN_POINT('Ctrl Pts',(-1.25227739937903,-5.92565330904014,21.5722545474249));
#9670=CARTESIAN_POINT('Ctrl Pts',(-1.60050681426478,-5.83962901186088,21.5739664531486));
#9671=CARTESIAN_POINT('Ctrl Pts',(-1.90376687267136,-5.74567106329818,21.576210633601));
#9672=CARTESIAN_POINT('Ctrl Pts',(-2.13847677279567,-5.66083473858025,21.5790370636773));
#9673=CARTESIAN_POINT('Ctrl Pts',(-2.25312136908215,-5.61513011982694,21.5813052643961));
#9674=CARTESIAN_POINT('Ctrl Pts',(-2.30966139150818,-5.59177648485493,21.5825467074801));
#9675=CARTESIAN_POINT('Ctrl Pts',(4.62783584527326E-16,-6.05,21.6));
#9676=CARTESIAN_POINT('Ctrl Pts',(-0.11569959982533,-6.05,21.6));
#9677=CARTESIAN_POINT('Ctrl Pts',(-0.347905281940022,-6.04348361037539,
21.6));
#9678=CARTESIAN_POINT('Ctrl Pts',(-0.711366504804179,-6.01186279946325,
21.6));
#9679=CARTESIAN_POINT('Ctrl Pts',(-1.08022841486867,-5.95662191157149,21.6));
#9680=CARTESIAN_POINT('Ctrl Pts',(-1.43215007076025,-5.8814079763946,21.6));
#9681=CARTESIAN_POINT('Ctrl Pts',(-1.74202364579509,-5.79625131269028,21.6));
#9682=CARTESIAN_POINT('Ctrl Pts',(-1.99117064783095,-5.71445059227965,21.6));
#9683=CARTESIAN_POINT('Ctrl Pts',(-2.17512064983531,-5.64626978355296,21.6));
#9684=CARTESIAN_POINT('Ctrl Pts',(-2.26526972608818,-5.61011228851285,21.6));
#9685=CARTESIAN_POINT('Ctrl Pts',(-2.30966139150818,-5.59177648485493,21.6));
#9686=CARTESIAN_POINT('',(2.51534904016637E-16,-6.01880376932915,21.4));
#9687=CARTESIAN_POINT('',(-2.33202450421324,-5.64591841588086,21.4585786437627));
#9688=CARTESIAN_POINT('Ctrl Pts',(2.51534904016637E-16,-6.01880376932915,
21.4));
#9689=CARTESIAN_POINT('Ctrl Pts',(-0.0561219907649826,-6.01754062654848,
21.4033274839867));
#9690=CARTESIAN_POINT('Ctrl Pts',(-0.168816538998579,-6.0143585995808,21.409982614233));
#9691=CARTESIAN_POINT('Ctrl Pts',(-0.351988625677338,-6.00705675949322,
21.4199095746396));
#9692=CARTESIAN_POINT('Ctrl Pts',(-0.564437638386446,-5.99561661793124,
21.4296951525721));
#9693=CARTESIAN_POINT('Ctrl Pts',(-0.825443067202998,-5.97635129936751,
21.4391536626525));
#9694=CARTESIAN_POINT('Ctrl Pts',(-1.15771879812801,-5.94149131614988,21.4478422737083));
#9695=CARTESIAN_POINT('Ctrl Pts',(-1.57318151685537,-5.87738712885207,21.454706179358));
#9696=CARTESIAN_POINT('Ctrl Pts',(-2.00768216722644,-5.77240535651992,21.4583321029928));
#9697=CARTESIAN_POINT('Ctrl Pts',(-2.21849129459656,-5.69281286375728,21.4585786437627));
#9698=CARTESIAN_POINT('Ctrl Pts',(-2.33202450421324,-5.64591841588086,21.4585786437627));
#9699=CARTESIAN_POINT('',(4.62783584527326E-16,-6.05,21.6));
#9700=CARTESIAN_POINT('Ctrl Pts',(2.51534904016637E-16,-6.01880376932915,
21.4));
#9701=CARTESIAN_POINT('Ctrl Pts',(2.41263747763371E-16,-6.01404015959147,
21.4125487279535));
#9702=CARTESIAN_POINT('Ctrl Pts',(-6.48118110679373E-15,-6.00189570346844,
21.4367445845529));
#9703=CARTESIAN_POINT('Ctrl Pts',(1.11853135363619E-14,-6.0256922670204,
21.4986937067433));
#9704=CARTESIAN_POINT('Ctrl Pts',(5.30266387413115E-16,-6.05,21.5650934149601));
#9705=CARTESIAN_POINT('Ctrl Pts',(4.62783584527326E-16,-6.05,21.6));
#9706=CARTESIAN_POINT('',(-2.30966139150818,-5.59177648485492,21.6));
#9707=CARTESIAN_POINT('Ctrl Pts',(1.71382551653851E-15,-6.05,21.6));
#9708=CARTESIAN_POINT('Ctrl Pts',(-0.171012445488735,-6.05,21.6));
#9709=CARTESIAN_POINT('Ctrl Pts',(-0.342024743643756,-6.04274476800464,
21.6));
#9710=CARTESIAN_POINT('Ctrl Pts',(-0.512422685221096,-6.02826036196769,
21.6));
#9711=CARTESIAN_POINT('Ctrl Pts',(-0.682835494180794,-6.01377469215254,
21.6));
#9712=CARTESIAN_POINT('Ctrl Pts',(-0.852633545589344,-5.99205861094693,
21.6));
#9713=CARTESIAN_POINT('Ctrl Pts',(-1.02120688499224,-5.9631901276116,21.6));
#9714=CARTESIAN_POINT('Ctrl Pts',(-1.18976840663753,-5.93432366808822,21.6));
#9715=CARTESIAN_POINT('Ctrl Pts',(-1.35710509759486,-5.89830585957924,21.6));
#9716=CARTESIAN_POINT('Ctrl Pts',(-1.52261592938189,-5.85526606838601,21.6));
#9717=CARTESIAN_POINT('Ctrl Pts',(-1.68813350475924,-5.8122245235751,21.6));
#9718=CARTESIAN_POINT('Ctrl Pts',(-1.85182478684032,-5.76216049769375,21.6));
#9719=CARTESIAN_POINT('Ctrl Pts',(-2.01310179261394,-5.70525382192366,21.6));
#9720=CARTESIAN_POINT('Ctrl Pts',(-2.112925035097,-5.67003113864619,21.6));
#9721=CARTESIAN_POINT('Ctrl Pts',(-2.21182363049327,-5.63218798911654,21.6));
#9722=CARTESIAN_POINT('Ctrl Pts',(-2.30966139150818,-5.59177648485492,21.6));
#9723=CARTESIAN_POINT('Origin',(-2.38601383420266,-5.77662860005674,21.6));
#9724=CARTESIAN_POINT('Ctrl Pts',(2.51534904016637E-16,-6.01880376932915,
21.4));
#9725=CARTESIAN_POINT('Ctrl Pts',(2.41263747763371E-16,-6.01404015959147,
21.4125487279535));
#9726=CARTESIAN_POINT('Ctrl Pts',(-6.48118110679373E-15,-6.00189570346844,
21.4367445845529));
#9727=CARTESIAN_POINT('Ctrl Pts',(1.11853135363619E-14,-6.0256922670204,
21.4986937067433));
#9728=CARTESIAN_POINT('Ctrl Pts',(5.30266387413115E-16,-6.05,21.5650934149601));
#9729=CARTESIAN_POINT('Ctrl Pts',(4.62783584527326E-16,-6.05,21.6));
#9730=CARTESIAN_POINT('Ctrl Pts',(0.0561219907649831,-6.01754062654848,
21.4033274839867));
#9731=CARTESIAN_POINT('Ctrl Pts',(0.0538432344690982,-6.01301543196477,
21.4155064914973));
#9732=CARTESIAN_POINT('Ctrl Pts',(0.0530727991682905,-6.00151676891508,
21.4394690215778));
#9733=CARTESIAN_POINT('Ctrl Pts',(0.0646453719729746,-6.02795105752016,
21.5017071971657));
#9734=CARTESIAN_POINT('Ctrl Pts',(0.0838647040425261,-6.05,21.5661218600847));
#9735=CARTESIAN_POINT('Ctrl Pts',(0.115699599825331,-6.05,21.6));
#9736=CARTESIAN_POINT('Ctrl Pts',(0.16881653899858,-6.0143585995808,21.409982614233));
#9737=CARTESIAN_POINT('Ctrl Pts',(0.164078865157764,-6.01039028352972,21.4215154776711));
#9738=CARTESIAN_POINT('Ctrl Pts',(0.164911242642498,-6.00044774226096,21.4450752557267));
#9739=CARTESIAN_POINT('Ctrl Pts',(0.199454978806313,-6.0307909368528,21.5076519535665));
#9740=CARTESIAN_POINT('Ctrl Pts',(0.258952223491943,-6.0470945654748,21.5678022386893));
#9741=CARTESIAN_POINT('Ctrl Pts',(0.347905281940023,-6.04348361037539,21.6));
#9742=CARTESIAN_POINT('Ctrl Pts',(0.351988625677338,-6.00705675949322,21.4199095746396));
#9743=CARTESIAN_POINT('Ctrl Pts',(0.348215443093905,-6.00397803610599,21.4307250865404));
#9744=CARTESIAN_POINT('Ctrl Pts',(0.359597356771689,-5.9965822960884,21.4539821239481));
#9745=CARTESIAN_POINT('Ctrl Pts',(0.430293596042341,-6.02734629948412,21.5158383243448));
#9746=CARTESIAN_POINT('Ctrl Pts',(0.557705878063835,-6.02897405543159,21.5695367753864));
#9747=CARTESIAN_POINT('Ctrl Pts',(0.711366504804186,-6.01186279946324,21.6));
#9748=CARTESIAN_POINT('Ctrl Pts',(0.564437638386446,-5.99561661793123,21.4296951525721));
#9749=CARTESIAN_POINT('Ctrl Pts',(0.565355917162427,-5.99317403213471,21.440025317353));
#9750=CARTESIAN_POINT('Ctrl Pts',(0.593853846984462,-5.98753256147732,21.4632787467049));
#9751=CARTESIAN_POINT('Ctrl Pts',(0.70263656289665,-6.01117814282334,21.522760812338));
#9752=CARTESIAN_POINT('Ctrl Pts',(0.894281027793144,-5.99002524399343,21.5708869595635));
#9753=CARTESIAN_POINT('Ctrl Pts',(1.08022841486867,-5.95662191157149,21.6));
#9754=CARTESIAN_POINT('Ctrl Pts',(0.825443067202999,-5.97635129936751,21.4391536626525));
#9755=CARTESIAN_POINT('Ctrl Pts',(0.833847666744891,-5.97375079025002,21.4491925961786));
#9756=CARTESIAN_POINT('Ctrl Pts',(0.881928897811038,-5.96768563551242,21.4725463794454));
#9757=CARTESIAN_POINT('Ctrl Pts',(1.02424857476276,-5.97387441361086,21.5280402247092));
#9758=CARTESIAN_POINT('Ctrl Pts',(1.25227739937902,-5.92565330904013,21.5722545474249));
#9759=CARTESIAN_POINT('Ctrl Pts',(1.43215007076025,-5.8814079763946,21.6));
#9760=CARTESIAN_POINT('Ctrl Pts',(1.15771879812801,-5.94149131614988,21.4478422737083));
#9761=CARTESIAN_POINT('Ctrl Pts',(1.17364381491826,-5.93720339753212,21.4577049833413));
#9762=CARTESIAN_POINT('Ctrl Pts',(1.23276262935113,-5.92713886585191,21.4809170264551));
#9763=CARTESIAN_POINT('Ctrl Pts',(1.38557739196414,-5.90600843940713,21.5318498095492));
#9764=CARTESIAN_POINT('Ctrl Pts',(1.60050681426479,-5.83962901186088,21.5739664531486));
#9765=CARTESIAN_POINT('Ctrl Pts',(1.7420236457951,-5.79625131269028,21.6));
#9766=CARTESIAN_POINT('Ctrl Pts',(1.57318151685537,-5.87738712885208,21.454706179358));
#9767=CARTESIAN_POINT('Ctrl Pts',(1.58630177451662,-5.87005074369808,21.4644576524645));
#9768=CARTESIAN_POINT('Ctrl Pts',(1.62768842080341,-5.85337477754562,21.4874311684416));
#9769=CARTESIAN_POINT('Ctrl Pts',(1.75042729647804,-5.80718118771571,21.5353288200413));
#9770=CARTESIAN_POINT('Ctrl Pts',(1.90376687267136,-5.74567106329818,21.576210633601));
#9771=CARTESIAN_POINT('Ctrl Pts',(1.99117064783094,-5.71445059227965,21.6));
#9772=CARTESIAN_POINT('Ctrl Pts',(2.00768216722644,-5.77240535651991,21.4583321029928));
#9773=CARTESIAN_POINT('Ctrl Pts',(2.00228819813663,-5.76388062069984,21.4685605457621));
#9774=CARTESIAN_POINT('Ctrl Pts',(2.0065234177404,-5.74340050556201,21.4926546955181));
#9775=CARTESIAN_POINT('Ctrl Pts',(2.06626378416805,-5.69618633234538,21.5399539444783));
#9776=CARTESIAN_POINT('Ctrl Pts',(2.13847677279567,-5.66083473858025,21.5790370636773));
#9777=CARTESIAN_POINT('Ctrl Pts',(2.17512064983532,-5.64626978355296,21.6));
#9778=CARTESIAN_POINT('Ctrl Pts',(2.21849129459656,-5.69281286375728,21.4585786437627));
#9779=CARTESIAN_POINT('Ctrl Pts',(2.2113870100286,-5.68334436375077,21.4700421524345));
#9780=CARTESIAN_POINT('Ctrl Pts',(2.20757412769804,-5.66247433047706,21.4963603610007));
#9781=CARTESIAN_POINT('Ctrl Pts',(2.23001016342709,-5.63035618886615,21.5447740528692));
#9782=CARTESIAN_POINT('Ctrl Pts',(2.25312136908215,-5.61513011982694,21.5813052643961));
#9783=CARTESIAN_POINT('Ctrl Pts',(2.26526972608818,-5.61011228851285,21.6));
#9784=CARTESIAN_POINT('Ctrl Pts',(2.33202450421324,-5.64591841588086,21.4585786437627));
#9785=CARTESIAN_POINT('Ctrl Pts',(2.32731304636693,-5.63451180048207,21.4709199852576));
#9786=CARTESIAN_POINT('Ctrl Pts',(2.3191310781659,-5.61470294990568,21.4988509326881));
#9787=CARTESIAN_POINT('Ctrl Pts',(2.31141573199847,-5.59602380869909,21.5476417577054));
#9788=CARTESIAN_POINT('Ctrl Pts',(2.30966139150818,-5.59177648485492,21.5825467074801));
#9789=CARTESIAN_POINT('Ctrl Pts',(2.30966139150818,-5.59177648485492,21.6));
#9790=CARTESIAN_POINT('',(2.33202450421324,-5.64591841588086,21.4585786437627));
#9791=CARTESIAN_POINT('Ctrl Pts',(2.51534904016637E-16,-6.01880376932915,
21.4));
#9792=CARTESIAN_POINT('Ctrl Pts',(0.0561219907649831,-6.01754062654848,
21.4033274839867));
#9793=CARTESIAN_POINT('Ctrl Pts',(0.16881653899858,-6.0143585995808,21.409982614233));
#9794=CARTESIAN_POINT('Ctrl Pts',(0.351988625677338,-6.00705675949322,21.4199095746396));
#9795=CARTESIAN_POINT('Ctrl Pts',(0.564437638386446,-5.99561661793123,21.4296951525721));
#9796=CARTESIAN_POINT('Ctrl Pts',(0.825443067202999,-5.97635129936751,21.4391536626525));
#9797=CARTESIAN_POINT('Ctrl Pts',(1.15771879812801,-5.94149131614988,21.4478422737083));
#9798=CARTESIAN_POINT('Ctrl Pts',(1.57318151685537,-5.87738712885208,21.454706179358));
#9799=CARTESIAN_POINT('Ctrl Pts',(2.00768216722644,-5.77240535651991,21.4583321029928));
#9800=CARTESIAN_POINT('Ctrl Pts',(2.21849129459656,-5.69281286375728,21.4585786437627));
#9801=CARTESIAN_POINT('Ctrl Pts',(2.33202450421324,-5.64591841588086,21.4585786437627));
#9802=CARTESIAN_POINT('',(2.30966139150818,-5.59177648485492,21.6));
#9803=CARTESIAN_POINT('Origin',(2.38601383420266,-5.77662860005674,21.6));
#9804=CARTESIAN_POINT('Ctrl Pts',(2.30966139150818,-5.59177648485493,21.6));
#9805=CARTESIAN_POINT('Ctrl Pts',(2.151601330136,-5.65706257457605,21.6));
#9806=CARTESIAN_POINT('Ctrl Pts',(1.99077163151277,-5.71564288314762,21.6));
#9807=CARTESIAN_POINT('Ctrl Pts',(1.82774993297019,-5.76730701302848,21.6));
#9808=CARTESIAN_POINT('Ctrl Pts',(1.66471401062951,-5.81897565065376,21.6));
#9809=CARTESIAN_POINT('Ctrl Pts',(1.49948598660042,-5.86372681287903,21.6));
#9810=CARTESIAN_POINT('Ctrl Pts',(1.33265939872643,-5.9013997430259,21.6));
#9811=CARTESIAN_POINT('Ctrl Pts',(1.16584450615484,-5.93907003212905,21.6));
#9812=CARTESIAN_POINT('Ctrl Pts',(0.997431561482365,-5.96966301722498,21.6));
#9813=CARTESIAN_POINT('Ctrl Pts',(0.828025458805838,-5.99306881652208,21.6));
#9814=CARTESIAN_POINT('Ctrl Pts',(0.658612453829615,-6.01647556946748,21.6));
#9815=CARTESIAN_POINT('Ctrl Pts',(0.488206501829846,-6.03269451024247,21.6));
#9816=CARTESIAN_POINT('Ctrl Pts',(0.31741970507311,-6.04166738002278,21.6));
#9817=CARTESIAN_POINT('Ctrl Pts',(0.211710327944253,-6.04722118449448,21.6));
#9818=CARTESIAN_POINT('Ctrl Pts',(0.105855170667669,-6.05,21.6));
#9819=CARTESIAN_POINT('Ctrl Pts',(1.71382551653851E-15,-6.05,21.6));
#9820=CARTESIAN_POINT('Ctrl Pts',(2.51534904016637E-16,-6.01880376932915,
21.4));
#9821=CARTESIAN_POINT('Ctrl Pts',(0.0561219907649831,-6.01754062654848,
21.4033274839867));
#9822=CARTESIAN_POINT('Ctrl Pts',(0.16881653899858,-6.0143585995808,21.409982614233));
#9823=CARTESIAN_POINT('Ctrl Pts',(0.351988625677338,-6.00705675949322,21.4199095746396));
#9824=CARTESIAN_POINT('Ctrl Pts',(0.564437638386446,-5.99561661793123,21.4296951525721));
#9825=CARTESIAN_POINT('Ctrl Pts',(0.825443067202999,-5.97635129936751,21.4391536626525));
#9826=CARTESIAN_POINT('Ctrl Pts',(1.15771879812801,-5.94149131614988,21.4478422737083));
#9827=CARTESIAN_POINT('Ctrl Pts',(1.57318151685537,-5.87738712885208,21.454706179358));
#9828=CARTESIAN_POINT('Ctrl Pts',(2.00768216722644,-5.77240535651991,21.4583321029928));
#9829=CARTESIAN_POINT('Ctrl Pts',(2.21849129459656,-5.69281286375728,21.4585786437627));
#9830=CARTESIAN_POINT('Ctrl Pts',(2.33202450421324,-5.64591841588086,21.4585786437627));
#9831=CARTESIAN_POINT('Ctrl Pts',(0.211649281299244,-6.01880376932915,21.4));
#9832=CARTESIAN_POINT('Ctrl Pts',(0.261839682319147,-6.01665444682722,21.4031743407649));
#9833=CARTESIAN_POINT('Ctrl Pts',(0.365497712941136,-6.01173130451979,21.4094082536344));
#9834=CARTESIAN_POINT('Ctrl Pts',(0.54111950215588,-6.00146457508659,21.4183976365341));
#9835=CARTESIAN_POINT('Ctrl Pts',(0.749196196744858,-5.9862880957594,21.4269442161162));
#9836=CARTESIAN_POINT('Ctrl Pts',(1.00482812538685,-5.96225743042701,21.4348486083122));
#9837=CARTESIAN_POINT('Ctrl Pts',(1.32325495253877,-5.92224778061587,21.4416686970742));
#9838=CARTESIAN_POINT('Ctrl Pts',(1.70186620443403,-5.85578719762016,21.446481444981));
#9839=CARTESIAN_POINT('Ctrl Pts',(2.06704565415979,-5.76166502102587,21.4482114058923));
#9840=CARTESIAN_POINT('Ctrl Pts',(2.24343560192227,-5.69491261218748,21.4471151350909));
#9841=CARTESIAN_POINT('Ctrl Pts',(2.33673596205954,-5.65732503127965,21.4462373022678));
#9842=CARTESIAN_POINT('Ctrl Pts',(0.612265851673044,-6.01113658543742,21.4));
#9843=CARTESIAN_POINT('Ctrl Pts',(0.657079127726259,-6.0075736111378,21.4026533389357));
#9844=CARTESIAN_POINT('Ctrl Pts',(0.753851049688758,-5.99947974077087,21.4077044062654));
#9845=CARTESIAN_POINT('Ctrl Pts',(0.926202801199136,-5.98295884745678,21.4144576780298));
#9846=CARTESIAN_POINT('Ctrl Pts',(1.13171800118122,-5.95979221151807,21.4203075875744));
#9847=CARTESIAN_POINT('Ctrl Pts',(1.37587784364349,-5.92647190809279,21.4251201457708));
#9848=CARTESIAN_POINT('Ctrl Pts',(1.65699717861103,-5.87848528830675,21.4285989058195));
#9849=CARTESIAN_POINT('Ctrl Pts',(1.94578919807445,-5.81455320835079,21.4301377150256));
#9850=CARTESIAN_POINT('Ctrl Pts',(2.18197341876591,-5.74510893500292,21.4289888256414));
#9851=CARTESIAN_POINT('Ctrl Pts',(2.29269258414231,-5.70304208800846,21.4263701717178));
#9852=CARTESIAN_POINT('Ctrl Pts',(2.34739894237499,-5.68314050484024,21.424805196333));
#9853=CARTESIAN_POINT('Ctrl Pts',(1.5702633937921,-5.93950082338145,21.4));
#9854=CARTESIAN_POINT('Ctrl Pts',(1.60801176072566,-5.93284724459694,21.401319138505));
#9855=CARTESIAN_POINT('Ctrl Pts',(1.68538538309563,-5.91857682298445,21.4036321410509));
#9856=CARTESIAN_POINT('Ctrl Pts',(1.80599155415316,-5.89379076236964,21.4062537535346));
#9857=CARTESIAN_POINT('Ctrl Pts',(1.92979253884562,-5.86513292484641,21.4080981978565));
#9858=CARTESIAN_POINT('Ctrl Pts',(2.05214782300027,-5.83277583981199,21.4091326532517));
#9859=CARTESIAN_POINT('Ctrl Pts',(2.16174074402401,-5.798931953078,21.4092203643042));
#9860=CARTESIAN_POINT('Ctrl Pts',(2.246227427221,-5.7683096346356,21.4082825305421));
#9861=CARTESIAN_POINT('Ctrl Pts',(2.30686304258172,-5.74463616218484,21.4065417224764));
#9862=CARTESIAN_POINT('Ctrl Pts',(2.34709999886419,-5.73295031682672,21.4052498703136));
#9863=CARTESIAN_POINT('Ctrl Pts',(2.36602543573074,-5.72823594087469,21.4045953748915));
#9864=CARTESIAN_POINT('Ctrl Pts',(2.17131817579418,-5.85776534011738,21.4));
#9865=CARTESIAN_POINT('Ctrl Pts',(2.17608561488404,-5.8533689655469,21.4));
#9866=CARTESIAN_POINT('Ctrl Pts',(2.18857172361023,-5.84408848052773,21.4));
#9867=CARTESIAN_POINT('Ctrl Pts',(2.21386977846909,-5.82905254772415,21.4));
#9868=CARTESIAN_POINT('Ctrl Pts',(2.24309954815095,-5.8136158845655,21.4));
#9869=CARTESIAN_POINT('Ctrl Pts',(2.27366785919016,-5.79873542075157,21.4));
#9870=CARTESIAN_POINT('Ctrl Pts',(2.30350360156725,-5.78539552457363,21.4));
#9871=CARTESIAN_POINT('Ctrl Pts',(2.33142888313083,-5.77434542838242,21.4));
#9872=CARTESIAN_POINT('Ctrl Pts',(2.3570429450545,-5.7659273859724,21.4));
#9873=CARTESIAN_POINT('Ctrl Pts',(2.37235800826456,-5.76204239177641,21.4));
#9874=CARTESIAN_POINT('Ctrl Pts',(2.37935082661787,-5.760497209859,21.4));
#9875=CARTESIAN_POINT('Ctrl Pts',(2.35987272401785,-5.81986433173781,21.4));
#9876=CARTESIAN_POINT('Ctrl Pts',(2.3593967739174,-5.81736611533572,21.4));
#9877=CARTESIAN_POINT('Ctrl Pts',(2.35876845191239,-5.81230836706993,21.4));
#9878=CARTESIAN_POINT('Ctrl Pts',(2.35891526047208,-5.80496340727484,21.4));
#9879=CARTESIAN_POINT('Ctrl Pts',(2.36028582154575,-5.79819125094634,21.4));
#9880=CARTESIAN_POINT('Ctrl Pts',(2.3629875761164,-5.79221826640736,21.4));
#9881=CARTESIAN_POINT('Ctrl Pts',(2.3670600652689,-5.78715623571258,21.4));
#9882=CARTESIAN_POINT('Ctrl Pts',(2.37243353925656,-5.78299241824864,21.4));
#9883=CARTESIAN_POINT('Ctrl Pts',(2.37888756656761,-5.77957961433439,21.4));
#9884=CARTESIAN_POINT('Ctrl Pts',(2.38363595818313,-5.77761077243988,21.4));
#9885=CARTESIAN_POINT('Ctrl Pts',(2.38601383420266,-5.77662860005674,21.4));
#9886=CARTESIAN_POINT('',(2.35987272401785,-5.81986433173781,21.4));
#9887=CARTESIAN_POINT('Ctrl Pts',(2.51534904016637E-16,-6.01880376932915,
21.4));
#9888=CARTESIAN_POINT('Ctrl Pts',(0.211649281299244,-6.01880376932915,21.4));
#9889=CARTESIAN_POINT('Ctrl Pts',(0.612265851673044,-6.01113658543742,21.4));
#9890=CARTESIAN_POINT('Ctrl Pts',(1.5702633937921,-5.93950082338145,21.4));
#9891=CARTESIAN_POINT('Ctrl Pts',(2.17131817579418,-5.85776534011738,21.4));
#9892=CARTESIAN_POINT('Ctrl Pts',(2.35987272401785,-5.81986433173781,21.4));
#9893=CARTESIAN_POINT('',(2.38601383420266,-5.77662860005674,21.4));
#9894=CARTESIAN_POINT('Ctrl Pts',(2.35987272401785,-5.8198643317378,21.4));
#9895=CARTESIAN_POINT('Ctrl Pts',(2.35923311172794,-5.81650706820931,21.4));
#9896=CARTESIAN_POINT('Ctrl Pts',(2.35888532166328,-5.81309633724621,21.4));
#9897=CARTESIAN_POINT('Ctrl Pts',(2.3588784734342,-5.80979774020583,21.4));
#9898=CARTESIAN_POINT('Ctrl Pts',(2.35887188169529,-5.80662268717903,21.4));
#9899=CARTESIAN_POINT('Ctrl Pts',(2.35918293534591,-5.80355164607451,21.4));
#9900=CARTESIAN_POINT('Ctrl Pts',(2.35985593688055,-5.80068566506838,21.4));
#9901=CARTESIAN_POINT('Ctrl Pts',(2.36048902022883,-5.79798967589432,21.4));
#9902=CARTESIAN_POINT('Ctrl Pts',(2.36144352549423,-5.79547502631422,21.4));
#9903=CARTESIAN_POINT('Ctrl Pts',(2.36273671053016,-5.79318407610232,21.4));
#9904=CARTESIAN_POINT('Ctrl Pts',(2.36392847796747,-5.79107279288516,21.4));
#9905=CARTESIAN_POINT('Ctrl Pts',(2.3654084108746,-5.78915124065135,21.4));
#9906=CARTESIAN_POINT('Ctrl Pts',(2.36716196752525,-5.78741883532876,21.4));
#9907=CARTESIAN_POINT('Ctrl Pts',(2.36885113254184,-5.78575004495099,21.4));
#9908=CARTESIAN_POINT('Ctrl Pts',(2.37079469030449,-5.78425673986077,21.4));
#9909=CARTESIAN_POINT('Ctrl Pts',(2.37294516971249,-5.78290739430251,21.4));
#9910=CARTESIAN_POINT('Ctrl Pts',(2.37499050397351,-5.78162402339926,21.4));
#9911=CARTESIAN_POINT('Ctrl Pts',(2.37722327121837,-5.78047077859541,21.4));
#9912=CARTESIAN_POINT('Ctrl Pts',(2.37956576436206,-5.77939296656448,21.4));
#9913=CARTESIAN_POINT('Ctrl Pts',(2.38165617602421,-5.77843114055226,21.4));
#9914=CARTESIAN_POINT('Ctrl Pts',(2.38383373248856,-5.77752908253709,21.4));
#9915=CARTESIAN_POINT('Ctrl Pts',(2.38601383420266,-5.77662860005674,21.4));
#9916=CARTESIAN_POINT('Origin',(2.38601383420266,-5.77662860005674,21.6));
#9917=CARTESIAN_POINT('Ctrl Pts',(2.51534904016637E-16,-6.01880376932915,
21.4));
#9918=CARTESIAN_POINT('Ctrl Pts',(0.211649281299244,-6.01880376932915,21.4));
#9919=CARTESIAN_POINT('Ctrl Pts',(0.612265851673044,-6.01113658543742,21.4));
#9920=CARTESIAN_POINT('Ctrl Pts',(1.5702633937921,-5.93950082338145,21.4));
#9921=CARTESIAN_POINT('Ctrl Pts',(2.17131817579418,-5.85776534011738,21.4));
#9922=CARTESIAN_POINT('Ctrl Pts',(2.35987272401785,-5.81986433173781,21.4));
#9923=CARTESIAN_POINT('Ctrl Pts',(0.149658642039954,-6.02217215007758,21.3911267093688));
#9924=CARTESIAN_POINT('Ctrl Pts',(0.343868019983864,-6.01949895326772,21.3915350912935));
#9925=CARTESIAN_POINT('Ctrl Pts',(0.724624292867912,-6.00834323504945,21.3929244295048));
#9926=CARTESIAN_POINT('Ctrl Pts',(1.6654105663513,-5.93508488774041,21.3964822973199));
#9927=CARTESIAN_POINT('Ctrl Pts',(2.188233493704,-5.86353343674108,21.4));
#9928=CARTESIAN_POINT('Ctrl Pts',(2.36114192428571,-5.82652624214337,21.4));
#9929=CARTESIAN_POINT('Ctrl Pts',(0.436680793996772,-6.02587684860716,21.3736986336023));
#9930=CARTESIAN_POINT('Ctrl Pts',(0.613594711959858,-6.01960445763624,21.3755768783873));
#9931=CARTESIAN_POINT('Ctrl Pts',(0.973670851731753,-6.00066862781885,21.3807432713202));
#9932=CARTESIAN_POINT('Ctrl Pts',(1.88185129831625,-5.92650754333004,21.3916328543634));
#9933=CARTESIAN_POINT('Ctrl Pts',(2.24322930996017,-5.8704958808014,21.4));
#9934=CARTESIAN_POINT('Ctrl Pts',(2.36589449614319,-5.83929731353488,21.4));
#9935=CARTESIAN_POINT('Ctrl Pts',(1.13825092975631,-6.00569333508111,21.3468686674265));
#9936=CARTESIAN_POINT('Ctrl Pts',(1.31159142186654,-5.9945030520965,21.3538145399106));
#9937=CARTESIAN_POINT('Ctrl Pts',(1.69862784066078,-5.9671052322688,21.3682075861048));
#9938=CARTESIAN_POINT('Ctrl Pts',(2.25483616402903,-5.91564388659461,21.3899316780358));
#9939=CARTESIAN_POINT('Ctrl Pts',(2.33515996707213,-5.8749747315915,21.4));
#9940=CARTESIAN_POINT('Ctrl Pts',(2.37964141861342,-5.84965639846605,21.4));
#9941=CARTESIAN_POINT('Ctrl Pts',(1.93978154696143,-5.99142135623731,21.3414213562373));
#9942=CARTESIAN_POINT('Ctrl Pts',(2.04761475282381,-5.98142090227074,21.3514218102039));
#9943=CARTESIAN_POINT('Ctrl Pts',(2.22719104937596,-5.95779059181159,21.3710215359742));
#9944=CARTESIAN_POINT('Ctrl Pts',(2.35147762356326,-5.91000545519106,21.3936593039827));
#9945=CARTESIAN_POINT('Ctrl Pts',(2.3814376227916,-5.87076380741048,21.4));
#9946=CARTESIAN_POINT('Ctrl Pts',(2.39310917541957,-5.85,21.4));
#9947=CARTESIAN_POINT('Ctrl Pts',(2.39996979771956,-5.99142135623731,21.3414213562373));
#9948=CARTESIAN_POINT('Ctrl Pts',(2.39996979771956,-5.97908001474242,21.3537626977322));
#9949=CARTESIAN_POINT('Ctrl Pts',(2.39996979771956,-5.95114906731192,21.375194803667));
#9950=CARTESIAN_POINT('Ctrl Pts',(2.39996979771956,-5.90235824229462,21.3954046251085));
#9951=CARTESIAN_POINT('Ctrl Pts',(2.39996979771956,-5.86745329251994,21.4));
#9952=CARTESIAN_POINT('Ctrl Pts',(2.39996979771956,-5.85,21.4));
#9953=CARTESIAN_POINT('',(2.39996979771956,-5.99142135623731,21.3414213562373));
#9954=CARTESIAN_POINT('Ctrl Pts',(2.51534904016637E-16,-6.01880376932915,
21.4));
#9955=CARTESIAN_POINT('Ctrl Pts',(0.149658642039954,-6.02217215007758,21.3911267093688));
#9956=CARTESIAN_POINT('Ctrl Pts',(0.436680793996772,-6.02587684860716,21.3736986336023));
#9957=CARTESIAN_POINT('Ctrl Pts',(1.13825092975631,-6.00569333508111,21.3468686674265));
#9958=CARTESIAN_POINT('Ctrl Pts',(1.93978154696143,-5.99142135623731,21.3414213562373));
#9959=CARTESIAN_POINT('Ctrl Pts',(2.39996979771956,-5.99142135623731,21.3414213562373));
#9960=CARTESIAN_POINT('',(2.39996979771956,-5.85,21.4));
#9961=CARTESIAN_POINT('Origin',(2.39996979771956,-5.85,21.2));
#9962=CARTESIAN_POINT('Ctrl Pts',(2.39996979771956,-5.85,21.4));
#9963=CARTESIAN_POINT('Ctrl Pts',(2.39734485915006,-5.85,21.4));
#9964=CARTESIAN_POINT('Ctrl Pts',(2.3947227659206,-5.84999622805825,21.4));
#9965=CARTESIAN_POINT('Ctrl Pts',(2.39218232058285,-5.84987122456209,21.4));
#9966=CARTESIAN_POINT('Ctrl Pts',(2.38955167970722,-5.84974178296312,21.4));
#9967=CARTESIAN_POINT('Ctrl Pts',(2.387008266701,-5.8494824342231,21.4));
#9968=CARTESIAN_POINT('Ctrl Pts',(2.38460570262143,-5.84901061996362,21.4));
#9969=CARTESIAN_POINT('Ctrl Pts',(2.38210285980642,-5.84851911301927,21.4));
#9970=CARTESIAN_POINT('Ctrl Pts',(2.37975244650159,-5.84779713977832,21.4));
#9971=CARTESIAN_POINT('Ctrl Pts',(2.37758469878563,-5.8468010053712,21.4));
#9972=CARTESIAN_POINT('Ctrl Pts',(2.37521008249321,-5.84570980966831,21.4));
#9973=CARTESIAN_POINT('Ctrl Pts',(2.37305415944065,-5.84428939852454,21.4));
#9974=CARTESIAN_POINT('Ctrl Pts',(2.37112792773253,-5.84254235066427,21.4));
#9975=CARTESIAN_POINT('Ctrl Pts',(2.36911741549512,-5.84071886230221,21.4));
#9976=CARTESIAN_POINT('Ctrl Pts',(2.36735603402351,-5.83853995792458,21.4));
#9977=CARTESIAN_POINT('Ctrl Pts',(2.36583939277851,-5.83606888985702,21.4));
#9978=CARTESIAN_POINT('Ctrl Pts',(2.36422693243745,-5.83344170345278,21.4));
#9979=CARTESIAN_POINT('Ctrl Pts',(2.36288947426128,-5.83048480690799,21.4));
#9980=CARTESIAN_POINT('Ctrl Pts',(2.36182464090484,-5.82733362787734,21.4));
#9981=CARTESIAN_POINT('Ctrl Pts',(2.36101231673166,-5.824929703465,21.4));
#9982=CARTESIAN_POINT('Ctrl Pts',(2.36035849649226,-5.82241410483818,21.4));
#9983=CARTESIAN_POINT('Ctrl Pts',(2.35987272401785,-5.8198643317378,21.4));
#9984=CARTESIAN_POINT('Ctrl Pts',(2.51534904016637E-16,-6.01880376932915,
21.4));
#9985=CARTESIAN_POINT('Ctrl Pts',(0.149658642039954,-6.02217215007758,21.3911267093688));
#9986=CARTESIAN_POINT('Ctrl Pts',(0.436680793996772,-6.02587684860716,21.3736986336023));
#9987=CARTESIAN_POINT('Ctrl Pts',(1.13825092975631,-6.00569333508111,21.3468686674265));
#9988=CARTESIAN_POINT('Ctrl Pts',(1.93978154696143,-5.99142135623731,21.3414213562373));
#9989=CARTESIAN_POINT('Ctrl Pts',(2.39996979771956,-5.99142135623731,21.3414213562373));
#9990=CARTESIAN_POINT('Ctrl Pts',(2.87725621758399E-16,-6.02356737906682,
21.3874512720465));
#9991=CARTESIAN_POINT('Ctrl Pts',(0.141959627882472,-6.02682300450394,21.3795639025965));
#9992=CARTESIAN_POINT('Ctrl Pts',(0.425220057040907,-6.03017802161902,21.3634016239023));
#9993=CARTESIAN_POINT('Ctrl Pts',(1.15310140147633,-6.01062726939204,21.3372351224413));
#9994=CARTESIAN_POINT('Ctrl Pts',(1.90425994837314,-6.00142181020388,21.3314209022707));
#9995=CARTESIAN_POINT('Ctrl Pts',(2.39996979771956,-6.00376269773219,21.3290800147424));
#9996=CARTESIAN_POINT('Ctrl Pts',(3.71320413548686E-17,-6.0344777378641,
21.3632554154471));
#9997=CARTESIAN_POINT('Ctrl Pts',(0.137725744016056,-6.03655249219759,21.3559902500472));
#9998=CARTESIAN_POINT('Ctrl Pts',(0.438146808989479,-6.03741876141485,21.340172629412));
#9999=CARTESIAN_POINT('Ctrl Pts',(1.18507147481558,-6.02057250467348,21.3143305054415));
#10000=CARTESIAN_POINT('Ctrl Pts',(1.86777782107714,-6.02102153597416,21.3077905918116));
#10001=CARTESIAN_POINT('Ctrl Pts',(2.39996979771956,-6.025194803667,21.3011490673119));
#10002=CARTESIAN_POINT('Ctrl Pts',(1.41012430390969E-16,-6.04325178446,
21.3013062932567));
#10003=CARTESIAN_POINT('Ctrl Pts',(0.156452009549488,-6.04361073750614,
21.2932703187971));
#10004=CARTESIAN_POINT('Ctrl Pts',(0.489928744487335,-6.0416624444,21.2773920890854));
#10005=CARTESIAN_POINT('Ctrl Pts',(1.21008093543721,-6.03932514769499,21.2670333631767));
#10006=CARTESIAN_POINT('Ctrl Pts',(1.95784232634582,-6.04365930398272,21.2600054551911));
#10007=CARTESIAN_POINT('Ctrl Pts',(2.39996979771956,-6.04540462510854,21.2523582422946));
#10008=CARTESIAN_POINT('Ctrl Pts',(2.70716752869478E-16,-6.05,21.2349065850399));
#10009=CARTESIAN_POINT('Ctrl Pts',(0.192480190511138,-6.05,21.2321640647077));
#10010=CARTESIAN_POINT('Ctrl Pts',(0.624741989941992,-6.05,21.2294761782098));
#10011=CARTESIAN_POINT('Ctrl Pts',(1.44377505847715,-6.05,21.2259751781351));
#10012=CARTESIAN_POINT('Ctrl Pts',(2.07235594185526,-6.05,21.2207638074105));
#10013=CARTESIAN_POINT('Ctrl Pts',(2.39996979771956,-6.05,21.2174532925199));
#10014=CARTESIAN_POINT('Ctrl Pts',(2.08166817117217E-16,-6.05,21.2));
#10015=CARTESIAN_POINT('Ctrl Pts',(0.266663310857729,-6.05,21.2));
#10016=CARTESIAN_POINT('Ctrl Pts',(0.799989932573184,-6.05,21.2));
#10017=CARTESIAN_POINT('Ctrl Pts',(1.59997986514637,-6.05,21.2));
#10018=CARTESIAN_POINT('Ctrl Pts',(2.13330648686183,-6.05,21.2));
#10019=CARTESIAN_POINT('Ctrl Pts',(2.39996979771956,-6.05,21.2));
#10020=CARTESIAN_POINT('',(2.08166817117217E-16,-6.05,21.2));
#10021=CARTESIAN_POINT('Ctrl Pts',(2.51534904016637E-16,-6.01880376932915,
21.4));
#10022=CARTESIAN_POINT('Ctrl Pts',(2.87725621758399E-16,-6.02356737906682,
21.3874512720465));
#10023=CARTESIAN_POINT('Ctrl Pts',(3.71320413548686E-17,-6.0344777378641,
21.3632554154471));
#10024=CARTESIAN_POINT('Ctrl Pts',(1.41012430390969E-16,-6.04325178446,
21.3013062932567));
#10025=CARTESIAN_POINT('Ctrl Pts',(2.70716752869478E-16,-6.05,21.2349065850399));
#10026=CARTESIAN_POINT('Ctrl Pts',(2.08166817117217E-16,-6.05,21.2));
#10027=CARTESIAN_POINT('',(2.39996979771956,-6.05,21.2));
#10028=CARTESIAN_POINT('',(0.,-6.05,21.2));
#10029=CARTESIAN_POINT('Origin',(2.39996979771956,-5.85,21.2));
#10030=CARTESIAN_POINT('Ctrl Pts',(2.51534904016637E-16,-6.01880376932915,
21.4));
#10031=CARTESIAN_POINT('Ctrl Pts',(2.87725621758399E-16,-6.02356737906682,
21.3874512720465));
#10032=CARTESIAN_POINT('Ctrl Pts',(3.71320413548686E-17,-6.0344777378641,
21.3632554154471));
#10033=CARTESIAN_POINT('Ctrl Pts',(1.41012430390969E-16,-6.04325178446,
21.3013062932567));
#10034=CARTESIAN_POINT('Ctrl Pts',(2.70716752869478E-16,-6.05,21.2349065850399));
#10035=CARTESIAN_POINT('Ctrl Pts',(2.08166817117217E-16,-6.05,21.2));
#10036=CARTESIAN_POINT('Ctrl Pts',(-0.149658642039954,-6.02217215007758,
21.3911267093688));
#10037=CARTESIAN_POINT('Ctrl Pts',(-0.141959627882472,-6.02682300450394,
21.3795639025965));
#10038=CARTESIAN_POINT('Ctrl Pts',(-0.137725744016056,-6.03655249219759,
21.3559902500472));
#10039=CARTESIAN_POINT('Ctrl Pts',(-0.156452009549488,-6.04361073750614,
21.293270318797));
#10040=CARTESIAN_POINT('Ctrl Pts',(-0.192480190511138,-6.05,21.2321640647077));
#10041=CARTESIAN_POINT('Ctrl Pts',(-0.266663310857729,-6.05,21.2));
#10042=CARTESIAN_POINT('Ctrl Pts',(-0.436680793996771,-6.02587684860716,
21.3736986336023));
#10043=CARTESIAN_POINT('Ctrl Pts',(-0.425220057040906,-6.03017802161902,
21.3634016239023));
#10044=CARTESIAN_POINT('Ctrl Pts',(-0.438146808989478,-6.03741876141485,
21.340172629412));
#10045=CARTESIAN_POINT('Ctrl Pts',(-0.489928744487334,-6.0416624444,21.2773920890854));
#10046=CARTESIAN_POINT('Ctrl Pts',(-0.624741989941994,-6.05,21.2294761782098));
#10047=CARTESIAN_POINT('Ctrl Pts',(-0.799989932573187,-6.05,21.2));
#10048=CARTESIAN_POINT('Ctrl Pts',(-1.13825092975631,-6.00569333508111,
21.3468686674265));
#10049=CARTESIAN_POINT('Ctrl Pts',(-1.15310140147633,-6.01062726939204,
21.3372351224413));
#10050=CARTESIAN_POINT('Ctrl Pts',(-1.18507147481558,-6.02057250467349,
21.3143305054415));
#10051=CARTESIAN_POINT('Ctrl Pts',(-1.21008093543721,-6.03932514769499,
21.2670333631766));
#10052=CARTESIAN_POINT('Ctrl Pts',(-1.44377505847715,-6.05,21.2259751781351));
#10053=CARTESIAN_POINT('Ctrl Pts',(-1.59997986514637,-6.05,21.2));
#10054=CARTESIAN_POINT('Ctrl Pts',(-1.93978154696143,-5.99142135623731,
21.3414213562373));
#10055=CARTESIAN_POINT('Ctrl Pts',(-1.90425994837314,-6.00142181020388,
21.3314209022707));
#10056=CARTESIAN_POINT('Ctrl Pts',(-1.86777782107714,-6.02102153597416,
21.3077905918116));
#10057=CARTESIAN_POINT('Ctrl Pts',(-1.95784232634582,-6.04365930398272,
21.2600054551911));
#10058=CARTESIAN_POINT('Ctrl Pts',(-2.07235594185526,-6.05,21.2207638074105));
#10059=CARTESIAN_POINT('Ctrl Pts',(-2.13330648686183,-6.05,21.2));
#10060=CARTESIAN_POINT('Ctrl Pts',(-2.39996979771956,-5.99142135623731,
21.3414213562373));
#10061=CARTESIAN_POINT('Ctrl Pts',(-2.39996979771956,-6.00376269773219,
21.3290800147424));
#10062=CARTESIAN_POINT('Ctrl Pts',(-2.39996979771956,-6.025194803667,21.3011490673119));
#10063=CARTESIAN_POINT('Ctrl Pts',(-2.39996979771956,-6.04540462510854,
21.2523582422946));
#10064=CARTESIAN_POINT('Ctrl Pts',(-2.39996979771956,-6.05,21.2174532925199));
#10065=CARTESIAN_POINT('Ctrl Pts',(-2.39996979771956,-6.05,21.2));
#10066=CARTESIAN_POINT('',(-2.39996979771956,-5.99142135623731,21.3414213562373));
#10067=CARTESIAN_POINT('Ctrl Pts',(2.51534904016637E-16,-6.01880376932915,
21.4));
#10068=CARTESIAN_POINT('Ctrl Pts',(-0.149658642039954,-6.02217215007758,
21.3911267093688));
#10069=CARTESIAN_POINT('Ctrl Pts',(-0.436680793996771,-6.02587684860716,
21.3736986336023));
#10070=CARTESIAN_POINT('Ctrl Pts',(-1.13825092975631,-6.00569333508111,
21.3468686674265));
#10071=CARTESIAN_POINT('Ctrl Pts',(-1.93978154696143,-5.99142135623731,
21.3414213562373));
#10072=CARTESIAN_POINT('Ctrl Pts',(-2.39996979771956,-5.99142135623731,
21.3414213562373));
#10073=CARTESIAN_POINT('',(-2.39996979771956,-6.05,21.2));
#10074=CARTESIAN_POINT('Origin',(-2.39996979771956,-5.85,21.2));
#10075=CARTESIAN_POINT('',(0.,-6.05,21.2));
#10076=CARTESIAN_POINT('Ctrl Pts',(2.51534904016637E-16,-6.01880376932915,
21.4));
#10077=CARTESIAN_POINT('Ctrl Pts',(-0.149658642039954,-6.02217215007758,
21.3911267093688));
#10078=CARTESIAN_POINT('Ctrl Pts',(-0.436680793996771,-6.02587684860716,
21.3736986336023));
#10079=CARTESIAN_POINT('Ctrl Pts',(-1.13825092975631,-6.00569333508111,
21.3468686674265));
#10080=CARTESIAN_POINT('Ctrl Pts',(-1.93978154696143,-5.99142135623731,
21.3414213562373));
#10081=CARTESIAN_POINT('Ctrl Pts',(-2.39996979771956,-5.99142135623731,
21.3414213562373));
#10082=CARTESIAN_POINT('Ctrl Pts',(-0.211649281299243,-6.01880376932915,
21.4));
#10083=CARTESIAN_POINT('Ctrl Pts',(-0.343868019983863,-6.01949895326772,
21.3915350912935));
#10084=CARTESIAN_POINT('Ctrl Pts',(-0.613594711959858,-6.01960445763624,
21.3755768783873));
#10085=CARTESIAN_POINT('Ctrl Pts',(-1.31159142186654,-5.99450305209649,
21.3538145399106));
#10086=CARTESIAN_POINT('Ctrl Pts',(-2.04761475282381,-5.98142090227074,
21.3514218102039));
#10087=CARTESIAN_POINT('Ctrl Pts',(-2.39996979771956,-5.97908001474242,
21.3537626977322));
#10088=CARTESIAN_POINT('Ctrl Pts',(-0.612265851673043,-6.01113658543742,
21.4));
#10089=CARTESIAN_POINT('Ctrl Pts',(-0.724624292867911,-6.00834323504945,
21.3929244295048));
#10090=CARTESIAN_POINT('Ctrl Pts',(-0.973670851731753,-6.00066862781886,
21.3807432713202));
#10091=CARTESIAN_POINT('Ctrl Pts',(-1.69862784066078,-5.9671052322688,21.3682075861048));
#10092=CARTESIAN_POINT('Ctrl Pts',(-2.22719104937596,-5.95779059181159,
21.3710215359742));
#10093=CARTESIAN_POINT('Ctrl Pts',(-2.39996979771956,-5.95114906731192,
21.375194803667));
#10094=CARTESIAN_POINT('Ctrl Pts',(-1.5702633937921,-5.93950082338145,21.4));
#10095=CARTESIAN_POINT('Ctrl Pts',(-1.6654105663513,-5.93508488774041,21.3964822973199));
#10096=CARTESIAN_POINT('Ctrl Pts',(-1.88185129831624,-5.92650754333003,
21.3916328543634));
#10097=CARTESIAN_POINT('Ctrl Pts',(-2.25483616402903,-5.91564388659462,
21.3899316780358));
#10098=CARTESIAN_POINT('Ctrl Pts',(-2.35147762356326,-5.91000545519106,
21.3936593039827));
#10099=CARTESIAN_POINT('Ctrl Pts',(-2.39996979771956,-5.90235824229462,
21.3954046251085));
#10100=CARTESIAN_POINT('Ctrl Pts',(-2.17131817579418,-5.85776534011738,
21.4));
#10101=CARTESIAN_POINT('Ctrl Pts',(-2.188233493704,-5.86353343674109,21.4));
#10102=CARTESIAN_POINT('Ctrl Pts',(-2.24322930996017,-5.87049588080141,
21.4));
#10103=CARTESIAN_POINT('Ctrl Pts',(-2.33515996707213,-5.8749747315915,21.4));
#10104=CARTESIAN_POINT('Ctrl Pts',(-2.3814376227916,-5.87076380741048,21.4));
#10105=CARTESIAN_POINT('Ctrl Pts',(-2.39996979771956,-5.86745329251994,
21.4));
#10106=CARTESIAN_POINT('Ctrl Pts',(-2.35987272401785,-5.81986433173781,
21.4));
#10107=CARTESIAN_POINT('Ctrl Pts',(-2.36114192428571,-5.82652624214338,
21.4));
#10108=CARTESIAN_POINT('Ctrl Pts',(-2.36589449614319,-5.83929731353488,
21.4));
#10109=CARTESIAN_POINT('Ctrl Pts',(-2.37964141861342,-5.84965639846605,
21.4));
#10110=CARTESIAN_POINT('Ctrl Pts',(-2.39310917541957,-5.85,21.4));
#10111=CARTESIAN_POINT('Ctrl Pts',(-2.39996979771956,-5.85,21.4));
#10112=CARTESIAN_POINT('',(-2.35987272401785,-5.81986433173781,21.4));
#10113=CARTESIAN_POINT('Ctrl Pts',(2.51534904016637E-16,-6.01880376932915,
21.4));
#10114=CARTESIAN_POINT('Ctrl Pts',(-0.211649281299243,-6.01880376932915,
21.4));
#10115=CARTESIAN_POINT('Ctrl Pts',(-0.612265851673043,-6.01113658543742,
21.4));
#10116=CARTESIAN_POINT('Ctrl Pts',(-1.5702633937921,-5.93950082338145,21.4));
#10117=CARTESIAN_POINT('Ctrl Pts',(-2.17131817579418,-5.85776534011738,
21.4));
#10118=CARTESIAN_POINT('Ctrl Pts',(-2.35987272401785,-5.81986433173781,
21.4));
#10119=CARTESIAN_POINT('',(-2.39996979771956,-5.85,21.4));
#10120=CARTESIAN_POINT('Ctrl Pts',(-2.35987272401785,-5.81986433173781,
21.4));
#10121=CARTESIAN_POINT('Ctrl Pts',(-2.36051015605221,-5.82321015131419,
21.4));
#10122=CARTESIAN_POINT('Ctrl Pts',(-2.36143571546652,-5.82649576448116,
21.4));
#10123=CARTESIAN_POINT('Ctrl Pts',(-2.36263203716508,-5.82955069562462,
21.4));
#10124=CARTESIAN_POINT('Ctrl Pts',(-2.36378917615738,-5.83250556967663,
21.4));
#10125=CARTESIAN_POINT('Ctrl Pts',(-2.36520132538599,-5.8352437614961,21.4));
#10126=CARTESIAN_POINT('Ctrl Pts',(-2.36687326358304,-5.8376532851112,21.4));
#10127=CARTESIAN_POINT('Ctrl Pts',(-2.36844277602782,-5.839915197248,21.4));
#10128=CARTESIAN_POINT('Ctrl Pts',(-2.37024240785871,-5.84188713453256,
21.4));
#10129=CARTESIAN_POINT('Ctrl Pts',(-2.37227436924534,-5.84352230241436,
21.4));
#10130=CARTESIAN_POINT('Ctrl Pts',(-2.37413969133743,-5.84502337167397,
21.4));
#10131=CARTESIAN_POINT('Ctrl Pts',(-2.37620141334051,-5.84624069137276,
21.4));
#10132=CARTESIAN_POINT('Ctrl Pts',(-2.37844787991759,-5.8471794580877,21.4));
#10133=CARTESIAN_POINT('Ctrl Pts',(-2.38060882983442,-5.84808248859583,
21.4));
#10134=CARTESIAN_POINT('Ctrl Pts',(-2.382941213349,-5.84872760673194,21.4));
#10135=CARTESIAN_POINT('Ctrl Pts',(-2.38541400092689,-5.84916066215377,
21.4));
#10136=CARTESIAN_POINT('Ctrl Pts',(-2.38776172257027,-5.84957181497406,
21.4));
#10137=CARTESIAN_POINT('Ctrl Pts',(-2.39023628029561,-5.84979181593574,
21.4));
#10138=CARTESIAN_POINT('Ctrl Pts',(-2.3927868973727,-5.8498987410384,21.4));
#10139=CARTESIAN_POINT('Ctrl Pts',(-2.39513743624327,-5.8499972786089,21.4));
#10140=CARTESIAN_POINT('Ctrl Pts',(-2.39755258748783,-5.85,21.4));
#10141=CARTESIAN_POINT('Ctrl Pts',(-2.39996979771956,-5.85,21.4));
#10142=CARTESIAN_POINT('Origin',(-2.39996979771956,-5.85,21.2));
#10143=CARTESIAN_POINT('Origin',(7.20768366503925,2.56384723059643,23.2));
#10144=CARTESIAN_POINT('',(6.56912207467177,2.93697689100696,23.4));
#10145=CARTESIAN_POINT('',(7.59592288761326,2.56862910624353,23.2));
#10146=CARTESIAN_POINT('Ctrl Pts',(7.59592288761326,2.56862910624353,23.2));
#10147=CARTESIAN_POINT('Ctrl Pts',(7.4368464241605,2.66158199862354,23.2477708546048));
#10148=CARTESIAN_POINT('Ctrl Pts',(7.2358035000662,2.75391728009036,23.3045485392501));
#10149=CARTESIAN_POINT('Ctrl Pts',(6.91086072963924,2.86523423950301,23.3723744415467));
#10150=CARTESIAN_POINT('Ctrl Pts',(6.72685816199598,2.91151323781931,23.4));
#10151=CARTESIAN_POINT('Ctrl Pts',(6.56912207467177,2.93697689100696,23.4));
#10152=CARTESIAN_POINT('',(3.05229696472613,5.2235986866465,23.2));
#10153=CARTESIAN_POINT('',(7.30858604403844,2.7365281789153,23.2));
#10154=CARTESIAN_POINT('',(4.28339054659687,4.27259469471708,23.4));
#10155=CARTESIAN_POINT('Ctrl Pts',(4.28339054659687,4.27259469471708,23.4));
#10156=CARTESIAN_POINT('Ctrl Pts',(4.12420820861358,4.43217924940135,23.4));
#10157=CARTESIAN_POINT('Ctrl Pts',(3.92314727135386,4.61099351047935,23.372414587848));
#10158=CARTESIAN_POINT('Ctrl Pts',(3.54010508123708,4.91326920377823,23.3046776621842));
#10159=CARTESIAN_POINT('Ctrl Pts',(3.27929736312154,5.09095591131516,23.2478023778651));
#10160=CARTESIAN_POINT('Ctrl Pts',(3.05229696472613,5.2235986866465,23.2));
#10161=CARTESIAN_POINT('',(7.20768366503925,2.56384723059643,23.4));
#10162=CARTESIAN_POINT('Origin',(7.59592288761143,2.5686291062446,21.4));
#10163=CARTESIAN_POINT('',(7.59592288761326,2.56862910624353,21.6));
#10164=CARTESIAN_POINT('',(7.59592288761326,2.56862910624353,21.4));
#10165=CARTESIAN_POINT('',(3.05229696472613,5.2235986866465,21.6));
#10166=CARTESIAN_POINT('',(7.40210127318238,2.68188457644993,21.6));
#10167=CARTESIAN_POINT('',(3.05229696472613,5.2235986866465,21.4));
#10168=CARTESIAN_POINT('Origin',(4.93587070359647,-3.89133202079661,23.2));
#10169=CARTESIAN_POINT('',(4.28339054659908,-4.27259469471487,23.4));
#10170=CARTESIAN_POINT('',(3.05229696472519,-5.22359868664596,23.2));
#10171=CARTESIAN_POINT('Ctrl Pts',(3.05229696472519,-5.22359868664596,23.2));
#10172=CARTESIAN_POINT('Ctrl Pts',(3.27929736312236,-5.09095591131362,23.2478023778655));
#10173=CARTESIAN_POINT('Ctrl Pts',(3.54010508124056,-4.91326920377583,23.3046776621837));
#10174=CARTESIAN_POINT('Ctrl Pts',(3.92314727135782,-4.61099351047593,23.3724145878481));
#10175=CARTESIAN_POINT('Ctrl Pts',(4.12420820861655,-4.43217924939854,23.4));
#10176=CARTESIAN_POINT('Ctrl Pts',(4.28339054659908,-4.27259469471487,23.4));
#10177=CARTESIAN_POINT('',(7.5959228876128,-2.56862910624326,23.2));
#10178=CARTESIAN_POINT('',(5.03677308259565,-4.06401296911548,23.2));
#10179=CARTESIAN_POINT('',(6.56912207467024,-2.93697689100721,23.4));
#10180=CARTESIAN_POINT('Ctrl Pts',(6.56912207467024,-2.93697689100721,23.4));
#10181=CARTESIAN_POINT('Ctrl Pts',(6.72685816199414,-2.91151323781969,23.4));
#10182=CARTESIAN_POINT('Ctrl Pts',(6.91086072963706,-2.86523423950361,23.3723744415467));
#10183=CARTESIAN_POINT('Ctrl Pts',(7.2358035000644,-2.75391728009115,23.3045485392498));
#10184=CARTESIAN_POINT('Ctrl Pts',(7.43684642415945,-2.6615819986236,23.247770854605));
#10185=CARTESIAN_POINT('Ctrl Pts',(7.5959228876128,-2.56862910624326,23.2));
#10186=CARTESIAN_POINT('',(4.93587070359647,-3.89133202079661,23.4));
#10187=CARTESIAN_POINT('Origin',(3.05229696472519,-5.22359868664596,21.4));
#10188=CARTESIAN_POINT('',(3.05229696472519,-5.22359868664596,21.6));
#10189=CARTESIAN_POINT('',(3.05229696472519,-5.22359868664596,21.4));
#10190=CARTESIAN_POINT('',(7.5959228876128,-2.56862910624326,21.6));
#10191=CARTESIAN_POINT('',(5.130288311739,-4.00936936665047,21.6));
#10192=CARTESIAN_POINT('',(7.5959228876128,-2.56862910624326,21.4));
#10193=CARTESIAN_POINT('Origin',(11.3969504546602,-4.84999998509884,21.3145035389528));
#10194=CARTESIAN_POINT('',(11.1885528334455,-4.84999998509884,21.2040706114716));
#10195=CARTESIAN_POINT('',(11.3880445734117,-5.04999998509884,21.189821201474));
#10196=CARTESIAN_POINT('Origin',(11.3880445734117,-4.84999998509884,21.189821201474));
#10197=CARTESIAN_POINT('',(11.197458714694,-4.84999998509884,21.3287529489504));
#10198=CARTESIAN_POINT('',(11.197458714694,-4.84999998509884,21.3287529489504));
#10199=CARTESIAN_POINT('',(11.3969504546602,-5.04999998509884,21.3145035389528));
#10200=CARTESIAN_POINT('Origin',(11.3969504546602,-4.84999998509884,21.3145035389528));
#10201=CARTESIAN_POINT('',(11.3969504546602,-5.04999998509884,21.3145035389528));
#10202=CARTESIAN_POINT('Origin',(11.197458714694,-5.04999998509884,21.3287529489504));
#10203=CARTESIAN_POINT('',(11.1885528334455,4.84999998509884,21.2040706114716));
#10204=CARTESIAN_POINT('',(11.1885528334455,5.04999998509884,21.2040706114716));
#10205=CARTESIAN_POINT('',(11.197458714694,4.84999998509884,21.3287529489504));
#10206=CARTESIAN_POINT('',(11.197458714694,4.84999998509884,21.3287529489504));
#10207=CARTESIAN_POINT('',(11.197458714694,-4.03749999254942,21.3287529489504));
#10208=CARTESIAN_POINT('Origin',(16.0030495453398,-4.84999998509884,20.9854964610472));
#10209=CARTESIAN_POINT('',(15.9941436640913,-5.04999998509884,20.8608141235683));
#10210=CARTESIAN_POINT('',(16.1936354040575,-4.84999998509884,20.8465647135707));
#10211=CARTESIAN_POINT('Origin',(15.9941436640913,-4.84999998509884,20.8608141235683));
#10212=CARTESIAN_POINT('',(16.0030495453398,-5.04999998509884,20.9854964610472));
#10213=CARTESIAN_POINT('',(16.0030495453398,-5.04999998509884,20.9854964610472));
#10214=CARTESIAN_POINT('',(16.202541285306,-4.84999998509884,20.9712470510496));
#10215=CARTESIAN_POINT('Origin',(16.0030495453398,-4.84999998509884,20.9854964610472));
#10216=CARTESIAN_POINT('',(16.202541285306,-4.84999998509884,20.9712470510496));
#10217=CARTESIAN_POINT('Origin',(13.6910941187515,0.,21.0253176625212));
#10218=CARTESIAN_POINT('',(11.1885528334455,-5.04999998509884,21.2040706114716));
#10219=CARTESIAN_POINT('',(16.1936354040575,4.84999998509884,20.8465647135707));
#10220=CARTESIAN_POINT('',(16.1936354040575,-5.04999998509884,20.8465647135707));
#10221=CARTESIAN_POINT('',(15.9941436640913,5.04999998509884,20.8608141235683));
#10222=CARTESIAN_POINT('Origin',(15.9941436640913,4.84999998509884,20.8608141235683));
#10223=CARTESIAN_POINT('',(11.3880445734117,5.04999998509884,21.189821201474));
#10224=CARTESIAN_POINT('',(16.1936354040575,5.04999998509884,20.8465647135707));
#10225=CARTESIAN_POINT('Origin',(11.3880445734117,4.84999998509884,21.189821201474));
#10226=CARTESIAN_POINT('Origin',(16.202541285306,5.04999998509884,20.9712470510496));
#10227=CARTESIAN_POINT('',(16.202541285306,4.84999998509884,20.9712470510496));
#10228=CARTESIAN_POINT('',(16.202541285306,1.01249999254942,20.9712470510496));
#10229=CARTESIAN_POINT('',(16.202541285306,4.84999998509884,20.9712470510496));
#10230=CARTESIAN_POINT('Origin',(16.0030495453398,4.84999998509884,20.9854964610471));
#10231=CARTESIAN_POINT('',(16.0030495453398,5.04999998509884,20.9854964610472));
#10232=CARTESIAN_POINT('Origin',(16.0030495453398,4.84999998509884,20.9854964610472));
#10233=CARTESIAN_POINT('',(16.0030495453398,5.04999998509884,20.9854964610471));
#10234=CARTESIAN_POINT('Origin',(11.197458714694,5.04999998509884,21.3287529489504));
#10235=CARTESIAN_POINT('',(11.3969504546602,5.04999998509884,21.3145035389528));
#10236=CARTESIAN_POINT('',(12.448729357347,5.04999998509884,21.2393764744752));
#10237=CARTESIAN_POINT('',(11.3969504546602,5.04999998509884,21.3145035389528));
#10238=CARTESIAN_POINT('Origin',(11.3969504546602,4.84999998509884,21.3145035389528));
#10239=CARTESIAN_POINT('Origin',(11.3969504546602,4.84999998509884,21.3145035389528));
#10240=CARTESIAN_POINT('Origin',(17.4,-5.85,18.6));
#10241=CARTESIAN_POINT('',(17.,-6.05,18.6));
#10242=CARTESIAN_POINT('',(17.4,-6.05,18.2));
#10243=CARTESIAN_POINT('Origin',(17.4,-6.05,18.6));
#10244=CARTESIAN_POINT('',(17.4,-5.85,18.4));
#10245=CARTESIAN_POINT('Origin',(17.4,-5.85,18.2));
#10246=CARTESIAN_POINT('',(17.2,-5.85,18.6));
#10247=CARTESIAN_POINT('Origin',(17.4,-5.85,18.6));
#10248=CARTESIAN_POINT('Origin',(17.,-5.85,18.6));
#10249=CARTESIAN_POINT('Origin',(17.4,5.85,18.6));
#10250=CARTESIAN_POINT('',(17.4,5.85,18.4));
#10251=CARTESIAN_POINT('',(17.2,5.85,18.6));
#10252=CARTESIAN_POINT('Origin',(17.4,5.85,18.6));
#10253=CARTESIAN_POINT('',(17.4,6.05,18.2));
#10254=CARTESIAN_POINT('Origin',(17.4,5.85,18.2));
#10255=CARTESIAN_POINT('',(17.,6.05,18.6));
#10256=CARTESIAN_POINT('Origin',(17.4,6.05,18.6));
#10257=CARTESIAN_POINT('Origin',(17.,5.85,18.6));
#10258=CARTESIAN_POINT('Origin',(-0.2375,-5.85,18.2));
#10259=CARTESIAN_POINT('',(21.375,-6.05,18.2));
#10260=CARTESIAN_POINT('',(21.375,-5.85,18.4));
#10261=CARTESIAN_POINT('Origin',(21.375,-5.85,18.2));
#10262=CARTESIAN_POINT('',(-0.2375,-5.85,18.4));
#10263=CARTESIAN_POINT('',(-0.2375,-6.05,18.2));
#10264=CARTESIAN_POINT('Origin',(21.375,-5.55,18.2));
#10265=CARTESIAN_POINT('',(21.875,-5.55,18.2));
#10266=CARTESIAN_POINT('',(21.675,-5.55,18.4));
#10267=CARTESIAN_POINT('Origin',(21.675,-5.55,18.2));
#10268=CARTESIAN_POINT('Origin',(21.375,-5.55,18.4));
#10269=CARTESIAN_POINT('Origin',(21.375,-5.55,18.2));
#10270=CARTESIAN_POINT('Origin',(21.675,-3.025,18.2));
#10271=CARTESIAN_POINT('',(21.875,5.55,18.2));
#10272=CARTESIAN_POINT('',(21.675,5.55,18.4));
#10273=CARTESIAN_POINT('Origin',(21.675,5.55,18.2));
#10274=CARTESIAN_POINT('',(21.675,-3.025,18.4));
#10275=CARTESIAN_POINT('',(21.875,-3.025,18.2));
#10276=CARTESIAN_POINT('Origin',(21.375,5.55,18.2));
#10277=CARTESIAN_POINT('',(21.375,6.05,18.2));
#10278=CARTESIAN_POINT('',(21.375,5.85,18.4));
#10279=CARTESIAN_POINT('Origin',(21.375,5.85,18.2));
#10280=CARTESIAN_POINT('Origin',(21.375,5.55,18.4));
#10281=CARTESIAN_POINT('Origin',(21.375,5.55,18.2));
#10282=CARTESIAN_POINT('Origin',(11.3875,5.85,18.2));
#10283=CARTESIAN_POINT('',(11.3875,5.85,18.4));
#10284=CARTESIAN_POINT('',(11.3875,6.05,18.2));
#10285=CARTESIAN_POINT('Origin',(17.,-5.85,20.7137761593197));
#10286=CARTESIAN_POINT('',(17.0142494099976,-5.85,20.9132678992859));
#10287=CARTESIAN_POINT('',(17.2,-5.85,20.7137761593197));
#10288=CARTESIAN_POINT('Origin',(17.,-5.85,20.7137761593197));
#10289=CARTESIAN_POINT('',(17.,-6.05,20.7137761593197));
#10290=CARTESIAN_POINT('Origin',(17.,-5.85,20.7137761593197));
#10291=CARTESIAN_POINT('Origin',(17.,-5.85,20.7137761593197));
#10292=CARTESIAN_POINT('Origin',(17.,5.85,20.7137761593197));
#10293=CARTESIAN_POINT('',(17.0142494099976,5.85,20.9132678992859));
#10294=CARTESIAN_POINT('',(17.,6.05,20.7137761593197));
#10295=CARTESIAN_POINT('Origin',(17.,5.85,20.7137761593197));
#10296=CARTESIAN_POINT('',(17.2,5.85,20.7137761593197));
#10297=CARTESIAN_POINT('Origin',(17.,5.85,20.7137761593197));
#10298=CARTESIAN_POINT('Origin',(17.,5.85,20.7137761593197));
#10299=CARTESIAN_POINT('Origin',(17.,-4.5375,20.7137761593197));
#10300=CARTESIAN_POINT('',(17.0142494099976,-4.5375,20.9132678992859));
#10301=CARTESIAN_POINT('',(17.2,-4.5375,20.7137761593197));
#10302=CARTESIAN_POINT('Origin',(17.,5.85,17.05));
#10303=CARTESIAN_POINT('',(17.2,5.85,17.05));
#10304=CARTESIAN_POINT('',(17.,6.05,17.05));
#10305=CARTESIAN_POINT('Origin',(10.1928662304763,-5.85,21.2));
#10306=CARTESIAN_POINT('',(10.1928662304764,-6.05,21.2));
#10307=CARTESIAN_POINT('',(10.1928662304763,-5.85,21.4));
#10308=CARTESIAN_POINT('Origin',(10.1928662304764,-5.85,21.2));
#10309=CARTESIAN_POINT('',(10.2071156404739,-5.85,21.3994917399661));
#10310=CARTESIAN_POINT('Origin',(10.1928662304763,-5.85,21.2));
#10311=CARTESIAN_POINT('Origin',(10.1928662304763,-5.85,21.2));
#10312=CARTESIAN_POINT('Origin',(4.05453231589074,-5.85,21.6384524224704));
#10313=CARTESIAN_POINT('',(4.06878172588832,-5.85,21.8379441624365));
#10314=CARTESIAN_POINT('',(4.05453231589074,-6.05,21.6384524224704));
#10315=CARTESIAN_POINT('Origin',(10.1928662304763,5.85,21.2));
#10316=CARTESIAN_POINT('',(10.1928662304763,6.05,21.2));
#10317=CARTESIAN_POINT('',(10.2071156404739,5.85,21.3994917399661));
#10318=CARTESIAN_POINT('Origin',(10.1928662304763,5.85,21.2));
#10319=CARTESIAN_POINT('',(10.1928662304763,5.85,21.4));
#10320=CARTESIAN_POINT('Origin',(10.1928662304763,5.85,21.2));
#10321=CARTESIAN_POINT('Origin',(10.1928662304763,5.85,21.2));
#10322=CARTESIAN_POINT('Ctrl Pts',(2.51534904016637E-16,-6.01880376932915,
21.4));
#10323=CARTESIAN_POINT('Ctrl Pts',(-0.211649281299243,-6.01880376932915,
21.4));
#10324=CARTESIAN_POINT('Ctrl Pts',(-0.612265851673043,-6.01113658543742,
21.4));
#10325=CARTESIAN_POINT('Ctrl Pts',(-1.5702633937921,-5.93950082338145,21.4));
#10326=CARTESIAN_POINT('Ctrl Pts',(-2.17131817579418,-5.85776534011738,
21.4));
#10327=CARTESIAN_POINT('Ctrl Pts',(-2.35987272401785,-5.81986433173781,
21.4));
#10328=CARTESIAN_POINT('Ctrl Pts',(-0.0561219907649826,-6.01754062654848,
21.4033274839867));
#10329=CARTESIAN_POINT('Ctrl Pts',(-0.261839682319147,-6.01665444682722,
21.4031743407649));
#10330=CARTESIAN_POINT('Ctrl Pts',(-0.657079127726258,-6.0075736111378,
21.4026533389357));
#10331=CARTESIAN_POINT('Ctrl Pts',(-1.60801176072565,-5.93284724459694,
21.401319138505));
#10332=CARTESIAN_POINT('Ctrl Pts',(-2.17608561488404,-5.85336896554691,
21.4));
#10333=CARTESIAN_POINT('Ctrl Pts',(-2.3593967739174,-5.81736611533572,21.4));
#10334=CARTESIAN_POINT('Ctrl Pts',(-0.168816538998579,-6.0143585995808,
21.409982614233));
#10335=CARTESIAN_POINT('Ctrl Pts',(-0.365497712941136,-6.01173130451979,
21.4094082536344));
#10336=CARTESIAN_POINT('Ctrl Pts',(-0.753851049688755,-5.99947974077087,
21.4077044062653));
#10337=CARTESIAN_POINT('Ctrl Pts',(-1.68538538309563,-5.91857682298445,
21.4036321410509));
#10338=CARTESIAN_POINT('Ctrl Pts',(-2.18857172361023,-5.84408848052773,
21.4));
#10339=CARTESIAN_POINT('Ctrl Pts',(-2.35876845191239,-5.81230836706992,
21.4));
#10340=CARTESIAN_POINT('Ctrl Pts',(-0.351988625677339,-6.00705675949322,
21.4199095746396));
#10341=CARTESIAN_POINT('Ctrl Pts',(-0.54111950215588,-6.00146457508659,
21.4183976365341));
#10342=CARTESIAN_POINT('Ctrl Pts',(-0.926202801199137,-5.98295884745678,
21.4144576780298));
#10343=CARTESIAN_POINT('Ctrl Pts',(-1.80599155415316,-5.89379076236963,
21.4062537535346));
#10344=CARTESIAN_POINT('Ctrl Pts',(-2.21386977846908,-5.82905254772415,
21.4));
#10345=CARTESIAN_POINT('Ctrl Pts',(-2.35891526047207,-5.80496340727484,
21.4));
#10346=CARTESIAN_POINT('Ctrl Pts',(-0.564437638386444,-5.99561661793124,
21.4296951525721));
#10347=CARTESIAN_POINT('Ctrl Pts',(-0.749196196744856,-5.98628809575941,
21.4269442161162));
#10348=CARTESIAN_POINT('Ctrl Pts',(-1.13171800118122,-5.95979221151806,
21.4203075875744));
#10349=CARTESIAN_POINT('Ctrl Pts',(-1.92979253884562,-5.86513292484641,
21.4080981978565));
#10350=CARTESIAN_POINT('Ctrl Pts',(-2.24309954815095,-5.8136158845655,21.4));
#10351=CARTESIAN_POINT('Ctrl Pts',(-2.36028582154575,-5.79819125094634,
21.4));
#10352=CARTESIAN_POINT('Ctrl Pts',(-0.825443067203,-5.97635129936751,21.4391536626525));
#10353=CARTESIAN_POINT('Ctrl Pts',(-1.00482812538686,-5.96225743042701,
21.4348486083122));
#10354=CARTESIAN_POINT('Ctrl Pts',(-1.37587784364349,-5.92647190809279,
21.4251201457708));
#10355=CARTESIAN_POINT('Ctrl Pts',(-2.05214782300027,-5.83277583981198,
21.4091326532517));
#10356=CARTESIAN_POINT('Ctrl Pts',(-2.27366785919016,-5.79873542075157,
21.4));
#10357=CARTESIAN_POINT('Ctrl Pts',(-2.3629875761164,-5.79221826640736,21.4));
#10358=CARTESIAN_POINT('Ctrl Pts',(-1.15771879812801,-5.94149131614988,
21.4478422737083));
#10359=CARTESIAN_POINT('Ctrl Pts',(-1.32325495253877,-5.92224778061587,
21.4416686970742));
#10360=CARTESIAN_POINT('Ctrl Pts',(-1.65699717861103,-5.87848528830674,
21.4285989058195));
#10361=CARTESIAN_POINT('Ctrl Pts',(-2.16174074402401,-5.79893195307801,
21.4092203643042));
#10362=CARTESIAN_POINT('Ctrl Pts',(-2.30350360156725,-5.78539552457363,
21.4));
#10363=CARTESIAN_POINT('Ctrl Pts',(-2.3670600652689,-5.78715623571258,21.4));
#10364=CARTESIAN_POINT('Ctrl Pts',(-1.57318151685537,-5.87738712885207,
21.454706179358));
#10365=CARTESIAN_POINT('Ctrl Pts',(-1.70186620443403,-5.85578719762015,
21.446481444981));
#10366=CARTESIAN_POINT('Ctrl Pts',(-1.94578919807445,-5.8145532083508,21.4301377150257));
#10367=CARTESIAN_POINT('Ctrl Pts',(-2.246227427221,-5.76830963463559,21.4082825305421));
#10368=CARTESIAN_POINT('Ctrl Pts',(-2.33142888313083,-5.77434542838241,
21.4));
#10369=CARTESIAN_POINT('Ctrl Pts',(-2.37243353925656,-5.78299241824864,
21.4));
#10370=CARTESIAN_POINT('Ctrl Pts',(-2.00768216722644,-5.77240535651992,
21.4583321029928));
#10371=CARTESIAN_POINT('Ctrl Pts',(-2.06704565415979,-5.76166502102587,
21.4482114058923));
#10372=CARTESIAN_POINT('Ctrl Pts',(-2.18197341876591,-5.74510893500291,
21.4289888256413));
#10373=CARTESIAN_POINT('Ctrl Pts',(-2.30686304258172,-5.74463616218484,
21.4065417224764));
#10374=CARTESIAN_POINT('Ctrl Pts',(-2.3570429450545,-5.7659273859724,21.4));
#10375=CARTESIAN_POINT('Ctrl Pts',(-2.37888756656761,-5.77957961433439,
21.4));
#10376=CARTESIAN_POINT('Ctrl Pts',(-2.21849129459656,-5.69281286375728,
21.4585786437627));
#10377=CARTESIAN_POINT('Ctrl Pts',(-2.24343560192227,-5.69491261218748,
21.4471151350909));
#10378=CARTESIAN_POINT('Ctrl Pts',(-2.29269258414231,-5.70304208800846,
21.4263701717178));
#10379=CARTESIAN_POINT('Ctrl Pts',(-2.34709999886419,-5.73295031682672,
21.4052498703136));
#10380=CARTESIAN_POINT('Ctrl Pts',(-2.37235800826455,-5.76204239177641,
21.4));
#10381=CARTESIAN_POINT('Ctrl Pts',(-2.38363595818312,-5.77761077243988,
21.4));
#10382=CARTESIAN_POINT('Ctrl Pts',(-2.33202450421324,-5.64591841588086,
21.4585786437627));
#10383=CARTESIAN_POINT('Ctrl Pts',(-2.33673596205954,-5.65732503127965,
21.4462373022678));
#10384=CARTESIAN_POINT('Ctrl Pts',(-2.34739894237499,-5.68314050484024,
21.424805196333));
#10385=CARTESIAN_POINT('Ctrl Pts',(-2.36602543573075,-5.72823594087469,
21.4045953748915));
#10386=CARTESIAN_POINT('Ctrl Pts',(-2.37935082661786,-5.760497209859,21.4));
#10387=CARTESIAN_POINT('Ctrl Pts',(-2.38601383420266,-5.77662860005674,
21.4));
#10388=CARTESIAN_POINT('',(-2.38601383420266,-5.77662860005674,21.4));
#10389=CARTESIAN_POINT('Origin',(-2.38601383420266,-5.77662860005674,21.6));
#10390=CARTESIAN_POINT('Ctrl Pts',(-2.38601383420266,-5.77662860005674,
21.4));
#10391=CARTESIAN_POINT('Ctrl Pts',(-2.38356840614998,-5.77763867454278,
21.4));
#10392=CARTESIAN_POINT('Ctrl Pts',(-2.38112697887977,-5.77865123640636,
21.4));
#10393=CARTESIAN_POINT('Ctrl Pts',(-2.37880641933646,-5.77974681352034,
21.4));
#10394=CARTESIAN_POINT('Ctrl Pts',(-2.3764055600163,-5.78088030157611,21.4));
#10395=CARTESIAN_POINT('Ctrl Pts',(-2.37413375425427,-5.7821026868786,21.4));
#10396=CARTESIAN_POINT('Ctrl Pts',(-2.37207178386384,-5.78347082939565,
21.4));
#10397=CARTESIAN_POINT('Ctrl Pts',(-2.36992636077389,-5.78489434379725,
21.4));
#10398=CARTESIAN_POINT('Ctrl Pts',(-2.36800768078035,-5.78647570776414,
21.4));
#10399=CARTESIAN_POINT('Ctrl Pts',(-2.36636069777923,-5.78824378974348,
21.4));
#10400=CARTESIAN_POINT('Ctrl Pts',(-2.3645752428544,-5.79016052517753,21.4));
#10401=CARTESIAN_POINT('Ctrl Pts',(-2.36310868372227,-5.79229701977152,
21.4));
#10402=CARTESIAN_POINT('Ctrl Pts',(-2.3619713640463,-5.7946461217746,21.4));
#10403=CARTESIAN_POINT('Ctrl Pts',(-2.36077881173842,-5.79710930523517,
21.4));
#10404=CARTESIAN_POINT('Ctrl Pts',(-2.35994719370794,-5.79980630291143,
21.4));
#10405=CARTESIAN_POINT('Ctrl Pts',(-2.35945084622384,-5.80267971644754,
21.4));
#10406=CARTESIAN_POINT('Ctrl Pts',(-2.35892199170369,-5.80574131701067,
21.4));
#10407=CARTESIAN_POINT('Ctrl Pts',(-2.35877216278266,-5.80900333998245,
21.4));
#10408=CARTESIAN_POINT('Ctrl Pts',(-2.35894954282684,-5.8123400481654,21.4));
#10409=CARTESIAN_POINT('Ctrl Pts',(-2.35908198590218,-5.81483144394393,
21.4));
#10410=CARTESIAN_POINT('Ctrl Pts',(-2.3593962259105,-5.81736323890009,21.4));
#10411=CARTESIAN_POINT('Ctrl Pts',(-2.35987272401785,-5.81986433173781,
21.4));
#10412=CARTESIAN_POINT('Origin',(-0.237499999999999,-5.85,21.2));
#10413=CARTESIAN_POINT('',(-0.237499999999999,-5.85,21.4));
#10414=CARTESIAN_POINT('',(-0.237499999999999,-6.05,21.2));
#10415=CARTESIAN_POINT('Ctrl Pts',(-6.01880376932915,-1.90819582357449E-16,
21.4));
#10416=CARTESIAN_POINT('Ctrl Pts',(-6.01880376932915,0.211649281299243,
21.4));
#10417=CARTESIAN_POINT('Ctrl Pts',(-6.01113658543742,0.612265851673041,
21.4));
#10418=CARTESIAN_POINT('Ctrl Pts',(-5.93950082338145,1.5702633937921,21.4));
#10419=CARTESIAN_POINT('Ctrl Pts',(-5.85776534011738,2.17131817579418,21.4));
#10420=CARTESIAN_POINT('Ctrl Pts',(-5.81986433173781,2.35987272401785,21.4));
#10421=CARTESIAN_POINT('Ctrl Pts',(-6.01754062654848,0.0561219907649825,
21.4033274839867));
#10422=CARTESIAN_POINT('Ctrl Pts',(-6.01665444682722,0.261839682319146,
21.4031743407649));
#10423=CARTESIAN_POINT('Ctrl Pts',(-6.0075736111378,0.657079127726255,21.4026533389357));
#10424=CARTESIAN_POINT('Ctrl Pts',(-5.93284724459694,1.60801176072566,21.401319138505));
#10425=CARTESIAN_POINT('Ctrl Pts',(-5.8533689655469,2.17608561488404,21.4));
#10426=CARTESIAN_POINT('Ctrl Pts',(-5.81736611533572,2.3593967739174,21.4));
#10427=CARTESIAN_POINT('Ctrl Pts',(-6.0143585995808,0.168816538998579,21.409982614233));
#10428=CARTESIAN_POINT('Ctrl Pts',(-6.01173130451978,0.365497712941135,
21.4094082536344));
#10429=CARTESIAN_POINT('Ctrl Pts',(-5.99947974077086,0.75385104968876,21.4077044062653));
#10430=CARTESIAN_POINT('Ctrl Pts',(-5.91857682298444,1.68538538309563,21.4036321410509));
#10431=CARTESIAN_POINT('Ctrl Pts',(-5.84408848052773,2.18857172361023,21.4));
#10432=CARTESIAN_POINT('Ctrl Pts',(-5.81230836706992,2.35876845191239,21.4));
#10433=CARTESIAN_POINT('Ctrl Pts',(-6.00705675949322,0.351988625677338,
21.4199095746396));
#10434=CARTESIAN_POINT('Ctrl Pts',(-6.0014645750866,0.541119502155878,21.4183976365341));
#10435=CARTESIAN_POINT('Ctrl Pts',(-5.98295884745678,0.926202801199135,
21.4144576780298));
#10436=CARTESIAN_POINT('Ctrl Pts',(-5.89379076236964,1.80599155415316,21.4062537535346));
#10437=CARTESIAN_POINT('Ctrl Pts',(-5.82905254772415,2.21386977846908,21.4));
#10438=CARTESIAN_POINT('Ctrl Pts',(-5.80496340727485,2.35891526047208,21.4));
#10439=CARTESIAN_POINT('Ctrl Pts',(-5.99561661793123,0.564437638386442,
21.4296951525721));
#10440=CARTESIAN_POINT('Ctrl Pts',(-5.9862880957594,0.749196196744855,21.4269442161162));
#10441=CARTESIAN_POINT('Ctrl Pts',(-5.95979221151806,1.13171800118121,21.4203075875744));
#10442=CARTESIAN_POINT('Ctrl Pts',(-5.8651329248464,1.92979253884562,21.4080981978565));
#10443=CARTESIAN_POINT('Ctrl Pts',(-5.8136158845655,2.24309954815095,21.4));
#10444=CARTESIAN_POINT('Ctrl Pts',(-5.79819125094634,2.36028582154575,21.4));
#10445=CARTESIAN_POINT('Ctrl Pts',(-5.97635129936751,0.825443067202997,
21.4391536626525));
#10446=CARTESIAN_POINT('Ctrl Pts',(-5.96225743042701,1.00482812538685,21.4348486083122));
#10447=CARTESIAN_POINT('Ctrl Pts',(-5.92647190809279,1.37587784364349,21.4251201457708));
#10448=CARTESIAN_POINT('Ctrl Pts',(-5.83277583981199,2.05214782300027,21.4091326532517));
#10449=CARTESIAN_POINT('Ctrl Pts',(-5.79873542075157,2.27366785919016,21.4));
#10450=CARTESIAN_POINT('Ctrl Pts',(-5.79221826640735,2.3629875761164,21.4));
#10451=CARTESIAN_POINT('Ctrl Pts',(-5.94149131614988,1.15771879812801,21.4478422737083));
#10452=CARTESIAN_POINT('Ctrl Pts',(-5.92224778061587,1.32325495253876,21.4416686970742));
#10453=CARTESIAN_POINT('Ctrl Pts',(-5.87848528830674,1.65699717861103,21.4285989058195));
#10454=CARTESIAN_POINT('Ctrl Pts',(-5.798931953078,2.16174074402401,21.4092203643042));
#10455=CARTESIAN_POINT('Ctrl Pts',(-5.78539552457363,2.30350360156725,21.4));
#10456=CARTESIAN_POINT('Ctrl Pts',(-5.78715623571258,2.3670600652689,21.4));
#10457=CARTESIAN_POINT('Ctrl Pts',(-5.87738712885208,1.57318151685537,21.454706179358));
#10458=CARTESIAN_POINT('Ctrl Pts',(-5.85578719762016,1.70186620443403,21.446481444981));
#10459=CARTESIAN_POINT('Ctrl Pts',(-5.8145532083508,1.94578919807445,21.4301377150257));
#10460=CARTESIAN_POINT('Ctrl Pts',(-5.76830963463559,2.246227427221,21.4082825305421));
#10461=CARTESIAN_POINT('Ctrl Pts',(-5.77434542838241,2.33142888313083,21.4));
#10462=CARTESIAN_POINT('Ctrl Pts',(-5.78299241824864,2.37243353925656,21.4));
#10463=CARTESIAN_POINT('Ctrl Pts',(-5.77240535651992,2.00768216722644,21.4583321029928));
#10464=CARTESIAN_POINT('Ctrl Pts',(-5.76166502102587,2.06704565415979,21.4482114058923));
#10465=CARTESIAN_POINT('Ctrl Pts',(-5.74510893500291,2.18197341876591,21.4289888256413));
#10466=CARTESIAN_POINT('Ctrl Pts',(-5.74463616218484,2.30686304258172,21.4065417224764));
#10467=CARTESIAN_POINT('Ctrl Pts',(-5.7659273859724,2.3570429450545,21.4));
#10468=CARTESIAN_POINT('Ctrl Pts',(-5.7795796143344,2.37888756656761,21.4));
#10469=CARTESIAN_POINT('Ctrl Pts',(-5.69281286375728,2.21849129459657,21.4585786437627));
#10470=CARTESIAN_POINT('Ctrl Pts',(-5.69491261218748,2.24343560192227,21.4471151350909));
#10471=CARTESIAN_POINT('Ctrl Pts',(-5.70304208800846,2.29269258414231,21.4263701717178));
#10472=CARTESIAN_POINT('Ctrl Pts',(-5.73295031682672,2.34709999886419,21.4052498703136));
#10473=CARTESIAN_POINT('Ctrl Pts',(-5.76204239177641,2.37235800826456,21.4));
#10474=CARTESIAN_POINT('Ctrl Pts',(-5.77761077243988,2.38363595818313,21.4));
#10475=CARTESIAN_POINT('Ctrl Pts',(-5.64591841588086,2.33202450421324,21.4585786437627));
#10476=CARTESIAN_POINT('Ctrl Pts',(-5.65732503127965,2.33673596205955,21.4462373022678));
#10477=CARTESIAN_POINT('Ctrl Pts',(-5.68314050484024,2.347398942375,21.424805196333));
#10478=CARTESIAN_POINT('Ctrl Pts',(-5.72823594087469,2.36602543573074,21.4045953748915));
#10479=CARTESIAN_POINT('Ctrl Pts',(-5.760497209859,2.37935082661787,21.4));
#10480=CARTESIAN_POINT('Ctrl Pts',(-5.77662860005674,2.38601383420266,21.4));
#10481=CARTESIAN_POINT('',(-5.77662860005674,2.38601383420266,21.4));
#10482=CARTESIAN_POINT('Origin',(-5.77662860005674,2.38601383420266,21.6));
#10483=CARTESIAN_POINT('Ctrl Pts',(-5.77662860005674,2.38601383420266,21.4));
#10484=CARTESIAN_POINT('Ctrl Pts',(-5.77763867454278,2.38356840614998,21.4));
#10485=CARTESIAN_POINT('Ctrl Pts',(-5.77865123640636,2.38112697887977,21.4));
#10486=CARTESIAN_POINT('Ctrl Pts',(-5.77974681352034,2.37880641933646,21.4));
#10487=CARTESIAN_POINT('Ctrl Pts',(-5.78088030157611,2.37640556001628,21.4));
#10488=CARTESIAN_POINT('Ctrl Pts',(-5.78210268687862,2.37413375425424,21.4));
#10489=CARTESIAN_POINT('Ctrl Pts',(-5.78347082939568,2.37207178386381,21.4));
#10490=CARTESIAN_POINT('Ctrl Pts',(-5.78489434379731,2.36992636077381,21.4));
#10491=CARTESIAN_POINT('Ctrl Pts',(-5.78647570776423,2.36800768078024,21.4));
#10492=CARTESIAN_POINT('Ctrl Pts',(-5.78824378974362,2.3663606977791,21.4));
#10493=CARTESIAN_POINT('Ctrl Pts',(-5.79016052517766,2.36457524285431,21.4));
#10494=CARTESIAN_POINT('Ctrl Pts',(-5.79229701977165,2.3631086837222,21.4));
#10495=CARTESIAN_POINT('Ctrl Pts',(-5.79464612177472,2.36197136404625,21.4));
#10496=CARTESIAN_POINT('Ctrl Pts',(-5.79710930523526,2.36077881173839,21.4));
#10497=CARTESIAN_POINT('Ctrl Pts',(-5.7998063029115,2.35994719370792,21.4));
#10498=CARTESIAN_POINT('Ctrl Pts',(-5.80267971644758,2.35945084622383,21.4));
#10499=CARTESIAN_POINT('Ctrl Pts',(-5.80574131701074,2.35892199170368,21.4));
#10500=CARTESIAN_POINT('Ctrl Pts',(-5.80900333998256,2.35877216278266,21.4));
#10501=CARTESIAN_POINT('Ctrl Pts',(-5.81234004816554,2.35894954282684,21.4));
#10502=CARTESIAN_POINT('Ctrl Pts',(-5.81483144394402,2.35908198590219,21.4));
#10503=CARTESIAN_POINT('Ctrl Pts',(-5.81736323890014,2.35939622591051,21.4));
#10504=CARTESIAN_POINT('Ctrl Pts',(-5.81986433173781,2.35987272401785,21.4));
#10505=CARTESIAN_POINT('Ctrl Pts',(-3.8597597340484E-16,6.01880376932915,
21.4));
#10506=CARTESIAN_POINT('Ctrl Pts',(-0.211649281299244,6.01880376932915,
21.4));
#10507=CARTESIAN_POINT('Ctrl Pts',(-0.612265851673043,6.01113658543742,
21.4));
#10508=CARTESIAN_POINT('Ctrl Pts',(-1.5702633937921,5.93950082338145,21.4));
#10509=CARTESIAN_POINT('Ctrl Pts',(-2.17131817579418,5.85776534011738,21.4));
#10510=CARTESIAN_POINT('Ctrl Pts',(-2.35987272401785,5.81986433173781,21.4));
#10511=CARTESIAN_POINT('Ctrl Pts',(-0.0561219907649832,6.02006691210981,
21.3966725160133));
#10512=CARTESIAN_POINT('Ctrl Pts',(-0.261231308305976,6.01906446330611,
21.3968256592351));
#10513=CARTESIAN_POINT('Ctrl Pts',(-0.654400267121118,6.01008907904193,
21.3973466610643));
#10514=CARTESIAN_POINT('Ctrl Pts',(-1.6059435835018,5.93784484751606,21.398680861495));
#10515=CARTESIAN_POINT('Ctrl Pts',(-2.17766142001036,5.85992837635127,21.4));
#10516=CARTESIAN_POINT('Ctrl Pts',(-2.3603486741183,5.8223625481399,21.4));
#10517=CARTESIAN_POINT('Ctrl Pts',(-0.167908981153276,6.0219331772533,21.390017385767));
#10518=CARTESIAN_POINT('Ctrl Pts',(-0.362856624920629,6.0192030386105,21.3905917463656));
#10519=CARTESIAN_POINT('Ctrl Pts',(-0.744290998790043,6.00757155322126,
21.3922955937346));
#10520=CARTESIAN_POINT('Ctrl Pts',(-1.68090574018674,5.93464329003177,21.3963678589491));
#10521=CARTESIAN_POINT('Ctrl Pts',(-2.19320390162762,5.86357592832911,21.4));
#10522=CARTESIAN_POINT('Ctrl Pts',(-2.3616231222131,5.82729357059423,21.4));
#10523=CARTESIAN_POINT('Ctrl Pts',(-0.345882641321153,6.02275175907955,
21.3800904253604));
#10524=CARTESIAN_POINT('Ctrl Pts',(-0.530907752362679,6.01784543061168,
21.3816023634659));
#10525=CARTESIAN_POINT('Ctrl Pts',(-0.902907064159378,6.00211942564082,
21.3855423219702));
#10526=CARTESIAN_POINT('Ctrl Pts',(-1.8030086834637,5.92995511080841,21.3937462464654));
#10527=CARTESIAN_POINT('Ctrl Pts',(-2.22274111462832,5.86759624068518,21.4));
#10528=CARTESIAN_POINT('Ctrl Pts',(-2.36444942571984,5.83405470023853,21.4));
#10529=CARTESIAN_POINT('Ctrl Pts',(-0.546705581896907,6.02124288306332,
21.3703048474279));
#10530=CARTESIAN_POINT('Ctrl Pts',(-0.725028146952498,6.01439058421457,
21.3730557838838));
#10531=CARTESIAN_POINT('Ctrl Pts',(-1.09350308234664,5.99461317699521,21.3796924124256));
#10532=CARTESIAN_POINT('Ctrl Pts',(-1.93311130999688,5.92526743117725,21.3919018021435));
#10533=CARTESIAN_POINT('Ctrl Pts',(-2.25574642660286,5.87053668149773,21.4));
#10534=CARTESIAN_POINT('Ctrl Pts',(-2.36819350375629,5.83982060746052,21.4));
#10535=CARTESIAN_POINT('Ctrl Pts',(-0.786738961249886,6.01681960637954,
21.3608463373475));
#10536=CARTESIAN_POINT('Ctrl Pts',(-0.959684338598703,6.00821541451722,
21.3651513916878));
#10537=CARTESIAN_POINT('Ctrl Pts',(-1.32581990121929,5.98488849285137,21.3748798542292));
#10538=CARTESIAN_POINT('Ctrl Pts',(-2.06569240688806,5.92078827197473,21.3908673467482));
#10539=CARTESIAN_POINT('Ctrl Pts',(-2.28947641105063,5.87251401236149,21.4));
#10540=CARTESIAN_POINT('Ctrl Pts',(-2.37287618065973,5.84433770004853,21.4));
#10541=CARTESIAN_POINT('Ctrl Pts',(-1.08838678463149,6.00899609287715,21.3521577262917));
#10542=CARTESIAN_POINT('Ctrl Pts',(-1.25372931795004,5.99901651550603,21.3583313029258));
#10543=CARTESIAN_POINT('Ctrl Pts',(-1.60580527097183,5.97366238655966,21.3714010941805));
#10544=CARTESIAN_POINT('Ctrl Pts',(-2.18717491868305,5.91704180422049,21.3907796356958));
#10545=CARTESIAN_POINT('Ctrl Pts',(-2.32172320101827,5.87340408413531,21.4));
#10546=CARTESIAN_POINT('Ctrl Pts',(-2.37849931973943,5.84748420393677,21.4));
#10547=CARTESIAN_POINT('Ctrl Pts',(-1.47530245910499,5.99871041134736,21.345293820642));
#10548=CARTESIAN_POINT('Ctrl Pts',(-1.61981768000038,5.98832616127628,21.353518555019));
#10549=CARTESIAN_POINT('Ctrl Pts',(-1.91473837492399,5.96357419031806,21.3698622849744));
#10550=CARTESIAN_POINT('Ctrl Pts',(-2.28073035805199,5.91397461184233,21.3917174694578));
#10551=CARTESIAN_POINT('Ctrl Pts',(-2.35123540563154,5.87294515589991,21.4));
#10552=CARTESIAN_POINT('Ctrl Pts',(-2.38500872304904,5.84929607507722,21.4));
#10553=CARTESIAN_POINT('Ctrl Pts',(-1.92664071462793,5.99163131805313,21.3416678970072));
#10554=CARTESIAN_POINT('Ctrl Pts',(-2.01962542500887,5.98134753679325,21.3517885941077));
#10555=CARTESIAN_POINT('Ctrl Pts',(-2.1944861084314,5.95719434343536,21.3710111743586));
#10556=CARTESIAN_POINT('Ctrl Pts',(-2.34346778371869,5.91003014518929,21.3934582775236));
#10557=CARTESIAN_POINT('Ctrl Pts',(-2.37763447619959,5.87095014124332,21.4));
#10558=CARTESIAN_POINT('Ctrl Pts',(-2.39225703115896,5.84999291131169,21.4));
#10559=CARTESIAN_POINT('Ctrl Pts',(-2.22739920368526,5.99142135623731,21.3414213562373));
#10560=CARTESIAN_POINT('Ctrl Pts',(-2.26783665588366,5.97995784756554,21.3528848649091));
#10561=CARTESIAN_POINT('Ctrl Pts',(-2.33517776709071,5.9536396389993,21.3736298282822));
#10562=CARTESIAN_POINT('Ctrl Pts',(-2.38178523241095,5.90522594713079,21.3947501296864));
#10563=CARTESIAN_POINT('Ctrl Pts',(-2.39302023212157,5.86869473560389,21.4));
#10564=CARTESIAN_POINT('Ctrl Pts',(-2.39739706435706,5.85,21.4));
#10565=CARTESIAN_POINT('Ctrl Pts',(-2.39996979771956,5.99142135623731,21.3414213562373));
#10566=CARTESIAN_POINT('Ctrl Pts',(-2.39996979771956,5.97908001474242,21.3537626977322));
#10567=CARTESIAN_POINT('Ctrl Pts',(-2.39996979771956,5.95114906731192,21.375194803667));
#10568=CARTESIAN_POINT('Ctrl Pts',(-2.39996979771956,5.90235824229463,21.3954046251085));
#10569=CARTESIAN_POINT('Ctrl Pts',(-2.39996979771955,5.86745329251994,21.4));
#10570=CARTESIAN_POINT('Ctrl Pts',(-2.39996979771955,5.85,21.4));
#10571=CARTESIAN_POINT('',(-2.39996979771956,5.85,21.4));
#10572=CARTESIAN_POINT('Origin',(-2.39996979771956,5.85,21.2));
#10573=CARTESIAN_POINT('Ctrl Pts',(-2.39996979771956,5.85,21.4));
#10574=CARTESIAN_POINT('Ctrl Pts',(-2.39734485915006,5.85,21.4));
#10575=CARTESIAN_POINT('Ctrl Pts',(-2.39472276592061,5.84999622805825,21.4));
#10576=CARTESIAN_POINT('Ctrl Pts',(-2.39218232058286,5.84987122456209,21.4));
#10577=CARTESIAN_POINT('Ctrl Pts',(-2.38955167970721,5.84974178296312,21.4));
#10578=CARTESIAN_POINT('Ctrl Pts',(-2.38700826670097,5.8494824342231,21.4));
#10579=CARTESIAN_POINT('Ctrl Pts',(-2.38460570262139,5.84901061996361,21.4));
#10580=CARTESIAN_POINT('Ctrl Pts',(-2.38210285980634,5.84851911301926,21.4));
#10581=CARTESIAN_POINT('Ctrl Pts',(-2.37975244650148,5.84779713977829,21.4));
#10582=CARTESIAN_POINT('Ctrl Pts',(-2.3775846987855,5.84680100537113,21.4));
#10583=CARTESIAN_POINT('Ctrl Pts',(-2.3752100824931,5.84570980966824,21.4));
#10584=CARTESIAN_POINT('Ctrl Pts',(-2.37305415944056,5.84428939852447,21.4));
#10585=CARTESIAN_POINT('Ctrl Pts',(-2.37112792773245,5.8425423506642,21.4));
#10586=CARTESIAN_POINT('Ctrl Pts',(-2.36911741549507,5.84071886230215,21.4));
#10587=CARTESIAN_POINT('Ctrl Pts',(-2.36735603402348,5.83853995792453,21.4));
#10588=CARTESIAN_POINT('Ctrl Pts',(-2.36583939277849,5.83606888985699,21.4));
#10589=CARTESIAN_POINT('Ctrl Pts',(-2.36422693243743,5.83344170345274,21.4));
#10590=CARTESIAN_POINT('Ctrl Pts',(-2.36288947426126,5.83048480690794,21.4));
#10591=CARTESIAN_POINT('Ctrl Pts',(-2.36182464090482,5.82733362787728,21.4));
#10592=CARTESIAN_POINT('Ctrl Pts',(-2.36101231673165,5.82492970346496,21.4));
#10593=CARTESIAN_POINT('Ctrl Pts',(-2.36035849649225,5.82241410483816,21.4));
#10594=CARTESIAN_POINT('Ctrl Pts',(-2.35987272401785,5.81986433173781,21.4));
#10595=CARTESIAN_POINT('Origin',(-5.85,-5.85,21.2));
#10596=CARTESIAN_POINT('',(-6.05,-5.85,21.2));
#10597=CARTESIAN_POINT('',(-5.85,-5.85,21.4));
#10598=CARTESIAN_POINT('Origin',(-5.85,-5.85,21.2));
#10599=CARTESIAN_POINT('',(-5.85,-6.05,21.2));
#10600=CARTESIAN_POINT('Origin',(-5.85,-5.85,21.2));
#10601=CARTESIAN_POINT('Origin',(-5.85,-5.85,21.2));
#10602=CARTESIAN_POINT('Origin',(-5.85,5.85,21.2));
#10603=CARTESIAN_POINT('',(-5.85,6.05,21.2));
#10604=CARTESIAN_POINT('',(-5.85,5.85,21.4));
#10605=CARTESIAN_POINT('Origin',(-5.85,5.85,21.2));
#10606=CARTESIAN_POINT('',(-6.05,5.85,21.2));
#10607=CARTESIAN_POINT('Origin',(-5.85,5.85,21.2));
#10608=CARTESIAN_POINT('Origin',(-5.85,5.85,21.2));
#10609=CARTESIAN_POINT('Origin',(-6.25,-5.85,18.6));
#10610=CARTESIAN_POINT('',(-6.25,-5.85,18.4));
#10611=CARTESIAN_POINT('',(-6.05,-5.85,18.6));
#10612=CARTESIAN_POINT('Origin',(-6.25,-5.85,18.6));
#10613=CARTESIAN_POINT('',(-6.25,-6.05,18.2));
#10614=CARTESIAN_POINT('Origin',(-6.25,-5.85,18.2));
#10615=CARTESIAN_POINT('',(-5.85,-6.05,18.6));
#10616=CARTESIAN_POINT('Origin',(-6.25,-6.05,18.6));
#10617=CARTESIAN_POINT('Origin',(-5.85,-5.85,18.6));
#10618=CARTESIAN_POINT('Origin',(-6.25,5.85,18.6));
#10619=CARTESIAN_POINT('',(-5.85,6.05,18.6));
#10620=CARTESIAN_POINT('',(-6.25,6.05,18.2));
#10621=CARTESIAN_POINT('Origin',(-6.25,6.05,18.6));
#10622=CARTESIAN_POINT('',(-6.25,5.85,18.4));
#10623=CARTESIAN_POINT('Origin',(-6.25,5.85,18.2));
#10624=CARTESIAN_POINT('',(-6.05,5.85,18.6));
#10625=CARTESIAN_POINT('Origin',(-6.25,5.85,18.6));
#10626=CARTESIAN_POINT('Origin',(-5.85,5.85,18.6));
#10627=CARTESIAN_POINT('Origin',(11.3875,5.85,18.2));
#10628=CARTESIAN_POINT('',(-10.225,6.05,18.2));
#10629=CARTESIAN_POINT('',(-10.225,5.85,18.4));
#10630=CARTESIAN_POINT('Origin',(-10.225,5.85,18.2));
#10631=CARTESIAN_POINT('',(11.3875,5.85,18.4));
#10632=CARTESIAN_POINT('',(11.3875,6.05,18.2));
#10633=CARTESIAN_POINT('Origin',(-10.225,5.55,18.2));
#10634=CARTESIAN_POINT('',(-10.725,5.55,18.2));
#10635=CARTESIAN_POINT('',(-10.525,5.55,18.4));
#10636=CARTESIAN_POINT('Origin',(-10.525,5.55,18.2));
#10637=CARTESIAN_POINT('Origin',(-10.225,5.55,18.4));
#10638=CARTESIAN_POINT('Origin',(-10.225,5.55,18.2));
#10639=CARTESIAN_POINT('Origin',(-10.525,3.025,18.2));
#10640=CARTESIAN_POINT('',(-10.725,-5.55,18.2));
#10641=CARTESIAN_POINT('',(-10.525,-5.55,18.4));
#10642=CARTESIAN_POINT('Origin',(-10.525,-5.55,18.2));
#10643=CARTESIAN_POINT('',(-10.525,3.025,18.4));
#10644=CARTESIAN_POINT('',(-10.725,3.025,18.2));
#10645=CARTESIAN_POINT('Origin',(-10.225,-5.55,18.2));
#10646=CARTESIAN_POINT('',(-10.225,-6.05,18.2));
#10647=CARTESIAN_POINT('',(-10.225,-5.85,18.4));
#10648=CARTESIAN_POINT('Origin',(-10.225,-5.85,18.2));
#10649=CARTESIAN_POINT('Origin',(-10.225,-5.55,18.4));
#10650=CARTESIAN_POINT('Origin',(-10.225,-5.55,18.2));
#10651=CARTESIAN_POINT('Origin',(-0.2375,-5.85,18.2));
#10652=CARTESIAN_POINT('',(-0.2375,-5.85,18.4));
#10653=CARTESIAN_POINT('',(-0.2375,-6.05,18.2));
#10654=CARTESIAN_POINT('Origin',(-6.25,3.025,18.6));
#10655=CARTESIAN_POINT('',(-6.25,3.025,18.4));
#10656=CARTESIAN_POINT('',(-6.05,3.025,18.6));
#10657=CARTESIAN_POINT('Origin',(-5.85,5.85,17.05));
#10658=CARTESIAN_POINT('',(-5.85,6.05,17.05));
#10659=CARTESIAN_POINT('',(-6.05,5.85,17.05));
#10660=CARTESIAN_POINT('Origin',(-5.85,-5.85,17.05));
#10661=CARTESIAN_POINT('',(-6.05,-5.85,17.05));
#10662=CARTESIAN_POINT('',(-5.85,-6.05,17.05));
#10663=CARTESIAN_POINT('Origin',(-5.85,3.025,21.2));
#10664=CARTESIAN_POINT('',(-5.85,3.025,21.4));
#10665=CARTESIAN_POINT('',(-6.05,3.025,21.2));
#10666=CARTESIAN_POINT('Origin',(11.3875,5.85,21.2));
#10667=CARTESIAN_POINT('',(11.3875,5.85,21.4));
#10668=CARTESIAN_POINT('',(11.3875,6.05,21.2));
#10669=CARTESIAN_POINT('Origin',(-0.237499999999999,-5.85,21.2));
#10670=CARTESIAN_POINT('',(-0.237499999999999,-5.85,21.4));
#10671=CARTESIAN_POINT('',(-0.237499999999999,-6.05,21.2));
#10672=CARTESIAN_POINT('Origin',(-5.85,3.025,21.2));
#10673=CARTESIAN_POINT('',(-5.85,3.025,21.4));
#10674=CARTESIAN_POINT('',(-6.05,3.025,21.2));
#10675=CARTESIAN_POINT('Origin',(0.,0.,21.6));
#10676=CARTESIAN_POINT('Origin',(0.,0.,21.4));
#10677=CARTESIAN_POINT('Origin',(0.,0.,21.6));
#10678=CARTESIAN_POINT('Origin',(0.,0.,21.6));
#10679=CARTESIAN_POINT('',(3.15319934372485,5.39627963496455,21.4));
#10680=CARTESIAN_POINT('Origin',(3.15319934372485,5.39627963496455,21.6));
#10681=CARTESIAN_POINT('Origin',(0.,0.,21.4));
#10682=CARTESIAN_POINT('Origin',(0.,0.,21.6));
#10683=CARTESIAN_POINT('Origin',(7.50300365218158,2.8545655247688,21.6));
#10684=CARTESIAN_POINT('',(7.69682526661246,2.74131005456239,21.4));
#10685=CARTESIAN_POINT('Origin',(7.69682526661246,2.74131005456239,21.6));
#10686=CARTESIAN_POINT('',(7.50300365218158,2.8545655247688,21.4));
#10687=CARTESIAN_POINT('Origin',(6.095,0.,21.6));
#10688=CARTESIAN_POINT('',(7.69682526661198,-2.74131005456214,21.4));
#10689=CARTESIAN_POINT('Origin',(7.69682526661198,-2.74131005456214,21.6));
#10690=CARTESIAN_POINT('Origin',(6.095,0.,21.4));
#10691=CARTESIAN_POINT('Origin',(6.095,0.,21.6));
#10692=CARTESIAN_POINT('Origin',(5.23119069073818,-4.18205031496935,21.6));
#10693=CARTESIAN_POINT('',(3.15319934372437,-5.39627963496484,21.4));
#10694=CARTESIAN_POINT('Origin',(3.15319934372437,-5.39627963496484,21.6));
#10695=CARTESIAN_POINT('',(5.23119069073818,-4.18205031496935,21.4));
#10696=CARTESIAN_POINT('Origin',(0.,0.,21.6));
#10697=CARTESIAN_POINT('Origin',(0.,0.,21.4));
#10698=CARTESIAN_POINT('Origin',(0.,0.,21.6));
#10699=CARTESIAN_POINT('Origin',(11.3875,5.85,21.2));
#10700=CARTESIAN_POINT('',(11.3875,5.85,21.4));
#10701=CARTESIAN_POINT('',(11.3875,6.05,21.2));
#10702=CARTESIAN_POINT('Origin',(0.,0.,21.6));
#10703=CARTESIAN_POINT('Origin',(0.,0.,21.4));
#10704=CARTESIAN_POINT('Origin',(0.,0.,21.6));
#10705=CARTESIAN_POINT('Origin',(10.1928662304763,-1.5125,21.2));
#10706=CARTESIAN_POINT('',(10.2071156404739,-1.5125,21.3994917399661));
#10707=CARTESIAN_POINT('',(10.1928662304763,-1.5125,21.4));
#10708=CARTESIAN_POINT('Origin',(15.6205221636065,5.85,20.8123102904907));
#10709=CARTESIAN_POINT('',(15.6347715736041,5.85,21.0118020304568));
#10710=CARTESIAN_POINT('',(15.6205221636065,6.05,20.8123102904907));
#10711=CARTESIAN_POINT('Origin',(17.,-5.85,17.05));
#10712=CARTESIAN_POINT('',(17.,-6.05,17.05));
#10713=CARTESIAN_POINT('',(17.2,-5.85,17.05));
#10714=CARTESIAN_POINT('Origin',(17.4,-3.025,18.6));
#10715=CARTESIAN_POINT('',(17.4,-3.025,18.4));
#10716=CARTESIAN_POINT('',(17.2,-3.025,18.6));
#10717=CARTESIAN_POINT('Origin',(6.095,0.,21.4));
#10718=CARTESIAN_POINT('',(5.32410992616899,2.87338711176702,23.4));
#10719=CARTESIAN_POINT('Origin',(6.095,0.,23.4));
#10720=CARTESIAN_POINT('',(5.32410992616899,2.87338711176702,25.));
#10721=CARTESIAN_POINT('',(5.32410992616899,2.87338711176702,21.4));
#10722=CARTESIAN_POINT('',(5.32410992616899,-2.87338711176702,25.));
#10723=CARTESIAN_POINT('Origin',(6.095,0.,25.));
#10724=CARTESIAN_POINT('',(5.32410992616899,-2.87338711176702,23.4));
#10725=CARTESIAN_POINT('',(5.32410992616899,-2.87338711176702,21.4));
#10726=CARTESIAN_POINT('Origin',(6.095,0.,23.4));
#10727=CARTESIAN_POINT('Origin',(-6.05,-6.05,15.7));
#10728=CARTESIAN_POINT('',(-10.225,-6.05,16.8));
#10729=CARTESIAN_POINT('',(-10.225,-6.05,16.25));
#10730=CARTESIAN_POINT('',(-5.85,-6.05,16.8));
#10731=CARTESIAN_POINT('',(-2.575,-6.05,16.8));
#10732=CARTESIAN_POINT('',(-5.85,-6.05,15.7));
#10733=CARTESIAN_POINT('',(-5.85,-6.05,15.7));
#10734=CARTESIAN_POINT('',(17.,-6.05,15.7));
#10735=CARTESIAN_POINT('',(-0.237499999999999,-6.05,15.7));
#10736=CARTESIAN_POINT('',(17.,-6.05,16.8));
#10737=CARTESIAN_POINT('',(17.,-6.05,15.7));
#10738=CARTESIAN_POINT('',(21.375,-6.05000000000001,16.8));
#10739=CARTESIAN_POINT('',(-2.575,-6.05,16.8));
#10740=CARTESIAN_POINT('',(21.375,-6.05,16.25));
#10741=CARTESIAN_POINT('Origin',(-10.225,-5.55,16.25));
#10742=CARTESIAN_POINT('',(-10.725,-5.55,16.8));
#10743=CARTESIAN_POINT('',(-10.725,-5.55,16.25));
#10744=CARTESIAN_POINT('Origin',(-10.225,-5.55,16.8));
#10745=CARTESIAN_POINT('Origin',(-10.725,6.05,16.8));
#10746=CARTESIAN_POINT('',(-10.725,5.55,16.8));
#10747=CARTESIAN_POINT('',(-10.725,5.55,16.25));
#10748=CARTESIAN_POINT('',(-10.725,3.025,16.8));
#10749=CARTESIAN_POINT('Origin',(-10.225,5.55,16.25));
#10750=CARTESIAN_POINT('',(-10.225,6.05,16.8));
#10751=CARTESIAN_POINT('',(-10.225,6.05,16.25));
#10752=CARTESIAN_POINT('Origin',(-10.225,5.55,16.8));
#10753=CARTESIAN_POINT('Origin',(5.575,-3.33066907387547E-15,18.4));
#10754=CARTESIAN_POINT('',(18.45,0.,18.4));
#10755=CARTESIAN_POINT('Origin',(19.575,0.,18.4));
#10756=CARTESIAN_POINT('Origin',(13.7,-3.025,21.15));
#10757=CARTESIAN_POINT('',(14.951270642653,-5.04999998509884,21.0606235255248));
#10758=CARTESIAN_POINT('Origin',(17.2,-6.05,18.4));
#10759=CARTESIAN_POINT('Origin',(5.575,0.,21.4));
#10760=CARTESIAN_POINT('Origin',(5.575,0.,21.4));
#10761=CARTESIAN_POINT('Origin',(5.575,0.,21.4));
#10762=CARTESIAN_POINT('Origin',(5.575,-3.33066907387547E-15,18.4));
#10763=CARTESIAN_POINT('',(-9.55,0.,18.4));
#10764=CARTESIAN_POINT('Origin',(-8.425,0.,18.4));
#10765=CARTESIAN_POINT('Origin',(-6.05,6.05,18.4));
#10766=CARTESIAN_POINT('Origin',(-5.85,-5.85,15.7));
#10767=CARTESIAN_POINT('',(-6.05,-5.85,15.7));
#10768=CARTESIAN_POINT('Origin',(-5.85,-5.85,15.7));
#10769=CARTESIAN_POINT('',(-6.05,-5.85,16.8));
#10770=CARTESIAN_POINT('Origin',(-5.85,-5.85,16.8));
#10771=CARTESIAN_POINT('',(-6.05,-5.85,15.7));
#10772=CARTESIAN_POINT('Origin',(5.575,0.,15.7));
#10773=CARTESIAN_POINT('',(-6.05,5.85,15.7));
#10774=CARTESIAN_POINT('',(-6.05,3.025,15.7));
#10775=CARTESIAN_POINT('',(-5.85,6.05,15.7));
#10776=CARTESIAN_POINT('Origin',(-5.85,5.85,15.7));
#10777=CARTESIAN_POINT('',(17.,6.05,15.7));
#10778=CARTESIAN_POINT('',(11.3875,6.05,15.7));
#10779=CARTESIAN_POINT('',(17.2,5.85,15.7));
#10780=CARTESIAN_POINT('Origin',(17.,5.85,15.7));
#10781=CARTESIAN_POINT('',(17.2,-5.85,15.7));
#10782=CARTESIAN_POINT('',(17.2,-3.025,15.7));
#10783=CARTESIAN_POINT('Origin',(17.,-5.85,15.7));
#10784=CARTESIAN_POINT('',(-5.225,4.8,15.7));
#10785=CARTESIAN_POINT('Origin',(-4.8,4.8,15.7));
#10786=CARTESIAN_POINT('',(15.525,4.8,15.7));
#10787=CARTESIAN_POINT('Origin',(15.95,4.8,15.7));
#10788=CARTESIAN_POINT('',(-5.225,-4.8,15.7));
#10789=CARTESIAN_POINT('Origin',(-4.8,-4.8,15.7));
#10790=CARTESIAN_POINT('',(15.525,-4.8,15.7));
#10791=CARTESIAN_POINT('Origin',(15.95,-4.8,15.7));
#10792=CARTESIAN_POINT('Origin',(6.095,0.,25.));
#10793=CARTESIAN_POINT('',(5.22320754716981,2.63450240447572,25.2));
#10794=CARTESIAN_POINT('',(5.22320754716981,-2.63450240447572,25.2));
#10795=CARTESIAN_POINT('Origin',(6.095,0.,25.2));
#10796=CARTESIAN_POINT('Ctrl Pts',(5.22320754716981,-2.63450240447571,25.2));
#10797=CARTESIAN_POINT('Ctrl Pts',(5.22354319199464,-2.63531423974105,25.2));
#10798=CARTESIAN_POINT('Ctrl Pts',(5.22387890441449,-2.6361260511009,25.1999966804566));
#10799=CARTESIAN_POINT('Ctrl Pts',(5.23362033442737,-2.6596771063097,25.1998039480358));
#10800=CARTESIAN_POINT('Ctrl Pts',(5.24310056124268,-2.68244709192327,25.1970092998624));
#10801=CARTESIAN_POINT('Ctrl Pts',(5.26124628504436,-2.72577280574059,25.186155512108));
#10802=CARTESIAN_POINT('Ctrl Pts',(5.26997342902704,-2.74648620817088,25.1782833691822));
#10803=CARTESIAN_POINT('Ctrl Pts',(5.28811723777733,-2.78934283022825,25.1549115382683));
#10804=CARTESIAN_POINT('Ctrl Pts',(5.2973172577051,-2.81092735819219,25.138138183523));
#10805=CARTESIAN_POINT('Ctrl Pts',(5.31105414451154,-2.84303438646001,25.1005530784932));
#10806=CARTESIAN_POINT('Ctrl Pts',(5.31606533890051,-2.8546967872762,25.0813525709841));
#10807=CARTESIAN_POINT('Ctrl Pts',(5.3224927136246,-2.86963728094087,25.0409516290382));
#10808=CARTESIAN_POINT('Ctrl Pts',(5.32410992616899,-2.87338711176702,25.0206770685594));
#10809=CARTESIAN_POINT('Ctrl Pts',(5.32410992616899,-2.87338711176702,25.));
#10810=CARTESIAN_POINT('Ctrl Pts',(5.22320754716981,2.63450240447572,25.2));
#10811=CARTESIAN_POINT('Ctrl Pts',(5.22354367770478,2.63531541454427,25.2));
#10812=CARTESIAN_POINT('Ctrl Pts',(5.2238798760327,2.63612840064334,25.1999966708422));
#10813=CARTESIAN_POINT('Ctrl Pts',(5.23362073170664,2.65967805161769,25.1998036708206));
#10814=CARTESIAN_POINT('Ctrl Pts',(5.24309986677474,2.68244541748494,25.1970093594784));
#10815=CARTESIAN_POINT('Ctrl Pts',(5.26124095103403,2.72576008559817,25.1861590440021));
#10816=CARTESIAN_POINT('Ctrl Pts',(5.26996461825405,2.74646530456181,25.1782915164706));
#10817=CARTESIAN_POINT('Ctrl Pts',(5.28810880068931,2.7893230125661,25.154926271917));
#10818=CARTESIAN_POINT('Ctrl Pts',(5.29731197485524,2.81091499116433,25.1381505386134));
#10819=CARTESIAN_POINT('Ctrl Pts',(5.3110524553048,2.84303045374682,25.1005593927812));
#10820=CARTESIAN_POINT('Ctrl Pts',(5.31606458784239,2.85469504076977,25.0813567368137));
#10821=CARTESIAN_POINT('Ctrl Pts',(5.32249263197314,2.86963709174252,25.0409526447209));
#10822=CARTESIAN_POINT('Ctrl Pts',(5.32410992616899,2.87338711176702,25.0206775911864));
#10823=CARTESIAN_POINT('Ctrl Pts',(5.32410992616899,2.87338711176702,25.));
#10824=CARTESIAN_POINT('Origin',(0.,0.,25.));
#10825=CARTESIAN_POINT('Origin',(0.,0.,25.));
#10826=CARTESIAN_POINT('Origin',(0.,0.,25.2));
#10827=CARTESIAN_POINT('Origin',(1.51,0.,25.2));
#10828=CARTESIAN_POINT('',(-2.9,3.55147571752732E-16,25.2));
#10829=CARTESIAN_POINT('Origin',(0.,0.,25.2));
#10830=CARTESIAN_POINT('',(5.17,1.1327982892113E-16,25.2));
#10831=CARTESIAN_POINT('Origin',(6.095,0.,25.2));
#10832=CARTESIAN_POINT('Origin',(17.,-5.85,15.7));
#10833=CARTESIAN_POINT('',(17.2,-5.85,16.8));
#10834=CARTESIAN_POINT('',(17.2,-5.85,15.7));
#10835=CARTESIAN_POINT('Origin',(17.,-5.85,16.8));
#10836=CARTESIAN_POINT('Origin',(17.2,-6.05,15.7));
#10837=CARTESIAN_POINT('',(17.2,5.85,16.8));
#10838=CARTESIAN_POINT('',(17.2,5.85,15.7));
#10839=CARTESIAN_POINT('',(17.2,-3.025,16.8));
#10840=CARTESIAN_POINT('Origin',(17.,5.85,15.7));
#10841=CARTESIAN_POINT('',(17.,6.05,16.8));
#10842=CARTESIAN_POINT('',(17.,6.05,15.7));
#10843=CARTESIAN_POINT('Origin',(17.,5.85,16.8));
#10844=CARTESIAN_POINT('Origin',(17.2,6.05,15.7));
#10845=CARTESIAN_POINT('',(21.375,6.05,16.8));
#10846=CARTESIAN_POINT('',(21.375,6.05,16.25));
#10847=CARTESIAN_POINT('',(13.725,6.05,16.8));
#10848=CARTESIAN_POINT('',(-5.85,6.05,16.8));
#10849=CARTESIAN_POINT('',(-5.85,6.05,15.7));
#10850=CARTESIAN_POINT('',(13.725,6.05,16.8));
#10851=CARTESIAN_POINT('Origin',(-5.85,5.85,15.7));
#10852=CARTESIAN_POINT('',(-6.05,5.85,16.8));
#10853=CARTESIAN_POINT('',(-6.05,5.85,15.7));
#10854=CARTESIAN_POINT('Origin',(-5.85,5.85,16.8));
#10855=CARTESIAN_POINT('Origin',(-4.8,4.8,0.));
#10856=CARTESIAN_POINT('',(-5.225,4.8,16.45));
#10857=CARTESIAN_POINT('',(-5.225,4.8,0.));
#10858=CARTESIAN_POINT('Origin',(-4.8,4.8,16.45));
#10859=CARTESIAN_POINT('Origin',(15.95,4.8,0.));
#10860=CARTESIAN_POINT('',(15.525,4.8,16.45));
#10861=CARTESIAN_POINT('',(15.525,4.8,0.));
#10862=CARTESIAN_POINT('Origin',(15.95,4.8,16.45));
#10863=CARTESIAN_POINT('Origin',(-4.8,-4.8,0.));
#10864=CARTESIAN_POINT('',(-5.225,-4.8,16.45));
#10865=CARTESIAN_POINT('',(-5.225,-4.8,0.));
#10866=CARTESIAN_POINT('Origin',(-4.8,-4.8,16.45));
#10867=CARTESIAN_POINT('Origin',(15.95,-4.8,0.));
#10868=CARTESIAN_POINT('',(15.525,-4.8,16.45));
#10869=CARTESIAN_POINT('',(15.525,-4.8,0.));
#10870=CARTESIAN_POINT('Origin',(15.95,-4.8,16.45));
#10871=CARTESIAN_POINT('Origin',(16.202541285306,-5.04999998509884,20.9712470510496));
#10872=CARTESIAN_POINT('Origin',(5.32410992616899,2.87338711176702,23.4));
#10873=CARTESIAN_POINT('',(4.66409629895796,2.51718209791161,23.4));
#10874=CARTESIAN_POINT('',(5.51845196158857,2.14900380627954,23.4));
#10875=CARTESIAN_POINT('Origin',(5.32410992616899,2.87338711176702,23.4));
#10876=CARTESIAN_POINT('',(5.32410992616899,2.87338711176702,22.65));
#10877=CARTESIAN_POINT('Origin',(5.32410992616899,2.87338711176702,23.4));
#10878=CARTESIAN_POINT('Origin',(5.32410992616899,2.87338711176702,23.4));
#10879=CARTESIAN_POINT('Origin',(5.32410992616899,-2.87338711176702,23.4));
#10880=CARTESIAN_POINT('',(5.32410992616899,-2.87338711176702,22.65));
#10881=CARTESIAN_POINT('',(5.51845196158857,-2.14900380627954,23.4));
#10882=CARTESIAN_POINT('Origin',(5.32410992616899,-2.87338711176702,23.4));
#10883=CARTESIAN_POINT('',(4.66409629895796,-2.51718209791161,23.4));
#10884=CARTESIAN_POINT('Origin',(5.32410992616899,-2.87338711176702,23.4));
#10885=CARTESIAN_POINT('Origin',(5.32410992616899,-2.87338711176702,23.4));
#10886=CARTESIAN_POINT('Origin',(-6.05,3.025,18.4));
#10887=CARTESIAN_POINT('',(-5.3,-5.3,18.4));
#10888=CARTESIAN_POINT('',(-5.3,5.3,18.4));
#10889=CARTESIAN_POINT('',(-5.3,3.025,18.4));
#10890=CARTESIAN_POINT('',(-6.05,-5.3,17.65));
#10891=CARTESIAN_POINT('Origin',(-6.05,-5.3,18.4));
#10892=CARTESIAN_POINT('',(-6.05,5.3,17.65));
#10893=CARTESIAN_POINT('',(-6.05,3.025,17.65));
#10894=CARTESIAN_POINT('Origin',(-6.05,5.3,18.4));
#10895=CARTESIAN_POINT('Origin',(17.2,-3.025,18.4));
#10896=CARTESIAN_POINT('',(16.45,5.3,18.4));
#10897=CARTESIAN_POINT('',(16.45,-5.3,18.4));
#10898=CARTESIAN_POINT('',(16.45,-3.025,18.4));
#10899=CARTESIAN_POINT('',(17.2,5.3,17.65));
#10900=CARTESIAN_POINT('Origin',(17.2,5.3,18.4));
#10901=CARTESIAN_POINT('',(17.2,-5.3,17.65));
#10902=CARTESIAN_POINT('',(17.2,-3.025,17.65));
#10903=CARTESIAN_POINT('Origin',(17.2,-5.3,18.4));
#10904=CARTESIAN_POINT('Origin',(6.095,0.,23.4));
#10905=CARTESIAN_POINT('',(5.51245122186514,2.91740671163511,22.65));
#10906=CARTESIAN_POINT('Origin',(6.095,0.,22.65));
#10907=CARTESIAN_POINT('',(7.21753896636445,1.92107555004885,23.4));
#10908=CARTESIAN_POINT('Ctrl Pts',(7.21753896636491,1.92107555004858,23.3999999999991));
#10909=CARTESIAN_POINT('Ctrl Pts',(6.90329716484667,2.10469595324229,23.1886923838628));
#10910=CARTESIAN_POINT('Ctrl Pts',(6.52477442534473,2.32587753287152,22.9380028654408));
#10911=CARTESIAN_POINT('Ctrl Pts',(5.97929963254571,2.64461393554565,22.7152220839226));
#10912=CARTESIAN_POINT('Ctrl Pts',(5.72748219699449,2.791758010025,22.65));
#10913=CARTESIAN_POINT('Ctrl Pts',(5.51245122186514,2.91740671163511,22.65));
#10914=CARTESIAN_POINT('Origin',(6.095,0.,23.4));
#10915=CARTESIAN_POINT('Origin',(0.,0.,21.4));
#10916=CARTESIAN_POINT('',(0.,-5.3,21.4));
#10917=CARTESIAN_POINT('',(-5.3,9.18485099360515E-17,21.4));
#10918=CARTESIAN_POINT('Origin',(0.,0.,21.4));
#10919=CARTESIAN_POINT('',(-2.91761889217903,-5.3,20.65));
#10920=CARTESIAN_POINT('Ctrl Pts',(-2.91761889217903,-5.3,20.65));
#10921=CARTESIAN_POINT('Ctrl Pts',(-1.9625982306491,-5.3,20.65));
#10922=CARTESIAN_POINT('Ctrl Pts',(-0.89386722801026,-5.3,21.0637473529646));
#10923=CARTESIAN_POINT('Ctrl Pts',(0.,-5.3,21.4));
#10924=CARTESIAN_POINT('',(-5.3,-2.91761889217903,20.65));
#10925=CARTESIAN_POINT('Origin',(0.,0.,20.65));
#10926=CARTESIAN_POINT('Ctrl Pts',(-5.3,0.,21.4));
#10927=CARTESIAN_POINT('Ctrl Pts',(-5.3,-0.89386722801026,21.0637473529646));
#10928=CARTESIAN_POINT('Ctrl Pts',(-5.3,-1.9625982306491,20.65));
#10929=CARTESIAN_POINT('Ctrl Pts',(-5.3,-2.91761889217903,20.65));
#10930=CARTESIAN_POINT('Origin',(0.,0.,21.4));
#10931=CARTESIAN_POINT('',(0.,5.3,21.4));
#10932=CARTESIAN_POINT('Origin',(0.,0.,21.4));
#10933=CARTESIAN_POINT('',(-5.3,2.91761889217903,20.65));
#10934=CARTESIAN_POINT('Ctrl Pts',(-5.3,2.91761889217903,20.65));
#10935=CARTESIAN_POINT('Ctrl Pts',(-5.3,1.9625982306491,20.65));
#10936=CARTESIAN_POINT('Ctrl Pts',(-5.3,0.89386722801026,21.0637473529646));
#10937=CARTESIAN_POINT('Ctrl Pts',(-5.3,0.,21.4));
#10938=CARTESIAN_POINT('',(-2.91761889217903,5.3,20.65));
#10939=CARTESIAN_POINT('Origin',(0.,0.,20.65));
#10940=CARTESIAN_POINT('Ctrl Pts',(0.,5.3,21.4));
#10941=CARTESIAN_POINT('Ctrl Pts',(-0.89386722801026,5.3,21.0637473529646));
#10942=CARTESIAN_POINT('Ctrl Pts',(-1.9625982306491,5.3,20.65));
#10943=CARTESIAN_POINT('Ctrl Pts',(-2.91761889217903,5.3,20.65));
#10944=CARTESIAN_POINT('Origin',(0.,0.,23.4));
#10945=CARTESIAN_POINT('',(5.19299902915024,3.10407169428231,22.65));
#10946=CARTESIAN_POINT('Origin',(0.,0.,22.65));
#10947=CARTESIAN_POINT('',(2.67391304347589,4.57604513045266,23.4));
#10948=CARTESIAN_POINT('Origin',(0.,0.,23.4));
#10949=CARTESIAN_POINT('Ctrl Pts',(5.19299902915024,3.10407169428231,22.65));
#10950=CARTESIAN_POINT('Ctrl Pts',(4.36842966166519,3.58589097799083,22.65));
#10951=CARTESIAN_POINT('Ctrl Pts',(3.44568224649858,4.12507848137273,23.0637473529648));
#10952=CARTESIAN_POINT('Ctrl Pts',(2.67391304347915,4.57604513045075,23.4));
#10953=CARTESIAN_POINT('Origin',(5.32410992616899,2.87338711176702,21.4));
#10954=CARTESIAN_POINT('',(4.66409629895796,2.51718209791161,24.45));
#10955=CARTESIAN_POINT('',(5.51845196158857,2.14900380627954,24.45));
#10956=CARTESIAN_POINT('Origin',(5.32410992616899,2.87338711176702,24.45));
#10957=CARTESIAN_POINT('',(4.66409629895796,2.51718209791161,21.4));
#10958=CARTESIAN_POINT('',(5.51845196158857,2.14900380627954,21.4));
#10959=CARTESIAN_POINT('Origin',(5.32410992616899,-2.87338711176702,21.4));
#10960=CARTESIAN_POINT('',(5.51845196158857,-2.14900380627954,24.45));
#10961=CARTESIAN_POINT('',(4.66409629895796,-2.51718209791161,24.45));
#10962=CARTESIAN_POINT('Origin',(5.32410992616899,-2.87338711176702,24.45));
#10963=CARTESIAN_POINT('',(5.51845196158857,-2.14900380627954,21.4));
#10964=CARTESIAN_POINT('',(4.66409629895796,-2.51718209791161,21.4));
#10965=CARTESIAN_POINT('Origin',(6.095,0.,21.4));
#10966=CARTESIAN_POINT('',(7.59592288761143,2.5686291062446,20.65));
#10967=CARTESIAN_POINT('',(7.21753896636445,1.92107555004885,21.4));
#10968=CARTESIAN_POINT('Origin',(7.59592288761131,2.5686291062444,21.4));
#10969=CARTESIAN_POINT('',(7.5959228876128,-2.56862910624326,20.65));
#10970=CARTESIAN_POINT('Origin',(6.095,0.,20.65));
#10971=CARTESIAN_POINT('',(7.21753896636587,-1.92107555004748,21.4));
#10972=CARTESIAN_POINT('Origin',(7.5959228876128,-2.56862910624326,21.4));
#10973=CARTESIAN_POINT('Origin',(6.095,0.,21.4));
#10974=CARTESIAN_POINT('Origin',(7.40210127318238,2.68188457644993,21.4));
#10975=CARTESIAN_POINT('',(3.05229696472241,5.22359868664867,20.65));
#10976=CARTESIAN_POINT('',(2.67391304347589,4.57604513045266,21.4));
#10977=CARTESIAN_POINT('Origin',(3.05229696472217,5.22359868664827,21.4));
#10978=CARTESIAN_POINT('',(7.40210127318238,2.68188457644993,20.65));
#10979=CARTESIAN_POINT('',(7.0237173519354,2.03433102025418,21.4));
#10980=CARTESIAN_POINT('Origin',(0.,0.,21.4));
#10981=CARTESIAN_POINT('',(2.91761889217903,5.3,20.65));
#10982=CARTESIAN_POINT('Ctrl Pts',(2.91761889217903,5.3,20.65));
#10983=CARTESIAN_POINT('Ctrl Pts',(1.9625982306491,5.3,20.65));
#10984=CARTESIAN_POINT('Ctrl Pts',(0.89386722801026,5.3,21.0637473529646));
#10985=CARTESIAN_POINT('Ctrl Pts',(0.,5.3,21.4));
#10986=CARTESIAN_POINT('Origin',(0.,0.,20.65));
#10987=CARTESIAN_POINT('Origin',(0.,0.,21.4));
#10988=CARTESIAN_POINT('Origin',(0.,0.,21.4));
#10989=CARTESIAN_POINT('',(3.05229696472519,-5.22359868664596,20.65));
#10990=CARTESIAN_POINT('',(2.67391304347826,-4.57604513045018,21.4));
#10991=CARTESIAN_POINT('Origin',(3.05229696472519,-5.22359868664596,21.4));
#10992=CARTESIAN_POINT('',(2.91761889217903,-5.3,20.65));
#10993=CARTESIAN_POINT('Origin',(0.,0.,20.65));
#10994=CARTESIAN_POINT('Ctrl Pts',(0.,-5.3,21.4));
#10995=CARTESIAN_POINT('Ctrl Pts',(0.89386722801026,-5.3,21.0637473529646));
#10996=CARTESIAN_POINT('Ctrl Pts',(1.9625982306491,-5.3,20.65));
#10997=CARTESIAN_POINT('Ctrl Pts',(2.91761889217903,-5.3,20.65));
#10998=CARTESIAN_POINT('Origin',(0.,0.,21.4));
#10999=CARTESIAN_POINT('Origin',(0.,0.,23.4));
#11000=CARTESIAN_POINT('',(5.19299902915096,-3.10407169428111,22.65));
#11001=CARTESIAN_POINT('Origin',(0.,0.,22.65));
#11002=CARTESIAN_POINT('',(2.67391304347826,-4.57604513045018,23.4));
#11003=CARTESIAN_POINT('Ctrl Pts',(2.67391304347826,-4.57604513045018,23.4));
#11004=CARTESIAN_POINT('Ctrl Pts',(3.44568224649814,-4.125078481372,23.0637473529646));
#11005=CARTESIAN_POINT('Ctrl Pts',(4.36842966166542,-3.58589097798981,22.65));
#11006=CARTESIAN_POINT('Ctrl Pts',(5.19299902915096,-3.10407169428111,22.65));
#11007=CARTESIAN_POINT('Origin',(0.,0.,23.4));
#11008=CARTESIAN_POINT('Origin',(6.095,0.,23.4));
#11009=CARTESIAN_POINT('',(5.51245122186419,-2.91740671163492,22.65));
#11010=CARTESIAN_POINT('Origin',(6.095,0.,22.65));
#11011=CARTESIAN_POINT('',(7.21753896636587,-1.92107555004748,23.4));
#11012=CARTESIAN_POINT('Origin',(6.095,0.,23.4));
#11013=CARTESIAN_POINT('Ctrl Pts',(5.5124512218642,-2.91740671163492,22.65));
#11014=CARTESIAN_POINT('Ctrl Pts',(5.72748219699353,-2.79175801002485,22.65));
#11015=CARTESIAN_POINT('Ctrl Pts',(5.97929963254474,-2.64461393554554,22.7152220839227));
#11016=CARTESIAN_POINT('Ctrl Pts',(6.52477442534383,-2.32587753287143,22.938002865441));
#11017=CARTESIAN_POINT('Ctrl Pts',(6.90329716484752,-2.10469595324123,23.1886923838636));
#11018=CARTESIAN_POINT('Ctrl Pts',(7.21753896636587,-1.92107555004748,23.4));
#11019=CARTESIAN_POINT('Origin',(5.13028831173901,-4.00936936665047,21.4));
#11020=CARTESIAN_POINT('',(4.75190439049208,-3.36181581045469,21.4));
#11021=CARTESIAN_POINT('',(5.13028831173901,-4.00936936665047,20.65));
#11022=CARTESIAN_POINT('Origin',(6.095,0.,25.2));
#11023=CARTESIAN_POINT('',(5.77,3.98010209722893E-17,24.75));
#11024=CARTESIAN_POINT('Origin',(6.095,0.,24.75));
#11025=CARTESIAN_POINT('',(5.17,1.1327982892113E-16,24.45));
#11026=CARTESIAN_POINT('Origin',(5.17,1.1327982892113E-16,25.2));
#11027=CARTESIAN_POINT('Origin',(6.095,0.,24.45));
#11028=CARTESIAN_POINT('Origin',(0.,0.,25.2));
#11029=CARTESIAN_POINT('',(-2.45,-3.00038465791102E-16,24.6));
#11030=CARTESIAN_POINT('Origin',(0.,0.,24.6));
#11031=CARTESIAN_POINT('',(-2.9,3.55147571752732E-16,24.45));
#11032=CARTESIAN_POINT('Origin',(-2.9,3.55147571752732E-16,25.2));
#11033=CARTESIAN_POINT('Origin',(0.,0.,24.45));
#11034=CARTESIAN_POINT('Origin',(0.,0.,25.2));
#11035=CARTESIAN_POINT('',(-2.,-2.44929359829471E-16,24.45));
#11036=CARTESIAN_POINT('Origin',(-2.,-2.44929359829471E-16,25.2));
#11037=CARTESIAN_POINT('Origin',(0.,0.,24.45));
#11038=CARTESIAN_POINT('Origin',(17.2,-3.025,16.8));
#11039=CARTESIAN_POINT('',(17.95,0.935414346693485,16.8));
#11040=CARTESIAN_POINT('',(17.95,-0.935414346693485,16.8));
#11041=CARTESIAN_POINT('Ctrl Pts',(17.95,0.935414346693485,16.8));
#11042=CARTESIAN_POINT('Ctrl Pts',(17.95,0.935414346693485,16.8340320381864));
#11043=CARTESIAN_POINT('Ctrl Pts',(17.9476305967693,0.931335546457656,16.8685469969957));
#11044=CARTESIAN_POINT('Ctrl Pts',(17.9383824701476,0.914982265792479,16.93581829005));
#11045=CARTESIAN_POINT('Ctrl Pts',(17.9315051411149,0.902701716136642,16.9685733404387));
#11046=CARTESIAN_POINT('Ctrl Pts',(17.9060852595275,0.855355106357873,17.0607868695831));
#11047=CARTESIAN_POINT('Ctrl Pts',(17.8826689620239,0.809070548756377,17.1140476393496));
#11048=CARTESIAN_POINT('Ctrl Pts',(17.8339935310875,0.699181838816942,17.2046291242464));
#11049=CARTESIAN_POINT('Ctrl Pts',(17.8024228757281,0.616149582620168,17.2481537088818));
#11050=CARTESIAN_POINT('Ctrl Pts',(17.7320402376329,0.382928303020021,17.3339895279852));
#11051=CARTESIAN_POINT('Ctrl Pts',(17.7,0.175855359597862,17.3590169943749));
#11052=CARTESIAN_POINT('Ctrl Pts',(17.7,-0.175855359597862,17.3590169943749));
#11053=CARTESIAN_POINT('Ctrl Pts',(17.7320402376329,-0.382928303020021,
17.3339895279852));
#11054=CARTESIAN_POINT('Ctrl Pts',(17.8024228757281,-0.616149582620168,
17.2481537088818));
#11055=CARTESIAN_POINT('Ctrl Pts',(17.8339935310875,-0.699181838816943,
17.2046291242464));
#11056=CARTESIAN_POINT('Ctrl Pts',(17.8826689620239,-0.809070548756378,
17.1140476393496));
#11057=CARTESIAN_POINT('Ctrl Pts',(17.9060852595275,-0.855355106357873,
17.0607868695831));
#11058=CARTESIAN_POINT('Ctrl Pts',(17.9315051411149,-0.902701716136642,
16.9685733404387));
#11059=CARTESIAN_POINT('Ctrl Pts',(17.9383824701476,-0.914982265792479,
16.93581829005));
#11060=CARTESIAN_POINT('Ctrl Pts',(17.9476305967693,-0.931335546457656,
16.8685469969957));
#11061=CARTESIAN_POINT('Ctrl Pts',(17.95,-0.935414346693485,16.8340320381864));
#11062=CARTESIAN_POINT('Ctrl Pts',(17.95,-0.935414346693485,16.8));
#11063=CARTESIAN_POINT('',(17.95,5.3,16.8));
#11064=CARTESIAN_POINT('',(17.95,-3.025,16.8));
#11065=CARTESIAN_POINT('',(16.45,5.3,16.8));
#11066=CARTESIAN_POINT('Origin',(17.2,5.3,16.8));
#11067=CARTESIAN_POINT('',(16.45,-5.3,16.8));
#11068=CARTESIAN_POINT('',(16.45,-3.025,16.8));
#11069=CARTESIAN_POINT('',(17.95,-5.3,16.8));
#11070=CARTESIAN_POINT('Origin',(17.2,-5.3,16.8));
#11071=CARTESIAN_POINT('',(17.95,-3.025,16.8));
#11072=CARTESIAN_POINT('Origin',(-6.05,3.025,16.8));
#11073=CARTESIAN_POINT('',(-6.8,-0.935414346693485,16.8));
#11074=CARTESIAN_POINT('',(-6.8,0.935414346693485,16.8));
#11075=CARTESIAN_POINT('Ctrl Pts',(-6.8,-0.935414346693485,16.8));
#11076=CARTESIAN_POINT('Ctrl Pts',(-6.8,-0.935414346693485,16.8340320381864));
#11077=CARTESIAN_POINT('Ctrl Pts',(-6.79763059676934,-0.931335546457656,
16.8685469969957));
#11078=CARTESIAN_POINT('Ctrl Pts',(-6.78838247014756,-0.914982265792478,
16.93581829005));
#11079=CARTESIAN_POINT('Ctrl Pts',(-6.78150514111493,-0.902701716136643,
16.9685733404387));
#11080=CARTESIAN_POINT('Ctrl Pts',(-6.75608525952749,-0.855355106357875,
17.0607868695831));
#11081=CARTESIAN_POINT('Ctrl Pts',(-6.73266896202394,-0.809070548756378,
17.1140476393496));
#11082=CARTESIAN_POINT('Ctrl Pts',(-6.68399353108754,-0.699181838816944,
17.2046291242464));
#11083=CARTESIAN_POINT('Ctrl Pts',(-6.65242287572806,-0.616149582620168,
17.2481537088818));
#11084=CARTESIAN_POINT('Ctrl Pts',(-6.58204023763294,-0.382928303020022,
17.3339895279852));
#11085=CARTESIAN_POINT('Ctrl Pts',(-6.55,-0.175855359597863,17.3590169943749));
#11086=CARTESIAN_POINT('Ctrl Pts',(-6.55,0.175855359597863,17.3590169943749));
#11087=CARTESIAN_POINT('Ctrl Pts',(-6.58204023763294,0.382928303020022,
17.3339895279852));
#11088=CARTESIAN_POINT('Ctrl Pts',(-6.65242287572806,0.616149582620168,
17.2481537088818));
#11089=CARTESIAN_POINT('Ctrl Pts',(-6.68399353108754,0.699181838816944,
17.2046291242464));
#11090=CARTESIAN_POINT('Ctrl Pts',(-6.73266896202394,0.809070548756378,
17.1140476393496));
#11091=CARTESIAN_POINT('Ctrl Pts',(-6.75608525952749,0.855355106357875,
17.0607868695831));
#11092=CARTESIAN_POINT('Ctrl Pts',(-6.78150514111493,0.902701716136643,
16.9685733404387));
#11093=CARTESIAN_POINT('Ctrl Pts',(-6.78838247014756,0.914982265792478,
16.93581829005));
#11094=CARTESIAN_POINT('Ctrl Pts',(-6.79763059676934,0.931335546457656,
16.8685469969957));
#11095=CARTESIAN_POINT('Ctrl Pts',(-6.8,0.935414346693485,16.8340320381864));
#11096=CARTESIAN_POINT('Ctrl Pts',(-6.8,0.935414346693485,16.8));
#11097=CARTESIAN_POINT('',(-6.8,-5.3,16.8));
#11098=CARTESIAN_POINT('',(-6.8,3.025,16.8));
#11099=CARTESIAN_POINT('',(-5.3,-5.3,16.8));
#11100=CARTESIAN_POINT('Origin',(-6.05,-5.3,16.8));
#11101=CARTESIAN_POINT('',(-5.3,5.3,16.8));
#11102=CARTESIAN_POINT('',(-5.3,3.025,16.8));
#11103=CARTESIAN_POINT('',(-6.8,5.3,16.8));
#11104=CARTESIAN_POINT('Origin',(-6.05,5.3,16.8));
#11105=CARTESIAN_POINT('',(-6.8,3.025,16.8));
#11106=CARTESIAN_POINT('Origin',(5.575,0.,16.45));
#11107=CARTESIAN_POINT('',(16.45,-5.3,16.45));
#11108=CARTESIAN_POINT('',(-5.3,-5.3,16.45));
#11109=CARTESIAN_POINT('',(-0.237499999999999,-5.3,16.45));
#11110=CARTESIAN_POINT('',(16.45,5.3,16.45));
#11111=CARTESIAN_POINT('',(16.45,-3.025,16.45));
#11112=CARTESIAN_POINT('',(-5.3,5.3,16.45));
#11113=CARTESIAN_POINT('',(11.3875,5.3,16.45));
#11114=CARTESIAN_POINT('',(-5.3,3.025,16.45));
#11115=CARTESIAN_POINT('Origin',(-5.3,6.05,15.7));
#11116=CARTESIAN_POINT('',(-5.3,5.3,15.7));
#11117=CARTESIAN_POINT('',(-5.3,-5.3,15.7));
#11118=CARTESIAN_POINT('Origin',(16.45,-6.05,15.7));
#11119=CARTESIAN_POINT('',(16.45,-5.3,15.7));
#11120=CARTESIAN_POINT('',(16.45,5.3,15.7));
#11121=CARTESIAN_POINT('Origin',(5.575,-3.33066907387547E-15,17.65));
#11122=CARTESIAN_POINT('',(21.125,-1.05504739230047,17.65));
#11123=CARTESIAN_POINT('',(21.125,-5.3,17.65));
#11124=CARTESIAN_POINT('',(21.125,-3.025,17.65));
#11125=CARTESIAN_POINT('',(-0.2375,-5.3,17.65));
#11126=CARTESIAN_POINT('',(21.125,5.3,17.65));
#11127=CARTESIAN_POINT('',(11.3875,5.3,17.65));
#11128=CARTESIAN_POINT('',(21.125,1.05504739230047,17.65));
#11129=CARTESIAN_POINT('',(21.125,-3.025,17.65));
#11130=CARTESIAN_POINT('Origin',(19.575,0.,17.65));
#11131=CARTESIAN_POINT('Origin',(21.125,-6.05,16.8));
#11132=CARTESIAN_POINT('',(21.125,5.3,16.8));
#11133=CARTESIAN_POINT('',(21.125,5.3,16.25));
#11134=CARTESIAN_POINT('',(21.125,1.05504739230047,16.8));
#11135=CARTESIAN_POINT('',(21.125,-3.025,16.8));
#11136=CARTESIAN_POINT('',(21.125,1.05504739230047,16.8));
#11137=CARTESIAN_POINT('Origin',(21.125,-6.05,16.8));
#11138=CARTESIAN_POINT('',(21.125,-5.3,16.8));
#11139=CARTESIAN_POINT('',(21.125,-1.05504739230047,16.8));
#11140=CARTESIAN_POINT('',(21.125,-3.025,16.8));
#11141=CARTESIAN_POINT('',(21.125,-5.3,16.25));
#11142=CARTESIAN_POINT('',(21.125,-1.05504739230047,16.8));
#11143=CARTESIAN_POINT('Origin',(-9.975,6.05,16.8));
#11144=CARTESIAN_POINT('',(-9.975,-1.05504739230046,17.65));
#11145=CARTESIAN_POINT('',(-9.975,-5.3,17.65));
#11146=CARTESIAN_POINT('',(-9.975,3.025,17.65));
#11147=CARTESIAN_POINT('',(-9.975,-5.3,16.8));
#11148=CARTESIAN_POINT('',(-9.975,-5.3,16.25));
#11149=CARTESIAN_POINT('',(-9.975,-1.05504739230046,16.8));
#11150=CARTESIAN_POINT('',(-9.975,3.025,16.8));
#11151=CARTESIAN_POINT('',(-9.975,-1.05504739230046,16.8));
#11152=CARTESIAN_POINT('Origin',(-9.975,6.05,16.8));
#11153=CARTESIAN_POINT('',(-9.975,5.3,16.8));
#11154=CARTESIAN_POINT('',(-9.975,1.05504739230046,16.8));
#11155=CARTESIAN_POINT('',(-9.975,3.025,16.8));
#11156=CARTESIAN_POINT('',(-9.975,5.3,17.65));
#11157=CARTESIAN_POINT('',(-9.975,5.3,16.25));
#11158=CARTESIAN_POINT('',(-9.975,1.05504739230046,17.65));
#11159=CARTESIAN_POINT('',(-9.975,3.025,17.65));
#11160=CARTESIAN_POINT('',(-9.975,1.05504739230046,16.8));
#11161=CARTESIAN_POINT('Origin',(19.575,0.,16.8));
#11162=CARTESIAN_POINT('Origin',(19.575,0.,16.8));
#11163=CARTESIAN_POINT('Origin',(19.575,0.,16.8));
#11164=CARTESIAN_POINT('Origin',(-8.425,0.,16.8));
#11165=CARTESIAN_POINT('Origin',(-8.425,0.,17.65));
#11166=CARTESIAN_POINT('Origin',(-8.425,0.,16.8));
#11167=CARTESIAN_POINT('Origin',(-8.425,0.,16.8));
#11168=CARTESIAN_POINT('Origin',(5.575,-3.33066907387547E-15,17.65));
#11169=CARTESIAN_POINT('',(-0.2375,-5.3,17.65));
#11170=CARTESIAN_POINT('',(11.3875,5.3,17.65));
#11171=CARTESIAN_POINT('Origin',(-5.3,6.05,18.4));
#11172=CARTESIAN_POINT('',(-5.3,5.3,20.65));
#11173=CARTESIAN_POINT('',(-5.3,5.3,17.05));
#11174=CARTESIAN_POINT('',(-5.3,3.025,20.65));
#11175=CARTESIAN_POINT('',(-5.3,-5.3,20.65));
#11176=CARTESIAN_POINT('',(-5.3,3.025,20.65));
#11177=CARTESIAN_POINT('',(-5.3,-5.3,17.05));
#11178=CARTESIAN_POINT('Origin',(16.45,-6.05,18.4));
#11179=CARTESIAN_POINT('',(16.45,-5.3,20.65));
#11180=CARTESIAN_POINT('',(16.45,-5.3,17.05));
#11181=CARTESIAN_POINT('',(16.45,5.3,20.65));
#11182=CARTESIAN_POINT('',(16.45,-3.025,20.65));
#11183=CARTESIAN_POINT('',(16.45,5.3,17.05));
#11184=CARTESIAN_POINT('Origin',(5.575,0.,20.65));
#11185=CARTESIAN_POINT('',(11.3875,5.3,20.65));
#11186=CARTESIAN_POINT('Origin',(5.575,0.,20.65));
#11187=CARTESIAN_POINT('',(-0.237499999999999,-5.3,20.65));
#11188=CARTESIAN_POINT('Origin',(1.51,0.,24.45));
#11189=CARTESIAN_POINT('Origin',(6.095,0.,21.4));
#11190=CARTESIAN_POINT('',(7.21753896636587,-1.92107555004748,21.4));
#11191=CARTESIAN_POINT('Origin',(6.095,0.,24.45));
#11192=CARTESIAN_POINT('',(7.21753896636628,1.92107555004778,21.4));
#11193=CARTESIAN_POINT('Origin',(5.32410992616737,1.35558231306732E-12,
22.65));
#11194=CARTESIAN_POINT('',(6.93020212279146,2.08897462271955,22.65));
#11195=CARTESIAN_POINT('Origin',(7.21753896636445,1.92107555004885,21.4));
#11196=CARTESIAN_POINT('',(2.67391304347915,4.57604513045075,21.4));
#11197=CARTESIAN_POINT('Origin',(0.,0.,21.4));
#11198=CARTESIAN_POINT('Origin',(0.,0.,24.45));
#11199=CARTESIAN_POINT('',(2.67391304347826,-4.57604513045018,21.4));
#11200=CARTESIAN_POINT('Origin',(5.575,0.,20.65));
#11201=CARTESIAN_POINT('',(-0.237499999999999,-5.3,20.65));
#11202=CARTESIAN_POINT('',(11.3875,5.3,20.65));
#11203=CARTESIAN_POINT('Origin',(5.32410992616737,1.35558231306732E-12,
22.65));
#11204=CARTESIAN_POINT('',(4.65838916134872,-3.4164594129197,22.65));
#11205=CARTESIAN_POINT('Origin',(2.67391304347826,-4.57604513045018,21.4));
#11206=CARTESIAN_POINT('Origin',(2.06,0.,24.75));
#11207=CARTESIAN_POINT('Origin',(1.51,0.,24.45));
#11208=CARTESIAN_POINT('Origin',(-6.05,-5.3,15.7));
#11209=CARTESIAN_POINT('',(-2.575,-5.3,16.8));
#11210=CARTESIAN_POINT('',(-2.575,-5.3,16.8));
#11211=CARTESIAN_POINT('Origin',(17.2,5.3,15.7));
#11212=CARTESIAN_POINT('',(13.725,5.3,16.8));
#11213=CARTESIAN_POINT('',(13.725,5.3,16.8));
#11214=CARTESIAN_POINT('Origin',(5.575,-3.33066907387547E-15,16.8));
#11215=CARTESIAN_POINT('',(-6.05,3.025,16.8));
#11216=CARTESIAN_POINT('',(-9.55,-1.37772764904077E-16,16.8));
#11217=CARTESIAN_POINT('Origin',(-8.425,0.,16.8));
#11218=CARTESIAN_POINT('Origin',(21.375,5.55,16.25));
#11219=CARTESIAN_POINT('',(21.875,5.55,16.8));
#11220=CARTESIAN_POINT('',(21.875,5.55,16.25));
#11221=CARTESIAN_POINT('Origin',(21.375,5.55,16.8));
#11222=CARTESIAN_POINT('Origin',(5.575,-3.33066907387547E-15,16.8));
#11223=CARTESIAN_POINT('',(21.875,-5.55,16.8));
#11224=CARTESIAN_POINT('',(21.875,-3.025,16.8));
#11225=CARTESIAN_POINT('Origin',(21.375,-5.55,16.8));
#11226=CARTESIAN_POINT('',(18.45,-1.37772764904077E-16,16.8));
#11227=CARTESIAN_POINT('Origin',(19.575,0.,16.8));
#11228=CARTESIAN_POINT('Origin',(21.375,-5.55,16.25));
#11229=CARTESIAN_POINT('',(21.875,-5.55,16.25));
#11230=CARTESIAN_POINT('Origin',(0.,0.,25.2));
#11231=CARTESIAN_POINT('',(-2.,-2.44929359829471E-16,25.5));
#11232=CARTESIAN_POINT('Origin',(0.,0.,25.5));
#11233=CARTESIAN_POINT('',(-2.,-2.44929359829471E-16,25.2));
#11234=CARTESIAN_POINT('',(-2.,-2.44929359829471E-16,25.2));
#11235=CARTESIAN_POINT('Origin',(0.,0.,25.2));
#11236=CARTESIAN_POINT('Origin',(0.,0.,25.2));
#11237=CARTESIAN_POINT('',(-2.9,3.55147571752732E-16,25.5));
#11238=CARTESIAN_POINT('Origin',(0.,0.,25.5));
#11239=CARTESIAN_POINT('',(-2.9,-3.55147571752732E-16,25.2));
#11240=CARTESIAN_POINT('Origin',(2.06,0.,25.5));
#11241=CARTESIAN_POINT('Origin',(6.095,0.,25.2));
#11242=CARTESIAN_POINT('',(5.17,1.1327982892113E-16,25.5));
#11243=CARTESIAN_POINT('Origin',(6.095,0.,25.5));
#11244=CARTESIAN_POINT('',(5.17,-1.1327982892113E-16,25.2));
#11245=CARTESIAN_POINT('Origin',(2.06,0.,25.5));
#11246=CARTESIAN_POINT('Origin',(5.32410992616737,1.35558231306732E-12,
23.4));
#11247=CARTESIAN_POINT('Origin',(0.,0.,23.4));
#11248=CARTESIAN_POINT('Origin',(0.,0.,21.4));
#11249=CARTESIAN_POINT('Origin',(0.,0.,23.4));
#11250=CARTESIAN_POINT('Origin',(5.32410992616737,1.35558231306732E-12,
23.4));
#11251=CARTESIAN_POINT('Origin',(1.51,0.,25.2));
#11252=CARTESIAN_POINT('Origin',(-8.425,0.,16.8));
#11253=CARTESIAN_POINT('',(-9.55,-1.37772764904077E-16,16.8));
#11254=CARTESIAN_POINT('Origin',(19.575,0.,16.8));
#11255=CARTESIAN_POINT('',(18.45,-1.37772764904077E-16,16.8));
#11256=CARTESIAN_POINT('Origin',(21.875,-6.05,16.8));
#11257=CARTESIAN_POINT('Origin',(-6.05,6.05,15.7));
#11258=CARTESIAN_POINT('Origin',(0.,0.,27.95));
#11259=CARTESIAN_POINT('',(-1.5,1.83697019872103E-16,28.45));
#11260=CARTESIAN_POINT('Origin',(0.,0.,28.45));
#11261=CARTESIAN_POINT('',(-2.,-2.44929359829471E-16,27.95));
#11262=CARTESIAN_POINT('Origin',(-1.5,-1.83697019872103E-16,27.95));
#11263=CARTESIAN_POINT('Origin',(0.,0.,27.95));
#11264=CARTESIAN_POINT('Origin',(0.,0.,25.2));
#11265=CARTESIAN_POINT('',(-2.,2.44929359829471E-16,25.2));
#11266=CARTESIAN_POINT('',(-2.,-2.44929359829471E-16,25.2));
#11267=CARTESIAN_POINT('Origin',(0.,0.,25.2));
#11268=CARTESIAN_POINT('Origin',(0.,0.,28.45));
#11269=CARTESIAN_POINT('',(-0.875,-1.07156594925393E-16,28.45));
#11270=CARTESIAN_POINT('Origin',(0.,0.,28.45));
#11271=CARTESIAN_POINT('Origin',(0.,0.,25.2));
#11272=CARTESIAN_POINT('',(-0.875,-1.07156594925393E-16,25.2));
#11273=CARTESIAN_POINT('',(-0.875,-1.07156594925393E-16,25.2));
#11274=CARTESIAN_POINT('Origin',(0.,0.,25.2));
#11275=CARTESIAN_POINT('Origin',(0.,0.,25.2));
#11276=CARTESIAN_POINT('Origin',(-3.249999769032,-6.05,6.50000027567148));
#11277=CARTESIAN_POINT('',(14.250000230968,-6.05,6.50000027567148));
#11278=CARTESIAN_POINT('',(-3.249999769032,-6.05,6.50000027567148));
#11279=CARTESIAN_POINT('',(14.250000230968,-6.05,6.50000027567148));
#11280=CARTESIAN_POINT('',(14.250000230968,-6.1,6.50000027567148));
#11281=CARTESIAN_POINT('',(14.250000230968,-6.05,6.50000027567148));
#11282=CARTESIAN_POINT('',(-3.249999769032,-6.1,6.50000027567148));
#11283=CARTESIAN_POINT('',(14.250000230968,-6.1,6.50000027567148));
#11284=CARTESIAN_POINT('',(-3.249999769032,-6.05,6.50000027567148));
#11285=CARTESIAN_POINT('Origin',(-3.249999769032,-6.05,7.75000027567148));
#11286=CARTESIAN_POINT('',(-4.499999769032,-6.05,7.75000027567148));
#11287=CARTESIAN_POINT('Origin',(-3.249999769032,-6.05,7.75000027567148));
#11288=CARTESIAN_POINT('',(-4.499999769032,-6.1,7.75000027567148));
#11289=CARTESIAN_POINT('Origin',(-3.249999769032,-6.1,7.75000027567148));
#11290=CARTESIAN_POINT('',(-4.499999769032,-6.05,7.75000027567148));
#11291=CARTESIAN_POINT('Origin',(-4.499999769032,-6.05,17.2500002756715));
#11292=CARTESIAN_POINT('',(-4.499999769032,-6.05,17.2500002756715));
#11293=CARTESIAN_POINT('',(-4.499999769032,-6.05,7.75000027567148));
#11294=CARTESIAN_POINT('',(-4.499999769032,-6.1,17.2500002756715));
#11295=CARTESIAN_POINT('',(-4.499999769032,-6.1,7.75000027567148));
#11296=CARTESIAN_POINT('',(-4.499999769032,-6.05,17.2500002756715));
#11297=CARTESIAN_POINT('Origin',(-3.249999769032,-6.05,17.2500002756715));
#11298=CARTESIAN_POINT('',(-3.249999769032,-6.05,18.5000002756715));
#11299=CARTESIAN_POINT('Origin',(-3.249999769032,-6.05,17.2500002756715));
#11300=CARTESIAN_POINT('',(-3.249999769032,-6.1,18.5000002756715));
#11301=CARTESIAN_POINT('Origin',(-3.249999769032,-6.1,17.2500002756715));
#11302=CARTESIAN_POINT('',(-3.249999769032,-6.05,18.5000002756715));
#11303=CARTESIAN_POINT('Origin',(14.250000230968,-6.05,18.5000002756715));
#11304=CARTESIAN_POINT('',(14.250000230968,-6.05,18.5000002756715));
#11305=CARTESIAN_POINT('',(-3.249999769032,-6.05,18.5000002756715));
#11306=CARTESIAN_POINT('',(14.250000230968,-6.1,18.5000002756715));
#11307=CARTESIAN_POINT('',(-3.249999769032,-6.1,18.5000002756715));
#11308=CARTESIAN_POINT('',(14.250000230968,-6.05,18.5000002756715));
#11309=CARTESIAN_POINT('Origin',(14.250000230968,-6.05,17.2500002756715));
#11310=CARTESIAN_POINT('',(15.500000230968,-6.05,17.2500002756715));
#11311=CARTESIAN_POINT('Origin',(14.250000230968,-6.05,17.2500002756715));
#11312=CARTESIAN_POINT('',(15.500000230968,-6.1,17.2500002756715));
#11313=CARTESIAN_POINT('Origin',(14.250000230968,-6.1,17.2500002756715));
#11314=CARTESIAN_POINT('',(15.500000230968,-6.05,17.2500002756715));
#11315=CARTESIAN_POINT('Origin',(15.500000230968,-6.05,7.75000027567148));
#11316=CARTESIAN_POINT('',(15.500000230968,-6.05,7.75000027567148));
#11317=CARTESIAN_POINT('',(15.500000230968,-6.05,17.2500002756715));
#11318=CARTESIAN_POINT('',(15.500000230968,-6.1,7.75000027567148));
#11319=CARTESIAN_POINT('',(15.500000230968,-6.1,17.2500002756715));
#11320=CARTESIAN_POINT('',(15.500000230968,-6.05,7.75000027567148));
#11321=CARTESIAN_POINT('Origin',(14.250000230968,-6.05,7.75000027567148));
#11322=CARTESIAN_POINT('Origin',(14.250000230968,-6.05,7.75000027567148));
#11323=CARTESIAN_POINT('Origin',(14.250000230968,-6.1,7.75000027567148));
#11324=CARTESIAN_POINT('Origin',(5.500000230968,-6.1,12.5000002756715));
#11325=CARTESIAN_POINT('Origin',(5.500000230968,-6.05,12.5000002756715));
#11326=CARTESIAN_POINT('',(-4.80000000000001,4.97358,9.9662));
#11327=CARTESIAN_POINT('',(15.95,4.97358,9.9662));
#11328=CARTESIAN_POINT('',(15.95,-4.62642,9.9662));
#11329=CARTESIAN_POINT('',(-4.80000000000001,-4.62642,9.9662));
#11330=UNCERTAINTY_MEASURE_WITH_UNIT(LENGTH_MEASURE(0.01),#11336,
'DISTANCE_ACCURACY_VALUE',
'Maximum model space distance between geometric entities at asserted c
onnectivities');
#11331=UNCERTAINTY_MEASURE_WITH_UNIT(LENGTH_MEASURE(0.01),#11336,
'DISTANCE_ACCURACY_VALUE',
'Maximum model space distance between geometric entities at asserted c
onnectivities');
#11332=UNCERTAINTY_MEASURE_WITH_UNIT(LENGTH_MEASURE(0.01),#11336,
'DISTANCE_ACCURACY_VALUE',
'Maximum model space distance between geometric entities at asserted c
onnectivities');
#11333=(
GEOMETRIC_REPRESENTATION_CONTEXT(3)
GLOBAL_UNCERTAINTY_ASSIGNED_CONTEXT((#11330))
GLOBAL_UNIT_ASSIGNED_CONTEXT((#11336,#11338,#11339))
REPRESENTATION_CONTEXT('','3D')
);
#11334=(
GEOMETRIC_REPRESENTATION_CONTEXT(3)
GLOBAL_UNCERTAINTY_ASSIGNED_CONTEXT((#11331))
GLOBAL_UNIT_ASSIGNED_CONTEXT((#11336,#11338,#11339))
REPRESENTATION_CONTEXT('','3D')
);
#11335=(
GEOMETRIC_REPRESENTATION_CONTEXT(3)
GLOBAL_UNCERTAINTY_ASSIGNED_CONTEXT((#11332))
GLOBAL_UNIT_ASSIGNED_CONTEXT((#11336,#11338,#11339))
REPRESENTATION_CONTEXT('','3D')
);
#11336=(
LENGTH_UNIT()
NAMED_UNIT(*)
SI_UNIT(.MILLI.,.METRE.)
);
#11337=(
LENGTH_UNIT()
NAMED_UNIT(*)
SI_UNIT($,.METRE.)
);
#11338=(
NAMED_UNIT(*)
PLANE_ANGLE_UNIT()
SI_UNIT($,.RADIAN.)
);
#11339=(
NAMED_UNIT(*)
SI_UNIT($,.STERADIAN.)
SOLID_ANGLE_UNIT()
);
#11340=SHAPE_DEFINITION_REPRESENTATION(#11342,#11348);
#11341=SHAPE_DEFINITION_REPRESENTATION(#11343,#11349);
#11342=PRODUCT_DEFINITION_SHAPE('',$,#11351);
#11343=PRODUCT_DEFINITION_SHAPE('',$,#11352);
#11344=PRODUCT_DEFINITION_SHAPE($,$,#23);
#11345=PRODUCT_DEFINITION_SHAPE($,$,#24);
#11346=PRODUCT_DEFINITION_SHAPE($,$,#25);
#11347=PRODUCT_DEFINITION_SHAPE($,$,#26);
#11348=SHAPE_REPRESENTATION('',(#5323,#5940,#5941,#5942,#5943),#11333);
#11349=SHAPE_REPRESENTATION('',(#5324),#11334);
#11350=PRODUCT_DEFINITION_CONTEXT('part definition',#11358,'design');
#11351=PRODUCT_DEFINITION('Feetech SCS0009','Feetech SCS0009 v9',#11353,
#11350);
#11352=PRODUCT_DEFINITION(
'91772A071_NO THREADS_Passivated 18-8 Stainless Steel Pan Head Phillip
s Screw','servo screw',#11354,#11350);
#11353=PRODUCT_DEFINITION_FORMATION('',$,#11360);
#11354=PRODUCT_DEFINITION_FORMATION('',$,#11361);
#11355=PRODUCT_RELATED_PRODUCT_CATEGORY('Feetech SCS0009 v9',
'Feetech SCS0009 v9',(#11360));
#11356=PRODUCT_RELATED_PRODUCT_CATEGORY('servo screw','servo screw',(#11361));
#11357=APPLICATION_PROTOCOL_DEFINITION('international standard',
'ap242_managed_model_based_3d_engineering',2011,#11358);
#11358=APPLICATION_CONTEXT('Managed model based 3d engineering');
#11359=PRODUCT_CONTEXT('part definition',#11358,'mechanical');
#11360=PRODUCT('Feetech SCS0009','Feetech SCS0009 v9',$,(#11359));
#11361=PRODUCT(
'91772A071_NO THREADS_Passivated 18-8 Stainless Steel Pan Head Phillip
s Screw','servo screw',$,(#11359));
#11362=PRESENTATION_STYLE_ASSIGNMENT((#11365));
#11363=PRESENTATION_STYLE_ASSIGNMENT((#11366));
#11364=PRESENTATION_STYLE_ASSIGNMENT((#11367));
#11365=SURFACE_STYLE_USAGE(.BOTH.,#11368);
#11366=SURFACE_STYLE_USAGE(.BOTH.,#11369);
#11367=SURFACE_STYLE_USAGE(.BOTH.,#11370);
#11368=SURFACE_SIDE_STYLE('',(#11371));
#11369=SURFACE_SIDE_STYLE('',(#11372));
#11370=SURFACE_SIDE_STYLE('',(#11373));
#11371=SURFACE_STYLE_FILL_AREA(#11374);
#11372=SURFACE_STYLE_FILL_AREA(#11375);
#11373=SURFACE_STYLE_FILL_AREA(#11376);
#11374=FILL_AREA_STYLE('Steel - Satin',(#11377));
#11375=FILL_AREA_STYLE('ABS (White)',(#11378));
#11376=FILL_AREA_STYLE('Brass - Polished',(#11379));
#11377=FILL_AREA_STYLE_COLOUR('Steel - Satin',#11380);
#11378=FILL_AREA_STYLE_COLOUR('ABS (White)',#11381);
#11379=FILL_AREA_STYLE_COLOUR('Brass - Polished',#11382);
#11380=COLOUR_RGB('Steel - Satin',0.627450980392157,0.627450980392157,0.627450980392157);
#11381=COLOUR_RGB('ABS (White)',0.274509803921569,0.274509803921569,0.274509803921569);
#11382=COLOUR_RGB('Brass - Polished',0.952941176470588,0.796078431372549,
0.486274509803922);
ENDSEC;
END-ISO-10303-21;
